transaction_id,customer_id,amount,merchant_category,hour,day_of_week,country,device_type,card_age_days,velocity,is_international,is_weekend,is_night,is_new_card,is_fraud
5,2732,151.6,Utilities,15,4,US,desktop,560.8,1,0,0,0,0,0
31,2801,25.9,Grocery,9,2,US,desktop,75.3,2,0,0,0,0,0
80,3679,32.35,Retail,18,1,US,desktop,56.9,1,0,0,0,0,0
105,4187,55.26,Retail,17,2,US,desktop,33.4,1,0,0,0,0,0
176,2847,119.5,Grocery,9,1,US,desktop,60.6,1,0,0,0,0,0
251,1717,73.85,Retail,16,3,US,desktop,184.2,0,0,0,0,0,0
275,2672,766.07,Grocery,7,2,US,desktop,52.5,1,0,0,0,0,0
381,1021,141.21,Utilities,15,0,US,desktop,211.4,2,0,0,0,0,0
389,4567,119.47,Grocery,22,3,US,desktop,490.5,1,0,0,0,0,0
391,3986,220.21,Retail,21,4,US,desktop,460.7,2,0,0,0,0,0
426,1799,41.83,Grocery,22,4,US,desktop,31.7,1,0,0,0,0,0
616,3558,57.33,Retail,22,0,US,desktop,565.3,1,0,0,0,0,0
622,2911,223.79,Grocery,15,4,US,desktop,92.9,1,0,0,0,0,0
672,3457,167.34,Grocery,13,2,US,desktop,55.7,2,0,0,0,0,0
712,3090,118.69,Grocery,20,0,US,desktop,468.9,2,0,0,0,0,0
771,3607,45.43,Health,12,0,US,desktop,66.9,2,0,0,0,0,0
797,4873,51.45,Retail,11,4,US,desktop,57.1,1,0,0,0,0,0
843,4637,15.88,Retail,13,0,US,desktop,216.8,2,0,0,0,0,0
845,1021,65.24,Utilities,20,3,US,desktop,216.5,0,0,0,0,0,0
862,4711,144.96,Grocery,20,1,US,desktop,730.3,1,0,0,0,0,0
868,4351,32.84,Grocery,20,0,US,desktop,41.1,1,0,0,0,0,0
910,1366,235.84,Grocery,22,2,US,desktop,96.0,1,0,0,0,0,0
929,2673,101.13,Retail,20,0,US,desktop,472.5,0,0,0,0,0,0
949,4791,142.39,Retail,7,4,US,desktop,90.2,1,0,0,0,0,0
966,3353,542.82,Grocery,21,0,US,desktop,508.5,0,0,0,0,0,0
1009,3933,23.68,Retail,14,4,US,desktop,88.3,2,0,0,0,0,0
1016,4349,250.22,Utilities,10,2,US,desktop,184.8,0,0,0,0,0,0
1086,4356,24.53,Retail,12,0,US,desktop,35.0,0,0,0,0,0,0
1106,1723,14.05,Grocery,6,1,US,desktop,286.0,1,0,0,0,0,0
1113,1770,426.71,Utilities,14,3,US,desktop,110.2,1,0,0,0,0,0
1119,3892,16.28,Retail,15,4,US,desktop,318.1,0,0,0,0,0,0
1123,2075,81.19,Retail,15,4,US,desktop,226.3,2,0,0,0,0,1
1129,3224,69.45,Grocery,15,2,US,desktop,98.1,1,0,0,0,0,0
1159,2536,59.57,Grocery,11,0,US,desktop,134.4,1,0,0,0,0,0
1171,3515,653.67,Retail,10,2,US,desktop,214.9,1,0,0,0,0,0
1181,3431,96.91,Grocery,20,2,US,desktop,141.7,2,0,0,0,0,0
1243,4853,239.73,Grocery,22,3,US,desktop,117.7,2,0,0,0,0,0
1281,3959,118.15,Grocery,16,3,US,desktop,374.7,2,0,0,0,0,0
1334,4229,48.28,Retail,11,0,US,desktop,147.3,0,0,0,0,0,0
1407,2388,42.59,Retail,15,2,US,desktop,45.3,2,0,0,0,0,0
1445,1558,66.58,Health,20,4,US,desktop,157.2,1,0,0,0,0,0
1462,2250,38.83,Retail,14,2,US,desktop,205.8,1,0,0,0,0,0
1466,1446,62.54,Grocery,7,1,US,desktop,412.2,1,0,0,0,0,0
1467,3542,66.51,Grocery,12,1,US,desktop,208.4,1,0,0,0,0,0
1586,2270,28.37,Grocery,19,1,US,desktop,94.3,0,0,0,0,0,0
1612,1574,38.22,Grocery,15,0,US,desktop,141.6,1,0,0,0,0,0
1619,1485,40.26,Retail,10,2,US,desktop,597.1,1,0,0,0,0,0
1650,4344,101.51,Grocery,14,3,US,desktop,152.9,1,0,0,0,0,0
1720,3068,244.12,Grocery,9,2,US,desktop,41.1,1,0,0,0,0,1
1774,2576,336.74,Grocery,21,0,US,desktop,108.7,2,0,0,0,0,0
1819,1541,40.75,Retail,14,4,US,desktop,159.0,2,0,0,0,0,0
1827,1420,29.93,Retail,21,3,US,desktop,169.8,0,0,0,0,0,0
1854,1641,24.07,Grocery,9,0,US,desktop,282.0,1,0,0,0,0,0
1856,4407,261.5,Grocery,10,0,US,desktop,33.6,0,0,0,0,0,0
1884,4385,59.65,Grocery,12,2,US,desktop,313.0,2,0,0,0,0,0
1928,1502,175.71,Grocery,12,4,US,desktop,323.9,1,0,0,0,0,0
1936,1654,152.05,Grocery,12,0,US,desktop,87.5,2,0,0,0,0,0
1963,1570,70.99,Health,22,0,US,desktop,129.6,1,0,0,0,0,0
1970,1611,500.91,Retail,16,0,US,desktop,58.4,0,0,0,0,0,0
1999,2122,169.55,Grocery,15,2,US,desktop,93.7,0,0,0,0,0,0
2030,2370,66.31,Retail,7,1,US,desktop,31.7,2,0,0,0,0,0
2076,2632,232.03,Retail,15,1,US,desktop,191.2,0,0,0,0,0,0
2126,2020,38.56,Grocery,6,3,US,desktop,79.6,0,0,0,0,0,0
2143,4849,83.68,Health,13,3,US,desktop,295.9,2,0,0,0,0,0
2149,4389,82.64,Grocery,20,3,US,desktop,64.3,0,0,0,0,0,0
2160,2336,59.0,Health,16,1,US,desktop,83.1,0,0,0,0,0,0
2176,4050,95.88,Grocery,10,4,US,desktop,388.5,0,0,0,0,0,0
2229,2158,207.99,Grocery,17,3,US,desktop,222.9,1,0,0,0,0,0
2270,4906,11.78,Grocery,9,4,US,desktop,1162.8,0,0,0,0,0,0
2273,2187,159.51,Grocery,12,3,US,desktop,68.0,0,0,0,0,0,0
2329,1105,98.39,Health,12,2,US,desktop,40.3,2,0,0,0,0,0
2360,1833,93.93,Retail,10,4,US,desktop,98.8,1,0,0,0,0,0
2381,1718,59.97,Retail,14,2,US,desktop,47.0,2,0,0,0,0,0
2511,1796,576.06,Grocery,6,2,US,desktop,231.2,0,0,0,0,0,0
2521,2770,571.38,Grocery,14,4,US,desktop,284.7,0,0,0,0,0,0
2541,2159,103.49,Grocery,7,1,US,desktop,55.8,0,0,0,0,0,0
2713,4760,30.49,Grocery,22,0,US,desktop,284.3,2,0,0,0,0,0
2729,3324,62.94,Retail,18,2,US,desktop,129.7,0,0,0,0,0,1
2739,2969,20.69,Grocery,18,2,US,desktop,240.8,1,0,0,0,0,0
2748,4235,72.2,Health,15,1,US,desktop,988.7,0,0,0,0,0,0
2846,2825,218.36,Retail,9,3,US,desktop,143.8,2,0,0,0,0,0
2953,4746,29.12,Retail,10,4,US,desktop,40.5,2,0,0,0,0,0
2975,1069,36.38,Utilities,12,3,US,desktop,148.5,1,0,0,0,0,0
2984,4288,73.05,Health,20,0,US,desktop,662.0,0,0,0,0,0,0
2987,3990,48.91,Grocery,6,1,US,desktop,49.5,2,0,0,0,0,0
2990,2712,185.09,Grocery,12,3,US,desktop,247.4,2,0,0,0,0,0
3057,4208,197.28,Grocery,22,3,US,desktop,62.2,0,0,0,0,0,0
3062,2233,13.87,Grocery,11,0,US,desktop,152.1,1,0,0,0,0,0
3072,2924,27.78,Grocery,11,1,US,desktop,45.9,2,0,0,0,0,0
3096,4007,655.51,Grocery,15,0,US,desktop,301.8,1,0,0,0,0,0
3105,3803,118.42,Retail,6,3,US,desktop,1287.1,1,0,0,0,0,0
3135,3841,15.32,Retail,11,3,US,desktop,350.8,2,0,0,0,0,0
3166,2606,12.13,Retail,10,3,US,desktop,411.2,1,0,0,0,0,0
3217,1021,22.45,Grocery,21,4,US,desktop,255.5,0,0,0,0,0,0
3220,2730,62.0,Retail,9,3,US,desktop,105.6,2,0,0,0,0,0
3251,2353,96.21,Retail,19,2,US,desktop,61.1,1,0,0,0,0,0
3321,1340,163.54,Grocery,6,4,US,desktop,228.6,2,0,0,0,0,0
3331,3456,86.48,Retail,20,2,US,desktop,104.9,2,0,0,0,0,0
3358,4506,104.2,Health,19,3,US,desktop,106.9,0,0,0,0,0,0
3384,4652,43.17,Retail,15,0,US,desktop,32.9,1,0,0,0,0,0
3393,4186,159.58,Grocery,12,2,US,desktop,117.8,0,0,0,0,0,0
3410,2895,65.94,Grocery,11,2,US,desktop,120.8,0,0,0,0,0,0
3492,3542,29.02,Retail,12,1,US,desktop,127.8,2,0,0,0,0,0
3541,3939,203.56,Grocery,8,0,US,desktop,958.1,1,0,0,0,0,0
3588,3755,70.89,Retail,19,2,US,desktop,142.0,1,0,0,0,0,0
3594,3275,105.79,Grocery,14,2,US,desktop,437.0,0,0,0,0,0,0
3620,1346,230.32,Grocery,21,1,US,desktop,50.7,2,0,0,0,0,0
3664,4848,50.31,Grocery,14,1,US,desktop,51.2,0,0,0,0,0,0
3671,1576,160.06,Grocery,13,0,US,desktop,35.1,2,0,0,0,0,0
3672,1380,401.8,Retail,12,1,US,desktop,94.5,0,0,0,0,0,0
3731,3886,145.72,Retail,8,2,US,desktop,41.8,0,0,0,0,0,0
3769,4230,44.71,Retail,16,0,US,desktop,223.7,2,0,0,0,0,0
3788,1084,92.71,Grocery,12,4,US,desktop,506.2,1,0,0,0,0,0
3815,2530,114.86,Grocery,8,1,US,desktop,307.2,0,0,0,0,0,0
3823,3192,93.42,Retail,7,0,US,desktop,108.7,1,0,0,0,0,0
3836,3899,82.12,Retail,14,3,US,desktop,267.7,2,0,0,0,0,0
3877,3779,40.69,Health,6,2,US,desktop,155.0,2,0,0,0,0,0
3879,1713,274.02,Retail,17,4,US,desktop,515.8,2,0,0,0,0,0
3891,3269,25.45,Utilities,12,2,US,desktop,447.4,0,0,0,0,0,0
3898,1071,61.37,Grocery,20,3,US,desktop,200.0,1,0,0,0,0,0
3913,1765,188.59,Retail,10,2,US,desktop,61.0,1,0,0,0,0,0
3925,3552,80.69,Retail,15,3,US,desktop,33.2,0,0,0,0,0,0
4032,3087,10.0,Grocery,15,0,US,desktop,52.9,1,0,0,0,0,0
4076,1089,32.7,Grocery,16,4,US,desktop,44.0,1,0,0,0,0,0
4096,3187,96.09,Grocery,11,4,US,desktop,43.0,2,0,0,0,0,0
4133,3921,313.48,Grocery,14,1,US,desktop,152.3,1,0,0,0,0,0
4150,2559,200.76,Grocery,20,1,US,desktop,356.4,1,0,0,0,0,0
4235,2035,107.73,Grocery,16,3,US,desktop,423.6,2,0,0,0,0,0
4243,4298,91.74,Grocery,17,1,US,desktop,135.2,1,0,0,0,0,0
4267,2404,15.57,Grocery,15,1,US,desktop,267.8,0,0,0,0,0,0
4277,1272,127.33,Utilities,10,1,US,desktop,417.6,2,0,0,0,0,0
4319,4407,59.35,Grocery,14,2,US,desktop,289.0,1,0,0,0,0,0
4336,2703,33.83,Health,7,4,US,desktop,52.7,1,0,0,0,0,0
4337,4027,15.73,Retail,12,1,US,desktop,111.4,0,0,0,0,0,0
4393,1048,227.39,Grocery,20,3,US,desktop,171.2,0,0,0,0,0,0
4472,4505,55.06,Grocery,16,0,US,desktop,351.8,0,0,0,0,0,0
4499,1977,20.93,Retail,6,0,US,desktop,96.5,0,0,0,0,0,0
4518,1234,698.65,Grocery,15,1,US,desktop,56.8,1,0,0,0,0,0
4526,2833,103.41,Retail,19,4,US,desktop,55.1,0,0,0,0,0,0
4620,4592,22.41,Grocery,7,3,US,desktop,203.1,0,0,0,0,0,0
4628,1722,35.61,Retail,10,1,US,desktop,37.4,1,0,0,0,0,0
4671,1383,17.2,Retail,8,2,US,desktop,359.1,0,0,0,0,0,0
4704,4414,73.05,Retail,18,1,US,desktop,518.1,0,0,0,0,0,0
4742,2848,84.61,Utilities,16,2,US,desktop,70.7,2,0,0,0,0,0
4776,1179,145.4,Grocery,21,3,US,desktop,292.4,2,0,0,0,0,0
4797,3015,293.1,Retail,13,2,US,desktop,182.6,0,0,0,0,0,0
4845,4004,35.01,Retail,20,1,US,desktop,58.6,1,0,0,0,0,0
4869,4686,204.01,Grocery,17,2,US,desktop,289.9,0,0,0,0,0,0
4939,2183,110.91,Grocery,13,0,US,desktop,415.8,1,0,0,0,0,0
4941,3908,64.99,Retail,8,2,US,desktop,166.6,1,0,0,0,0,0
4966,1423,482.32,Grocery,14,2,US,desktop,169.1,0,0,0,0,0,0
4979,4693,32.36,Health,18,0,US,desktop,147.0,0,0,0,0,0,0
4988,4693,57.83,Retail,7,3,US,desktop,162.2,1,0,0,0,0,0
4997,3986,38.05,Retail,20,4,US,desktop,312.3,1,0,0,0,0,0
4998,4277,229.08,Grocery,19,3,US,desktop,298.1,2,0,0,0,0,0
5037,4658,84.49,Grocery,20,4,US,desktop,54.1,0,0,0,0,0,0
5062,3480,266.23,Health,12,3,US,desktop,239.8,0,0,0,0,0,0
5088,1999,70.72,Grocery,7,1,US,desktop,42.6,2,0,0,0,0,0
5126,3986,20.72,Grocery,11,3,US,desktop,287.5,1,0,0,0,0,0
5201,2745,60.0,Utilities,11,2,US,desktop,91.0,1,0,0,0,0,0
5244,4838,470.64,Grocery,22,1,US,desktop,123.3,2,0,0,0,0,0
5257,1238,84.29,Grocery,19,2,US,desktop,187.5,2,0,0,0,0,0
5280,1793,105.54,Grocery,6,1,US,desktop,43.2,2,0,0,0,0,0
5284,4039,119.07,Utilities,16,3,US,desktop,176.9,2,0,0,0,0,0
5291,4313,99.45,Grocery,7,3,US,desktop,169.4,0,0,0,0,0,0
5326,2576,110.41,Grocery,13,1,US,desktop,149.1,0,0,0,0,0,0
5335,3429,443.05,Grocery,21,4,US,desktop,444.3,1,0,0,0,0,0
5424,1989,91.36,Utilities,8,2,US,desktop,377.7,0,0,0,0,0,0
5441,3067,137.89,Retail,9,0,US,desktop,211.2,0,0,0,0,0,0
5444,4229,48.23,Health,13,0,US,desktop,42.7,2,0,0,0,0,0
5450,1671,52.37,Grocery,19,0,US,desktop,458.4,2,0,0,0,0,0
5473,4197,113.57,Retail,6,2,US,desktop,176.9,0,0,0,0,0,0
5485,3134,100.97,Grocery,19,3,US,desktop,36.8,2,0,0,0,0,0
5487,1852,111.25,Grocery,18,4,US,desktop,106.1,0,0,0,0,0,0
5551,3409,10.48,Grocery,11,4,US,desktop,50.8,1,0,0,0,0,0
5580,2541,28.59,Retail,11,0,US,desktop,111.1,1,0,0,0,0,0
5593,3111,69.94,Grocery,9,1,US,desktop,475.7,0,0,0,0,0,0
5598,3717,46.16,Utilities,11,2,US,desktop,168.2,1,0,0,0,0,0
5603,1038,190.19,Utilities,14,2,US,desktop,54.2,0,0,0,0,0,0
5607,2804,162.28,Retail,14,2,US,desktop,126.5,1,0,0,0,0,0
5614,2315,126.19,Retail,18,3,US,desktop,157.2,2,0,0,0,0,0
5673,4813,32.67,Retail,10,4,US,desktop,141.8,0,0,0,0,0,0
5691,2482,23.09,Grocery,12,4,US,desktop,41.2,0,0,0,0,0,0
5729,2659,131.74,Grocery,7,3,US,desktop,164.0,2,0,0,0,0,0
5787,3581,118.96,Grocery,17,2,US,desktop,741.0,0,0,0,0,0,0
5801,1497,29.36,Retail,7,0,US,desktop,81.2,2,0,0,0,0,0
5868,4527,22.57,Utilities,14,4,US,desktop,212.2,1,0,0,0,0,0
5944,3603,561.18,Retail,14,2,US,desktop,234.9,1,0,0,0,0,0
5950,3022,123.11,Grocery,21,3,US,desktop,35.3,2,0,0,0,0,0
5964,2112,69.62,Retail,15,4,US,desktop,454.1,1,0,0,0,0,0
6022,2171,20.46,Grocery,19,3,US,desktop,515.6,1,0,0,0,0,0
6024,4557,46.21,Retail,14,2,US,desktop,60.1,0,0,0,0,0,0
6030,2114,152.0,Utilities,17,1,US,desktop,158.2,1,0,0,0,0,0
6066,2015,182.65,Health,6,2,US,desktop,257.5,1,0,0,0,0,0
6089,2556,79.51,Grocery,16,3,US,desktop,285.6,2,0,0,0,0,0
6094,2843,306.61,Grocery,8,2,US,desktop,45.9,1,0,0,0,0,0
6099,4156,311.45,Retail,6,4,US,desktop,53.3,2,0,0,0,0,0
6182,4499,82.56,Retail,19,2,US,desktop,212.9,1,0,0,0,0,0
6184,4664,61.31,Health,11,3,US,desktop,176.7,1,0,0,0,0,0
6206,4837,89.48,Retail,6,2,US,desktop,87.2,0,0,0,0,0,0
6331,1259,183.73,Retail,19,3,US,desktop,371.5,2,0,0,0,0,0
6343,3634,123.64,Grocery,18,1,US,desktop,170.2,0,0,0,0,0,0
6360,3028,257.17,Health,7,1,US,desktop,236.8,0,0,0,0,0,0
6390,3591,326.64,Retail,13,4,US,desktop,367.7,0,0,0,0,0,0
6401,3148,113.01,Grocery,13,3,US,desktop,87.8,1,0,0,0,0,0
6427,4900,134.93,Grocery,21,3,US,desktop,130.1,2,0,0,0,0,0
6465,1527,62.94,Grocery,6,0,US,desktop,112.9,2,0,0,0,0,0
6485,3852,112.19,Retail,13,0,US,desktop,137.3,1,0,0,0,0,0
6492,3224,88.23,Retail,13,2,US,desktop,38.5,1,0,0,0,0,0
6502,4885,677.14,Grocery,15,0,US,desktop,112.0,2,0,0,0,0,0
6515,4239,32.42,Retail,20,2,US,desktop,236.4,0,0,0,0,0,0
6536,4053,12.95,Retail,6,0,US,desktop,92.1,2,0,0,0,0,0
6592,4865,85.31,Health,10,2,US,desktop,148.6,0,0,0,0,0,0
6601,1542,413.81,Grocery,14,3,US,desktop,165.1,0,0,0,0,0,0
6653,4726,39.58,Retail,14,1,US,desktop,185.9,2,0,0,0,0,0
6722,2272,717.69,Grocery,11,4,US,desktop,229.5,1,0,0,0,0,0
6765,2930,162.98,Grocery,15,1,US,desktop,106.4,1,0,0,0,0,0
6811,4265,485.98,Grocery,21,0,US,desktop,218.3,1,0,0,0,0,0
6965,1324,133.67,Retail,19,3,US,desktop,208.3,0,0,0,0,0,0
6969,3189,274.14,Grocery,18,3,US,desktop,457.6,1,0,0,0,0,0
6997,2360,17.82,Grocery,6,2,US,desktop,64.8,1,0,0,0,0,0
7000,4416,128.23,Grocery,14,3,US,desktop,113.2,2,0,0,0,0,0
7008,3579,128.19,Retail,19,1,US,desktop,225.9,1,0,0,0,0,0
7029,2783,136.55,Grocery,10,0,US,desktop,79.3,1,0,0,0,0,0
7093,2687,332.27,Grocery,18,3,US,desktop,247.3,0,0,0,0,0,0
7144,1561,94.15,Grocery,17,3,US,desktop,60.4,0,0,0,0,0,0
7190,1177,166.72,Grocery,17,2,US,desktop,99.7,1,0,0,0,0,0
7194,4477,317.22,Utilities,8,1,US,desktop,341.3,2,0,0,0,0,0
7228,4561,137.34,Retail,19,3,US,desktop,50.9,1,0,0,0,0,0
7271,2218,12.98,Utilities,10,3,US,desktop,140.8,2,0,0,0,0,0
7283,3854,41.08,Retail,15,3,US,desktop,361.5,0,0,0,0,0,0
7391,4963,289.92,Retail,12,2,US,desktop,82.9,0,0,0,0,0,0
7426,4968,149.79,Retail,22,0,US,desktop,51.0,1,0,0,0,0,0
7427,3312,571.61,Retail,17,1,US,desktop,188.1,1,0,0,0,0,0
7448,2725,41.39,Grocery,17,0,US,desktop,36.6,1,0,0,0,0,0
7478,4183,76.9,Grocery,11,4,US,desktop,122.7,2,0,0,0,0,0
7518,4711,131.81,Utilities,9,2,US,desktop,478.7,1,0,0,0,0,0
7563,2965,67.69,Grocery,11,1,US,desktop,147.3,1,0,0,0,0,0
7618,4742,130.63,Grocery,9,3,US,desktop,255.9,1,0,0,0,0,0
7699,1293,87.42,Retail,7,0,US,desktop,195.1,0,0,0,0,0,0
7749,3326,141.5,Grocery,16,0,US,desktop,37.1,0,0,0,0,0,0
7763,3092,114.55,Grocery,17,2,US,desktop,140.9,0,0,0,0,0,0
7766,3851,369.54,Grocery,22,3,US,desktop,267.6,1,0,0,0,0,0
7785,2933,20.25,Retail,13,0,US,desktop,38.4,1,0,0,0,0,0
7806,3819,128.46,Grocery,7,4,US,desktop,209.6,1,0,0,0,0,0
7830,2583,108.16,Retail,7,0,US,desktop,101.1,0,0,0,0,0,0
7901,1456,173.71,Retail,18,3,US,desktop,49.2,0,0,0,0,0,0
7953,4638,40.46,Grocery,7,1,US,desktop,333.3,0,0,0,0,0,0
8031,2012,158.84,Retail,6,1,US,desktop,344.3,0,0,0,0,0,0
8037,4853,53.39,Grocery,20,1,US,desktop,179.7,1,0,0,0,0,0
8038,1350,49.83,Grocery,11,0,US,desktop,97.9,1,0,0,0,0,0
8040,3885,52.17,Health,17,0,US,desktop,204.3,0,0,0,0,0,0
8063,1720,18.9,Grocery,14,0,US,desktop,212.9,1,0,0,0,0,0
8121,2943,178.65,Utilities,7,4,US,desktop,305.5,1,0,0,0,0,0
8210,4629,210.44,Utilities,18,0,US,desktop,151.0,2,0,0,0,0,0
8223,3471,31.5,Grocery,22,0,US,desktop,143.7,0,0,0,0,0,0
8231,2272,102.64,Grocery,22,4,US,desktop,93.5,2,0,0,0,0,0
8237,4850,120.45,Grocery,6,3,US,desktop,122.8,2,0,0,0,0,0
8303,2964,104.25,Health,7,4,US,desktop,134.3,0,0,0,0,0,0
8311,1213,181.8,Grocery,20,0,US,desktop,98.4,1,0,0,0,0,0
8323,3552,90.59,Grocery,13,0,US,desktop,176.3,0,0,0,0,0,0
8325,3105,169.62,Grocery,7,0,US,desktop,73.9,2,0,0,0,0,0
8331,1130,206.91,Grocery,22,2,US,desktop,107.7,2,0,0,0,0,0
8338,3145,357.53,Health,6,4,US,desktop,659.9,2,0,0,0,0,0
8339,3556,464.27,Health,10,3,US,desktop,64.0,1,0,0,0,0,0
8344,3827,102.49,Grocery,16,4,US,desktop,45.3,1,0,0,0,0,0
8371,4876,28.22,Grocery,9,0,US,desktop,43.7,1,0,0,0,0,0
8426,2797,63.3,Retail,9,1,US,desktop,30.0,1,0,0,0,0,0
8436,1284,64.06,Grocery,9,0,US,desktop,243.2,0,0,0,0,0,0
8459,2639,102.16,Grocery,9,2,US,desktop,312.5,0,0,0,0,0,1
8488,3035,160.41,Grocery,12,3,US,desktop,49.6,2,0,0,0,0,0
8499,3411,156.79,Grocery,8,3,US,desktop,317.4,2,0,0,0,0,0
8576,1865,39.07,Grocery,12,2,US,desktop,86.9,1,0,0,0,0,0
8603,2001,30.74,Retail,11,4,US,desktop,101.5,1,0,0,0,0,0
8617,4088,46.49,Grocery,20,0,US,desktop,138.4,0,0,0,0,0,0
8626,2034,398.04,Grocery,17,4,US,desktop,98.6,2,0,0,0,0,0
8634,4739,216.87,Grocery,16,2,US,desktop,49.8,0,0,0,0,0,0
8681,4579,76.15,Grocery,6,3,US,desktop,253.1,1,0,0,0,0,0
8891,4618,204.75,Retail,16,1,US,desktop,344.0,1,0,0,0,0,0
9028,1488,35.55,Grocery,21,4,US,desktop,150.4,2,0,0,0,0,0
9087,3734,35.12,Retail,8,0,US,desktop,380.7,1,0,0,0,0,0
9117,2587,546.57,Grocery,22,1,US,desktop,120.9,1,0,0,0,0,0
9226,3700,13.32,Grocery,22,0,US,desktop,100.9,0,0,0,0,0,0
9276,3759,33.58,Health,16,3,US,desktop,105.5,1,0,0,0,0,0
9323,4286,41.65,Retail,12,0,US,desktop,307.9,1,0,0,0,0,0
9351,3712,225.55,Grocery,10,3,US,desktop,147.3,0,0,0,0,0,0
9493,3102,41.08,Grocery,9,0,US,desktop,366.6,2,0,0,0,0,0
9510,4696,737.71,Retail,15,1,US,desktop,56.5,2,0,0,0,0,0
9532,2089,85.12,Health,22,2,US,desktop,208.2,0,0,0,0,0,0
9624,3723,63.1,Retail,20,2,US,desktop,61.0,0,0,0,0,0,0
9679,4288,187.37,Retail,6,4,US,desktop,30.9,2,0,0,0,0,0
9738,2770,41.31,Grocery,12,4,US,desktop,131.8,1,0,0,0,0,0
9777,4371,245.96,Health,8,1,US,desktop,291.2,1,0,0,0,0,0
9778,2575,60.71,Grocery,21,1,US,desktop,66.8,0,0,0,0,0,0
9913,2729,129.21,Retail,9,2,US,desktop,336.4,1,0,0,0,0,0
9921,1891,38.86,Retail,15,2,US,desktop,156.0,1,0,0,0,0,0
9923,3805,116.88,Retail,15,0,US,desktop,123.7,0,0,0,0,0,0
9926,2945,138.39,Grocery,7,1,US,desktop,230.4,0,0,0,0,0,0
9989,3646,327.39,Retail,12,1,US,desktop,365.5,0,0,0,0,0,0
10023,3448,58.81,Retail,16,4,US,desktop,48.0,1,0,0,0,0,0
10030,1787,55.55,Utilities,11,0,US,desktop,700.6,0,0,0,0,0,0
10039,4835,143.54,Grocery,10,3,US,desktop,412.6,2,0,0,0,0,0
10042,4677,32.41,Retail,9,0,US,desktop,228.8,1,0,0,0,0,0
10092,4995,122.49,Grocery,9,0,US,desktop,265.8,0,0,0,0,0,0
10108,1481,342.19,Grocery,12,4,US,desktop,502.4,1,0,0,0,0,0
10129,1842,105.39,Grocery,7,3,US,desktop,35.8,0,0,0,0,0,0
10130,4687,58.26,Grocery,20,2,US,desktop,246.7,2,0,0,0,0,0
10135,1166,84.56,Retail,7,0,US,desktop,130.2,2,0,0,0,0,0
10215,4289,64.38,Retail,6,4,US,desktop,71.3,1,0,0,0,0,0
10220,4346,203.03,Grocery,18,2,US,desktop,55.1,1,0,0,0,0,0
10247,2038,189.09,Grocery,16,3,US,desktop,231.7,0,0,0,0,0,0
10338,1496,147.38,Utilities,16,3,US,desktop,125.3,2,0,0,0,0,0
10397,3994,550.96,Grocery,8,2,US,desktop,505.2,2,0,0,0,0,0
10415,2335,105.59,Utilities,17,0,US,desktop,409.3,1,0,0,0,0,0
10417,1620,18.02,Grocery,12,2,US,desktop,389.1,0,0,0,0,0,0
10419,3975,26.23,Retail,20,2,US,desktop,100.5,2,0,0,0,0,0
10422,2804,247.6,Retail,11,4,US,desktop,42.1,1,0,0,0,0,0
10453,4742,32.72,Grocery,18,0,US,desktop,345.4,0,0,0,0,0,0
10496,1805,7.78,Health,8,1,US,desktop,376.6,1,0,0,0,0,0
10521,4960,67.39,Grocery,12,1,US,desktop,197.8,2,0,0,0,0,0
10549,2646,63.14,Retail,6,1,US,desktop,418.8,2,0,0,0,0,0
10599,4334,229.47,Grocery,13,0,US,desktop,210.9,1,0,0,0,0,0
10617,4848,735.0,Utilities,7,3,US,desktop,229.5,1,0,0,0,0,0
10655,2012,96.39,Retail,10,4,US,desktop,128.8,0,0,0,0,0,0
10685,3457,123.62,Grocery,11,0,US,desktop,610.4,2,0,0,0,0,0
10694,3893,27.27,Retail,15,3,US,desktop,339.2,1,0,0,0,0,0
10713,3511,14.81,Grocery,20,0,US,desktop,556.8,0,0,0,0,0,0
10756,3886,121.93,Grocery,18,4,US,desktop,70.6,0,0,0,0,0,0
10757,1646,11.47,Grocery,11,1,US,desktop,132.1,2,0,0,0,0,0
10790,2734,379.2,Grocery,9,3,US,desktop,225.8,1,0,0,0,0,0
10820,4272,416.05,Retail,9,2,US,desktop,213.2,2,0,0,0,0,0
10822,2070,258.72,Retail,11,3,US,desktop,67.7,0,0,0,0,0,0
10825,3749,111.92,Health,8,0,US,desktop,169.3,1,0,0,0,0,0
10837,2824,36.12,Retail,16,3,US,desktop,463.0,0,0,0,0,0,0
10902,1023,68.96,Retail,17,1,US,desktop,147.0,2,0,0,0,0,0
10905,3054,110.97,Grocery,10,2,US,desktop,61.6,2,0,0,0,0,0
10954,1838,87.52,Health,9,2,US,desktop,525.4,1,0,0,0,0,0
10999,3211,257.95,Grocery,21,3,US,desktop,59.3,1,0,0,0,0,0
11036,1770,66.13,Retail,20,1,US,desktop,370.1,0,0,0,0,0,0
11063,2902,203.15,Retail,7,0,US,desktop,54.7,2,0,0,0,0,0
11064,4365,85.51,Utilities,6,0,US,desktop,369.0,1,0,0,0,0,0
11093,1218,165.6,Grocery,12,4,US,desktop,142.6,2,0,0,0,0,0
11098,3683,222.98,Retail,11,1,US,desktop,1006.4,1,0,0,0,0,0
11099,1537,131.81,Health,20,2,US,desktop,130.5,0,0,0,0,0,0
11115,3239,78.34,Retail,10,2,US,desktop,179.4,0,0,0,0,0,0
11174,3274,16.23,Retail,11,2,US,desktop,35.6,1,0,0,0,0,0
11181,2645,609.93,Grocery,6,0,US,desktop,41.1,0,0,0,0,0,0
11185,2106,801.15,Grocery,8,2,US,desktop,32.9,2,0,0,0,0,0
11190,3279,218.53,Grocery,17,3,US,desktop,423.4,2,0,0,0,0,0
11224,3843,15.78,Retail,22,1,US,desktop,83.8,0,0,0,0,0,0
11231,4486,98.61,Retail,12,0,US,desktop,60.0,1,0,0,0,0,0
11291,4285,99.49,Grocery,11,2,US,desktop,89.7,2,0,0,0,0,0
11301,4939,345.2,Retail,18,2,US,desktop,272.4,2,0,0,0,0,0
11425,2281,61.71,Grocery,17,4,US,desktop,109.0,2,0,0,0,0,0
11446,1274,163.52,Health,12,1,US,desktop,498.8,1,0,0,0,0,0
11449,4988,530.04,Grocery,17,3,US,desktop,127.4,2,0,0,0,0,0
11461,1608,111.37,Health,10,2,US,desktop,177.6,0,0,0,0,0,0
11483,1119,697.14,Retail,22,4,US,desktop,55.4,0,0,0,0,0,0
11489,2448,50.61,Grocery,17,0,US,desktop,67.9,2,0,0,0,0,0
11562,4982,13.62,Retail,8,1,US,desktop,212.2,1,0,0,0,0,0
11571,1361,108.18,Grocery,15,3,US,desktop,165.0,1,0,0,0,0,0
11573,4247,172.32,Retail,6,2,US,desktop,78.0,2,0,0,0,0,0
11583,1465,482.01,Retail,14,0,US,desktop,182.9,2,0,0,0,0,0
11613,4515,38.97,Health,12,4,US,desktop,78.8,1,0,0,0,0,0
11619,2350,532.75,Grocery,19,0,US,desktop,102.1,1,0,0,0,0,0
11629,2965,41.36,Grocery,21,3,US,desktop,372.7,0,0,0,0,0,0
11644,4382,110.68,Grocery,16,2,US,desktop,287.4,2,0,0,0,0,0
11662,3683,19.28,Utilities,11,0,US,desktop,604.1,0,0,0,0,0,0
11687,3573,46.06,Retail,13,0,US,desktop,470.0,1,0,0,0,0,0
11743,3231,41.48,Retail,19,4,US,desktop,107.5,1,0,0,0,0,0
11796,4363,78.08,Grocery,11,0,US,desktop,301.8,1,0,0,0,0,0
11862,4969,235.06,Health,10,0,US,desktop,66.4,1,0,0,0,0,0
11871,1912,723.97,Grocery,15,2,US,desktop,348.5,0,0,0,0,0,0
11876,2575,178.91,Grocery,6,3,US,desktop,212.3,1,0,0,0,0,0
11913,4205,74.95,Grocery,19,3,US,desktop,105.8,1,0,0,0,0,0
11967,3448,58.09,Health,12,2,US,desktop,127.6,2,0,0,0,0,0
11983,2929,122.78,Retail,16,1,US,desktop,379.6,1,0,0,0,0,0
11991,1365,72.89,Grocery,11,4,US,desktop,77.3,2,0,0,0,0,0
12004,1475,5.76,Health,11,3,US,desktop,672.4,2,0,0,0,0,0
12046,1531,126.03,Grocery,16,0,US,desktop,229.4,0,0,0,0,0,0
12069,4660,159.93,Grocery,8,0,US,desktop,198.1,0,0,0,0,0,0
12081,2615,42.9,Utilities,6,3,US,desktop,67.2,2,0,0,0,0,0
12090,3114,60.89,Retail,9,2,US,desktop,41.0,0,0,0,0,0,0
12149,1409,238.27,Retail,11,1,US,desktop,114.3,1,0,0,0,0,0
12175,1436,168.16,Grocery,11,1,US,desktop,190.0,0,0,0,0,0,0
12204,1791,17.63,Grocery,18,3,US,desktop,139.3,1,0,0,0,0,0
12233,2890,86.79,Utilities,11,0,US,desktop,298.8,2,0,0,0,0,0
12276,1762,500.24,Grocery,19,1,US,desktop,99.5,1,0,0,0,0,0
12280,2780,32.27,Grocery,9,3,US,desktop,82.2,0,0,0,0,0,0
12303,2156,94.28,Retail,6,3,US,desktop,122.1,2,0,0,0,0,0
12335,3941,15.95,Grocery,13,2,US,desktop,1072.6,0,0,0,0,0,0
12364,3111,140.71,Grocery,17,1,US,desktop,343.1,2,0,0,0,0,0
12406,3235,716.58,Retail,13,1,US,desktop,233.6,2,0,0,0,0,0
12430,1990,194.41,Grocery,17,0,US,desktop,152.3,0,0,0,0,0,0
12444,1863,14.71,Retail,7,1,US,desktop,91.9,1,0,0,0,0,0
12532,4353,120.17,Retail,20,0,US,desktop,107.5,2,0,0,0,0,0
12537,2879,178.26,Grocery,21,0,US,desktop,273.4,1,0,0,0,0,0
12552,3908,40.51,Retail,11,2,US,desktop,78.0,1,0,0,0,0,0
12555,3628,21.96,Health,21,3,US,desktop,105.2,0,0,0,0,0,0
12567,2840,19.76,Grocery,10,0,US,desktop,412.2,2,0,0,0,0,0
12595,4738,180.78,Health,14,0,US,desktop,96.9,2,0,0,0,0,0
12606,3085,75.95,Grocery,19,0,US,desktop,58.7,1,0,0,0,0,0
12670,3985,108.99,Retail,7,3,US,desktop,305.5,1,0,0,0,0,0
12684,4622,109.02,Grocery,21,3,US,desktop,538.4,0,0,0,0,0,0
12722,2392,16.88,Grocery,14,2,US,desktop,234.3,1,0,0,0,0,0
12727,2728,41.81,Grocery,6,4,US,desktop,35.9,1,0,0,0,0,0
12736,1822,258.94,Grocery,10,0,US,desktop,200.6,1,0,0,0,0,0
12738,3213,184.02,Retail,14,1,US,desktop,57.9,2,0,0,0,0,0
12875,4475,580.14,Utilities,12,0,US,desktop,46.8,0,0,0,0,0,0
12917,4234,78.57,Grocery,22,0,US,desktop,571.1,1,0,0,0,0,0
12928,2066,101.46,Grocery,7,0,US,desktop,187.8,2,0,0,0,0,0
12961,3779,318.47,Grocery,20,4,US,desktop,54.6,1,0,0,0,0,0
12968,3939,73.22,Grocery,6,2,US,desktop,45.8,1,0,0,0,0,0
13003,1270,52.72,Grocery,17,1,US,desktop,68.5,0,0,0,0,0,0
13012,1162,62.51,Health,19,0,US,desktop,253.0,1,0,0,0,0,0
13014,4771,91.11,Retail,9,3,US,desktop,51.3,2,0,0,0,0,0
13015,2001,51.61,Grocery,6,1,US,desktop,80.9,2,0,0,0,0,0
13091,1282,77.68,Retail,13,4,US,desktop,60.7,2,0,0,0,0,0
13098,3886,84.81,Grocery,18,2,US,desktop,188.4,1,0,0,0,0,0
13122,2810,28.66,Retail,16,3,US,desktop,71.5,1,0,0,0,0,0
13143,1126,27.48,Retail,8,1,US,desktop,74.0,2,0,0,0,0,0
13154,2774,57.18,Retail,6,2,US,desktop,306.5,1,0,0,0,0,0
13202,1069,148.59,Grocery,21,0,US,desktop,158.9,1,0,0,0,0,0
13229,1727,422.78,Grocery,10,2,US,desktop,282.5,1,0,0,0,0,0
13279,1216,227.17,Retail,9,1,US,desktop,293.1,0,0,0,0,0,0
13353,2364,142.81,Grocery,17,0,US,desktop,50.2,1,0,0,0,0,0
13379,2833,524.9,Retail,11,1,US,desktop,53.3,2,0,0,0,0,0
13416,3126,565.18,Health,8,3,US,desktop,92.1,0,0,0,0,0,0
13450,2695,77.32,Retail,7,4,US,desktop,283.7,0,0,0,0,0,0
13473,1562,153.55,Grocery,21,1,US,desktop,155.8,0,0,0,0,0,0
13483,1538,218.46,Retail,11,3,US,desktop,317.2,2,0,0,0,0,0
13510,2753,18.29,Grocery,9,2,US,desktop,408.7,2,0,0,0,0,0
13515,2170,100.35,Retail,10,4,US,desktop,267.8,0,0,0,0,0,0
13554,2579,12.48,Grocery,12,2,US,desktop,216.5,1,0,0,0,0,0
13573,1380,183.45,Grocery,21,2,US,desktop,44.1,2,0,0,0,0,0
13599,4807,105.07,Retail,8,3,US,desktop,90.1,2,0,0,0,0,0
13605,2181,95.57,Utilities,19,0,US,desktop,226.4,1,0,0,0,0,0
13665,1484,19.99,Grocery,19,4,US,desktop,144.4,1,0,0,0,0,0
13681,3905,380.52,Retail,16,2,US,desktop,540.3,0,0,0,0,0,0
13716,2312,34.81,Grocery,11,0,US,desktop,32.7,0,0,0,0,0,0
13747,1496,35.29,Retail,6,0,US,desktop,36.2,0,0,0,0,0,0
13750,1905,106.41,Retail,18,4,US,desktop,151.6,2,0,0,0,0,0
13788,1840,194.46,Grocery,14,2,US,desktop,78.0,1,0,0,0,0,0
13832,4542,205.48,Utilities,20,4,US,desktop,266.8,1,0,0,0,0,0
13874,4622,123.12,Utilities,22,4,US,desktop,55.7,1,0,0,0,0,0
13882,3832,61.94,Retail,19,1,US,desktop,295.6,2,0,0,0,0,0
13930,1383,419.97,Utilities,10,0,US,desktop,109.7,2,0,0,0,0,0
14001,2599,112.99,Grocery,8,4,US,desktop,46.2,2,0,0,0,0,0
14040,3213,89.51,Retail,15,1,US,desktop,51.9,1,0,0,0,0,0
14078,4548,98.27,Retail,18,2,US,desktop,52.8,0,0,0,0,0,0
14111,1298,32.6,Grocery,18,4,US,desktop,41.3,0,0,0,0,0,0
14148,3119,456.65,Retail,8,4,US,desktop,133.5,0,0,0,0,0,0
14178,1724,37.09,Retail,17,3,US,desktop,50.3,0,0,0,0,0,0
14209,4189,273.53,Retail,9,1,US,desktop,302.1,1,0,0,0,0,0
14213,4816,73.78,Retail,6,4,US,desktop,67.6,2,0,0,0,0,0
14219,2759,35.0,Grocery,9,4,US,desktop,100.6,2,0,0,0,0,0
14222,4831,13.07,Retail,13,3,US,desktop,37.1,2,0,0,0,0,0
14261,4899,120.01,Retail,7,4,US,desktop,103.2,1,0,0,0,0,0
14298,3913,276.08,Utilities,13,1,US,desktop,142.9,1,0,0,0,0,0
14307,4355,88.78,Grocery,19,4,US,desktop,98.7,0,0,0,0,0,0
14346,3941,55.64,Utilities,8,2,US,desktop,30.8,0,0,0,0,0,0
14407,3156,41.76,Grocery,14,0,US,desktop,118.0,1,0,0,0,0,0
14428,3405,283.65,Grocery,11,4,US,desktop,114.0,1,0,0,0,0,0
14455,1947,194.34,Grocery,20,3,US,desktop,52.9,1,0,0,0,0,0
14468,2495,86.76,Grocery,9,2,US,desktop,64.2,2,0,0,0,0,0
14534,2281,559.46,Retail,19,2,US,desktop,625.1,2,0,0,0,0,0
14564,1343,106.8,Grocery,18,2,US,desktop,175.3,1,0,0,0,0,0
14573,2392,149.51,Grocery,18,2,US,desktop,54.7,1,0,0,0,0,0
14635,1101,40.77,Grocery,14,4,US,desktop,121.9,0,0,0,0,0,0
14643,3909,46.03,Retail,13,2,US,desktop,32.9,1,0,0,0,0,0
14645,2936,79.34,Utilities,21,1,US,desktop,106.8,2,0,0,0,0,0
14651,3171,203.42,Grocery,7,2,US,desktop,41.5,0,0,0,0,0,0
14656,2715,101.7,Grocery,16,2,US,desktop,860.5,1,0,0,0,0,0
14732,1365,68.33,Retail,6,0,US,desktop,122.6,2,0,0,0,0,0
14776,1514,64.47,Grocery,19,4,US,desktop,140.1,0,0,0,0,0,0
14828,3379,107.7,Grocery,17,1,US,desktop,181.3,1,0,0,0,0,0
14829,3494,16.56,Retail,7,2,US,desktop,159.0,1,0,0,0,0,0
14932,1013,109.75,Retail,16,0,US,desktop,86.9,2,0,0,0,0,0
14967,1675,49.88,Retail,9,3,US,desktop,449.8,1,0,0,0,0,0
15016,4393,93.98,Grocery,14,0,US,desktop,181.1,2,0,0,0,0,0
15031,4116,599.95,Retail,17,0,US,desktop,75.6,0,0,0,0,0,0
15042,1236,47.61,Retail,10,0,US,desktop,247.4,0,0,0,0,0,0
15103,3274,85.65,Grocery,11,2,US,desktop,612.8,0,0,0,0,0,0
15110,3732,231.48,Retail,16,2,US,desktop,118.7,1,0,0,0,0,0
15115,3188,123.76,Retail,12,1,US,desktop,370.6,2,0,0,0,0,0
15129,1348,16.17,Grocery,6,3,US,desktop,111.6,1,0,0,0,0,0
15255,3148,217.78,Grocery,16,1,US,desktop,86.4,1,0,0,0,0,0
15268,3307,123.81,Utilities,22,1,US,desktop,418.9,1,0,0,0,0,0
15271,3836,305.22,Health,7,1,US,desktop,31.2,2,0,0,0,0,0
15289,3941,77.46,Grocery,19,2,US,desktop,466.9,0,0,0,0,0,0
15298,2268,27.63,Grocery,10,4,US,desktop,140.4,2,0,0,0,0,0
15333,4199,64.56,Grocery,13,2,US,desktop,44.7,1,0,0,0,0,0
15379,2625,60.82,Retail,8,0,US,desktop,225.8,2,0,0,0,0,0
15436,4323,169.86,Grocery,17,4,US,desktop,89.1,2,0,0,0,0,0
15489,1886,17.83,Health,7,2,US,desktop,108.0,1,0,0,0,0,0
15507,3356,56.03,Grocery,6,2,US,desktop,226.6,1,0,0,0,0,0
15532,1015,60.44,Utilities,12,1,US,desktop,66.4,2,0,0,0,0,0
15622,1531,63.61,Retail,13,1,US,desktop,297.1,0,0,0,0,0,0
15640,2822,80.89,Grocery,18,0,US,desktop,156.0,1,0,0,0,0,0
15662,4868,33.44,Utilities,7,1,US,desktop,335.9,0,0,0,0,0,0
15764,1117,164.88,Utilities,15,0,US,desktop,122.3,2,0,0,0,0,0
15780,3636,158.81,Grocery,11,1,US,desktop,91.0,0,0,0,0,0,0
15782,3141,23.78,Grocery,13,3,US,desktop,114.8,2,0,0,0,0,0
15809,3001,145.91,Health,8,3,US,desktop,308.3,2,0,0,0,0,0
15864,3229,272.83,Retail,6,0,US,desktop,65.6,0,0,0,0,0,0
15871,1205,217.9,Utilities,9,3,US,desktop,415.4,0,0,0,0,0,0
15992,2356,115.93,Retail,17,3,US,desktop,172.4,2,0,0,0,0,0
16012,3809,32.1,Retail,10,3,US,desktop,88.9,2,0,0,0,0,0
16018,4360,92.88,Retail,19,4,US,desktop,83.2,2,0,0,0,0,0
16030,1009,95.57,Health,11,3,US,desktop,39.2,2,0,0,0,0,0
16075,1180,41.78,Retail,22,4,US,desktop,72.2,0,0,0,0,0,0
16083,1097,235.07,Retail,15,1,US,desktop,864.5,1,0,0,0,0,0
16119,3269,51.56,Grocery,19,0,US,desktop,527.9,1,0,0,0,0,0
16152,2954,26.73,Grocery,7,3,US,desktop,154.9,2,0,0,0,0,0
16168,3309,107.73,Retail,17,1,US,desktop,92.1,2,0,0,0,0,0
16256,3794,43.11,Grocery,17,0,US,desktop,143.7,0,0,0,0,0,0
16283,2195,42.43,Grocery,14,1,US,desktop,63.0,1,0,0,0,0,0
16317,4034,85.09,Grocery,9,2,US,desktop,87.3,1,0,0,0,0,0
16393,3903,55.99,Retail,21,0,US,desktop,39.5,1,0,0,0,0,0
16397,2828,183.12,Utilities,11,0,US,desktop,418.1,2,0,0,0,0,0
16404,4923,177.48,Grocery,19,1,US,desktop,104.2,2,0,0,0,0,0
16409,4626,139.56,Retail,20,1,US,desktop,310.9,2,0,0,0,0,0
16430,1948,5.0,Utilities,22,3,US,desktop,374.6,2,0,0,0,0,0
16432,1251,184.33,Health,17,4,US,desktop,256.4,2,0,0,0,0,0
16452,1550,102.68,Grocery,11,0,US,desktop,154.0,1,0,0,0,0,0
16498,2565,41.99,Grocery,16,0,US,desktop,36.5,0,0,0,0,0,0
16567,1438,249.53,Grocery,7,0,US,desktop,124.4,1,0,0,0,0,0
16628,2233,68.67,Retail,8,3,US,desktop,100.3,1,0,0,0,0,0
16644,3176,205.87,Grocery,20,4,US,desktop,88.9,2,0,0,0,0,0
16696,1563,87.78,Utilities,17,1,US,desktop,134.5,0,0,0,0,0,0
16741,2329,30.17,Retail,16,0,US,desktop,51.3,1,0,0,0,0,0
16767,4359,63.61,Grocery,21,2,US,desktop,50.0,0,0,0,0,0,0
16771,2357,146.53,Grocery,7,2,US,desktop,223.2,1,0,0,0,0,0
16787,1287,227.89,Health,9,4,US,desktop,232.0,0,0,0,0,0,0
16802,3015,101.48,Retail,14,2,US,desktop,152.1,0,0,0,0,0,0
16856,1935,34.82,Health,12,3,US,desktop,295.7,0,0,0,0,0,0
16885,1036,290.4,Grocery,8,2,US,desktop,483.5,2,0,0,0,0,0
16900,4169,142.79,Grocery,21,3,US,desktop,105.4,2,0,0,0,0,0
16910,1791,194.13,Retail,14,1,US,desktop,282.9,2,0,0,0,0,0
16911,3008,49.64,Grocery,20,4,US,desktop,379.2,1,0,0,0,0,0
16942,2792,272.06,Retail,17,4,US,desktop,92.8,1,0,0,0,0,0
17003,4423,734.28,Retail,19,4,US,desktop,290.0,2,0,0,0,0,0
17063,2701,69.97,Grocery,12,3,US,desktop,230.1,0,0,0,0,0,0
17092,3017,228.42,Grocery,10,3,US,desktop,185.0,2,0,0,0,0,0
17103,2426,26.12,Retail,11,2,US,desktop,679.0,1,0,0,0,0,0
17105,2019,44.12,Grocery,15,4,US,desktop,126.7,0,0,0,0,0,0
17124,1975,222.14,Health,19,1,US,desktop,69.8,1,0,0,0,0,0
17151,1820,382.63,Health,20,1,US,desktop,78.5,0,0,0,0,0,0
17159,1035,206.12,Utilities,12,3,US,desktop,54.0,1,0,0,0,0,0
17167,2202,610.96,Retail,10,2,US,desktop,111.2,1,0,0,0,0,0
17185,2540,199.93,Retail,14,3,US,desktop,203.2,0,0,0,0,0,0
17200,2641,10.86,Grocery,14,1,US,desktop,103.8,0,0,0,0,0,0
17250,2372,772.6,Grocery,15,2,US,desktop,115.5,0,0,0,0,0,0
17286,1229,185.87,Utilities,20,1,US,desktop,110.7,1,0,0,0,0,0
17355,1914,50.86,Retail,7,3,US,desktop,720.6,1,0,0,0,0,0
17360,3774,363.62,Grocery,18,1,US,desktop,33.1,1,0,0,0,0,0
17366,4107,87.2,Grocery,6,2,US,desktop,104.3,2,0,0,0,0,0
17444,2971,121.36,Retail,11,4,US,desktop,78.2,0,0,0,0,0,0
17448,4002,78.47,Retail,14,4,US,desktop,43.4,1,0,0,0,0,0
17483,3911,75.67,Grocery,18,4,US,desktop,839.9,1,0,0,0,0,0
17487,3924,466.91,Retail,7,1,US,desktop,65.8,2,0,0,0,0,0
17515,2966,163.18,Retail,7,1,US,desktop,40.2,2,0,0,0,0,0
17519,1871,226.21,Retail,18,2,US,desktop,254.9,1,0,0,0,0,0
17539,3493,220.96,Grocery,22,2,US,desktop,90.2,0,0,0,0,0,0
17573,1940,202.79,Health,7,0,US,desktop,423.4,0,0,0,0,0,0
17580,4275,77.99,Retail,13,2,US,desktop,45.7,2,0,0,0,0,0
17616,4154,106.99,Retail,6,1,US,desktop,284.8,1,0,0,0,0,1
17646,3560,537.98,Retail,17,2,US,desktop,157.6,1,0,0,0,0,0
17653,1191,32.88,Retail,14,4,US,desktop,438.3,1,0,0,0,0,0
17708,3389,73.37,Grocery,6,0,US,desktop,106.7,1,0,0,0,0,0
17735,4359,125.38,Grocery,20,3,US,desktop,63.7,1,0,0,0,0,0
17740,3593,12.62,Grocery,13,0,US,desktop,79.2,1,0,0,0,0,0
17794,1955,137.52,Health,17,3,US,desktop,31.6,2,0,0,0,0,0
17859,3818,94.85,Grocery,12,1,US,desktop,134.5,1,0,0,0,0,0
17882,1553,249.77,Retail,15,0,US,desktop,408.8,0,0,0,0,0,0
18025,1297,27.49,Retail,14,2,US,desktop,310.9,2,0,0,0,0,0
18046,4634,32.53,Retail,8,2,US,desktop,94.3,2,0,0,0,0,0
18059,3521,37.36,Grocery,8,3,US,desktop,32.2,1,0,0,0,0,0
18085,3830,49.71,Grocery,13,2,US,desktop,218.3,1,0,0,0,0,0
18092,1262,47.49,Retail,19,3,US,desktop,411.1,2,0,0,0,0,0
18121,4684,233.67,Grocery,9,2,US,desktop,234.7,2,0,0,0,0,0
18211,4760,74.69,Retail,21,2,US,desktop,133.3,1,0,0,0,0,0
18226,2990,131.69,Grocery,19,3,US,desktop,140.1,2,0,0,0,0,0
18262,1374,68.48,Grocery,10,1,US,desktop,107.6,2,0,0,0,0,0
18316,1430,609.01,Health,11,2,US,desktop,349.6,2,0,0,0,0,0
18326,3714,491.55,Grocery,15,2,US,desktop,818.9,2,0,0,0,0,0
18327,4964,396.01,Retail,19,1,US,desktop,108.4,2,0,0,0,0,0
18338,1650,81.43,Grocery,6,4,US,desktop,193.7,0,0,0,0,0,0
18391,1874,88.08,Health,22,2,US,desktop,691.7,1,0,0,0,0,0
18414,3503,25.09,Health,16,3,US,desktop,293.1,2,0,0,0,0,0
18419,1946,59.9,Retail,14,3,US,desktop,56.5,1,0,0,0,0,0
18450,1196,116.43,Retail,19,4,US,desktop,138.6,1,0,0,0,0,0
18464,4170,76.82,Grocery,17,3,US,desktop,141.5,1,0,0,0,0,0
18519,3419,73.74,Grocery,16,0,US,desktop,96.5,2,0,0,0,0,0
18555,1716,27.63,Retail,18,3,US,desktop,126.4,2,0,0,0,0,0
18614,4375,263.69,Grocery,18,2,US,desktop,297.3,1,0,0,0,0,0
18639,1510,396.56,Grocery,13,3,US,desktop,110.9,1,0,0,0,0,0
18643,1572,133.51,Grocery,6,4,US,desktop,315.2,1,0,0,0,0,0
18650,2879,70.05,Grocery,13,0,US,desktop,187.3,2,0,0,0,0,0
18694,2598,9.57,Grocery,22,3,US,desktop,127.5,1,0,0,0,0,0
18711,1677,5.64,Retail,19,1,US,desktop,215.7,1,0,0,0,0,0
18790,3965,22.82,Health,20,0,US,desktop,52.2,1,0,0,0,0,0
18861,2076,52.46,Grocery,12,3,US,desktop,99.0,1,0,0,0,0,0
18870,4087,15.71,Grocery,22,3,US,desktop,34.0,0,0,0,0,0,0
18980,4618,46.78,Grocery,14,1,US,desktop,462.1,2,0,0,0,0,0
18986,4539,104.66,Grocery,17,1,US,desktop,128.7,2,0,0,0,0,0
19006,3524,191.45,Retail,6,2,US,desktop,65.8,0,0,0,0,0,0
19011,4444,335.47,Retail,10,1,US,desktop,117.4,0,0,0,0,0,0
19016,1744,368.45,Retail,9,3,US,desktop,498.5,1,0,0,0,0,0
19041,4405,18.27,Grocery,8,4,US,desktop,63.8,0,0,0,0,0,0
19048,3043,145.45,Retail,21,3,US,desktop,39.5,2,0,0,0,0,0
19081,1661,77.45,Grocery,15,3,US,desktop,268.5,1,0,0,0,0,0
19100,1590,53.67,Grocery,18,2,US,desktop,79.3,2,0,0,0,0,0
19110,1584,253.01,Grocery,11,4,US,desktop,50.3,2,0,0,0,0,0
19139,1041,120.23,Retail,14,3,US,desktop,382.9,1,0,0,0,0,0
19141,3652,288.0,Grocery,9,4,US,desktop,322.6,0,0,0,0,0,0
19171,2358,11.66,Grocery,6,2,US,desktop,104.9,2,0,0,0,0,0
19199,3197,22.66,Grocery,8,2,US,desktop,196.8,1,0,0,0,0,0
19218,4925,95.79,Retail,19,3,US,desktop,124.2,1,0,0,0,0,0
19303,4558,125.07,Utilities,18,2,US,desktop,144.8,2,0,0,0,0,0
19311,2754,20.52,Retail,19,4,US,desktop,356.2,2,0,0,0,0,0
19327,2629,366.68,Grocery,9,3,US,desktop,163.1,1,0,0,0,0,0
19364,1111,68.25,Grocery,7,4,US,desktop,396.2,2,0,0,0,0,0
19371,4622,52.55,Health,18,4,US,desktop,240.1,2,0,0,0,0,0
19373,2882,16.75,Grocery,8,1,US,desktop,129.5,1,0,0,0,0,0
19377,2985,278.44,Grocery,22,0,US,desktop,291.5,0,0,0,0,0,0
19385,2677,298.28,Grocery,13,2,US,desktop,75.4,1,0,0,0,0,0
19387,3696,106.03,Utilities,7,3,US,desktop,101.3,0,0,0,0,0,0
19388,1232,113.13,Grocery,9,1,US,desktop,794.1,1,0,0,0,0,0
19413,2693,115.15,Retail,11,4,US,desktop,188.8,0,0,0,0,0,0
19425,1280,79.64,Retail,6,4,US,desktop,74.2,1,0,0,0,0,0
19428,4194,75.4,Health,12,0,US,desktop,136.3,1,0,0,0,0,0
19453,1254,59.67,Utilities,21,3,US,desktop,161.9,1,0,0,0,0,0
19490,4213,34.78,Grocery,10,3,US,desktop,335.2,2,0,0,0,0,0
19512,2753,78.71,Grocery,19,4,US,desktop,245.4,1,0,0,0,0,0
19518,1305,56.0,Utilities,6,0,US,desktop,489.6,1,0,0,0,0,0
19540,1340,53.97,Grocery,16,2,US,desktop,464.0,2,0,0,0,0,0
19562,1724,362.33,Retail,16,3,US,desktop,134.0,0,0,0,0,0,0
19584,1483,16.51,Grocery,6,4,US,desktop,292.5,2,0,0,0,0,0
19607,1226,431.69,Grocery,16,1,US,desktop,426.3,2,0,0,0,0,0
19608,3925,85.68,Retail,7,4,US,desktop,140.3,1,0,0,0,0,0
19631,2367,54.08,Grocery,17,0,US,desktop,66.8,2,0,0,0,0,0
19643,4746,38.36,Grocery,8,1,US,desktop,461.3,2,0,0,0,0,0
19651,2867,195.69,Retail,17,3,US,desktop,170.3,2,0,0,0,0,0
19662,4176,56.82,Retail,8,1,US,desktop,309.5,0,0,0,0,0,0
19666,3839,33.68,Retail,9,1,US,desktop,126.0,2,0,0,0,0,0
19677,1296,381.96,Grocery,11,3,US,desktop,779.8,0,0,0,0,0,0
19711,3126,256.69,Grocery,19,4,US,desktop,67.9,0,0,0,0,0,0
19718,3074,234.84,Utilities,13,0,US,desktop,62.5,2,0,0,0,0,0
19764,1490,142.88,Grocery,9,0,US,desktop,329.2,2,0,0,0,0,1
19785,1024,39.76,Grocery,12,3,US,desktop,192.4,2,0,0,0,0,0
19809,3485,88.75,Retail,11,2,US,desktop,186.8,0,0,0,0,0,0
19817,3025,52.5,Grocery,7,3,US,desktop,158.4,2,0,0,0,0,0
19854,3658,204.24,Retail,9,1,US,desktop,38.9,0,0,0,0,0,0
19878,4069,31.82,Utilities,20,2,US,desktop,84.9,1,0,0,0,0,0
19890,2234,132.92,Grocery,11,2,US,desktop,643.6,1,0,0,0,0,0
19918,2785,67.01,Grocery,14,2,US,desktop,222.6,1,0,0,0,0,0
19937,4163,133.86,Retail,16,3,US,desktop,134.0,0,0,0,0,0,0
19966,4944,78.53,Grocery,17,3,US,desktop,42.5,2,0,0,0,0,0
19978,2358,78.95,Grocery,8,2,US,desktop,179.4,1,0,0,0,0,0
19988,1560,70.87,Retail,15,3,US,desktop,130.6,1,0,0,0,0,0
19989,2546,169.82,Grocery,12,3,US,desktop,55.8,0,0,0,0,0,0
19994,2237,352.06,Grocery,18,3,US,desktop,63.5,1,0,0,0,0,0
111,2108,406.7,Retail,22,6,US,desktop,680.9,2,0,1,0,0,0
140,2746,26.2,Retail,18,5,US,desktop,213.2,0,0,1,0,0,0
238,2728,390.46,Utilities,9,5,US,desktop,358.4,0,0,1,0,0,0
319,4755,83.92,Retail,14,6,US,desktop,100.2,0,0,1,0,0,0
347,4965,44.04,Grocery,11,5,US,desktop,47.9,1,0,1,0,0,0
375,4545,57.86,Health,13,6,US,desktop,85.6,2,0,1,0,0,0
471,3953,190.23,Retail,14,5,US,desktop,49.8,1,0,1,0,0,0
472,4217,56.68,Retail,12,5,US,desktop,73.3,0,0,1,0,0,0
489,4060,664.73,Retail,13,6,US,desktop,79.9,0,0,1,0,0,1
577,4703,44.7,Grocery,15,5,US,desktop,118.5,1,0,1,0,0,0
617,1999,45.87,Grocery,18,5,US,desktop,68.0,1,0,1,0,0,0
702,3464,120.81,Grocery,9,5,US,desktop,54.7,0,0,1,0,0,0
753,1345,347.04,Retail,12,6,US,desktop,122.7,2,0,1,0,0,0
1240,1163,38.77,Retail,6,5,US,desktop,209.2,0,0,1,0,0,0
1299,3122,34.44,Health,17,6,US,desktop,465.4,1,0,1,0,0,0
1335,3134,91.64,Grocery,8,6,US,desktop,325.7,1,0,1,0,0,0
1416,4135,68.44,Grocery,22,5,US,desktop,69.4,2,0,1,0,0,0
1483,2159,284.94,Health,14,6,US,desktop,61.0,1,0,1,0,0,0
1504,2289,45.72,Grocery,21,5,US,desktop,229.4,0,0,1,0,0,0
1543,1355,148.59,Retail,14,6,US,desktop,554.9,1,0,1,0,0,0
1560,4421,97.73,Retail,10,6,US,desktop,125.1,0,0,1,0,0,0
1648,3654,12.61,Retail,22,6,US,desktop,161.5,2,0,1,0,0,0
1701,2061,35.91,Retail,9,5,US,desktop,101.0,2,0,1,0,0,0
1885,3470,48.08,Grocery,14,6,US,desktop,34.2,2,0,1,0,0,0
1887,3602,117.11,Grocery,11,6,US,desktop,108.9,1,0,1,0,0,0
1919,2806,119.94,Grocery,15,6,US,desktop,184.0,0,0,1,0,0,0
1921,2573,159.48,Health,21,6,US,desktop,302.1,2,0,1,0,0,0
1997,3210,22.22,Grocery,22,5,US,desktop,38.6,1,0,1,0,0,0
2192,2639,49.58,Retail,21,6,US,desktop,121.7,2,0,1,0,0,0
2292,2286,156.36,Retail,7,6,US,desktop,42.3,2,0,1,0,0,0
2481,3606,41.86,Retail,21,6,US,desktop,155.2,1,0,1,0,0,0
2614,3389,106.46,Grocery,19,5,US,desktop,266.0,0,0,1,0,0,0
2870,1823,12.74,Health,17,6,US,desktop,200.7,0,0,1,0,0,0
2891,1594,70.02,Retail,14,6,US,desktop,571.1,2,0,1,0,0,0
2952,3032,13.79,Retail,15,5,US,desktop,478.8,0,0,1,0,0,0
2970,3550,511.5,Utilities,21,6,US,desktop,124.5,1,0,1,0,0,0
2976,2876,64.61,Retail,14,5,US,desktop,194.4,1,0,1,0,0,0
3078,4260,105.82,Retail,8,6,US,desktop,126.2,0,0,1,0,0,0
3098,2255,603.93,Retail,10,5,US,desktop,39.9,1,0,1,0,0,0
3158,4979,8.74,Grocery,8,5,US,desktop,358.7,1,0,1,0,0,0
3179,1861,125.21,Retail,21,5,US,desktop,155.4,0,0,1,0,0,0
3237,2453,248.59,Utilities,22,5,US,desktop,41.2,0,0,1,0,0,0
3347,3410,327.87,Retail,9,5,US,desktop,170.6,2,0,1,0,0,1
3469,3099,19.97,Retail,22,6,US,desktop,744.0,2,0,1,0,0,0
3548,4528,106.62,Grocery,16,5,US,desktop,179.2,0,0,1,0,0,0
3572,4368,55.19,Retail,13,6,US,desktop,157.0,0,0,1,0,0,0
3576,3744,25.56,Grocery,21,5,US,desktop,42.4,0,0,1,0,0,0
3661,3229,169.48,Grocery,16,5,US,desktop,356.9,2,0,1,0,0,0
3720,2051,124.83,Retail,6,6,US,desktop,83.8,2,0,1,0,0,0
3733,2607,250.38,Grocery,18,6,US,desktop,176.5,1,0,1,0,0,0
3806,4395,56.43,Grocery,17,6,US,desktop,250.8,0,0,1,0,0,0
3915,4157,142.41,Health,21,6,US,desktop,113.5,1,0,1,0,0,0
3928,1614,87.88,Grocery,12,5,US,desktop,59.2,1,0,1,0,0,0
4031,3166,15.52,Retail,12,6,US,desktop,147.9,1,0,1,0,0,0
4070,1401,67.59,Grocery,16,5,US,desktop,109.7,0,0,1,0,0,0
4093,2465,164.22,Grocery,13,5,US,desktop,109.1,1,0,1,0,0,1
4124,2063,168.67,Grocery,16,6,US,desktop,122.9,0,0,1,0,0,0
4226,1711,145.28,Retail,6,5,US,desktop,31.9,1,0,1,0,0,0
4291,1272,188.35,Grocery,14,5,US,desktop,248.2,1,0,1,0,0,0
4349,4067,81.82,Grocery,19,5,US,desktop,344.1,2,0,1,0,0,0
4503,4990,68.44,Retail,21,5,US,desktop,512.2,0,0,1,0,0,0
4640,4676,93.27,Retail,12,5,US,desktop,120.3,1,0,1,0,0,0
4680,1276,369.22,Grocery,16,6,US,desktop,99.6,1,0,1,0,0,0
4698,1355,64.18,Grocery,17,5,US,desktop,597.4,2,0,1,0,0,0
4864,3873,126.64,Retail,8,6,US,desktop,36.4,0,0,1,0,0,0
5110,2140,186.72,Grocery,14,5,US,desktop,153.2,2,0,1,0,0,0
5247,3337,98.17,Grocery,9,6,US,desktop,274.1,0,0,1,0,0,0
5286,3299,57.97,Retail,11,5,US,desktop,683.8,0,0,1,0,0,0
5334,4580,192.09,Health,14,5,US,desktop,30.2,2,0,1,0,0,0
5358,3982,37.25,Utilities,10,5,US,desktop,154.2,1,0,1,0,0,0
5433,2331,354.45,Grocery,18,6,US,desktop,111.2,2,0,1,0,0,0
5525,3452,110.97,Grocery,15,5,US,desktop,324.1,1,0,1,0,0,1
5703,2108,134.4,Retail,12,5,US,desktop,705.8,0,0,1,0,0,0
5741,4000,69.33,Retail,13,5,US,desktop,836.1,2,0,1,0,0,0
5742,3485,64.6,Utilities,7,5,US,desktop,486.8,2,0,1,0,0,0
5823,4489,92.83,Retail,6,5,US,desktop,116.1,0,0,1,0,0,0
5991,1198,152.81,Retail,6,6,US,desktop,82.7,2,0,1,0,0,0
6073,3870,379.45,Retail,8,6,US,desktop,65.6,0,0,1,0,0,0
6104,1390,54.79,Retail,9,5,US,desktop,99.3,2,0,1,0,0,0
6129,2278,41.74,Retail,13,6,US,desktop,52.8,1,0,1,0,0,0
6193,2060,10.19,Health,8,6,US,desktop,230.8,1,0,1,0,0,0
6211,1239,81.65,Retail,19,6,US,desktop,230.2,0,0,1,0,0,0
6237,4244,24.46,Grocery,18,5,US,desktop,64.5,1,0,1,0,0,0
6495,2126,283.77,Utilities,10,6,US,desktop,288.5,1,0,1,0,0,0
6693,4314,18.13,Grocery,12,5,US,desktop,94.1,2,0,1,0,0,0
6711,2198,99.12,Utilities,15,6,US,desktop,226.6,2,0,1,0,0,0
6768,3227,22.92,Retail,17,5,US,desktop,143.5,2,0,1,0,0,0
6862,3250,116.82,Retail,22,5,US,desktop,143.6,2,0,1,0,0,0
6865,4605,54.23,Retail,13,5,US,desktop,89.7,2,0,1,0,0,0
6933,1281,280.67,Grocery,22,6,US,desktop,306.4,1,0,1,0,0,0
7055,4729,22.3,Grocery,8,6,US,desktop,109.0,2,0,1,0,0,0
7189,2047,156.52,Health,9,6,US,desktop,1244.0,2,0,1,0,0,0
7215,1988,543.39,Grocery,12,5,US,desktop,151.9,1,0,1,0,0,0
7287,3632,129.21,Grocery,17,5,US,desktop,206.1,1,0,1,0,0,0
7302,2189,54.52,Grocery,7,5,US,desktop,201.1,1,0,1,0,0,0
7322,1850,311.39,Grocery,21,6,US,desktop,32.4,2,0,1,0,0,0
7339,1429,35.64,Health,16,6,US,desktop,129.8,2,0,1,0,0,0
7370,1737,781.22,Grocery,17,6,US,desktop,206.9,1,0,1,0,0,0
7389,1950,263.59,Retail,11,5,US,desktop,156.6,2,0,1,0,0,0
7444,3059,73.7,Grocery,6,5,US,desktop,135.2,1,0,1,0,0,0
7465,2792,216.62,Grocery,12,6,US,desktop,171.7,0,0,1,0,0,0
7536,2347,241.61,Health,13,5,US,desktop,267.0,2,0,1,0,0,0
7568,1904,406.82,Health,7,5,US,desktop,109.6,2,0,1,0,0,0
7672,2759,66.37,Retail,19,5,US,desktop,87.8,1,0,1,0,0,0
7738,3480,53.8,Grocery,19,6,US,desktop,232.6,1,0,1,0,0,0
7817,3109,113.88,Grocery,21,6,US,desktop,79.3,1,0,1,0,0,0
7986,1322,172.18,Grocery,7,5,US,desktop,44.6,2,0,1,0,0,0
8051,2015,156.32,Grocery,8,5,US,desktop,48.1,0,0,1,0,0,0
8057,3407,410.24,Retail,21,5,US,desktop,222.9,0,0,1,0,0,0
8113,1739,29.52,Retail,20,5,US,desktop,300.1,1,0,1,0,0,0
8141,4077,515.83,Health,15,5,US,desktop,114.1,2,0,1,0,0,0
8184,4059,654.27,Retail,10,5,US,desktop,155.8,1,0,1,0,0,0
8193,1857,104.55,Retail,21,6,US,desktop,40.0,0,0,1,0,0,0
8229,2358,105.98,Retail,18,6,US,desktop,374.9,2,0,1,0,0,0
8283,1001,87.05,Grocery,11,5,US,desktop,186.3,2,0,1,0,0,0
8293,1239,164.36,Retail,8,6,US,desktop,318.2,2,0,1,0,0,0
8302,1999,73.6,Retail,11,5,US,desktop,264.4,2,0,1,0,0,0
8357,4734,446.24,Utilities,11,6,US,desktop,427.0,0,0,1,0,0,1
8387,3428,49.35,Retail,21,5,US,desktop,225.5,1,0,1,0,0,0
8438,4903,668.65,Utilities,22,5,US,desktop,113.1,0,0,1,0,0,0
8522,4836,343.62,Retail,12,6,US,desktop,148.1,1,0,1,0,0,0
8553,3032,73.83,Retail,20,6,US,desktop,109.2,2,0,1,0,0,0
8808,2092,92.34,Retail,16,6,US,desktop,531.4,1,0,1,0,0,0
8818,4500,29.88,Health,14,6,US,desktop,64.0,1,0,1,0,0,0
8990,2085,26.53,Grocery,11,6,US,desktop,260.4,2,0,1,0,0,0
9058,1937,825.47,Grocery,7,6,US,desktop,643.3,1,0,1,0,0,0
9210,3799,43.97,Health,16,6,US,desktop,212.3,0,0,1,0,0,0
9251,3537,146.51,Health,22,5,US,desktop,202.0,0,0,1,0,0,0
9259,1713,38.52,Health,14,6,US,desktop,329.6,1,0,1,0,0,0
9305,2808,64.18,Grocery,20,6,US,desktop,328.4,1,0,1,0,0,0
9356,1529,57.94,Utilities,12,5,US,desktop,170.6,1,0,1,0,0,0
9395,1673,213.28,Utilities,14,5,US,desktop,211.4,0,0,1,0,0,0
9420,2385,163.35,Health,9,6,US,desktop,374.3,2,0,1,0,0,0
9533,3149,141.15,Retail,19,5,US,desktop,170.5,2,0,1,0,0,0
9570,4867,101.25,Grocery,12,5,US,desktop,199.9,2,0,1,0,0,0
9579,1547,39.24,Retail,9,5,US,desktop,1297.5,1,0,1,0,0,0
9616,3378,33.55,Retail,6,5,US,desktop,149.8,1,0,1,0,0,0
9687,3763,69.36,Retail,13,5,US,desktop,85.8,0,0,1,0,0,0
9768,2361,84.24,Retail,11,6,US,desktop,696.0,2,0,1,0,0,0
9900,3764,263.18,Grocery,22,6,US,desktop,177.7,0,0,1,0,0,0
10168,1206,124.0,Retail,8,5,US,desktop,128.4,2,0,1,0,0,0
10180,2161,86.29,Grocery,12,6,US,desktop,251.4,0,0,1,0,0,0
10214,1658,59.55,Grocery,17,5,US,desktop,299.0,1,0,1,0,0,0
10348,1187,54.65,Grocery,22,6,US,desktop,43.5,1,0,1,0,0,0
10364,2539,166.85,Retail,8,6,US,desktop,66.5,1,0,1,0,0,0
10403,3773,155.39,Grocery,6,6,US,desktop,268.1,0,0,1,0,0,0
10411,3563,405.74,Retail,8,6,US,desktop,372.8,0,0,1,0,0,0
10597,2268,29.47,Grocery,11,6,US,desktop,48.3,1,0,1,0,0,0
10780,4720,46.52,Grocery,22,6,US,desktop,104.0,2,0,1,0,0,0
10886,4274,206.88,Grocery,8,5,US,desktop,83.1,1,0,1,0,0,0
10963,1354,164.71,Utilities,15,5,US,desktop,203.2,0,0,1,0,0,0
10976,1572,29.21,Retail,7,6,US,desktop,103.7,1,0,1,0,0,0
10980,3983,184.01,Grocery,18,6,US,desktop,85.3,2,0,1,0,0,0
11051,4410,102.49,Grocery,10,6,US,desktop,71.3,2,0,1,0,0,0
11057,1527,85.71,Utilities,20,6,US,desktop,56.0,0,0,1,0,0,0
11079,3972,236.14,Grocery,20,5,US,desktop,243.5,2,0,1,0,0,0
11097,4068,72.84,Grocery,22,5,US,desktop,78.0,1,0,1,0,0,0
11133,3465,58.48,Retail,8,6,US,desktop,290.0,1,0,1,0,0,0
11154,4928,15.83,Grocery,17,6,US,desktop,265.9,0,0,1,0,0,0
11169,3955,71.19,Grocery,13,6,US,desktop,96.1,1,0,1,0,0,0
11173,1831,822.14,Health,12,5,US,desktop,303.6,2,0,1,0,0,0
11297,4963,39.81,Health,10,6,US,desktop,106.8,1,0,1,0,0,0
11527,2373,145.2,Utilities,6,6,US,desktop,545.4,1,0,1,0,0,0
11580,2852,9.36,Retail,18,6,US,desktop,40.5,2,0,1,0,0,0
11655,3913,126.83,Grocery,14,5,US,desktop,393.5,1,0,1,0,0,0
11701,3721,83.7,Retail,21,5,US,desktop,201.7,1,0,1,0,0,0
11708,2005,238.44,Grocery,6,5,US,desktop,92.4,1,0,1,0,0,0
11838,4475,32.45,Grocery,15,5,US,desktop,37.6,1,0,1,0,0,0
11948,4981,65.45,Health,9,5,US,desktop,60.9,1,0,1,0,0,0
11987,2864,346.49,Grocery,12,6,US,desktop,78.4,1,0,1,0,0,0
12131,4819,24.88,Grocery,17,5,US,desktop,34.8,2,0,1,0,0,1
12150,4243,33.58,Grocery,15,6,US,desktop,112.7,2,0,1,0,0,0
12301,4066,86.88,Retail,11,5,US,desktop,116.5,1,0,1,0,0,0
12425,2380,34.33,Grocery,13,5,US,desktop,506.1,1,0,1,0,0,0
12429,4611,18.9,Grocery,6,5,US,desktop,201.4,2,0,1,0,0,0
12431,2104,102.47,Retail,6,5,US,desktop,254.6,2,0,1,0,0,0
12460,2734,193.91,Grocery,22,6,US,desktop,69.4,2,0,1,0,0,0
12562,4079,98.0,Health,14,6,US,desktop,102.3,1,0,1,0,0,0
12566,2558,173.59,Grocery,12,5,US,desktop,38.9,1,0,1,0,0,0
12587,4792,271.95,Retail,22,5,US,desktop,50.7,0,0,1,0,0,0
12646,4460,99.66,Grocery,19,6,US,desktop,318.4,2,0,1,0,0,1
12716,4771,12.75,Retail,13,6,US,desktop,128.9,2,0,1,0,0,0
12798,3227,210.24,Utilities,13,6,US,desktop,240.6,0,0,1,0,0,0
12933,2431,35.01,Grocery,16,5,US,desktop,175.6,1,0,1,0,0,0
12981,2453,91.54,Retail,21,5,US,desktop,102.0,0,0,1,0,0,0
12992,1048,44.38,Grocery,8,6,US,desktop,270.9,0,0,1,0,0,0
13062,2096,62.52,Utilities,19,6,US,desktop,37.1,0,0,1,0,0,0
13123,2888,183.79,Retail,22,6,US,desktop,408.6,1,0,1,0,0,0
13159,1055,106.76,Grocery,14,5,US,desktop,96.3,0,0,1,0,0,0
13207,2515,23.21,Retail,9,5,US,desktop,530.6,0,0,1,0,0,0
13233,2205,188.86,Health,16,5,US,desktop,204.2,1,0,1,0,0,0
13267,3595,33.97,Grocery,21,6,US,desktop,239.9,1,0,1,0,0,0
13289,3943,323.08,Retail,12,6,US,desktop,101.0,1,0,1,0,0,0
13305,3519,109.28,Grocery,18,6,US,desktop,938.6,1,0,1,0,0,0
13320,2696,520.19,Grocery,10,5,US,desktop,174.3,2,0,1,0,0,0
13321,2676,259.23,Grocery,22,6,US,desktop,270.5,1,0,1,0,0,0
13343,1980,51.77,Utilities,9,6,US,desktop,557.0,2,0,1,0,0,0
13426,2245,22.57,Grocery,21,6,US,desktop,56.1,1,0,1,0,0,0
13428,3521,34.37,Retail,10,6,US,desktop,101.1,0,0,1,0,0,0
13521,4872,131.1,Retail,11,6,US,desktop,34.8,1,0,1,0,0,0
13737,2914,289.76,Retail,22,6,US,desktop,150.0,2,0,1,0,0,0
13982,1511,98.63,Grocery,10,6,US,desktop,451.9,0,0,1,0,0,0
14079,1884,97.76,Grocery,8,6,US,desktop,54.3,0,0,1,0,0,0
14200,1040,150.44,Retail,10,5,US,desktop,149.5,2,0,1,0,0,0
14552,4027,436.64,Grocery,8,5,US,desktop,32.5,1,0,1,0,0,0
14658,2107,40.08,Grocery,6,5,US,desktop,82.5,0,0,1,0,0,0
14706,4811,415.82,Retail,8,6,US,desktop,239.0,1,0,1,0,0,0
14725,3853,114.81,Grocery,6,5,US,desktop,137.3,2,0,1,0,0,0
14765,3519,14.86,Retail,18,5,US,desktop,150.1,2,0,1,0,0,0
14811,4236,17.25,Grocery,22,5,US,desktop,444.2,1,0,1,0,0,0
14835,1460,45.16,Grocery,22,5,US,desktop,211.8,0,0,1,0,0,0
14846,2131,66.51,Grocery,14,6,US,desktop,49.4,1,0,1,0,0,0
14852,1746,200.93,Retail,12,5,US,desktop,168.9,2,0,1,0,0,0
14913,3014,109.0,Grocery,10,6,US,desktop,126.9,1,0,1,0,0,0
14960,4633,39.37,Retail,15,5,US,desktop,155.6,1,0,1,0,0,0
15005,3288,160.87,Grocery,14,5,US,desktop,181.8,0,0,1,0,0,0
15019,1123,288.0,Grocery,20,5,US,desktop,133.5,0,0,1,0,0,0
15035,2866,149.4,Retail,7,5,US,desktop,181.9,1,0,1,0,0,0
15203,1408,55.97,Retail,12,6,US,desktop,225.3,0,0,1,0,0,0
15332,2803,8.2,Grocery,12,6,US,desktop,540.3,1,0,1,0,0,1
15499,3277,148.17,Retail,20,5,US,desktop,129.9,2,0,1,0,0,0
15537,2046,114.08,Grocery,6,6,US,desktop,61.0,1,0,1,0,0,0
15608,2933,142.76,Retail,20,5,US,desktop,97.5,1,0,1,0,0,0
15636,3637,48.24,Retail,22,6,US,desktop,85.0,1,0,1,0,0,0
15756,4108,321.84,Grocery,22,5,US,desktop,629.2,2,0,1,0,0,0
15868,1682,45.49,Utilities,12,5,US,desktop,190.0,1,0,1,0,0,0
15928,3840,77.31,Grocery,8,6,US,desktop,76.5,1,0,1,0,0,0
16021,2240,95.65,Grocery,21,6,US,desktop,263.0,1,0,1,0,0,0
16077,4761,66.06,Grocery,13,6,US,desktop,167.1,1,0,1,0,0,0
16085,3379,67.58,Grocery,8,6,US,desktop,143.4,0,0,1,0,0,0
16173,4564,146.31,Utilities,9,5,US,desktop,589.6,2,0,1,0,0,0
16306,3296,49.07,Retail,10,6,US,desktop,621.5,0,0,1,0,0,0
16533,3439,101.27,Grocery,13,5,US,desktop,357.3,0,0,1,0,0,0
16544,1627,151.76,Grocery,6,5,US,desktop,254.7,2,0,1,0,0,0
16594,3694,16.54,Grocery,14,5,US,desktop,121.5,2,0,1,0,0,0
16775,2246,97.28,Health,7,6,US,desktop,295.5,1,0,1,0,0,1
16830,1355,19.73,Retail,15,5,US,desktop,150.3,0,0,1,0,0,0
16867,2786,641.79,Retail,17,6,US,desktop,340.7,1,0,1,0,0,0
16927,2418,22.79,Grocery,7,5,US,desktop,134.5,0,0,1,0,0,0
16964,1697,36.75,Retail,16,5,US,desktop,186.5,0,0,1,0,0,0
17109,1887,58.3,Grocery,14,6,US,desktop,283.0,2,0,1,0,0,0
17114,3710,57.43,Retail,7,6,US,desktop,181.0,2,0,1,0,0,0
17153,3718,491.82,Utilities,20,5,US,desktop,138.2,0,0,1,0,0,0
17274,2041,116.75,Grocery,20,6,US,desktop,49.0,1,0,1,0,0,0
17302,2289,91.23,Grocery,13,6,US,desktop,165.6,0,0,1,0,0,1
17383,3280,390.15,Health,11,5,US,desktop,195.9,0,0,1,0,0,0
17438,3125,104.77,Grocery,22,6,US,desktop,80.2,1,0,1,0,0,0
17463,1083,5.0,Retail,9,5,US,desktop,86.5,1,0,1,0,0,0
17560,1949,30.53,Health,20,5,US,desktop,229.5,2,0,1,0,0,0
17656,4827,83.74,Health,8,6,US,desktop,654.2,2,0,1,0,0,0
17703,1768,586.21,Retail,11,5,US,desktop,61.8,2,0,1,0,0,0
17744,4499,78.91,Retail,11,5,US,desktop,145.2,2,0,1,0,0,0
17833,3818,5.0,Retail,9,6,US,desktop,303.7,2,0,1,0,0,0
17868,4846,230.32,Retail,21,6,US,desktop,259.0,1,0,1,0,0,0
17915,4082,117.38,Retail,17,6,US,desktop,152.9,1,0,1,0,0,0
18170,1098,55.32,Grocery,22,5,US,desktop,366.5,2,0,1,0,0,1
18342,1684,507.53,Health,21,5,US,desktop,180.9,2,0,1,0,0,0
18359,2345,108.85,Retail,9,6,US,desktop,291.3,2,0,1,0,0,0
18461,4716,63.35,Health,11,5,US,desktop,548.7,1,0,1,0,0,0
18492,3375,134.07,Health,8,5,US,desktop,169.3,2,0,1,0,0,0
18551,1074,664.89,Grocery,16,5,US,desktop,116.6,1,0,1,0,0,0
18663,2742,195.0,Retail,16,5,US,desktop,70.5,1,0,1,0,0,0
18683,4384,327.76,Grocery,9,6,US,desktop,215.7,1,0,1,0,0,0
18780,1051,139.81,Retail,22,5,US,desktop,120.1,1,0,1,0,0,0
19026,2001,126.34,Utilities,13,5,US,desktop,347.4,0,0,1,0,0,0
19051,4720,36.11,Grocery,10,5,US,desktop,104.4,1,0,1,0,0,0
19086,2768,78.8,Retail,13,5,US,desktop,50.0,0,0,1,0,0,0
19095,4585,225.9,Grocery,11,6,US,desktop,37.9,2,0,1,0,0,0
19230,1207,428.76,Grocery,19,6,US,desktop,35.2,1,0,1,0,0,0
19315,2833,81.08,Utilities,11,6,US,desktop,89.8,0,0,1,0,0,0
19419,2726,20.91,Retail,6,6,US,desktop,37.6,0,0,1,0,0,0
19473,3573,123.54,Health,17,6,US,desktop,74.8,2,0,1,0,0,0
19477,2346,14.63,Grocery,16,6,US,desktop,348.3,1,0,1,0,0,1
19551,1750,709.91,Retail,17,5,US,desktop,106.7,2,0,1,0,0,0
19586,1140,112.75,Grocery,8,5,US,desktop,104.5,0,0,1,0,0,0
19590,1766,286.46,Retail,17,6,US,desktop,542.7,0,0,1,0,0,0
19592,3432,19.95,Retail,14,5,US,desktop,200.3,1,0,1,0,0,0
19602,1194,8.73,Utilities,18,6,US,desktop,301.7,2,0,1,0,0,0
19871,1450,19.96,Health,11,5,US,desktop,284.8,1,0,1,0,0,0
107,4121,14.99,Retail,21,4,US,desktop,107.2,2,0,0,0,1,0
448,4822,91.86,Grocery,12,0,US,desktop,53.7,1,0,0,0,1,0
590,4374,251.57,Retail,21,1,US,desktop,93.0,0,0,0,0,1,0
1182,4709,209.73,Grocery,9,1,US,desktop,42.5,2,0,0,0,1,0
1301,4038,261.6,Grocery,11,2,US,desktop,268.1,0,0,0,0,1,0
1634,4521,80.28,Grocery,21,4,US,desktop,96.8,0,0,0,0,1,0
1703,3727,489.27,Grocery,10,2,US,desktop,64.2,0,0,0,0,1,0
2007,2736,28.86,Grocery,18,2,US,desktop,109.7,1,0,0,0,1,0
2239,2904,236.36,Grocery,18,1,US,desktop,62.2,1,0,0,0,1,0
2242,3653,92.62,Utilities,9,2,US,desktop,269.7,1,0,0,0,1,0
2526,2295,101.54,Grocery,10,0,US,desktop,162.4,0,0,0,0,1,0
2742,1387,500.41,Grocery,17,4,US,desktop,31.4,1,0,0,0,1,0
2853,1456,41.2,Retail,12,2,US,desktop,244.7,2,0,0,0,1,1
2862,4722,164.04,Grocery,14,4,US,desktop,134.4,1,0,0,0,1,1
2919,4397,73.78,Retail,20,3,US,desktop,785.1,2,0,0,0,1,0
3635,4843,72.07,Utilities,8,1,US,desktop,286.1,1,0,0,0,1,0
3956,4770,88.03,Health,20,4,US,desktop,81.6,2,0,0,0,1,0
3970,3474,260.42,Grocery,19,0,US,desktop,329.9,0,0,0,0,1,0
4016,1566,66.3,Grocery,13,0,US,desktop,80.7,2,0,0,0,1,0
4475,4402,62.83,Grocery,12,0,US,desktop,331.0,2,0,0,0,1,0
4522,3793,117.25,Health,21,1,US,desktop,75.5,1,0,0,0,1,1
4657,1532,10.7,Retail,21,2,US,desktop,110.8,0,0,0,0,1,0
5073,1698,91.9,Grocery,7,1,US,desktop,33.5,1,0,0,0,1,1
5109,2303,55.43,Retail,22,3,US,desktop,151.7,0,0,0,0,1,1
5120,1123,35.2,Health,17,2,US,desktop,313.1,2,0,0,0,1,0
5359,1263,57.17,Grocery,9,0,US,desktop,60.0,0,0,0,0,1,0
5472,2840,318.31,Health,17,0,US,desktop,34.7,0,0,0,0,1,0
5599,4012,160.11,Retail,17,4,US,desktop,71.8,1,0,0,0,1,0
5955,3720,64.77,Grocery,6,4,US,desktop,372.0,1,0,0,0,1,0
6314,1280,335.22,Retail,13,2,US,desktop,236.2,2,0,0,0,1,0
6319,2863,201.55,Retail,21,3,US,desktop,339.4,1,0,0,0,1,0
6332,3762,93.18,Retail,13,0,US,desktop,72.7,2,0,0,0,1,0
6503,3047,121.43,Grocery,11,3,US,desktop,149.8,1,0,0,0,1,0
7325,2907,80.72,Grocery,6,0,US,desktop,135.2,1,0,0,0,1,0
8326,4440,185.07,Retail,18,3,US,desktop,70.7,1,0,0,0,1,0
8336,2616,87.38,Utilities,19,2,US,desktop,60.5,2,0,0,0,1,0
8889,3246,39.79,Retail,9,1,US,desktop,379.5,2,0,0,0,1,0
8952,3618,93.78,Grocery,18,2,US,desktop,94.7,1,0,0,0,1,0
9174,3023,203.72,Grocery,22,4,US,desktop,201.0,1,0,0,0,1,0
9258,1780,121.52,Utilities,11,1,US,desktop,197.9,1,0,0,0,1,0
9505,1117,269.77,Grocery,12,2,US,desktop,70.0,2,0,0,0,1,0
9565,4692,142.5,Health,16,3,US,desktop,408.1,2,0,0,0,1,0
9761,3392,102.09,Grocery,12,4,US,desktop,210.0,0,0,0,0,1,1
9963,4072,86.23,Grocery,16,1,US,desktop,136.1,1,0,0,0,1,0
10155,2899,443.28,Grocery,20,3,US,desktop,545.9,2,0,0,0,1,0
10191,1090,737.81,Health,9,2,US,desktop,509.8,1,0,0,0,1,0
10947,4145,196.17,Health,15,4,US,desktop,238.6,1,0,0,0,1,0
10967,4734,90.86,Grocery,20,3,US,desktop,169.2,1,0,0,0,1,0
11140,4516,203.21,Grocery,6,2,US,desktop,119.8,1,0,0,0,1,0
11145,3740,310.43,Retail,12,4,US,desktop,66.4,2,0,0,0,1,0
11258,1235,58.57,Utilities,11,2,US,desktop,101.6,2,0,0,0,1,0
11492,1270,273.02,Retail,12,0,US,desktop,35.4,2,0,0,0,1,0
11725,2149,31.65,Grocery,10,0,US,desktop,98.2,0,0,0,0,1,0
11804,1109,40.73,Grocery,6,0,US,desktop,385.6,0,0,0,0,1,0
12785,4941,300.08,Grocery,21,3,US,desktop,473.5,0,0,0,0,1,0
12952,1181,311.34,Grocery,14,4,US,desktop,110.5,2,0,0,0,1,0
13009,4676,101.93,Retail,7,0,US,desktop,240.4,0,0,0,0,1,0
13989,4095,86.49,Grocery,16,4,US,desktop,116.5,1,0,0,0,1,0
14054,3398,107.69,Retail,7,1,US,desktop,87.3,1,0,0,0,1,0
14938,4125,50.56,Grocery,12,3,US,desktop,361.8,1,0,0,0,1,0
14958,2698,84.24,Grocery,22,3,US,desktop,57.1,1,0,0,0,1,0
14978,1642,56.58,Grocery,17,1,US,desktop,647.5,1,0,0,0,1,0
15180,2757,58.89,Retail,11,0,US,desktop,269.4,0,0,0,0,1,0
15325,4618,20.66,Grocery,19,0,US,desktop,128.4,2,0,0,0,1,0
15669,2333,213.24,Retail,8,3,US,desktop,52.0,2,0,0,0,1,0
15774,2192,142.97,Retail,14,2,US,desktop,62.2,1,0,0,0,1,0
16198,2808,52.27,Grocery,19,1,US,desktop,164.4,1,0,0,0,1,0
16784,2739,10.02,Grocery,11,4,US,desktop,117.7,1,0,0,0,1,0
16875,2595,335.28,Retail,11,1,US,desktop,120.3,2,0,0,0,1,0
16878,4750,36.78,Grocery,12,1,US,desktop,531.7,1,0,0,0,1,0
17426,4147,216.85,Health,11,4,US,desktop,246.5,2,0,0,0,1,0
17495,4118,32.35,Grocery,14,4,US,desktop,172.0,0,0,0,0,1,0
17503,2821,59.94,Grocery,21,2,US,desktop,225.9,1,0,0,0,1,0
17558,4465,42.47,Grocery,15,0,US,desktop,72.9,0,0,0,0,1,0
17638,4103,318.19,Grocery,14,1,US,desktop,96.8,2,0,0,0,1,0
17939,4075,286.57,Grocery,21,1,US,desktop,210.6,1,0,0,0,1,0
17959,2170,24.22,Grocery,21,1,US,desktop,243.3,0,0,0,0,1,0
18238,3474,270.64,Grocery,20,1,US,desktop,287.3,1,0,0,0,1,0
18399,3956,74.73,Grocery,16,0,US,desktop,356.7,0,0,0,0,1,0
18665,4913,32.73,Retail,15,1,US,desktop,430.1,1,0,0,0,1,0
18667,1095,582.74,Grocery,22,2,US,desktop,35.3,1,0,0,0,1,0
19900,3195,58.11,Grocery,17,2,US,desktop,228.2,2,0,0,0,1,0
8,3789,28.58,Utilities,8,2,US,mobile,296.5,0,0,0,0,0,0
25,4126,15.08,Retail,17,4,US,mobile,254.9,0,0,0,0,0,0
38,4310,61.34,Grocery,20,1,US,mobile,90.4,1,0,0,0,0,0
62,3979,63.62,Grocery,13,3,US,tablet,195.8,0,0,0,0,0,0
79,3257,74.6,Grocery,21,1,US,tablet,208.1,2,0,0,0,0,0
102,1799,40.95,Retail,21,3,US,mobile,55.5,0,0,0,0,0,0
104,1029,177.64,Retail,19,1,US,tablet,75.4,0,0,0,0,0,0
114,2835,47.54,Retail,7,1,US,mobile,359.6,1,0,0,0,0,0
157,1505,192.16,Retail,11,0,US,mobile,79.7,1,0,0,0,0,0
173,4086,40.08,Utilities,13,0,US,mobile,501.2,0,0,0,0,0,0
186,2784,5.63,Retail,11,0,US,mobile,311.7,2,0,0,0,0,0
187,1664,509.55,Grocery,14,2,US,tablet,33.4,0,0,0,0,0,0
198,1472,151.82,Grocery,21,1,US,mobile,145.9,2,0,0,0,0,0
206,2063,77.62,Utilities,16,1,US,mobile,114.2,2,0,0,0,0,0
222,2823,137.69,Grocery,16,4,US,mobile,75.0,1,0,0,0,0,0
225,3886,180.62,Retail,9,4,US,mobile,121.7,0,0,0,0,0,0
230,1707,277.2,Retail,6,4,US,mobile,47.5,1,0,0,0,0,0
240,3509,16.61,Retail,10,3,US,mobile,602.3,0,0,0,0,0,1
241,1560,194.36,Grocery,18,2,US,tablet,95.0,1,0,0,0,0,0
243,1378,74.2,Utilities,12,2,US,mobile,315.4,0,0,0,0,0,0
263,2199,163.94,Grocery,12,0,US,mobile,336.7,1,0,0,0,0,1
291,4230,133.26,Retail,18,4,US,tablet,31.6,1,0,0,0,0,0
293,4815,40.43,Grocery,18,2,US,mobile,128.1,1,0,0,0,0,0
310,1434,133.33,Retail,11,2,US,mobile,449.7,1,0,0,0,0,0
311,3663,103.04,Grocery,14,2,US,tablet,35.1,1,0,0,0,0,0
346,2023,37.72,Utilities,17,1,US,tablet,136.6,1,0,0,0,0,0
414,1527,262.45,Retail,13,4,US,mobile,140.0,1,0,0,0,0,0
422,3777,61.2,Retail,22,0,US,mobile,493.4,0,0,0,0,0,0
480,1436,22.84,Utilities,15,2,US,tablet,100.4,1,0,0,0,0,0
482,4317,43.62,Grocery,13,0,US,mobile,42.1,1,0,0,0,0,0
483,2002,62.99,Health,20,0,US,tablet,122.4,1,0,0,0,0,0
499,4705,140.01,Retail,15,4,US,mobile,74.5,2,0,0,0,0,1
549,3063,97.1,Retail,19,3,US,mobile,451.7,2,0,0,0,0,0
581,1373,103.89,Retail,15,2,US,mobile,511.1,1,0,0,0,0,0
586,4699,47.77,Health,10,2,US,tablet,188.0,2,0,0,0,0,0
594,4918,38.31,Health,17,0,US,mobile,148.0,1,0,0,0,0,0
607,2292,169.53,Grocery,13,0,US,tablet,129.5,2,0,0,0,0,0
608,3056,118.46,Retail,10,2,US,tablet,114.1,1,0,0,0,0,0
624,2667,156.97,Grocery,6,1,US,mobile,71.3,0,0,0,0,0,0
628,2470,142.52,Utilities,17,3,US,tablet,333.6,1,0,0,0,0,0
635,1731,21.26,Retail,7,2,US,mobile,527.4,1,0,0,0,0,0
690,4130,253.59,Retail,13,0,US,mobile,372.7,0,0,0,0,0,0
719,1942,277.35,Retail,19,2,US,mobile,168.6,1,0,0,0,0,0
737,3922,185.77,Retail,10,4,US,mobile,35.7,2,0,0,0,0,0
741,4268,203.64,Retail,12,0,US,tablet,124.6,0,0,0,0,0,0
744,2082,148.29,Utilities,13,0,US,tablet,73.9,1,0,0,0,0,0
767,3450,375.93,Grocery,21,4,US,tablet,346.9,0,0,0,0,0,0
811,1176,100.79,Grocery,15,1,US,mobile,36.5,1,0,0,0,0,0
894,4920,234.16,Retail,16,1,US,tablet,208.1,1,0,0,0,0,0
1008,3014,55.13,Grocery,13,4,US,mobile,145.0,0,0,0,0,0,0
1025,4287,95.99,Retail,18,1,US,mobile,83.0,2,0,0,0,0,0
1053,3006,663.13,Health,20,3,US,tablet,245.3,1,0,0,0,0,0
1112,1931,56.19,Grocery,22,4,US,mobile,47.8,1,0,0,0,0,0
1114,2168,183.9,Utilities,10,0,US,tablet,522.9,1,0,0,0,0,0
1134,4051,40.43,Retail,15,4,US,tablet,521.4,1,0,0,0,0,0
1142,2353,61.95,Retail,22,0,US,mobile,200.2,2,0,0,0,0,0
1146,2930,277.61,Grocery,7,2,US,mobile,145.5,0,0,0,0,0,0
1177,2265,243.93,Grocery,21,2,US,mobile,290.0,0,0,0,0,0,0
1204,4045,252.19,Grocery,6,1,US,mobile,58.7,1,0,0,0,0,0
1221,3598,33.76,Grocery,21,1,US,mobile,87.9,2,0,0,0,0,0
1268,2490,91.59,Retail,8,2,US,mobile,156.2,1,0,0,0,0,0
1283,2573,51.3,Health,16,0,US,mobile,60.3,1,0,0,0,0,1
1292,4432,30.71,Utilities,14,3,US,mobile,42.5,0,0,0,0,0,0
1327,3717,113.34,Retail,13,1,US,tablet,170.6,0,0,0,0,0,0
1337,3552,204.78,Grocery,21,4,US,tablet,77.5,2,0,0,0,0,0
1343,1477,87.18,Retail,14,1,US,tablet,168.5,1,0,0,0,0,0
1377,4849,42.2,Grocery,14,3,US,mobile,143.8,1,0,0,0,0,0
1417,3539,81.95,Grocery,19,1,US,mobile,55.2,2,0,0,0,0,0
1421,4799,138.62,Grocery,21,4,US,mobile,225.3,1,0,0,0,0,0
1464,1203,9.29,Retail,16,0,US,mobile,88.1,2,0,0,0,0,1
1478,2576,178.18,Health,22,3,US,mobile,56.2,2,0,0,0,0,0
1487,1650,133.77,Retail,21,4,US,mobile,283.8,0,0,0,0,0,0
1507,4656,381.34,Retail,14,1,US,mobile,251.3,1,0,0,0,0,0
1516,4721,75.56,Grocery,19,0,US,mobile,225.6,2,0,0,0,0,0
1554,3476,111.81,Retail,8,2,US,mobile,179.3,0,0,0,0,0,0
1604,2268,24.19,Health,18,2,US,mobile,76.3,1,0,0,0,0,0
1608,3375,48.27,Grocery,17,4,US,mobile,426.3,0,0,0,0,0,0
1611,4105,402.52,Health,20,2,US,mobile,113.1,0,0,0,0,0,0
1621,2059,58.54,Retail,11,2,US,mobile,212.7,1,0,0,0,0,0
1651,1759,436.31,Utilities,7,4,US,mobile,295.9,0,0,0,0,0,0
1655,1625,23.22,Retail,6,1,US,mobile,32.6,1,0,0,0,0,0
1678,2677,182.45,Health,12,4,US,tablet,37.6,1,0,0,0,0,0
1686,3080,303.32,Utilities,18,4,US,tablet,1010.7,2,0,0,0,0,0
1702,1713,56.67,Retail,9,4,US,mobile,82.6,1,0,0,0,0,0
1752,4550,89.12,Utilities,21,1,US,mobile,85.9,0,0,0,0,0,0
1766,4741,36.88,Grocery,9,4,US,mobile,206.9,1,0,0,0,0,0
1780,3738,42.88,Grocery,11,3,US,tablet,35.7,1,0,0,0,0,0
1806,1180,67.77,Health,8,2,US,mobile,58.0,1,0,0,0,0,0
1846,3467,137.92,Grocery,12,1,US,mobile,541.3,0,0,0,0,0,0
1850,1661,58.48,Utilities,6,1,US,tablet,43.8,2,0,0,0,0,0
1853,2817,82.13,Retail,15,2,US,mobile,162.5,2,0,0,0,0,0
1903,3879,203.29,Grocery,10,0,US,mobile,222.1,0,0,0,0,0,0
1924,2738,277.29,Utilities,6,2,US,mobile,45.5,0,0,0,0,0,0
1930,4808,112.21,Grocery,15,2,US,tablet,142.8,2,0,0,0,0,0
1938,3217,39.22,Retail,11,0,US,mobile,410.5,1,0,0,0,0,0
1969,4356,267.2,Retail,19,4,US,mobile,73.0,1,0,0,0,0,0
1990,4695,75.31,Health,22,0,US,tablet,41.8,1,0,0,0,0,0
1994,3556,52.17,Retail,21,2,US,mobile,172.3,0,0,0,0,0,0
1998,4973,78.4,Health,15,0,US,mobile,431.2,2,0,0,0,0,0
2006,1516,38.63,Grocery,9,0,US,tablet,334.3,0,0,0,0,0,0
2026,2891,23.92,Retail,17,4,US,mobile,46.3,1,0,0,0,0,1
2050,3639,28.24,Grocery,7,4,US,mobile,66.2,2,0,0,0,0,1
2085,1525,113.71,Grocery,15,2,US,mobile,365.7,0,0,0,0,0,0
2088,3651,241.29,Grocery,14,1,US,mobile,255.0,1,0,0,0,0,0
2102,3671,142.84,Grocery,18,4,US,mobile,38.5,0,0,0,0,0,0
2112,3698,73.83,Grocery,21,0,US,mobile,377.0,0,0,0,0,0,0
2124,3440,272.41,Grocery,13,0,US,mobile,267.0,0,0,0,0,0,0
2135,2761,123.82,Grocery,21,4,US,mobile,30.1,0,0,0,0,0,1
2183,3424,153.46,Retail,21,2,US,mobile,230.8,1,0,0,0,0,0
2205,2817,268.93,Grocery,16,3,US,mobile,106.0,0,0,0,0,0,0
2218,4994,122.18,Retail,10,0,US,tablet,35.3,1,0,0,0,0,0
2301,2069,768.12,Grocery,18,0,US,mobile,53.5,2,0,0,0,0,0
2331,1260,41.43,Retail,14,3,US,mobile,318.7,2,0,0,0,0,0
2332,4443,88.62,Grocery,21,3,US,mobile,62.2,0,0,0,0,0,0
2334,4292,24.26,Retail,7,4,US,mobile,196.7,0,0,0,0,0,0
2348,4009,16.22,Retail,9,4,US,tablet,34.0,0,0,0,0,0,0
2376,4961,22.23,Retail,18,0,US,mobile,234.5,2,0,0,0,0,1
2398,2156,90.81,Retail,9,4,US,tablet,209.6,1,0,0,0,0,0
2399,2007,113.9,Retail,6,3,US,mobile,53.0,1,0,0,0,0,0
2410,1106,338.42,Retail,18,1,US,mobile,141.0,1,0,0,0,0,0
2449,4112,85.78,Grocery,9,2,US,mobile,60.3,0,0,0,0,0,0
2476,2690,71.55,Retail,11,2,US,mobile,180.2,1,0,0,0,0,0
2485,2375,127.95,Utilities,17,3,US,mobile,117.1,2,0,0,0,0,0
2498,4553,67.44,Retail,8,0,US,mobile,369.5,1,0,0,0,0,0
2501,3797,99.39,Utilities,11,0,US,tablet,283.5,1,0,0,0,0,0
2523,1839,198.5,Retail,7,4,US,tablet,67.0,1,0,0,0,0,0
2545,4221,46.05,Grocery,20,1,US,mobile,40.0,1,0,0,0,0,0
2547,4179,91.48,Utilities,12,2,US,mobile,74.9,0,0,0,0,0,0
2555,4927,172.16,Retail,9,2,US,mobile,30.4,1,0,0,0,0,0
2632,3721,310.98,Grocery,19,1,US,mobile,348.8,2,0,0,0,0,0
2663,1599,75.37,Grocery,21,3,US,mobile,349.4,1,0,0,0,0,0
2686,2927,35.4,Retail,11,0,US,tablet,143.2,2,0,0,0,0,1
2690,4928,86.37,Retail,15,4,US,mobile,154.1,1,0,0,0,0,0
2733,4725,95.34,Grocery,8,0,US,mobile,162.9,2,0,0,0,0,0
2746,2619,73.22,Grocery,19,2,US,mobile,108.0,1,0,0,0,0,0
2824,4903,375.02,Grocery,22,0,US,tablet,33.9,1,0,0,0,0,0
2826,4368,76.45,Retail,6,4,US,mobile,271.0,2,0,0,0,0,0
2857,3272,98.49,Grocery,8,0,US,mobile,204.9,1,0,0,0,0,0
2861,1774,43.38,Health,9,4,US,tablet,38.1,0,0,0,0,0,0
2888,1253,177.11,Health,8,0,US,mobile,123.3,1,0,0,0,0,0
2938,3887,711.78,Retail,13,2,US,mobile,173.3,2,0,0,0,0,0
2948,2990,36.65,Health,16,2,US,mobile,79.2,0,0,0,0,0,0
3000,3650,118.89,Utilities,16,0,US,tablet,101.7,1,0,0,0,0,0
3009,3516,90.26,Grocery,12,4,US,mobile,80.5,2,0,0,0,0,0
3016,2838,18.04,Retail,17,0,US,mobile,151.1,0,0,0,0,0,0
3017,3129,21.87,Grocery,14,3,US,mobile,100.8,2,0,0,0,0,0
3116,2991,143.02,Retail,6,1,US,mobile,53.0,1,0,0,0,0,0
3119,1094,44.09,Retail,9,4,US,mobile,122.2,0,0,0,0,0,0
3128,4634,136.08,Grocery,8,1,US,mobile,186.1,1,0,0,0,0,1
3134,1324,192.9,Retail,9,1,US,tablet,256.1,1,0,0,0,0,0
3136,1063,434.54,Health,18,0,US,mobile,832.9,0,0,0,0,0,0
3150,1434,75.87,Retail,18,2,US,tablet,61.9,0,0,0,0,0,0
3160,4491,295.91,Retail,13,3,US,mobile,98.2,1,0,0,0,0,0
3199,4916,155.5,Grocery,6,2,US,mobile,253.8,0,0,0,0,0,0
3216,2058,95.46,Grocery,10,3,US,mobile,119.4,1,0,0,0,0,0
3231,4364,155.44,Retail,11,4,US,mobile,198.2,0,0,0,0,0,0
3240,1154,183.7,Retail,13,2,US,mobile,167.5,2,0,0,0,0,0
3243,4590,121.57,Retail,18,4,US,tablet,148.1,0,0,0,0,0,1
3285,2656,67.06,Retail,10,2,US,mobile,154.4,1,0,0,0,0,0
3334,4393,72.27,Retail,19,3,US,mobile,162.1,1,0,0,0,0,0
3353,1423,136.09,Health,15,1,US,tablet,111.5,1,0,0,0,0,0
3354,3913,6.06,Grocery,16,4,US,mobile,36.8,1,0,0,0,0,0
3361,4938,88.49,Retail,11,3,US,mobile,1192.4,1,0,0,0,0,0
3416,2649,89.2,Grocery,13,0,US,mobile,287.6,1,0,0,0,0,0
3424,2531,89.21,Health,8,3,US,mobile,63.9,0,0,0,0,0,0
3438,3633,313.96,Grocery,10,1,US,mobile,36.6,0,0,0,0,0,0
3462,4780,110.62,Grocery,11,2,US,tablet,31.3,2,0,0,0,0,0
3464,1203,210.27,Grocery,6,2,US,tablet,171.7,1,0,0,0,0,0
3475,2191,91.23,Retail,10,3,US,mobile,150.9,1,0,0,0,0,0
3477,3190,282.66,Retail,19,2,US,mobile,41.0,0,0,0,0,0,0
3490,3840,331.57,Grocery,20,3,US,mobile,84.3,1,0,0,0,0,0
3498,2904,22.33,Retail,17,4,US,mobile,56.6,2,0,0,0,0,0
3504,1806,108.2,Retail,17,4,US,mobile,267.0,0,0,0,0,0,0
3565,4125,439.74,Retail,16,0,US,mobile,112.2,1,0,0,0,0,1
3603,1620,393.49,Retail,14,4,US,tablet,170.1,0,0,0,0,0,0
3624,2763,62.54,Grocery,15,4,US,mobile,138.7,1,0,0,0,0,1
3625,4330,64.43,Grocery,20,4,US,mobile,327.9,2,0,0,0,0,0
3631,2855,33.35,Retail,16,4,US,mobile,537.4,2,0,0,0,0,0
3645,4835,42.24,Grocery,22,3,US,mobile,52.4,1,0,0,0,0,1
3648,3407,31.36,Utilities,16,1,US,tablet,971.3,1,0,0,0,0,0
3668,1723,117.78,Grocery,15,4,US,mobile,275.2,1,0,0,0,0,0
3677,2465,224.77,Grocery,9,1,US,mobile,60.9,1,0,0,0,0,0
3725,1035,108.56,Health,13,4,US,mobile,251.5,1,0,0,0,0,0
3753,4842,330.13,Retail,11,0,US,mobile,57.5,0,0,0,0,0,0
3758,3189,83.1,Grocery,11,4,US,mobile,302.5,1,0,0,0,0,0
3778,4402,129.14,Grocery,19,4,US,tablet,121.0,2,0,0,0,0,0
3780,2785,49.8,Grocery,18,0,US,tablet,325.4,0,0,0,0,0,0
3785,4938,34.18,Utilities,11,4,US,tablet,310.8,1,0,0,0,0,0
3791,1448,71.02,Retail,7,2,US,mobile,96.6,1,0,0,0,0,0
3794,3623,130.33,Retail,8,3,US,mobile,116.0,1,0,0,0,0,0
3816,1287,13.4,Retail,17,3,US,mobile,355.3,0,0,0,0,0,0
3855,2928,222.14,Utilities,21,0,US,mobile,130.4,0,0,0,0,0,0
3867,3088,619.27,Grocery,12,0,US,mobile,389.2,1,0,0,0,0,0
3874,2900,75.64,Grocery,7,4,US,mobile,49.5,1,0,0,0,0,0
3937,3095,738.51,Retail,12,2,US,tablet,156.9,2,0,0,0,0,0
3939,3890,126.77,Grocery,17,4,US,mobile,225.4,1,0,0,0,0,0
3954,2855,318.08,Retail,19,1,US,mobile,75.3,0,0,0,0,0,0
3961,4787,92.75,Grocery,13,2,US,tablet,562.4,2,0,0,0,0,0
3997,1102,154.86,Grocery,12,4,US,mobile,253.7,1,0,0,0,0,0
4015,2131,44.08,Grocery,22,2,US,mobile,62.5,1,0,0,0,0,0
4019,1748,117.93,Grocery,11,1,US,mobile,316.2,0,0,0,0,0,0
4023,3169,122.85,Utilities,6,0,US,mobile,53.6,2,0,0,0,0,0
4052,2576,345.02,Retail,16,4,US,mobile,61.2,0,0,0,0,0,0
4074,4769,11.16,Utilities,10,1,US,tablet,57.6,2,0,0,0,0,0
4091,3948,251.29,Retail,18,0,US,mobile,106.6,0,0,0,0,0,0
4110,2295,169.15,Retail,7,4,US,tablet,85.0,0,0,0,0,0,0
4142,4438,154.84,Utilities,13,3,US,mobile,43.0,1,0,0,0,0,0
4160,1124,77.93,Grocery,15,2,US,mobile,38.4,1,0,0,0,0,0
4197,3213,66.27,Grocery,16,4,US,mobile,108.2,2,0,0,0,0,0
4215,3740,21.8,Retail,16,2,US,mobile,57.0,2,0,0,0,0,0
4227,2797,149.6,Grocery,16,3,US,mobile,32.0,2,0,0,0,0,0
4231,1293,99.3,Retail,15,0,US,mobile,81.5,1,0,0,0,0,1
4254,2356,121.68,Grocery,22,2,US,mobile,259.4,1,0,0,0,0,0
4263,2165,63.47,Grocery,21,2,US,mobile,159.3,2,0,0,0,0,0
4273,4733,20.68,Retail,9,0,US,mobile,151.4,1,0,0,0,0,0
4323,2850,10.47,Grocery,19,2,US,mobile,292.7,1,0,0,0,0,0
4357,4860,62.49,Retail,20,4,US,mobile,63.8,1,0,0,0,0,1
4362,4138,49.75,Grocery,11,4,US,mobile,40.9,1,0,0,0,0,0
4368,1568,35.42,Retail,17,3,US,tablet,238.2,2,0,0,0,0,0
4426,4490,177.31,Grocery,22,4,US,tablet,157.3,0,0,0,0,0,0
4443,3731,30.51,Retail,9,3,US,mobile,80.8,1,0,0,0,0,0
4455,3449,362.75,Grocery,20,3,US,tablet,171.6,1,0,0,0,0,0
4470,3994,100.19,Grocery,17,1,US,mobile,43.5,2,0,0,0,0,0
4477,4754,141.81,Grocery,17,4,US,mobile,361.2,2,0,0,0,0,0
4509,2062,118.94,Grocery,18,1,US,mobile,66.8,0,0,0,0,0,0
4519,3843,74.57,Grocery,15,1,US,mobile,472.2,1,0,0,0,0,0
4547,3363,453.98,Retail,20,2,US,mobile,92.5,0,0,0,0,0,1
4548,4369,79.33,Grocery,22,4,US,mobile,44.9,0,0,0,0,0,0
4558,4441,44.12,Retail,22,2,US,mobile,481.6,2,0,0,0,0,0
4596,1172,57.16,Grocery,7,1,US,mobile,514.1,1,0,0,0,0,0
4639,3461,179.65,Grocery,13,2,US,tablet,750.2,0,0,0,0,0,0
4647,3983,277.93,Retail,6,3,US,mobile,876.4,2,0,0,0,0,0
4684,1276,103.01,Grocery,17,0,US,mobile,108.5,1,0,0,0,0,0
4714,2955,42.79,Retail,22,0,US,mobile,67.9,1,0,0,0,0,0
4748,2003,194.44,Grocery,22,3,US,mobile,150.8,0,0,0,0,0,0
4755,1847,98.37,Retail,14,1,US,mobile,209.6,1,0,0,0,0,1
4767,3282,46.09,Grocery,14,0,US,mobile,399.5,2,0,0,0,0,0
4802,3385,361.85,Retail,13,0,US,mobile,112.0,1,0,0,0,0,0
4827,1787,40.85,Grocery,18,0,US,mobile,205.2,1,0,0,0,0,0
4837,1547,46.41,Grocery,22,3,US,mobile,183.3,0,0,0,0,0,0
4863,4567,144.61,Grocery,22,1,US,mobile,408.0,1,0,0,0,0,0
4884,1641,75.64,Retail,15,2,US,mobile,174.3,0,0,0,0,0,0
4899,4027,124.93,Grocery,9,4,US,mobile,364.7,1,0,0,0,0,0
4902,3629,36.54,Grocery,14,2,US,mobile,59.9,1,0,0,0,0,0
4936,3373,70.36,Retail,7,1,US,mobile,74.9,2,0,0,0,0,0
4940,2354,35.8,Grocery,21,0,US,tablet,188.9,0,0,0,0,0,0
4950,2472,251.93,Retail,6,3,US,mobile,94.0,1,0,0,0,0,0
5003,3509,53.36,Utilities,21,4,US,tablet,245.2,1,0,0,0,0,0
5017,1224,237.6,Retail,13,0,US,mobile,121.9,2,0,0,0,0,0
5080,3038,62.94,Grocery,13,2,US,mobile,30.3,1,0,0,0,0,0
5141,2508,233.36,Retail,11,1,US,mobile,376.1,0,0,0,0,0,0
5188,1497,257.42,Grocery,12,2,US,mobile,143.7,1,0,0,0,0,0
5192,4653,26.42,Utilities,12,3,US,mobile,364.5,1,0,0,0,0,0
5255,2381,72.53,Retail,12,0,US,mobile,502.1,2,0,0,0,0,0
5294,3917,36.32,Grocery,20,0,US,mobile,76.8,2,0,0,0,0,0
5319,4050,57.09,Retail,15,1,US,mobile,213.7,2,0,0,0,0,0
5404,3130,190.87,Grocery,20,2,US,mobile,34.2,0,0,0,0,0,1
5477,2027,11.52,Grocery,12,3,US,mobile,298.0,0,0,0,0,0,0
5480,3301,380.35,Retail,6,3,US,tablet,88.8,1,0,0,0,0,0
5510,4528,164.58,Retail,14,0,US,mobile,206.4,2,0,0,0,0,0
5516,3793,55.1,Health,6,0,US,tablet,390.2,2,0,0,0,0,0
5523,4004,61.05,Grocery,22,0,US,mobile,488.6,1,0,0,0,0,0
5577,3313,213.69,Grocery,6,3,US,tablet,137.5,2,0,0,0,0,0
5606,1245,445.48,Health,6,3,US,mobile,57.7,0,0,0,0,0,0
5626,3774,637.23,Retail,10,2,US,mobile,565.6,2,0,0,0,0,0
5697,1301,26.89,Retail,15,2,US,mobile,132.0,0,0,0,0,0,0
5700,2505,25.78,Grocery,16,2,US,mobile,244.8,1,0,0,0,0,0
5706,4260,17.48,Retail,17,2,US,mobile,55.7,2,0,0,0,0,0
5713,2854,391.11,Retail,21,0,US,mobile,53.6,0,0,0,0,0,0
5761,1499,74.95,Health,22,0,US,mobile,250.3,1,0,0,0,0,0
5766,3198,71.2,Grocery,14,1,US,mobile,364.1,2,0,0,0,0,0
5776,4765,80.17,Grocery,16,3,US,tablet,41.5,1,0,0,0,0,0
5796,1816,21.13,Grocery,19,4,US,mobile,65.2,1,0,0,0,0,0
5816,1230,61.05,Grocery,18,1,US,tablet,328.4,1,0,0,0,0,0
5856,3352,23.63,Health,10,3,US,mobile,191.2,0,0,0,0,0,0
5869,4698,56.72,Grocery,20,3,US,tablet,178.9,0,0,0,0,0,0
5873,3951,45.36,Utilities,18,4,US,mobile,293.5,2,0,0,0,0,0
5907,2874,189.78,Grocery,12,3,US,mobile,231.3,2,0,0,0,0,0
5968,3425,58.34,Grocery,18,4,US,mobile,277.4,2,0,0,0,0,1
5983,4712,46.71,Grocery,10,1,US,mobile,206.0,1,0,0,0,0,0
6007,2123,5.0,Grocery,20,3,US,mobile,144.8,1,0,0,0,0,0
6026,4048,112.05,Grocery,17,1,US,tablet,262.8,2,0,0,0,0,1
6065,2490,43.19,Retail,12,4,US,tablet,388.8,2,0,0,0,0,0
6119,3017,40.22,Grocery,22,2,US,mobile,51.0,2,0,0,0,0,0
6166,3637,75.71,Grocery,17,1,US,mobile,75.4,2,0,0,0,0,0
6183,1678,492.33,Grocery,9,3,US,tablet,117.3,1,0,0,0,0,0
6192,1189,84.94,Retail,10,2,US,mobile,333.1,0,0,0,0,0,0
6266,1393,68.13,Retail,15,2,US,mobile,702.2,0,0,0,0,0,0
6298,4433,150.57,Grocery,17,4,US,mobile,351.8,1,0,0,0,0,0
6327,1218,11.73,Grocery,18,3,US,tablet,102.3,1,0,0,0,0,0
6393,2027,113.25,Utilities,15,1,US,tablet,177.5,2,0,0,0,0,0
6404,4690,112.19,Retail,18,3,US,tablet,211.5,1,0,0,0,0,1
6416,1250,76.99,Retail,22,1,US,mobile,165.0,2,0,0,0,0,0
6424,3805,102.16,Grocery,15,1,US,mobile,604.2,1,0,0,0,0,0
6470,1657,264.3,Grocery,11,1,US,mobile,45.5,1,0,0,0,0,0
6478,2420,63.37,Retail,16,4,US,mobile,42.2,2,0,0,0,0,0
6486,4676,244.75,Retail,16,1,US,tablet,67.6,1,0,0,0,0,0
6499,2207,298.05,Retail,13,3,US,mobile,247.2,1,0,0,0,0,0
6507,4793,7.05,Retail,16,4,US,mobile,576.9,1,0,0,0,0,0
6539,2300,324.17,Grocery,10,3,US,tablet,67.0,1,0,0,0,0,0
6557,1568,59.55,Utilities,6,2,US,mobile,371.2,2,0,0,0,0,0
6558,2295,38.7,Retail,11,2,US,tablet,140.4,2,0,0,0,0,0
6560,1421,92.02,Grocery,10,0,US,mobile,83.0,0,0,0,0,0,0
6577,1152,20.73,Grocery,12,1,US,mobile,54.3,1,0,0,0,0,0
6610,3874,39.63,Grocery,11,2,US,mobile,176.2,2,0,0,0,0,0
6616,1102,174.25,Grocery,13,4,US,mobile,252.7,1,0,0,0,0,0
6618,3398,131.06,Health,12,4,US,tablet,333.3,0,0,0,0,0,0
6637,1387,482.52,Utilities,9,3,US,tablet,161.9,1,0,0,0,0,0
6641,2307,45.25,Retail,9,3,US,mobile,70.6,1,0,0,0,0,0
6664,2099,83.72,Retail,11,0,US,mobile,149.4,2,0,0,0,0,0
6702,1131,250.79,Grocery,18,2,US,mobile,372.4,2,0,0,0,0,0
6709,1800,220.63,Utilities,12,3,US,mobile,428.4,1,0,0,0,0,0
6725,2100,17.86,Grocery,20,4,US,mobile,165.8,2,0,0,0,0,0
6751,3903,319.5,Utilities,21,1,US,mobile,107.0,1,0,0,0,0,0
6753,3446,628.05,Grocery,8,3,US,tablet,32.7,0,0,0,0,0,0
6771,3248,20.77,Utilities,8,4,US,mobile,318.1,2,0,0,0,0,0
6786,4896,151.44,Grocery,9,0,US,tablet,164.1,1,0,0,0,0,0
6808,4628,136.9,Grocery,22,3,US,tablet,220.3,2,0,0,0,0,0
6824,1535,28.69,Grocery,17,3,US,mobile,836.8,2,0,0,0,0,0
6840,4401,227.29,Grocery,6,3,US,tablet,341.3,2,0,0,0,0,0
6894,3716,25.45,Grocery,20,3,US,tablet,35.1,0,0,0,0,0,0
6900,4286,33.55,Retail,9,4,US,mobile,30.3,0,0,0,0,0,0
6957,1692,398.23,Grocery,18,1,US,mobile,54.3,1,0,0,0,0,0
6981,2176,236.02,Retail,22,4,US,mobile,44.2,0,0,0,0,0,0
7001,4601,12.85,Retail,12,2,US,mobile,114.2,1,0,0,0,0,0
7002,2656,169.46,Retail,9,3,US,mobile,360.0,1,0,0,0,0,0
7013,3971,117.09,Retail,14,4,US,mobile,591.0,1,0,0,0,0,0
7020,2112,130.37,Grocery,11,1,US,mobile,439.3,0,0,0,0,0,0
7039,4239,72.08,Retail,13,3,US,tablet,130.2,0,0,0,0,0,0
7109,2121,83.13,Retail,10,3,US,mobile,773.4,1,0,0,0,0,0
7117,3045,75.69,Grocery,17,2,US,mobile,387.2,2,0,0,0,0,0
7153,1561,90.8,Retail,17,3,US,mobile,244.3,0,0,0,0,0,0
7173,4969,234.84,Grocery,9,3,US,mobile,306.6,1,0,0,0,0,0
7181,2781,40.88,Utilities,11,4,US,mobile,55.9,0,0,0,0,0,0
7186,4223,269.18,Retail,9,2,US,tablet,76.1,2,0,0,0,0,0
7204,1520,609.81,Grocery,12,1,US,mobile,421.2,0,0,0,0,0,0
7274,4288,63.0,Retail,8,1,US,mobile,387.1,2,0,0,0,0,0
7344,3443,54.06,Grocery,22,1,US,mobile,40.1,0,0,0,0,0,0
7382,1155,53.93,Retail,7,1,US,tablet,838.4,0,0,0,0,0,0
7394,2197,200.72,Grocery,20,3,US,mobile,237.6,0,0,0,0,0,1
7404,1976,14.88,Grocery,14,0,US,mobile,97.1,0,0,0,0,0,0
7431,4591,34.52,Health,11,3,US,mobile,282.4,2,0,0,0,0,0
7469,4615,51.56,Grocery,21,1,US,mobile,122.9,1,0,0,0,0,0
7473,1880,71.58,Grocery,15,2,US,tablet,369.5,1,0,0,0,0,0
7480,2764,209.47,Grocery,6,4,US,tablet,123.1,1,0,0,0,0,0
7502,1339,45.38,Retail,10,2,US,mobile,134.5,2,0,0,0,0,0
7509,3524,76.2,Grocery,8,1,US,mobile,489.1,0,0,0,0,0,0
7527,2254,34.54,Utilities,22,1,US,mobile,98.3,0,0,0,0,0,0
7557,4236,156.97,Grocery,22,4,US,mobile,344.5,0,0,0,0,0,0
7584,2299,315.61,Grocery,8,4,US,mobile,70.4,2,0,0,0,0,0
7637,1581,163.8,Retail,13,0,US,mobile,33.4,2,0,0,0,0,0
7679,2745,251.39,Retail,8,1,US,mobile,48.3,2,0,0,0,0,0
7686,3610,44.59,Utilities,6,1,US,tablet,33.2,2,0,0,0,0,0
7692,3033,35.57,Grocery,8,1,US,mobile,156.1,0,0,0,0,0,0
7716,2750,154.11,Grocery,20,0,US,mobile,59.6,1,0,0,0,0,0
7726,3703,126.52,Retail,13,1,US,tablet,192.0,2,0,0,0,0,0
7729,1882,85.69,Grocery,13,3,US,mobile,152.0,1,0,0,0,0,0
7740,2868,31.09,Grocery,6,2,US,mobile,33.7,0,0,0,0,0,0
7741,1560,191.76,Grocery,21,1,US,mobile,193.6,0,0,0,0,0,0
7760,2674,86.26,Utilities,16,2,US,mobile,92.1,1,0,0,0,0,1
7815,2835,335.31,Utilities,10,0,US,mobile,125.8,1,0,0,0,0,0
7828,2545,41.88,Grocery,6,4,US,mobile,93.6,0,0,0,0,0,0
7835,4682,248.61,Health,20,0,US,mobile,129.8,1,0,0,0,0,0
7870,2988,67.62,Retail,20,2,US,mobile,255.7,1,0,0,0,0,0
7879,4193,139.18,Grocery,18,0,US,mobile,49.8,2,0,0,0,0,0
7919,1233,329.81,Grocery,16,2,US,mobile,82.7,1,0,0,0,0,0
7940,1573,41.38,Retail,18,2,US,mobile,286.0,1,0,0,0,0,0
7977,1252,30.34,Grocery,19,2,US,mobile,155.1,1,0,0,0,0,0
7991,1969,30.25,Grocery,21,0,US,mobile,408.9,2,0,0,0,0,0
7992,1056,173.37,Health,19,1,US,mobile,47.1,1,0,0,0,0,0
8003,2070,32.96,Retail,21,0,US,mobile,79.7,0,0,0,0,0,0
8004,2428,46.47,Grocery,7,2,US,tablet,97.3,0,0,0,0,0,0
8013,1263,57.21,Grocery,18,0,US,mobile,91.0,1,0,0,0,0,0
8046,2259,31.18,Grocery,22,1,US,mobile,30.3,2,0,0,0,0,0
8065,4088,31.37,Grocery,18,2,US,mobile,174.9,0,0,0,0,0,0
8085,3781,38.92,Utilities,8,2,US,mobile,79.6,1,0,0,0,0,0
8114,2172,58.93,Retail,21,0,US,mobile,212.4,2,0,0,0,0,0
8115,2242,422.02,Utilities,11,1,US,mobile,31.9,0,0,0,0,0,0
8142,2571,28.56,Grocery,20,0,US,mobile,140.8,2,0,0,0,0,0
8168,2238,37.32,Grocery,16,0,US,mobile,42.6,0,0,0,0,0,0
8191,1801,120.88,Grocery,12,0,US,mobile,100.2,2,0,0,0,0,0
8222,2286,247.78,Retail,10,1,US,mobile,241.4,0,0,0,0,0,0
8234,3358,46.12,Utilities,12,3,US,mobile,201.7,0,0,0,0,0,0
8264,3507,30.46,Utilities,18,4,US,mobile,234.7,1,0,0,0,0,0
8271,2375,107.72,Retail,14,3,US,mobile,251.3,1,0,0,0,0,0
8274,3012,73.51,Utilities,14,3,US,mobile,158.3,0,0,0,0,0,0
8277,4034,391.42,Grocery,22,4,US,mobile,238.2,1,0,0,0,0,1
8324,2120,180.9,Grocery,22,0,US,mobile,620.6,1,0,0,0,0,0
8343,1801,87.1,Health,7,3,US,tablet,155.4,1,0,0,0,0,0
8360,4595,527.6,Grocery,8,1,US,mobile,62.4,0,0,0,0,0,0
8368,2937,37.43,Health,10,0,US,mobile,46.9,2,0,0,0,0,0
8386,3209,18.28,Grocery,10,3,US,mobile,40.4,2,0,0,0,0,0
8404,4224,22.97,Grocery,21,0,US,tablet,240.2,2,0,0,0,0,0
8405,4389,45.61,Health,19,1,US,mobile,237.6,1,0,0,0,0,0
8412,4004,52.9,Grocery,16,1,US,mobile,503.2,0,0,0,0,0,0
8414,1760,35.25,Grocery,8,0,US,mobile,58.1,0,0,0,0,0,0
8432,1742,19.23,Retail,21,2,US,mobile,89.4,1,0,0,0,0,0
8444,1056,37.12,Grocery,12,1,US,mobile,861.1,0,0,0,0,0,0
8453,3852,90.81,Utilities,17,4,US,mobile,215.3,0,0,0,0,0,0
8497,4905,217.89,Retail,17,3,US,mobile,62.1,1,0,0,0,0,0
8503,2121,122.66,Retail,22,0,US,tablet,139.8,1,0,0,0,0,0
8505,1611,81.6,Grocery,17,0,US,mobile,59.8,1,0,0,0,0,0
8537,3221,33.39,Retail,20,1,US,mobile,90.9,1,0,0,0,0,0
8543,2886,283.48,Retail,9,2,US,tablet,32.3,1,0,0,0,0,0
8548,4449,34.1,Health,20,2,US,mobile,479.5,2,0,0,0,0,0
8579,4610,105.83,Retail,17,3,US,tablet,133.5,2,0,0,0,0,0
8641,3358,70.41,Grocery,6,3,US,mobile,181.0,2,0,0,0,0,0
8653,2288,49.02,Grocery,18,4,US,mobile,184.0,1,0,0,0,0,0
8662,1407,124.11,Health,10,1,US,mobile,367.4,2,0,0,0,0,0
8690,3920,248.65,Grocery,13,0,US,tablet,268.6,0,0,0,0,0,0
8727,4567,112.97,Retail,7,3,US,mobile,49.3,1,0,0,0,0,0
8749,4761,74.04,Retail,18,0,US,mobile,534.6,1,0,0,0,0,0
8772,4661,106.73,Retail,6,0,US,mobile,117.6,1,0,0,0,0,0
8833,4820,287.96,Grocery,20,4,US,mobile,281.5,0,0,0,0,0,0
8834,3138,91.2,Grocery,13,3,US,mobile,40.2,2,0,0,0,0,0
8836,1055,189.69,Retail,9,2,US,tablet,80.7,2,0,0,0,0,0
8859,2146,314.84,Health,21,0,US,mobile,60.5,0,0,0,0,0,0
8912,2337,103.87,Grocery,19,3,US,tablet,30.3,1,0,0,0,0,0
8919,3818,148.56,Grocery,17,4,US,tablet,279.9,1,0,0,0,0,0
8922,2683,82.69,Grocery,17,2,US,mobile,131.3,1,0,0,0,0,0
8936,3634,163.09,Retail,16,1,US,mobile,86.3,2,0,0,0,0,0
8974,4103,85.71,Health,12,2,US,mobile,702.5,0,0,0,0,0,0
8982,3099,51.45,Grocery,10,2,US,mobile,320.5,1,0,0,0,0,0
8991,1064,243.63,Retail,16,2,US,mobile,397.9,2,0,0,0,0,0
9006,3472,518.13,Grocery,8,1,US,mobile,130.5,1,0,0,0,0,0
9011,2835,289.68,Utilities,11,4,US,mobile,67.7,2,0,0,0,0,0
9013,4177,98.23,Utilities,21,0,US,mobile,69.8,2,0,0,0,0,0
9015,4440,13.14,Retail,8,0,US,tablet,92.5,1,0,0,0,0,0
9018,4025,95.47,Grocery,12,2,US,mobile,968.0,1,0,0,0,0,0
9039,4921,703.6,Retail,13,4,US,mobile,205.9,0,0,0,0,0,0
9072,1360,342.26,Retail,18,2,US,mobile,84.0,1,0,0,0,0,0
9106,1006,759.04,Grocery,13,2,US,mobile,84.8,0,0,0,0,0,0
9118,1097,132.93,Retail,20,2,US,tablet,150.4,2,0,0,0,0,0
9121,3589,13.46,Retail,17,2,US,tablet,32.4,2,0,0,0,0,0
9163,3650,119.17,Health,9,4,US,mobile,38.5,0,0,0,0,0,1
9168,4925,232.01,Health,20,4,US,tablet,219.7,0,0,0,0,0,0
9188,1810,142.03,Retail,12,1,US,tablet,71.7,2,0,0,0,0,0
9195,1860,721.89,Retail,10,3,US,mobile,100.9,0,0,0,0,0,0
9208,3606,114.46,Utilities,20,0,US,mobile,224.2,0,0,0,0,0,0
9229,4239,432.59,Retail,20,4,US,tablet,40.6,0,0,0,0,0,0
9245,4012,154.55,Health,11,4,US,mobile,199.6,1,0,0,0,0,0
9266,2303,27.53,Retail,10,0,US,mobile,631.0,1,0,0,0,0,0
9267,3134,202.84,Grocery,11,2,US,mobile,360.9,2,0,0,0,0,0
9296,1860,30.38,Retail,7,4,US,mobile,64.9,1,0,0,0,0,0
9338,4499,6.81,Utilities,20,2,US,tablet,517.2,1,0,0,0,0,0
9348,2124,19.7,Retail,10,0,US,mobile,372.5,0,0,0,0,0,0
9370,4987,69.25,Health,20,1,US,tablet,65.8,2,0,0,0,0,0
9375,2122,367.59,Retail,15,4,US,tablet,32.0,0,0,0,0,0,0
9406,2369,43.57,Grocery,14,2,US,mobile,315.6,1,0,0,0,0,0
9451,4069,52.67,Retail,16,1,US,mobile,32.2,0,0,0,0,0,0
9469,4538,78.06,Retail,9,1,US,mobile,143.0,2,0,0,0,0,0
9471,2520,341.27,Grocery,11,2,US,mobile,234.2,0,0,0,0,0,0
9498,4475,88.11,Health,15,0,US,mobile,385.5,2,0,0,0,0,0
9527,4315,104.86,Retail,22,2,US,mobile,34.2,1,0,0,0,0,0
9530,2753,69.6,Retail,7,4,US,mobile,285.1,1,0,0,0,0,0
9547,1067,403.11,Grocery,17,1,US,tablet,45.2,1,0,0,0,0,0
9554,2722,357.43,Health,6,0,US,mobile,299.4,2,0,0,0,0,0
9562,2234,534.18,Grocery,11,3,US,tablet,76.3,1,0,0,0,0,0
9577,2401,21.76,Retail,19,0,US,mobile,172.5,1,0,0,0,0,0
9627,2550,20.74,Retail,10,0,US,mobile,393.3,2,0,0,0,0,0
9652,2608,160.43,Grocery,10,3,US,mobile,46.2,2,0,0,0,0,0
9673,4542,51.7,Retail,12,0,US,mobile,476.8,1,0,0,0,0,0
9680,1624,69.45,Retail,21,0,US,mobile,143.9,2,0,0,0,0,0
9689,2090,84.49,Grocery,22,1,US,mobile,196.8,1,0,0,0,0,0
9704,3925,254.97,Retail,6,0,US,mobile,94.4,0,0,0,0,0,0
9719,3206,346.08,Retail,12,4,US,tablet,91.8,1,0,0,0,0,0
9787,3092,89.27,Grocery,20,1,US,mobile,97.5,2,0,0,0,0,0
9798,4555,497.99,Health,21,0,US,mobile,51.1,1,0,0,0,0,0
9820,1866,172.82,Retail,22,2,US,mobile,359.4,0,0,0,0,0,0
9843,3632,353.3,Grocery,15,2,US,tablet,154.5,0,0,0,0,0,0
9845,3913,83.66,Grocery,6,4,US,tablet,126.8,1,0,0,0,0,0
9952,2647,322.14,Grocery,13,4,US,mobile,87.5,1,0,0,0,0,0
9956,1833,26.26,Grocery,22,1,US,tablet,91.2,1,0,0,0,0,1
9958,4247,72.47,Retail,11,3,US,tablet,110.9,1,0,0,0,0,0
10017,4363,28.98,Retail,14,4,US,mobile,157.0,0,0,0,0,0,0
10018,3807,293.08,Grocery,6,2,US,mobile,71.4,2,0,0,0,0,0
10027,4870,42.77,Grocery,21,4,US,mobile,421.2,1,0,0,0,0,0
10028,3904,43.93,Retail,18,1,US,mobile,93.3,1,0,0,0,0,0
10035,4138,593.9,Grocery,22,1,US,mobile,335.7,0,0,0,0,0,0
10056,2288,10.53,Grocery,17,1,US,mobile,341.7,0,0,0,0,0,0
10084,1602,136.63,Retail,8,4,US,mobile,132.4,2,0,0,0,0,0
10101,4226,67.77,Retail,6,4,US,mobile,561.5,2,0,0,0,0,0
10194,3757,37.74,Health,8,1,US,mobile,301.4,2,0,0,0,0,0
10216,2152,219.98,Grocery,8,2,US,tablet,590.4,0,0,0,0,0,0
10237,4795,253.86,Grocery,7,1,US,mobile,74.9,1,0,0,0,0,0
10258,4666,279.24,Retail,15,1,US,mobile,423.3,0,0,0,0,0,0
10267,2324,84.17,Grocery,9,1,US,mobile,116.8,1,0,0,0,0,0
10273,3100,331.83,Grocery,14,4,US,mobile,398.3,0,0,0,0,0,0
10282,3485,94.04,Retail,6,3,US,mobile,169.1,2,0,0,0,0,0
10293,1311,31.19,Grocery,14,2,US,tablet,35.7,1,0,0,0,0,1
10304,1351,32.79,Grocery,13,0,US,mobile,120.9,1,0,0,0,0,0
10305,4929,103.89,Grocery,15,0,US,mobile,97.1,1,0,0,0,0,1
10336,3985,40.63,Grocery,14,0,US,tablet,123.9,1,0,0,0,0,0
10368,3695,181.93,Retail,10,4,US,mobile,237.6,1,0,0,0,0,0
10409,2482,354.33,Grocery,17,3,US,mobile,193.3,1,0,0,0,0,0
10435,3435,215.65,Retail,8,2,US,tablet,92.8,2,0,0,0,0,0
10460,1943,142.55,Grocery,6,0,US,tablet,311.4,1,0,0,0,0,0
10503,3620,35.68,Grocery,10,1,US,mobile,165.6,1,0,0,0,0,0
10537,1512,14.71,Grocery,21,0,US,tablet,272.1,1,0,0,0,0,0
10613,1150,57.63,Health,7,4,US,mobile,104.9,1,0,0,0,0,0
10656,4684,65.0,Retail,13,1,US,tablet,165.4,1,0,0,0,0,0
10683,3788,14.24,Grocery,20,4,US,tablet,161.4,0,0,0,0,0,0
10695,4005,542.31,Health,19,1,US,mobile,125.2,1,0,0,0,0,0
10725,4392,8.07,Grocery,17,4,US,mobile,112.9,0,0,0,0,0,0
10742,1581,45.73,Grocery,19,3,US,mobile,36.2,1,0,0,0,0,0
10769,2087,143.53,Grocery,13,3,US,mobile,131.6,2,0,0,0,0,1
10776,1763,99.48,Retail,13,1,US,mobile,43.0,0,0,0,0,0,0
10782,3247,41.92,Retail,8,2,US,mobile,92.6,1,0,0,0,0,0
10786,4913,38.15,Retail,8,4,US,mobile,170.1,2,0,0,0,0,0
10803,2034,117.83,Retail,9,1,US,mobile,202.5,2,0,0,0,0,0
10840,2413,19.89,Grocery,13,4,US,mobile,86.9,0,0,0,0,0,0
10880,1622,76.6,Grocery,10,1,US,mobile,30.9,0,0,0,0,0,0
10899,3655,175.0,Retail,17,1,US,mobile,149.8,1,0,0,0,0,0
10907,4578,42.06,Retail,19,0,US,mobile,284.8,2,0,0,0,0,0
10935,2853,231.27,Retail,15,3,US,tablet,243.4,2,0,0,0,0,0
10936,1565,84.84,Grocery,14,4,US,tablet,97.6,1,0,0,0,0,0
10949,4650,51.76,Retail,8,3,US,mobile,811.1,0,0,0,0,0,1
10956,2803,28.22,Utilities,16,0,US,mobile,40.3,1,0,0,0,0,0
10977,3504,176.98,Retail,9,2,US,mobile,330.8,0,0,0,0,0,1
10981,3003,8.64,Utilities,7,3,US,mobile,88.1,2,0,0,0,0,0
10995,2244,32.02,Utilities,17,4,US,mobile,146.2,1,0,0,0,0,0
11038,1582,304.79,Grocery,13,0,US,mobile,155.7,1,0,0,0,0,0
11061,3919,155.08,Retail,10,3,US,mobile,121.2,0,0,0,0,0,0
11070,4358,188.27,Grocery,6,0,US,mobile,205.3,1,0,0,0,0,0
11091,3311,146.37,Retail,16,2,US,mobile,203.8,2,0,0,0,0,0
11116,2331,207.12,Utilities,18,1,US,tablet,95.8,2,0,0,0,0,0
11126,1404,61.32,Utilities,12,4,US,mobile,372.3,2,0,0,0,0,0
11163,3176,63.0,Retail,20,2,US,mobile,57.8,0,0,0,0,0,0
11176,2178,420.37,Retail,20,4,US,mobile,182.2,0,0,0,0,0,0
11184,4164,44.68,Retail,15,2,US,tablet,114.5,0,0,0,0,0,0
11220,3836,133.01,Grocery,15,4,US,tablet,299.6,2,0,0,0,0,0
11226,2147,95.88,Utilities,6,0,US,mobile,155.4,2,0,0,0,0,1
11230,3508,66.22,Retail,15,4,US,mobile,69.4,0,0,0,0,0,0
11275,1431,126.23,Grocery,14,0,US,mobile,318.2,0,0,0,0,0,0
11280,3250,499.47,Retail,11,2,US,tablet,116.1,1,0,0,0,0,0
11283,1498,45.97,Grocery,22,3,US,tablet,173.5,2,0,0,0,0,1
11295,4296,418.11,Grocery,20,1,US,tablet,170.7,1,0,0,0,0,0
11312,1811,218.25,Grocery,22,4,US,mobile,92.5,0,0,0,0,0,0
11326,3113,12.1,Retail,19,1,US,mobile,657.0,2,0,0,0,0,0
11333,4793,75.38,Retail,22,2,US,mobile,271.5,1,0,0,0,0,0
11363,3095,209.12,Grocery,6,2,US,mobile,61.6,0,0,0,0,0,0
11372,1060,128.53,Utilities,15,4,US,tablet,60.6,1,0,0,0,0,0
11388,4422,102.33,Retail,18,0,US,tablet,370.5,2,0,0,0,0,0
11501,1923,64.01,Health,20,0,US,tablet,108.6,1,0,0,0,0,0
11506,4038,12.12,Retail,22,1,US,mobile,56.3,1,0,0,0,0,0
11509,1780,147.87,Grocery,15,2,US,tablet,345.1,1,0,0,0,0,0
11511,2299,10.23,Utilities,12,3,US,mobile,99.6,0,0,0,0,0,0
11522,1320,542.21,Retail,6,2,US,mobile,74.5,0,0,0,0,0,0
11543,1630,486.11,Retail,16,3,US,tablet,100.6,0,0,0,0,0,0
11548,3108,110.26,Retail,16,4,US,mobile,123.4,0,0,0,0,0,0
11588,1456,180.58,Grocery,12,2,US,mobile,170.9,2,0,0,0,0,0
11618,1250,165.36,Retail,6,2,US,mobile,398.1,0,0,0,0,0,0
11628,3866,81.06,Grocery,21,3,US,mobile,39.1,2,0,0,0,0,0
11650,2464,170.46,Health,22,1,US,mobile,78.0,1,0,0,0,0,0
11679,1302,53.87,Grocery,15,3,US,tablet,52.4,1,0,0,0,0,0
11710,1173,426.99,Grocery,19,0,US,tablet,626.4,2,0,0,0,0,0
11717,2784,63.21,Grocery,7,0,US,tablet,82.4,1,0,0,0,0,0
11722,3406,515.27,Utilities,17,1,US,mobile,130.5,1,0,0,0,0,0
11744,2157,108.66,Grocery,21,1,US,tablet,90.9,2,0,0,0,0,0
11779,4843,16.72,Retail,6,2,US,mobile,881.9,0,0,0,0,0,0
11805,3811,413.23,Retail,18,1,US,tablet,216.2,2,0,0,0,0,0
11810,2859,49.88,Retail,14,0,US,mobile,220.0,2,0,0,0,0,0
11836,4108,24.02,Grocery,14,1,US,mobile,433.8,1,0,0,0,0,0
11851,2908,95.82,Health,19,3,US,tablet,133.1,0,0,0,0,0,0
11861,1456,125.14,Grocery,17,3,US,tablet,278.9,2,0,0,0,0,0
11895,3152,19.38,Grocery,7,2,US,tablet,32.7,0,0,0,0,0,0
11896,3669,134.04,Grocery,17,1,US,mobile,51.7,1,0,0,0,0,0
11905,3027,104.88,Grocery,14,2,US,tablet,473.6,2,0,0,0,0,0
11907,4329,90.58,Retail,15,3,US,mobile,330.9,2,0,0,0,0,0
11911,1843,39.78,Retail,15,3,US,mobile,120.0,0,0,0,0,0,0
11916,1301,98.57,Grocery,11,4,US,mobile,174.0,1,0,0,0,0,0
11946,3141,34.09,Grocery,11,0,US,mobile,66.3,0,0,0,0,0,0
11966,4309,33.42,Utilities,6,0,US,tablet,571.0,0,0,0,0,0,0
11970,3668,116.19,Grocery,17,0,US,mobile,179.1,2,0,0,0,0,0
11995,4745,266.69,Retail,17,3,US,mobile,295.3,0,0,0,0,0,0
12002,2821,512.12,Grocery,12,0,US,mobile,143.3,1,0,0,0,0,0
12010,1243,37.03,Grocery,17,2,US,mobile,37.1,1,0,0,0,0,0
12012,2994,51.79,Grocery,21,4,US,mobile,210.2,1,0,0,0,0,0
12029,3162,81.31,Grocery,9,4,US,mobile,580.4,1,0,0,0,0,0
12063,1193,174.31,Retail,22,0,US,tablet,226.5,0,0,0,0,0,0
12075,1692,85.63,Utilities,14,1,US,tablet,76.5,0,0,0,0,0,0
12094,2571,121.42,Grocery,9,4,US,tablet,171.3,0,0,0,0,0,0
12117,1947,17.48,Grocery,10,2,US,mobile,42.9,2,0,0,0,0,0
12128,2605,87.82,Retail,10,4,US,mobile,591.1,2,0,0,0,0,0
12154,3503,87.64,Retail,20,4,US,tablet,385.0,2,0,0,0,0,1
12220,3401,98.34,Utilities,22,0,US,mobile,48.9,1,0,0,0,0,0
12245,1529,61.5,Grocery,8,0,US,mobile,73.4,2,0,0,0,0,0
12262,2149,35.99,Retail,13,0,US,mobile,201.0,2,0,0,0,0,0
12265,2244,25.84,Health,16,2,US,tablet,107.4,1,0,0,0,0,0
12290,3448,28.96,Retail,11,0,US,tablet,323.0,2,0,0,0,0,0
12304,3883,86.81,Utilities,21,3,US,tablet,245.6,2,0,0,0,0,0
12307,4738,55.57,Grocery,9,2,US,tablet,120.9,1,0,0,0,0,0
12347,4139,79.26,Grocery,9,0,US,mobile,252.6,1,0,0,0,0,0
12370,1793,29.83,Health,6,2,US,mobile,415.6,0,0,0,0,0,0
12389,4078,225.79,Grocery,12,2,US,mobile,72.3,0,0,0,0,0,0
12401,1206,85.25,Health,10,1,US,mobile,693.5,2,0,0,0,0,0
12464,2959,176.04,Grocery,15,2,US,tablet,189.8,1,0,0,0,0,0
12468,1902,80.99,Health,6,4,US,mobile,170.8,2,0,0,0,0,0
12479,2984,114.41,Retail,7,4,US,tablet,101.0,2,0,0,0,0,0
12489,1571,72.45,Grocery,13,4,US,mobile,438.3,0,0,0,0,0,0
12498,3465,429.56,Grocery,22,4,US,mobile,644.7,0,0,0,0,0,0
12499,1954,17.19,Grocery,12,2,US,mobile,38.8,0,0,0,0,0,0
12506,2717,62.87,Grocery,7,0,US,mobile,61.3,1,0,0,0,0,0
12508,2428,46.18,Retail,20,3,US,mobile,48.7,0,0,0,0,0,0
12509,2180,80.96,Grocery,14,3,US,tablet,745.7,2,0,0,0,0,0
12528,3817,136.47,Retail,20,3,US,mobile,118.4,2,0,0,0,0,0
12590,1526,25.06,Grocery,16,3,US,mobile,808.2,2,0,0,0,0,0
12602,1817,96.91,Grocery,20,1,US,mobile,265.2,2,0,0,0,0,0
12627,4547,47.4,Grocery,20,2,US,mobile,43.9,2,0,0,0,0,0
12645,3946,400.14,Retail,13,4,US,mobile,130.7,1,0,0,0,0,0
12665,2072,120.71,Health,7,0,US,tablet,39.0,2,0,0,0,0,0
12678,1603,96.86,Retail,16,4,US,mobile,319.0,0,0,0,0,0,0
12707,2569,377.33,Grocery,18,1,US,mobile,48.9,2,0,0,0,0,0
12751,3570,99.48,Grocery,15,3,US,mobile,89.7,2,0,0,0,0,0
12766,3634,146.54,Utilities,17,4,US,mobile,67.9,2,0,0,0,0,0
12788,1533,32.75,Grocery,21,0,US,mobile,262.4,2,0,0,0,0,0
12858,2866,110.14,Grocery,14,4,US,mobile,456.0,2,0,0,0,0,0
12867,3373,205.11,Grocery,15,1,US,tablet,110.9,1,0,0,0,0,0
12881,3990,223.56,Grocery,10,3,US,mobile,158.7,1,0,0,0,0,0
12891,1073,47.13,Health,11,4,US,mobile,164.3,0,0,0,0,0,0
12893,1998,16.13,Utilities,11,0,US,mobile,337.8,0,0,0,0,0,0
12898,3734,188.84,Grocery,6,3,US,mobile,192.8,1,0,0,0,0,0
12926,3860,14.74,Grocery,18,3,US,mobile,205.9,0,0,0,0,0,0
12929,1169,178.55,Grocery,17,2,US,mobile,297.4,2,0,0,0,0,0
12940,4464,24.27,Grocery,12,0,US,mobile,275.0,0,0,0,0,0,0
12987,3321,293.84,Retail,21,0,US,tablet,169.6,2,0,0,0,0,0
13052,4997,151.3,Grocery,16,0,US,mobile,45.7,2,0,0,0,0,0
13068,1202,30.88,Health,20,1,US,tablet,164.1,0,0,0,0,0,0
13128,4777,57.62,Retail,8,4,US,mobile,415.4,0,0,0,0,0,0
13130,2752,159.82,Grocery,7,3,US,mobile,171.1,0,0,0,0,0,0
13172,2029,167.09,Retail,8,0,US,mobile,52.1,0,0,0,0,0,0
13203,4384,322.39,Grocery,19,0,US,tablet,636.2,2,0,0,0,0,0
13212,1422,150.81,Retail,19,2,US,mobile,208.6,0,0,0,0,0,0
13217,3181,89.85,Grocery,19,4,US,mobile,153.7,0,0,0,0,0,0
13221,2996,153.81,Grocery,20,2,US,mobile,115.4,2,0,0,0,0,0
13248,2711,214.66,Grocery,19,2,US,mobile,142.5,1,0,0,0,0,0
13274,1488,185.3,Utilities,19,3,US,mobile,63.6,2,0,0,0,0,1
13281,3605,130.58,Retail,10,0,US,mobile,311.5,1,0,0,0,0,0
13309,2164,101.27,Retail,18,2,US,mobile,91.8,1,0,0,0,0,0
13337,1303,591.93,Retail,22,4,US,mobile,61.0,2,0,0,0,0,0
13340,4379,130.26,Retail,13,4,US,mobile,113.9,2,0,0,0,0,0
13358,1144,88.1,Retail,14,1,US,mobile,100.8,0,0,0,0,0,0
13360,2829,65.89,Grocery,6,3,US,mobile,284.9,0,0,0,0,0,0
13365,2972,150.01,Retail,18,2,US,mobile,58.5,0,0,0,0,0,0
13371,2275,276.15,Grocery,8,0,US,mobile,321.7,2,0,0,0,0,0
13422,1618,250.26,Utilities,16,2,US,mobile,37.7,1,0,0,0,0,0
13482,3394,94.72,Retail,22,4,US,mobile,63.2,1,0,0,0,0,0
13484,2448,20.81,Grocery,15,3,US,mobile,289.4,2,0,0,0,0,0
13486,1242,183.65,Grocery,12,0,US,tablet,307.7,2,0,0,0,0,0
13492,1393,68.51,Retail,19,0,US,mobile,139.4,1,0,0,0,0,0
13509,2921,231.76,Utilities,15,3,US,mobile,140.6,2,0,0,0,0,0
13533,1096,24.15,Retail,14,0,US,tablet,342.9,1,0,0,0,0,0
13539,2071,26.31,Retail,7,1,US,tablet,386.1,1,0,0,0,0,0
13557,1807,359.18,Grocery,16,1,US,tablet,89.9,2,0,0,0,0,0
13577,3855,53.89,Grocery,15,4,US,mobile,521.2,1,0,0,0,0,0
13653,3941,103.32,Retail,10,2,US,mobile,101.3,1,0,0,0,0,0
13669,2080,222.16,Grocery,12,4,US,mobile,133.6,2,0,0,0,0,0
13706,3836,60.53,Retail,9,3,US,mobile,392.0,1,0,0,0,0,0
13710,1558,170.65,Retail,14,2,US,mobile,92.8,0,0,0,0,0,0
13721,2328,85.55,Grocery,22,1,US,mobile,33.9,2,0,0,0,0,0
13723,4324,223.07,Retail,8,1,US,tablet,105.1,1,0,0,0,0,0
13742,3723,139.65,Grocery,15,0,US,mobile,69.5,0,0,0,0,0,0
13757,3896,39.31,Retail,16,0,US,mobile,60.5,0,0,0,0,0,0
13811,3590,90.68,Retail,19,2,US,mobile,528.0,2,0,0,0,0,0
13812,4268,511.99,Retail,13,3,US,mobile,117.2,1,0,0,0,0,0
13819,3644,769.35,Retail,15,1,US,mobile,114.9,1,0,0,0,0,1
13821,2745,9.66,Grocery,21,1,US,mobile,247.9,0,0,0,0,0,0
13831,4247,65.09,Retail,8,4,US,mobile,166.1,1,0,0,0,0,0
13848,3034,132.87,Health,21,0,US,tablet,247.1,1,0,0,0,0,0
13883,4755,7.65,Grocery,10,2,US,mobile,55.7,0,0,0,0,0,0
13885,3030,126.92,Grocery,15,2,US,mobile,40.6,0,0,0,0,0,0
13903,3840,65.06,Grocery,12,0,US,tablet,534.4,0,0,0,0,0,0
13928,2583,14.49,Grocery,16,4,US,mobile,173.3,0,0,0,0,0,0
13946,1995,330.06,Retail,17,3,US,tablet,171.6,1,0,0,0,0,1
13947,4377,15.53,Retail,21,2,US,mobile,66.9,1,0,0,0,0,0
13956,1787,234.12,Grocery,13,4,US,mobile,347.1,1,0,0,0,0,0
13977,1315,116.49,Utilities,19,3,US,mobile,235.5,1,0,0,0,0,0
13990,4187,59.32,Grocery,9,1,US,mobile,52.3,1,0,0,0,0,0
14000,3968,480.43,Retail,7,1,US,mobile,66.6,2,0,0,0,0,0
14066,1839,279.58,Retail,16,2,US,mobile,41.9,2,0,0,0,0,0
14077,2045,79.34,Grocery,9,3,US,mobile,131.5,1,0,0,0,0,0
14124,1049,111.47,Grocery,17,3,US,mobile,153.2,2,0,0,0,0,0
14159,2137,16.9,Grocery,19,3,US,tablet,33.6,1,0,0,0,0,0
14186,4347,465.49,Retail,7,1,US,tablet,45.9,1,0,0,0,0,0
14232,4585,59.0,Grocery,12,3,US,mobile,426.9,1,0,0,0,0,0
14233,3344,237.35,Retail,19,3,US,mobile,487.8,1,0,0,0,0,0
14242,2596,442.99,Retail,20,3,US,mobile,43.8,0,0,0,0,0,0
14266,1521,15.16,Health,17,1,US,mobile,445.9,0,0,0,0,0,0
14304,3938,43.26,Grocery,6,3,US,mobile,59.1,2,0,0,0,0,0
14318,1772,42.33,Grocery,15,1,US,mobile,73.8,2,0,0,0,0,0
14385,3766,411.13,Retail,8,0,US,mobile,50.1,2,0,0,0,0,0
14432,1273,66.8,Health,8,2,US,mobile,265.9,0,0,0,0,0,0
14440,1782,54.84,Health,19,0,US,mobile,231.1,1,0,0,0,0,0
14447,4173,161.54,Grocery,7,4,US,tablet,591.8,1,0,0,0,0,0
14448,1542,5.82,Grocery,16,3,US,mobile,151.2,1,0,0,0,0,0
14466,1787,310.72,Health,15,3,US,tablet,173.1,2,0,0,0,0,0
14475,3115,13.72,Grocery,16,1,US,tablet,142.5,1,0,0,0,0,0
14478,2928,130.63,Grocery,9,1,US,mobile,193.1,2,0,0,0,0,0
14511,3445,52.58,Grocery,17,3,US,mobile,81.5,1,0,0,0,0,0
14531,1614,68.68,Grocery,19,0,US,tablet,37.7,0,0,0,0,0,0
14625,1493,101.89,Retail,15,1,US,mobile,187.5,1,0,0,0,0,0
14641,1814,81.25,Retail,7,2,US,mobile,84.7,2,0,0,0,0,0
14666,2444,153.54,Grocery,14,3,US,mobile,892.2,2,0,0,0,0,0
14676,2953,42.14,Retail,15,4,US,mobile,139.3,2,0,0,0,0,0
14680,4607,28.96,Retail,21,2,US,mobile,217.3,1,0,0,0,0,0
14743,1175,80.7,Grocery,12,0,US,tablet,307.7,1,0,0,0,0,0
14744,4361,250.43,Grocery,17,4,US,tablet,304.8,1,0,0,0,0,0
14752,1583,109.73,Grocery,21,2,US,tablet,332.0,2,0,0,0,0,0
14757,2707,83.87,Grocery,20,0,US,tablet,199.9,0,0,0,0,0,0
14791,4825,158.18,Retail,14,0,US,mobile,204.5,1,0,0,0,0,0
14794,2559,693.97,Grocery,17,4,US,mobile,50.3,1,0,0,0,0,0
14795,3597,79.73,Health,8,0,US,mobile,38.3,1,0,0,0,0,0
14800,4077,102.6,Grocery,18,0,US,tablet,70.9,2,0,0,0,0,0
14802,3149,130.69,Grocery,12,0,US,mobile,96.9,1,0,0,0,0,0
14812,1054,173.25,Grocery,18,3,US,mobile,1030.8,1,0,0,0,0,0
14862,4330,464.14,Grocery,11,3,US,mobile,39.5,1,0,0,0,0,0
14881,2552,578.17,Retail,13,1,US,mobile,645.3,1,0,0,0,0,0
14914,3924,109.39,Retail,16,0,US,mobile,162.6,1,0,0,0,0,0
14920,3612,176.73,Retail,11,2,US,mobile,116.8,1,0,0,0,0,0
14925,3962,396.11,Utilities,11,0,US,tablet,361.8,1,0,0,0,0,0
14935,1038,34.17,Retail,7,1,US,mobile,34.5,1,0,0,0,0,0
14937,4736,513.29,Health,17,3,US,mobile,106.8,2,0,0,0,0,0
14947,4262,64.13,Utilities,17,0,US,mobile,38.3,0,0,0,0,0,0
14962,3011,105.4,Retail,22,0,US,mobile,45.4,1,0,0,0,0,0
14968,4075,30.66,Retail,6,1,US,mobile,31.7,1,0,0,0,0,0
14989,1065,138.31,Grocery,8,2,US,tablet,292.0,2,0,0,0,0,0
14991,3686,267.25,Grocery,9,2,US,mobile,264.1,1,0,0,0,0,0
15000,1096,141.56,Grocery,10,0,US,mobile,137.2,1,0,0,0,0,0
15002,3006,39.2,Retail,12,0,US,mobile,265.7,0,0,0,0,0,0
15024,3180,44.27,Health,12,3,US,tablet,661.7,1,0,0,0,0,1
15036,3689,117.04,Retail,21,2,US,mobile,38.7,2,0,0,0,0,0
15076,4290,158.28,Retail,10,1,US,tablet,97.7,2,0,0,0,0,0
15086,3593,224.81,Grocery,17,4,US,mobile,91.5,2,0,0,0,0,0
15163,3733,376.49,Grocery,11,2,US,mobile,349.4,0,0,0,0,0,0
15209,2734,355.08,Grocery,9,4,US,mobile,236.9,1,0,0,0,0,0
15241,3193,297.95,Retail,10,4,US,tablet,75.4,2,0,0,0,0,0
15243,2293,68.8,Grocery,9,1,US,mobile,92.8,1,0,0,0,0,0
15252,1220,29.08,Grocery,13,3,US,mobile,100.5,1,0,0,0,0,0
15260,4353,110.95,Grocery,8,2,US,tablet,236.2,2,0,0,0,0,0
15284,4659,41.46,Grocery,11,3,US,mobile,151.0,0,0,0,0,0,0
15316,4105,86.68,Grocery,19,1,US,tablet,264.4,1,0,0,0,0,0
15319,2748,43.76,Retail,21,3,US,tablet,215.2,0,0,0,0,0,0
15327,3781,293.99,Grocery,12,0,US,mobile,47.1,0,0,0,0,0,0
15369,4169,104.68,Health,19,1,US,mobile,73.7,1,0,0,0,0,0
15383,1332,133.07,Retail,10,1,US,mobile,113.0,2,0,0,0,0,0
15421,1031,16.8,Health,6,0,US,mobile,260.7,1,0,0,0,0,0
15431,4042,375.99,Grocery,9,1,US,mobile,60.9,1,0,0,0,0,0
15441,2702,49.14,Retail,15,1,US,mobile,50.5,2,0,0,0,0,0
15445,2026,39.42,Utilities,19,3,US,mobile,742.0,0,0,0,0,0,0
15519,2817,805.29,Grocery,13,3,US,mobile,396.5,2,0,0,0,0,0
15528,2124,10.03,Retail,7,4,US,mobile,139.2,2,0,0,0,0,0
15551,4516,19.78,Health,15,4,US,tablet,38.5,1,0,0,0,0,0
15552,2710,607.37,Utilities,9,1,US,mobile,85.8,1,0,0,0,0,0
15565,2665,59.35,Utilities,10,4,US,mobile,101.1,1,0,0,0,0,0
15568,1891,201.21,Retail,19,1,US,mobile,501.5,2,0,0,0,0,0
15621,4163,33.41,Grocery,19,2,US,mobile,316.6,2,0,0,0,0,0
15627,3419,43.09,Grocery,12,0,US,mobile,105.7,2,0,0,0,0,0
15672,2350,163.29,Retail,20,1,US,mobile,49.7,2,0,0,0,0,0
15684,2075,120.11,Health,22,4,US,tablet,285.6,0,0,0,0,0,0
15695,4678,45.82,Utilities,14,2,US,mobile,61.9,2,0,0,0,0,0
15704,4359,63.38,Retail,20,4,US,mobile,52.6,1,0,0,0,0,0
15725,3799,166.93,Grocery,21,4,US,mobile,121.4,2,0,0,0,0,0
15727,4588,63.0,Health,8,3,US,mobile,354.3,0,0,0,0,0,0
15771,3624,177.23,Retail,13,1,US,tablet,112.4,0,0,0,0,0,0
15790,2533,89.35,Utilities,11,3,US,mobile,73.6,1,0,0,0,0,1
15791,4138,272.41,Retail,11,2,US,tablet,116.9,1,0,0,0,0,0
15803,3810,100.13,Retail,16,2,US,mobile,98.5,0,0,0,0,0,0
15811,2416,44.08,Retail,9,0,US,mobile,144.2,2,0,0,0,0,0
15822,4939,470.67,Grocery,8,3,US,mobile,189.0,0,0,0,0,0,0
15847,4769,44.02,Grocery,10,2,US,mobile,36.8,0,0,0,0,0,0
15849,1309,104.94,Retail,11,0,US,tablet,321.4,1,0,0,0,0,0
15869,2031,219.29,Health,20,4,US,mobile,64.7,0,0,0,0,0,0
15894,4730,88.56,Retail,18,1,US,mobile,88.6,2,0,0,0,0,0
15989,3095,43.03,Retail,22,1,US,mobile,147.8,2,0,0,0,0,0
16006,2112,302.74,Health,9,2,US,tablet,154.0,1,0,0,0,0,0
16014,3181,13.19,Retail,9,4,US,mobile,146.4,0,0,0,0,0,0
16056,3918,45.56,Retail,9,4,US,tablet,239.0,1,0,0,0,0,0
16064,2459,13.08,Grocery,22,2,US,mobile,216.2,1,0,0,0,0,0
16072,4464,99.61,Grocery,13,1,US,mobile,315.1,1,0,0,0,0,0
16076,2968,88.04,Grocery,12,4,US,mobile,186.2,0,0,0,0,0,0
16106,4635,171.27,Utilities,12,3,US,mobile,351.1,0,0,0,0,0,0
16125,1740,283.17,Grocery,22,3,US,mobile,43.7,2,0,0,0,0,0
16160,4956,425.13,Grocery,8,4,US,mobile,75.6,1,0,0,0,0,0
16170,1503,131.73,Retail,20,0,US,mobile,65.1,1,0,0,0,0,0
16203,3939,266.75,Grocery,18,3,US,mobile,83.8,0,0,0,0,0,0
16241,2483,130.26,Retail,10,4,US,mobile,184.8,2,0,0,0,0,0
16257,1851,103.63,Retail,16,0,US,mobile,242.1,2,0,0,0,0,0
16260,2760,29.25,Grocery,6,1,US,tablet,95.6,1,0,0,0,0,1
16269,4232,17.84,Retail,20,0,US,tablet,316.6,1,0,0,0,0,0
16284,2037,426.45,Utilities,10,0,US,tablet,51.0,1,0,0,0,0,0
16288,2352,83.8,Grocery,8,1,US,mobile,36.6,1,0,0,0,0,0
16291,3561,43.39,Grocery,11,4,US,tablet,661.4,0,0,0,0,0,0
16307,3079,31.65,Grocery,16,1,US,tablet,241.6,0,0,0,0,0,0
16333,4152,83.52,Health,22,2,US,tablet,158.4,1,0,0,0,0,1
16335,3204,879.19,Retail,18,2,US,tablet,455.0,1,0,0,0,0,0
16348,3158,73.43,Grocery,9,2,US,tablet,143.9,1,0,0,0,0,0
16366,3038,120.89,Health,18,1,US,mobile,818.0,2,0,0,0,0,0
16367,1894,207.69,Utilities,7,0,US,mobile,96.9,1,0,0,0,0,0
16382,3673,89.95,Grocery,16,1,US,mobile,77.0,0,0,0,0,0,0
16427,4332,27.23,Retail,18,1,US,mobile,133.5,1,0,0,0,0,0
16460,3622,25.62,Retail,7,0,US,mobile,99.0,1,0,0,0,0,0
16519,1038,112.91,Grocery,15,4,US,mobile,62.1,1,0,0,0,0,0
16536,1778,107.35,Grocery,21,1,US,mobile,36.5,1,0,0,0,0,1
16552,2485,57.47,Utilities,8,2,US,tablet,220.9,2,0,0,0,0,0
16580,1999,84.32,Retail,21,0,US,mobile,127.7,2,0,0,0,0,0
16582,3971,107.96,Retail,22,2,US,mobile,209.4,1,0,0,0,0,0
16587,3978,109.79,Grocery,13,1,US,mobile,227.5,0,0,0,0,0,0
16603,1590,177.98,Retail,13,3,US,mobile,81.9,1,0,0,0,0,0
16612,1477,285.44,Grocery,20,0,US,mobile,449.1,0,0,0,0,0,0
16632,3189,57.14,Retail,17,1,US,tablet,212.7,1,0,0,0,0,0
16637,3974,242.19,Grocery,19,3,US,mobile,113.1,0,0,0,0,0,0
16648,4754,195.1,Retail,6,0,US,mobile,102.1,1,0,0,0,0,0
16655,1050,46.47,Utilities,11,4,US,mobile,218.5,1,0,0,0,0,0
16693,2220,88.65,Utilities,21,2,US,tablet,344.0,1,0,0,0,0,0
16706,4230,353.82,Retail,13,2,US,mobile,94.4,1,0,0,0,0,0
16766,1433,56.78,Grocery,13,1,US,tablet,259.2,0,0,0,0,0,0
16780,3263,17.09,Retail,12,4,US,mobile,355.2,2,0,0,0,0,0
16782,3676,49.2,Utilities,10,4,US,tablet,35.0,1,0,0,0,0,0
16793,3665,27.26,Grocery,22,3,US,tablet,47.4,0,0,0,0,0,0
16806,3353,164.46,Retail,22,3,US,mobile,236.1,1,0,0,0,0,0
16810,4729,58.32,Retail,20,0,US,mobile,71.4,1,0,0,0,0,0
16813,2191,13.52,Health,8,0,US,tablet,67.8,0,0,0,0,0,0
16833,3620,46.73,Retail,20,0,US,mobile,62.8,1,0,0,0,0,0
16837,1718,39.17,Grocery,15,4,US,mobile,89.5,0,0,0,0,0,0
16886,2285,40.15,Utilities,17,3,US,tablet,123.2,0,0,0,0,0,0
16907,2073,40.41,Retail,14,0,US,mobile,83.6,1,0,0,0,0,0
16975,4078,41.15,Grocery,17,0,US,mobile,258.3,1,0,0,0,0,1
16987,1014,423.8,Utilities,8,3,US,tablet,115.7,0,0,0,0,0,0
16989,4589,220.84,Grocery,8,1,US,mobile,74.0,2,0,0,0,0,0
17046,4870,15.78,Grocery,18,0,US,mobile,163.2,2,0,0,0,0,0
17079,1576,55.63,Health,15,2,US,mobile,101.2,2,0,0,0,0,0
17101,2342,90.44,Grocery,22,0,US,mobile,121.4,1,0,0,0,0,0
17113,2400,75.55,Health,17,3,US,mobile,529.9,0,0,0,0,0,0
17128,1988,432.64,Retail,7,3,US,mobile,210.2,0,0,0,0,0,0
17146,4210,99.47,Health,16,2,US,mobile,38.1,0,0,0,0,0,0
17186,4486,185.01,Retail,11,1,US,mobile,192.4,1,0,0,0,0,0
17198,2707,75.2,Retail,16,2,US,tablet,193.8,2,0,0,0,0,0
17210,3648,179.26,Grocery,11,0,US,tablet,97.6,1,0,0,0,0,0
17217,3615,109.95,Grocery,19,4,US,mobile,289.2,2,0,0,0,0,0
17232,3535,173.02,Retail,12,3,US,mobile,277.6,1,0,0,0,0,1
17238,1712,176.72,Grocery,15,4,US,mobile,230.2,0,0,0,0,0,0
17242,4744,97.38,Retail,21,4,US,mobile,141.7,1,0,0,0,0,0
17251,4280,175.16,Retail,14,0,US,mobile,143.8,1,0,0,0,0,0
17262,3034,5.29,Grocery,22,2,US,tablet,93.0,0,0,0,0,0,0
17271,1285,26.59,Retail,15,0,US,tablet,123.6,2,0,0,0,0,0
17277,1044,327.2,Retail,9,0,US,mobile,191.5,1,0,0,0,0,0
17287,1765,68.55,Grocery,7,2,US,mobile,333.5,1,0,0,0,0,0
17304,4795,455.38,Retail,6,2,US,mobile,339.5,2,0,0,0,0,1
17315,3633,20.14,Grocery,11,0,US,tablet,249.4,2,0,0,0,0,0
17318,3255,117.21,Health,13,0,US,tablet,91.5,2,0,0,0,0,0
17328,4694,80.16,Grocery,15,3,US,mobile,58.0,1,0,0,0,0,1
17344,2398,598.91,Grocery,13,3,US,mobile,168.8,1,0,0,0,0,0
17377,1666,24.58,Grocery,19,4,US,mobile,63.3,1,0,0,0,0,0
17397,3136,398.78,Grocery,10,3,US,tablet,211.8,2,0,0,0,0,0
17408,2374,22.46,Retail,9,4,US,mobile,507.8,1,0,0,0,0,0
17434,1780,82.58,Utilities,17,3,US,tablet,171.0,2,0,0,0,0,0
17435,3335,83.29,Grocery,9,1,US,tablet,71.3,2,0,0,0,0,0
17443,2163,183.06,Grocery,20,2,US,mobile,39.6,1,0,0,0,0,0
17452,4701,191.68,Retail,22,4,US,mobile,89.3,1,0,0,0,0,0
17481,2617,97.62,Retail,21,1,US,mobile,93.7,2,0,0,0,0,1
17497,1012,65.01,Grocery,15,0,US,mobile,134.9,1,0,0,0,0,0
17523,1055,144.21,Grocery,8,1,US,mobile,288.1,2,0,0,0,0,0
17532,2685,19.35,Grocery,12,1,US,mobile,56.0,0,0,0,0,0,0
17565,3284,223.08,Health,11,1,US,tablet,402.3,2,0,0,0,0,0
17569,2913,544.75,Retail,12,1,US,mobile,252.8,2,0,0,0,0,0
17576,3637,43.51,Health,16,4,US,mobile,297.0,2,0,0,0,0,0
17605,3955,67.42,Retail,19,3,US,mobile,47.3,0,0,0,0,0,0
17612,3199,80.37,Retail,19,2,US,tablet,112.8,2,0,0,0,0,0
17668,3272,34.3,Health,6,2,US,mobile,38.4,1,0,0,0,0,0
17676,3924,125.07,Grocery,12,2,US,mobile,122.1,2,0,0,0,0,0
17685,2422,97.82,Health,19,1,US,mobile,97.6,2,0,0,0,0,0
17696,3365,231.51,Retail,16,1,US,mobile,136.5,2,0,0,0,0,0
17713,2187,73.87,Grocery,13,0,US,mobile,518.4,2,0,0,0,0,0
17728,3383,24.64,Grocery,6,3,US,mobile,414.0,1,0,0,0,0,0
17737,2880,65.59,Retail,7,1,US,mobile,158.8,2,0,0,0,0,0
17765,4206,29.77,Health,7,3,US,mobile,447.1,1,0,0,0,0,0
17778,4107,216.65,Grocery,21,3,US,tablet,111.4,1,0,0,0,0,0
17844,3988,102.28,Retail,17,2,US,mobile,66.6,2,0,0,0,0,0
17853,2006,84.73,Retail,6,1,US,mobile,109.1,0,0,0,0,0,0
17886,1275,32.46,Retail,20,1,US,mobile,187.2,0,0,0,0,0,0
17921,2649,72.71,Health,12,1,US,mobile,47.1,0,0,0,0,0,0
17950,2192,89.11,Retail,13,1,US,mobile,654.7,2,0,0,0,0,0
17955,1767,67.46,Grocery,22,3,US,tablet,85.3,0,0,0,0,0,0
17958,3867,17.98,Retail,9,1,US,mobile,52.6,1,0,0,0,0,0
18009,3646,151.41,Grocery,17,2,US,mobile,325.7,1,0,0,0,0,0
18022,2794,62.89,Retail,20,3,US,mobile,129.5,0,0,0,0,0,0
18067,1371,154.82,Retail,21,3,US,mobile,145.2,2,0,0,0,0,0
18070,2849,143.75,Retail,15,2,US,mobile,77.1,0,0,0,0,0,0
18084,1557,14.0,Grocery,17,0,US,mobile,353.5,1,0,0,0,0,0
18124,4666,187.39,Retail,22,1,US,mobile,354.0,0,0,0,0,0,0
18126,2912,290.49,Retail,9,4,US,tablet,75.9,0,0,0,0,0,0
18135,2320,155.73,Utilities,9,1,US,tablet,173.0,2,0,0,0,0,0
18181,4700,237.06,Health,10,1,US,tablet,147.6,2,0,0,0,0,0
18204,3080,113.49,Grocery,17,4,US,mobile,33.6,1,0,0,0,0,0
18230,2734,41.28,Utilities,14,4,US,mobile,104.8,2,0,0,0,0,0
18239,4265,76.74,Grocery,11,1,US,mobile,97.0,1,0,0,0,0,0
18279,4768,29.54,Grocery,19,2,US,tablet,257.5,0,0,0,0,0,0
18324,4463,37.37,Grocery,6,3,US,mobile,93.4,2,0,0,0,0,1
18360,1144,20.01,Retail,10,3,US,tablet,213.4,0,0,0,0,0,0
18365,3452,27.68,Grocery,19,1,US,mobile,375.6,2,0,0,0,0,0
18386,3080,161.81,Utilities,18,3,US,mobile,279.7,1,0,0,0,0,0
18397,2078,209.86,Grocery,20,4,US,mobile,505.0,1,0,0,0,0,0
18402,1650,17.13,Retail,16,2,US,tablet,47.7,0,0,0,0,0,1
18420,3980,63.37,Grocery,18,0,US,mobile,110.7,1,0,0,0,0,0
18446,2334,141.13,Retail,20,4,US,mobile,167.9,0,0,0,0,0,0
18454,4989,191.97,Grocery,6,2,US,tablet,267.7,2,0,0,0,0,0
18456,4100,160.8,Grocery,12,2,US,mobile,143.0,1,0,0,0,0,0
18487,4048,549.72,Grocery,14,0,US,tablet,95.1,0,0,0,0,0,0
18497,2590,92.46,Retail,17,3,US,mobile,32.3,1,0,0,0,0,0
18498,3496,48.83,Utilities,7,1,US,tablet,304.2,2,0,0,0,0,0
18503,1042,28.79,Grocery,22,4,US,mobile,98.8,1,0,0,0,0,0
18511,1778,46.33,Utilities,7,0,US,mobile,336.2,1,0,0,0,0,0
18518,2567,23.96,Retail,8,4,US,mobile,119.3,1,0,0,0,0,0
18542,1257,14.36,Retail,10,2,US,mobile,359.2,1,0,0,0,0,0
18544,4027,25.4,Utilities,16,1,US,mobile,341.6,1,0,0,0,0,0
18548,3485,53.97,Retail,22,4,US,tablet,199.7,1,0,0,0,0,0
18560,4703,164.1,Grocery,16,0,US,mobile,461.3,0,0,0,0,0,1
18603,4476,71.82,Grocery,13,0,US,mobile,166.4,1,0,0,0,0,0
18633,2680,65.68,Grocery,14,3,US,mobile,51.8,1,0,0,0,0,0
18635,4233,136.9,Grocery,10,3,US,mobile,69.0,2,0,0,0,0,0
18653,2865,72.47,Retail,11,0,US,mobile,171.0,2,0,0,0,0,0
18661,1189,246.46,Grocery,20,0,US,tablet,61.9,2,0,0,0,0,0
18662,3495,34.78,Grocery,19,0,US,mobile,43.8,0,0,0,0,0,0
18695,2216,79.31,Retail,21,2,US,mobile,32.7,1,0,0,0,0,0
18717,3279,19.42,Retail,9,2,US,tablet,226.5,1,0,0,0,0,0
18742,4554,24.47,Retail,21,4,US,mobile,92.5,0,0,0,0,0,0
18755,1088,70.97,Retail,20,1,US,tablet,223.6,2,0,0,0,0,0
18788,1844,272.17,Grocery,15,4,US,mobile,1187.4,2,0,0,0,0,0
18815,3860,122.14,Grocery,14,2,US,mobile,55.0,1,0,0,0,0,0
18822,2368,248.28,Grocery,12,0,US,mobile,196.2,0,0,0,0,0,0
18835,2770,99.71,Grocery,17,0,US,mobile,84.3,0,0,0,0,0,0
18839,2732,43.74,Retail,14,1,US,mobile,138.5,0,0,0,0,0,0
18843,2916,150.45,Grocery,10,2,US,mobile,240.9,1,0,0,0,0,0
18849,2138,65.36,Grocery,16,1,US,mobile,221.7,2,0,0,0,0,0
18867,3590,102.12,Grocery,19,2,US,mobile,732.0,0,0,0,0,0,0
18889,2946,84.26,Grocery,19,1,US,mobile,55.9,2,0,0,0,0,0
18890,3843,69.79,Grocery,10,4,US,mobile,174.3,2,0,0,0,0,0
18930,4902,50.15,Grocery,11,2,US,mobile,118.5,2,0,0,0,0,0
18976,3044,275.15,Retail,9,3,US,tablet,186.3,1,0,0,0,0,0
18987,2688,36.07,Grocery,21,4,US,mobile,37.6,0,0,0,0,0,0
18996,1431,55.6,Grocery,8,0,US,mobile,263.2,0,0,0,0,0,0
19001,2779,91.51,Grocery,7,4,US,mobile,462.8,1,0,0,0,0,0
19025,1535,102.63,Grocery,10,1,US,mobile,61.2,1,0,0,0,0,0
19044,3510,69.66,Retail,22,0,US,mobile,33.2,0,0,0,0,0,0
19088,3095,63.84,Utilities,22,2,US,mobile,43.4,0,0,0,0,0,0
19126,1229,109.82,Health,20,3,US,mobile,115.9,2,0,0,0,0,0
19147,2049,49.81,Retail,10,2,US,mobile,32.0,2,0,0,0,0,0
19178,4093,75.34,Retail,18,3,US,mobile,198.3,1,0,0,0,0,0
19179,4993,309.03,Utilities,12,0,US,mobile,70.2,0,0,0,0,0,0
19233,1561,64.94,Grocery,19,0,US,mobile,118.5,2,0,0,0,0,0
19252,3802,103.34,Grocery,11,3,US,mobile,359.2,2,0,0,0,0,0
19260,3644,18.23,Retail,7,3,US,tablet,263.9,0,0,0,0,0,0
19274,3284,63.61,Health,20,4,US,mobile,34.6,1,0,0,0,0,1
19276,4234,206.46,Grocery,15,4,US,mobile,261.1,0,0,0,0,0,0
19302,4398,66.52,Retail,10,0,US,mobile,423.9,1,0,0,0,0,0
19308,3693,25.66,Grocery,22,0,US,mobile,187.7,0,0,0,0,0,1
19346,4711,406.98,Grocery,15,4,US,mobile,68.0,2,0,0,0,0,0
19362,3293,42.68,Grocery,19,2,US,mobile,113.3,0,0,0,0,0,0
19376,4452,140.7,Retail,7,2,US,mobile,42.8,0,0,0,0,0,0
19404,1461,214.3,Retail,7,3,US,mobile,450.6,0,0,0,0,0,0
19439,1347,5.0,Utilities,20,2,US,mobile,359.5,2,0,0,0,0,0
19448,2484,80.2,Retail,16,0,US,mobile,120.8,0,0,0,0,0,0
19464,2507,9.43,Grocery,19,0,US,mobile,84.6,0,0,0,0,0,0
19472,3359,151.92,Health,11,4,US,mobile,256.8,1,0,0,0,0,0
19527,4723,117.68,Retail,16,2,US,tablet,274.3,1,0,0,0,0,0
19535,4842,20.64,Grocery,22,3,US,mobile,208.5,0,0,0,0,0,0
19554,1472,43.56,Retail,18,0,US,tablet,34.7,0,0,0,0,0,0
19609,2036,618.94,Retail,10,0,US,mobile,83.9,2,0,0,0,0,0
19622,2243,121.24,Grocery,12,2,US,mobile,260.8,1,0,0,0,0,0
19645,3802,39.57,Retail,19,3,US,mobile,203.1,1,0,0,0,0,0
19647,3787,128.74,Health,20,3,US,mobile,174.0,2,0,0,0,0,0
19682,3379,87.6,Grocery,13,3,US,tablet,36.8,2,0,0,0,0,0
19684,1848,219.37,Utilities,16,2,US,tablet,409.0,1,0,0,0,0,0
19687,4983,67.0,Utilities,10,4,US,mobile,247.0,1,0,0,0,0,0
19756,4447,121.51,Grocery,11,2,US,tablet,365.2,1,0,0,0,0,0
19776,4095,319.74,Retail,12,0,US,tablet,232.1,2,0,0,0,0,0
19786,1042,174.09,Grocery,22,1,US,tablet,186.5,1,0,0,0,0,0
19800,4683,43.84,Retail,20,1,US,mobile,411.6,1,0,0,0,0,0
19811,1013,200.9,Health,7,4,US,mobile,440.4,1,0,0,0,0,0
19823,3328,357.05,Grocery,22,0,US,tablet,504.0,0,0,0,0,0,0
19832,2221,15.3,Retail,10,1,US,tablet,148.9,1,0,0,0,0,0
19841,2968,59.6,Retail,10,2,US,mobile,214.1,0,0,0,0,0,0
19849,1397,175.57,Grocery,12,2,US,tablet,204.0,1,0,0,0,0,0
19881,3474,105.42,Retail,9,0,US,mobile,211.9,0,0,0,0,0,0
19921,1967,161.77,Grocery,13,0,US,mobile,171.8,1,0,0,0,0,0
19957,1258,288.51,Grocery,11,4,US,tablet,32.0,1,0,0,0,0,0
19960,1503,23.28,Grocery,8,3,US,tablet,290.1,1,0,0,0,0,0
19962,2124,158.42,Retail,10,4,US,mobile,61.4,1,0,0,0,0,0
19980,2339,10.89,Grocery,13,0,US,mobile,84.7,1,0,0,0,0,0
145,4970,140.23,Health,22,1,US,desktop,23.6,2,0,0,0,0,0
158,3228,63.16,Grocery,12,1,US,desktop,10.6,2,0,0,0,0,0
479,3654,83.14,Health,6,0,US,desktop,5.5,0,0,0,0,0,0
840,4642,137.77,Grocery,13,0,US,desktop,9.3,1,0,0,0,0,0
964,1870,78.9,Grocery,11,1,US,desktop,7.3,1,0,0,0,0,0
992,3196,156.56,Retail,19,3,US,desktop,12.0,2,0,0,0,0,0
1205,3603,403.63,Retail,20,0,US,desktop,24.2,0,0,0,0,0,0
1360,2461,143.69,Retail,9,4,US,desktop,9.5,1,0,0,0,0,0
1402,1965,268.29,Grocery,12,4,US,desktop,11.8,2,0,0,0,0,0
1526,1189,332.86,Grocery,21,4,US,desktop,24.5,2,0,0,0,0,0
1592,2385,48.66,Retail,6,0,US,desktop,10.8,2,0,0,0,0,0
1656,1925,117.37,Grocery,21,4,US,desktop,27.1,0,0,0,0,0,0
1662,3443,14.3,Grocery,8,4,US,desktop,18.8,0,0,0,0,0,0
2575,4091,21.75,Grocery,22,0,US,desktop,15.1,2,0,0,0,0,0
3092,2568,42.09,Retail,16,1,US,desktop,7.6,0,0,0,0,0,0
3511,4885,197.67,Grocery,8,1,US,desktop,6.6,0,0,0,0,0,0
3899,2214,13.13,Retail,15,2,US,desktop,3.0,0,0,0,0,0,0
4389,2347,80.84,Grocery,16,0,US,desktop,11.1,1,0,0,0,0,0
4537,1323,33.65,Retail,6,4,US,desktop,2.7,1,0,0,0,0,0
5743,4562,150.12,Grocery,17,3,US,desktop,4.2,0,0,0,0,0,0
5800,2680,48.17,Retail,18,1,US,desktop,13.3,0,0,0,0,0,0
5995,1531,189.84,Health,8,0,US,desktop,19.8,0,0,0,0,0,0
6190,2861,165.67,Utilities,17,3,US,desktop,15.3,1,0,0,0,0,0
6442,2096,61.79,Health,17,1,US,desktop,27.2,2,0,0,0,0,0
6695,1548,28.04,Grocery,21,0,US,desktop,9.8,1,0,0,0,0,0
6918,1081,7.95,Retail,17,0,US,desktop,18.9,0,0,0,0,0,0
7175,1456,365.33,Retail,20,1,US,desktop,13.7,1,0,0,0,0,0
7220,1903,17.33,Retail,19,2,US,desktop,27.5,0,0,0,0,0,0
7227,1061,80.21,Grocery,19,2,US,desktop,3.3,2,0,0,0,0,0
7416,3680,19.66,Utilities,18,2,US,desktop,28.7,1,0,0,0,0,0
7565,2119,134.84,Retail,21,3,US,desktop,21.4,1,0,0,0,0,1
8138,4640,15.17,Grocery,14,2,US,desktop,21.8,2,0,0,0,0,0
8249,2689,256.78,Grocery,8,3,US,desktop,24.9,1,0,0,0,0,0
8554,2618,208.09,Retail,10,3,US,desktop,10.9,2,0,0,0,0,0
8963,4536,263.86,Retail,20,2,US,desktop,3.2,2,0,0,0,0,0
9026,4509,252.79,Health,8,3,US,desktop,6.2,2,0,0,0,0,0
9027,4898,77.64,Retail,10,2,US,desktop,26.2,2,0,0,0,0,0
9143,1345,69.99,Grocery,20,3,US,desktop,4.4,0,0,0,0,0,0
9220,4893,81.37,Grocery,22,0,US,desktop,10.5,2,0,0,0,0,0
9389,2719,21.81,Grocery,12,1,US,desktop,1.6,2,0,0,0,0,0
9555,2872,161.31,Grocery,20,0,US,desktop,9.9,0,0,0,0,0,0
9557,4014,269.76,Health,11,1,US,desktop,17.9,1,0,0,0,0,0
9749,3833,224.88,Retail,8,1,US,desktop,25.1,2,0,0,0,0,0
9894,3380,29.64,Health,17,4,US,desktop,5.4,1,0,0,0,0,0
10007,3555,637.96,Utilities,22,2,US,desktop,15.9,2,0,0,0,0,0
10181,4269,123.0,Retail,19,3,US,desktop,17.3,2,0,0,0,0,0
10473,3910,173.71,Utilities,19,3,US,desktop,18.7,1,0,0,0,0,0
10539,1561,34.49,Health,8,3,US,desktop,15.8,1,0,0,0,0,0
10572,1449,99.19,Grocery,7,2,US,desktop,21.0,0,0,0,0,0,0
10586,4450,146.64,Grocery,15,2,US,desktop,14.9,2,0,0,0,0,0
10650,1581,64.72,Retail,10,3,US,desktop,24.7,2,0,0,0,0,0
11029,2427,192.33,Grocery,17,2,US,desktop,17.7,1,0,0,0,0,0
11164,2538,64.75,Retail,6,4,US,desktop,8.8,0,0,0,0,0,0
11350,3063,17.66,Grocery,12,2,US,desktop,9.8,1,0,0,0,0,0
11423,4557,59.4,Retail,13,0,US,desktop,23.7,0,0,0,0,0,0
11792,4108,34.22,Utilities,14,4,US,desktop,22.8,2,0,0,0,0,1
12194,1260,18.82,Utilities,10,2,US,desktop,27.3,0,0,0,0,0,0
12589,3572,289.53,Grocery,9,3,US,desktop,5.1,1,0,0,0,0,0
12637,4522,192.19,Grocery,22,4,US,desktop,10.0,2,0,0,0,0,0
12725,4679,128.72,Grocery,6,1,US,desktop,25.8,1,0,0,0,0,0
12737,2535,62.65,Grocery,17,0,US,desktop,1.7,2,0,0,0,0,0
12819,1520,86.55,Grocery,13,0,US,desktop,23.6,2,0,0,0,0,0
12879,1979,206.88,Grocery,9,0,US,desktop,12.1,2,0,0,0,0,0
12993,3626,85.51,Grocery,20,2,US,desktop,17.1,1,0,0,0,0,0
13059,1930,74.14,Retail,16,1,US,desktop,6.9,1,0,0,0,0,0
13108,1314,25.69,Grocery,16,2,US,desktop,8.7,2,0,0,0,0,0
13519,4589,181.71,Retail,7,0,US,desktop,10.0,0,0,0,0,0,1
13538,4278,163.62,Health,15,0,US,desktop,3.3,1,0,0,0,0,0
13791,1409,54.96,Utilities,14,0,US,desktop,15.8,1,0,0,0,0,0
13794,4705,74.69,Utilities,13,2,US,desktop,19.0,2,0,0,0,0,0
14327,2702,232.5,Grocery,6,4,US,desktop,20.6,0,0,0,0,0,0
14546,1084,69.23,Retail,8,2,US,desktop,19.5,2,0,0,0,0,0
14613,1120,37.33,Retail,19,2,US,desktop,16.9,0,0,0,0,0,0
14736,4134,355.03,Retail,12,2,US,desktop,18.5,2,0,0,0,0,0
14840,1386,15.27,Retail,16,1,US,desktop,28.6,2,0,0,0,0,0
14987,1358,59.87,Grocery,14,1,US,desktop,23.8,1,0,0,0,0,0
15114,2196,209.59,Retail,14,0,US,desktop,10.8,2,0,0,0,0,0
15117,3474,13.87,Grocery,13,4,US,desktop,12.4,2,0,0,0,0,0
15396,4321,299.42,Health,11,2,US,desktop,20.5,1,0,0,0,0,0
15468,1963,13.3,Retail,14,3,US,desktop,26.2,1,0,0,0,0,0
15471,3122,49.38,Grocery,21,4,US,desktop,4.1,2,0,0,0,0,0
15723,4485,49.44,Grocery,15,4,US,desktop,6.4,1,0,0,0,0,0
15856,2761,77.52,Retail,6,2,US,desktop,12.9,2,0,0,0,0,0
16079,1855,228.31,Retail,10,1,US,desktop,9.5,2,0,0,0,0,0
16434,4407,69.5,Grocery,21,3,US,desktop,24.7,0,0,0,0,0,0
16492,1670,339.69,Retail,15,0,US,desktop,3.5,1,0,0,0,0,0
16555,4419,35.44,Grocery,12,4,US,desktop,13.1,2,0,0,0,0,0
16609,4041,56.17,Retail,7,4,US,desktop,23.2,1,0,0,0,0,0
16719,1097,65.96,Grocery,15,0,US,desktop,11.7,1,0,0,0,0,0
16773,1535,198.5,Retail,22,2,US,desktop,12.7,1,0,0,0,0,0
16853,3104,217.34,Grocery,14,4,US,desktop,1.0,2,0,0,0,0,0
16992,3106,13.32,Grocery,20,3,US,desktop,29.1,2,0,0,0,0,0
17222,1618,52.27,Grocery,6,0,US,desktop,3.3,0,0,0,0,0,0
17465,3363,430.63,Grocery,6,2,US,desktop,17.0,0,0,0,0,0,0
17492,2605,70.49,Retail,12,2,US,desktop,1.8,2,0,0,0,0,0
17750,1090,77.01,Retail,16,1,US,desktop,1.0,1,0,0,0,0,0
17926,3825,51.92,Grocery,10,4,US,desktop,18.8,2,0,0,0,0,0
17932,1669,114.18,Retail,14,4,US,desktop,4.0,0,0,0,0,0,0
17933,4758,90.37,Retail,6,0,US,desktop,21.6,0,0,0,0,0,0
18611,4130,55.3,Health,22,0,US,desktop,1.4,1,0,0,0,0,0
18726,3522,67.57,Grocery,15,3,US,desktop,7.3,2,0,0,0,0,0
18727,3260,57.99,Health,6,1,US,desktop,1.0,1,0,0,0,0,0
18864,1824,317.6,Utilities,18,3,US,desktop,23.2,0,0,0,0,0,1
19460,4759,108.69,Health,19,1,US,desktop,6.2,1,0,0,0,0,1
19605,1707,14.78,Retail,9,2,US,desktop,16.0,2,0,0,0,0,0
19685,4635,156.75,Grocery,14,2,US,desktop,11.2,1,0,0,0,0,0
19826,4560,136.82,Utilities,12,4,US,desktop,5.2,2,0,0,0,0,0
673,3544,500.32,Utilities,12,5,US,desktop,233.3,0,0,1,0,1,0
1282,3957,22.14,Retail,8,5,US,desktop,176.8,2,0,1,0,1,0
1295,4806,121.94,Grocery,14,6,US,desktop,348.6,2,0,1,0,1,0
1691,4088,35.9,Grocery,10,6,US,desktop,138.7,0,0,1,0,1,0
2054,4790,21.67,Grocery,15,6,US,desktop,288.9,1,0,1,0,1,0
2184,3579,136.16,Grocery,8,6,US,desktop,61.6,0,0,1,0,1,0
2267,3733,441.11,Grocery,20,6,US,desktop,433.3,2,0,1,0,1,0
2675,4724,178.67,Grocery,13,5,US,desktop,342.5,0,0,1,0,1,0
3242,1831,109.77,Grocery,20,6,US,desktop,725.8,2,0,1,0,1,0
3592,2180,830.47,Grocery,9,5,US,desktop,46.4,1,0,1,0,1,0
4400,3651,308.36,Health,21,6,US,desktop,78.0,2,0,1,0,1,0
4430,4689,163.07,Grocery,8,6,US,desktop,196.5,1,0,1,0,1,0
4677,3222,42.63,Grocery,21,6,US,desktop,121.2,2,0,1,0,1,0
5378,2020,81.11,Health,12,5,US,desktop,70.7,1,0,1,0,1,0
5437,2616,50.17,Grocery,22,6,US,desktop,97.5,0,0,1,0,1,0
7004,3282,348.63,Grocery,21,6,US,desktop,196.5,1,0,1,0,1,0
7537,1889,147.73,Retail,19,5,US,desktop,209.0,1,0,1,0,1,0
7826,4461,73.69,Grocery,21,6,US,desktop,56.8,1,0,1,0,1,0
10242,3490,191.14,Retail,16,5,US,desktop,173.1,2,0,1,0,1,1
10278,1909,85.4,Retail,20,6,US,desktop,107.9,0,0,1,0,1,0
10861,1097,223.98,Grocery,16,5,US,desktop,54.1,1,0,1,0,1,0
13311,4672,439.57,Retail,11,6,US,desktop,440.7,2,0,1,0,1,0
13474,1058,139.89,Grocery,22,6,US,desktop,123.7,2,0,1,0,1,0
13886,3194,84.94,Retail,17,5,US,desktop,150.1,0,0,1,0,1,0
14008,3114,79.51,Grocery,19,5,US,desktop,88.4,2,0,1,0,1,0
14581,1747,256.42,Health,9,6,US,desktop,91.4,1,0,1,0,1,0
15044,2407,14.03,Grocery,22,6,US,desktop,202.0,1,0,1,0,1,0
15475,1005,102.56,Health,7,6,US,desktop,253.1,1,0,1,0,1,0
16244,3314,94.38,Grocery,10,5,US,desktop,33.9,0,0,1,0,1,0
17803,2677,147.44,Grocery,11,6,US,desktop,356.4,0,0,1,0,1,0
17914,3692,731.24,Grocery,6,6,US,desktop,232.0,1,0,1,0,1,0
19693,4934,99.92,Retail,13,6,US,desktop,221.8,1,0,1,0,1,0
19864,3723,51.07,Retail,18,6,US,desktop,146.0,0,0,1,0,1,1
14,4044,118.19,Retail,14,1,CA,desktop,50.7,2,0,0,0,0,0
15,3869,47.02,Health,14,3,CA,desktop,150.1,2,0,0,0,0,0
33,1368,23.55,Retail,8,5,US,mobile,247.1,1,0,1,0,0,0
61,4690,61.08,Retail,18,5,US,mobile,99.4,1,0,1,0,0,0
81,4761,88.53,Grocery,21,0,FR,desktop,660.7,2,0,0,0,0,0
96,2153,170.23,Grocery,19,1,DE,desktop,256.5,0,0,0,0,0,0
99,3547,322.82,Retail,15,0,CA,desktop,104.0,1,0,0,0,0,0
112,4122,704.72,Retail,16,6,US,mobile,175.2,1,0,1,0,0,0
118,1559,50.78,Retail,22,1,DE,desktop,287.9,1,0,0,0,0,0
146,4413,138.77,Grocery,22,4,GB,desktop,67.1,2,0,0,0,0,0
151,4422,565.84,Health,13,6,US,mobile,489.3,1,0,1,0,0,0
192,3521,90.67,Health,21,1,GB,desktop,192.7,1,0,0,0,0,0
200,4847,64.07,Health,16,4,NG,desktop,241.2,0,0,0,0,0,0
201,2465,253.95,Utilities,7,2,CA,desktop,525.1,1,0,0,0,0,0
227,4234,454.91,Grocery,18,6,US,mobile,126.4,2,0,1,0,0,0
229,3187,98.03,Grocery,15,6,US,mobile,238.5,2,0,1,0,0,0
244,3599,134.34,Retail,17,5,US,mobile,261.9,2,0,1,0,0,0
266,3324,42.61,Utilities,14,2,CA,desktop,975.0,2,0,0,0,0,0
267,2788,17.82,Retail,12,6,US,mobile,321.4,2,0,1,0,0,1
276,2929,63.03,Grocery,12,0,AU,desktop,63.9,1,0,0,0,0,0
286,4751,245.59,Retail,12,6,US,mobile,56.6,1,0,1,0,0,0
365,1463,28.66,Retail,19,5,US,mobile,226.9,1,0,1,0,0,0
367,2878,139.3,Retail,6,1,BR,desktop,229.1,1,0,0,0,0,0
369,1088,84.33,Health,22,6,US,mobile,85.6,1,0,1,0,0,0
407,2734,10.97,Grocery,12,2,JP,desktop,106.0,0,0,0,0,0,0
444,2954,76.22,Grocery,16,0,FR,desktop,38.8,0,0,0,0,0,0
475,3537,85.51,Health,7,3,CA,desktop,148.5,0,0,0,0,0,1
509,2074,43.0,Utilities,10,0,DE,desktop,108.5,0,0,0,0,0,0
540,1084,21.93,Retail,11,5,US,mobile,418.8,1,0,1,0,0,1
553,4312,63.54,Retail,19,5,US,mobile,57.4,0,0,1,0,0,0
555,4937,287.82,Grocery,10,4,GB,desktop,35.0,0,0,0,0,0,0
575,1028,22.13,Retail,21,6,US,tablet,34.3,0,0,1,0,0,0
619,1244,97.32,Grocery,19,0,FR,desktop,239.5,2,0,0,0,0,1
631,3947,199.25,Health,15,5,US,mobile,87.4,0,0,1,0,0,0
661,1706,296.69,Health,20,2,CA,desktop,357.8,0,0,0,0,0,0
678,1337,73.34,Grocery,14,3,AU,desktop,73.0,2,0,0,0,0,1
686,4203,70.74,Retail,19,5,US,tablet,316.8,2,0,1,0,0,0
709,2903,474.0,Retail,22,0,AU,desktop,63.4,2,0,0,0,0,0
716,4196,34.17,Grocery,11,2,JP,desktop,286.8,0,0,0,0,0,0
723,4380,94.16,Health,22,1,AU,desktop,194.7,1,0,0,0,0,0
725,4143,74.78,Grocery,12,0,GB,desktop,258.3,2,0,0,0,0,1
739,3952,268.47,Health,10,5,US,tablet,176.8,0,0,1,0,0,0
760,3918,99.51,Retail,12,2,BR,desktop,154.5,2,0,0,0,0,0
786,3353,64.97,Retail,11,2,CA,desktop,532.6,1,0,0,0,0,0
802,2207,259.03,Grocery,21,2,FR,desktop,120.6,2,0,0,0,0,0
829,4453,77.22,Grocery,20,6,US,mobile,201.4,0,0,1,0,0,0
897,3037,92.11,Grocery,15,0,GB,desktop,69.3,2,0,0,0,0,0
915,3367,184.85,Health,12,3,AU,desktop,155.2,2,0,0,0,0,0
921,4490,49.16,Grocery,10,5,US,mobile,143.6,2,0,1,0,0,0
932,3799,47.6,Retail,13,5,US,tablet,64.4,1,0,1,0,0,0
962,2635,11.04,Grocery,15,4,BR,desktop,237.6,1,0,0,0,0,0
975,1591,174.73,Retail,17,4,FR,desktop,154.4,0,0,0,0,0,0
993,1787,101.04,Health,18,2,CA,desktop,226.6,2,0,0,0,0,0
1002,3946,171.08,Utilities,14,5,US,mobile,38.6,0,0,1,0,0,0
1032,1691,92.45,Utilities,12,2,DE,desktop,56.2,2,0,0,0,0,0
1033,3923,51.65,Grocery,11,5,US,tablet,258.8,2,0,1,0,0,0
1035,1266,51.25,Grocery,14,6,US,mobile,154.0,0,0,1,0,0,0
1044,2489,77.93,Retail,10,5,US,tablet,119.6,1,0,1,0,0,0
1057,2798,49.99,Grocery,9,6,US,mobile,195.2,1,0,1,0,0,0
1092,2792,110.52,Grocery,13,6,US,tablet,205.1,0,0,1,0,0,0
1108,4628,53.87,Retail,20,5,US,mobile,61.8,1,0,1,0,0,0
1109,4762,437.49,Grocery,8,5,US,tablet,88.2,0,0,1,0,0,0
1120,2973,45.71,Grocery,10,6,US,tablet,47.9,0,0,1,0,0,0
1121,1055,361.12,Retail,13,6,US,mobile,115.9,0,0,1,0,0,0
1167,1087,15.69,Grocery,8,5,US,mobile,348.2,2,0,1,0,0,0
1178,1766,93.83,Retail,11,5,US,mobile,49.7,1,0,1,0,0,0
1193,1681,74.78,Grocery,9,0,DE,desktop,808.4,0,0,0,0,0,0
1220,2760,119.29,Grocery,10,1,FR,desktop,109.0,0,0,0,0,0,0
1223,4846,523.04,Grocery,12,6,US,tablet,107.9,1,0,1,0,0,0
1225,2667,143.15,Grocery,18,0,GB,desktop,344.2,0,0,0,0,0,0
1267,1220,377.11,Retail,17,6,US,mobile,36.9,1,0,1,0,0,0
1276,3853,52.36,Grocery,19,4,GB,desktop,133.7,0,0,0,0,0,0
1298,3709,53.67,Retail,16,1,CA,desktop,301.9,2,0,0,0,0,0
1325,4465,18.66,Utilities,19,4,FR,desktop,192.4,1,0,0,0,0,0
1389,4563,58.81,Utilities,22,2,BR,desktop,132.9,0,0,0,0,0,0
1420,2905,41.59,Utilities,18,1,CA,desktop,126.0,2,0,0,0,0,0
1425,2022,299.84,Grocery,11,6,US,tablet,151.8,1,0,1,0,0,0
1452,1164,65.11,Retail,21,5,US,mobile,52.2,1,0,1,0,0,0
1491,2099,306.02,Grocery,6,5,US,tablet,204.5,1,0,1,0,0,0
1508,2919,489.72,Retail,14,6,US,mobile,94.2,1,0,1,0,0,0
1520,2843,375.99,Retail,8,5,US,mobile,57.2,2,0,1,0,0,0
1564,4675,219.2,Utilities,22,6,US,mobile,80.3,1,0,1,0,0,0
1575,1593,99.47,Grocery,18,2,DE,desktop,189.0,0,0,0,0,0,0
1606,4560,62.79,Retail,14,5,US,tablet,131.4,0,0,1,0,0,0
1614,3772,253.82,Health,21,3,CA,desktop,174.1,1,0,0,0,0,0
1633,1364,264.65,Health,16,6,US,mobile,84.5,0,0,1,0,0,0
1638,3487,17.15,Grocery,21,3,CA,desktop,38.9,1,0,0,0,0,0
1663,1740,125.84,Retail,14,5,US,mobile,168.2,0,0,1,0,0,0
1709,1975,119.18,Retail,20,4,GB,desktop,432.4,2,0,0,0,0,0
1728,3279,84.51,Retail,19,3,JP,desktop,66.2,1,0,0,0,0,1
1739,1012,198.04,Grocery,13,2,GB,desktop,363.7,1,0,0,0,0,0
1773,2450,247.02,Retail,6,1,GB,desktop,360.7,2,0,0,0,0,0
1784,4819,65.81,Health,8,5,US,tablet,377.5,1,0,1,0,0,1
1786,1974,47.01,Grocery,19,5,US,tablet,216.4,1,0,1,0,0,0
1800,3088,111.24,Grocery,20,2,BR,desktop,928.1,0,0,0,0,0,0
1829,3455,25.19,Grocery,12,0,GB,desktop,187.9,2,0,0,0,0,0
1834,1287,29.2,Health,22,3,CA,desktop,138.7,0,0,0,0,0,0
1878,4584,92.47,Grocery,12,6,US,tablet,38.0,1,0,1,0,0,0
1880,1401,21.76,Retail,10,4,JP,desktop,331.3,2,0,0,0,0,0
1891,1740,83.75,Grocery,17,5,US,mobile,176.3,1,0,1,0,0,0
1940,1830,158.31,Grocery,19,5,US,mobile,75.4,1,0,1,0,0,0
1947,1628,52.42,Retail,18,6,US,mobile,153.7,2,0,1,0,0,0
1962,4954,49.68,Retail,17,4,DE,desktop,356.5,1,0,0,0,0,0
1972,4682,432.79,Grocery,16,0,GB,desktop,456.7,2,0,0,0,0,0
1979,1228,17.72,Health,21,5,US,mobile,264.7,1,0,1,0,0,0
1984,4003,108.1,Retail,10,6,US,mobile,106.9,1,0,1,0,0,0
2001,4512,82.22,Utilities,8,5,US,mobile,379.8,1,0,1,0,0,0
2004,2833,48.83,Grocery,21,5,US,tablet,102.6,2,0,1,0,0,0
2005,4191,50.64,Grocery,19,0,FR,desktop,131.2,0,0,0,0,0,0
2008,1609,152.81,Grocery,14,0,FR,desktop,78.7,0,0,0,0,0,0
2010,3529,95.09,Grocery,11,6,US,mobile,30.3,1,0,1,0,0,0
2039,4951,19.59,Grocery,8,4,GB,desktop,223.4,0,0,0,0,0,0
2062,3247,144.61,Utilities,15,0,CA,desktop,33.6,0,0,0,0,0,0
2079,2034,21.25,Retail,16,4,CA,desktop,137.4,1,0,0,0,0,1
2103,1688,61.78,Grocery,14,2,FR,desktop,33.5,2,0,0,0,0,0
2162,1976,178.73,Grocery,16,1,CA,desktop,425.8,1,0,0,0,0,0
2295,3857,85.12,Retail,21,5,US,tablet,459.6,1,0,1,0,0,0
2306,1384,197.17,Retail,6,0,JP,desktop,161.3,1,0,0,0,0,0
2338,4276,27.47,Retail,21,0,FR,desktop,311.7,2,0,0,0,0,0
2362,4005,72.39,Retail,16,6,US,mobile,229.8,2,0,1,0,0,0
2369,1649,161.45,Grocery,20,0,NG,desktop,132.4,0,0,0,0,0,0
2373,1244,101.51,Grocery,22,4,DE,desktop,244.4,1,0,0,0,0,0
2378,1548,85.0,Grocery,12,4,DE,desktop,439.2,1,0,0,0,0,1
2389,4822,43.3,Retail,8,6,US,mobile,314.2,2,0,1,0,0,0
2391,2817,194.56,Retail,18,2,CA,desktop,263.9,1,0,0,0,0,1
2429,4018,58.45,Retail,17,6,US,mobile,215.3,1,0,1,0,0,0
2435,2801,14.95,Grocery,16,6,US,tablet,201.0,2,0,1,0,0,0
2467,2204,55.0,Grocery,14,3,BR,desktop,195.0,0,0,0,0,0,0
2494,3441,92.21,Utilities,20,3,DE,desktop,44.0,1,0,0,0,0,1
2536,4914,102.87,Retail,22,1,GB,desktop,521.9,2,0,0,0,0,1
2591,1282,63.82,Grocery,14,2,DE,desktop,985.3,2,0,0,0,0,0
2595,2222,171.83,Grocery,22,6,US,tablet,140.0,1,0,1,0,0,0
2611,4882,71.41,Grocery,16,6,US,tablet,61.5,0,0,1,0,0,1
2649,4745,383.22,Health,15,6,US,mobile,33.3,0,0,1,0,0,0
2665,1859,26.41,Grocery,7,6,US,tablet,46.2,2,0,1,0,0,1
2667,1962,45.69,Grocery,7,2,AU,desktop,151.3,0,0,0,0,0,0
2674,1750,508.43,Retail,8,5,US,tablet,135.7,2,0,1,0,0,0
2677,4848,24.99,Grocery,17,3,CA,desktop,54.9,1,0,0,0,0,0
2693,4640,40.79,Grocery,18,4,BR,desktop,216.5,1,0,0,0,0,0
2762,2724,367.95,Retail,9,2,CA,desktop,547.0,2,0,0,0,0,0
2771,3642,87.16,Grocery,19,3,AU,desktop,44.4,1,0,0,0,0,0
2778,4611,39.52,Retail,8,5,US,tablet,191.9,2,0,1,0,0,0
2792,1623,58.81,Utilities,12,3,FR,desktop,80.2,2,0,0,0,0,0
2808,2242,436.47,Utilities,12,1,AU,desktop,119.6,0,0,0,0,0,0
2838,4595,118.63,Utilities,6,0,JP,desktop,234.1,1,0,0,0,0,0
2843,4056,44.32,Retail,16,6,US,mobile,74.8,2,0,1,0,0,0
2876,3063,47.67,Grocery,14,0,GB,desktop,48.3,1,0,0,0,0,1
2881,1162,102.07,Utilities,9,4,CA,desktop,92.0,1,0,0,0,0,0
2897,3640,841.12,Health,18,5,US,mobile,201.2,1,0,1,0,0,1
2898,3503,53.99,Utilities,14,3,FR,desktop,113.5,2,0,0,0,0,0
2899,4185,32.73,Retail,7,6,US,mobile,231.4,1,0,1,0,0,0
2913,2887,61.9,Grocery,16,6,US,mobile,88.6,1,0,1,0,0,0
2931,1696,62.14,Retail,20,5,US,mobile,61.4,2,0,1,0,0,0
2937,4070,456.89,Retail,13,2,CA,desktop,619.4,0,0,0,0,0,0
2943,4052,44.27,Grocery,14,0,GB,desktop,174.1,2,0,0,0,0,1
2961,4686,50.3,Grocery,18,6,US,mobile,221.1,0,0,1,0,0,0
2963,4893,20.36,Grocery,15,4,DE,desktop,592.2,0,0,0,0,0,1
2996,3524,53.48,Retail,18,0,DE,desktop,30.5,1,0,0,0,0,0
2997,2206,125.39,Health,11,3,GB,desktop,79.9,1,0,0,0,0,0
3047,3910,133.08,Grocery,16,6,US,tablet,185.6,0,0,1,0,0,0
3048,4042,116.06,Grocery,11,0,NG,desktop,146.3,1,0,0,0,0,1
3060,2093,466.94,Retail,11,6,US,mobile,319.8,1,0,1,0,0,0
3063,2529,173.88,Retail,15,4,AU,desktop,125.7,1,0,0,0,0,0
3075,3326,17.88,Retail,6,4,CA,desktop,98.7,2,0,0,0,0,0
3083,2107,253.26,Grocery,14,5,US,tablet,152.4,0,0,1,0,0,0
3088,1705,185.2,Retail,10,5,US,mobile,72.8,0,0,1,0,0,0
3101,2461,20.07,Utilities,7,1,GB,desktop,81.3,2,0,0,0,0,0
3114,4720,33.83,Grocery,12,2,JP,desktop,154.4,2,0,0,0,0,0
3124,3454,49.41,Retail,18,6,US,mobile,110.3,1,0,1,0,0,0
3146,3208,165.33,Grocery,10,3,CA,desktop,140.5,1,0,0,0,0,0
3148,4346,61.22,Retail,19,4,FR,desktop,159.2,1,0,0,0,0,0
3224,4103,104.06,Grocery,10,4,JP,desktop,390.9,2,0,0,0,0,0
3257,1691,27.9,Grocery,7,6,US,tablet,128.5,0,0,1,0,0,0
3274,2613,40.69,Grocery,17,0,BR,desktop,178.0,1,0,0,0,0,0
3281,1347,195.27,Retail,16,1,CA,desktop,69.1,1,0,0,0,0,0
3320,1140,18.0,Utilities,22,4,FR,desktop,69.7,0,0,0,0,0,0
3364,4282,180.64,Retail,7,1,JP,desktop,101.8,1,0,0,0,0,0
3366,3997,269.05,Grocery,17,3,CA,desktop,357.0,1,0,0,0,0,0
3368,2151,21.24,Retail,22,3,CA,desktop,273.3,1,0,0,0,0,0
3385,4192,91.73,Retail,13,1,DE,desktop,71.5,1,0,0,0,0,0
3391,2011,313.68,Health,11,3,DE,desktop,114.0,2,0,0,0,0,0
3411,1284,33.04,Health,9,0,JP,desktop,211.2,2,0,0,0,0,0
3412,4946,41.06,Retail,6,1,BR,desktop,183.3,2,0,0,0,0,0
3422,4151,25.25,Retail,22,0,DE,desktop,340.7,2,0,0,0,0,0
3426,4919,45.01,Grocery,20,4,CA,desktop,111.8,0,0,0,0,0,0
3439,4739,668.78,Grocery,21,4,NG,desktop,428.0,1,0,0,0,0,0
3454,2393,189.69,Utilities,8,4,CA,desktop,799.0,1,0,0,0,0,0
3457,4001,47.92,Grocery,8,5,US,tablet,223.5,1,0,1,0,0,0
3460,2585,25.06,Utilities,15,6,US,mobile,316.8,1,0,1,0,0,0
3487,2361,31.49,Retail,11,5,US,mobile,249.3,1,0,1,0,0,0
3495,4712,105.62,Retail,6,4,JP,desktop,164.5,2,0,0,0,0,0
3500,2798,119.85,Health,8,5,US,mobile,573.4,1,0,1,0,0,0
3512,3314,52.26,Retail,8,1,CA,desktop,56.1,2,0,0,0,0,0
3513,1513,21.51,Utilities,11,6,US,mobile,136.8,1,0,1,0,0,0
3521,4304,206.19,Grocery,8,2,BR,desktop,327.5,2,0,0,0,0,1
3531,2521,51.93,Retail,17,4,FR,desktop,33.7,2,0,0,0,0,1
3558,2384,176.33,Utilities,8,5,US,mobile,245.5,2,0,1,0,0,0
3597,2356,99.01,Retail,9,6,US,mobile,186.6,1,0,1,0,0,0
3609,3469,260.96,Grocery,16,0,JP,desktop,54.6,2,0,0,0,0,0
3623,2322,150.95,Utilities,11,0,AU,desktop,128.5,0,0,0,0,0,0
3654,3062,312.12,Retail,18,5,US,mobile,147.0,2,0,1,0,0,0
3658,4686,58.71,Utilities,8,5,US,mobile,97.2,2,0,1,0,0,0
3670,1867,129.47,Grocery,18,3,AU,desktop,85.2,0,0,0,0,0,0
3743,4754,56.26,Health,15,2,CA,desktop,294.8,2,0,0,0,0,1
3747,2795,9.55,Retail,21,4,DE,desktop,113.2,2,0,0,0,0,0
3755,1150,445.52,Grocery,7,5,US,tablet,355.5,0,0,1,0,0,0
3774,1508,17.53,Retail,16,5,US,tablet,146.4,0,0,1,0,0,1
3795,4567,83.32,Grocery,7,5,US,mobile,162.6,1,0,1,0,0,0
3803,4220,53.81,Retail,9,5,US,mobile,270.6,1,0,1,0,0,0
3818,4211,49.96,Grocery,13,4,CA,desktop,108.3,1,0,0,0,0,0
3831,4589,475.17,Retail,7,1,AU,desktop,171.7,0,0,0,0,0,0
3861,3174,119.82,Grocery,11,0,AU,desktop,241.8,1,0,0,0,0,0
3870,3846,31.77,Grocery,9,2,DE,desktop,101.6,1,0,0,0,0,1
3888,1706,31.82,Grocery,22,2,AU,desktop,489.6,1,0,0,0,0,0
3892,4702,88.97,Health,12,1,FR,desktop,1027.3,0,0,0,0,0,0
3931,3835,34.37,Retail,14,2,BR,desktop,34.1,1,0,0,0,0,1
3933,3811,22.68,Grocery,19,3,GB,desktop,58.2,0,0,0,0,0,0
3938,2889,43.2,Grocery,21,2,DE,desktop,346.4,1,0,0,0,0,0
3972,4706,48.36,Retail,7,3,JP,desktop,59.2,1,0,0,0,0,0
4009,1758,170.26,Retail,12,0,CA,desktop,473.7,1,0,0,0,0,0
4012,4540,115.91,Retail,10,5,US,mobile,445.4,1,0,1,0,0,1
4014,2957,68.96,Grocery,18,1,NG,desktop,111.0,0,0,0,0,0,0
4018,1610,42.47,Grocery,17,4,DE,desktop,46.2,1,0,0,0,0,0
4022,1189,17.15,Utilities,17,5,US,mobile,174.9,0,0,1,0,0,0
4060,3374,34.42,Grocery,18,3,BR,desktop,601.0,2,0,0,0,0,1
4094,2779,80.65,Utilities,7,6,US,mobile,780.3,1,0,1,0,0,0
4101,1367,61.3,Grocery,12,4,GB,desktop,37.5,0,0,0,0,0,0
4102,4950,57.51,Retail,8,6,US,mobile,1169.9,0,0,1,0,0,0
4115,2164,21.55,Retail,14,5,US,mobile,63.1,1,0,1,0,0,0
4162,2567,147.54,Health,11,1,AU,desktop,70.6,2,0,0,0,0,0
4190,4600,56.59,Grocery,10,5,US,mobile,145.6,0,0,1,0,0,0
4198,1495,31.9,Grocery,18,1,JP,desktop,213.9,1,0,0,0,0,0
4218,2366,70.6,Utilities,11,0,CA,desktop,155.8,1,0,0,0,0,0
4241,2342,59.12,Grocery,14,3,JP,desktop,93.8,0,0,0,0,0,0
4242,2095,221.86,Retail,7,6,US,mobile,76.0,0,0,1,0,0,0
4275,1133,40.18,Grocery,9,6,US,mobile,176.2,1,0,1,0,0,1
4313,2392,33.55,Grocery,16,3,CA,desktop,90.0,1,0,0,0,0,0
4328,2700,15.75,Health,12,1,CA,desktop,108.1,1,0,0,0,0,0
4335,4667,114.62,Utilities,17,5,US,mobile,67.5,1,0,1,0,0,0
4342,2670,389.51,Utilities,20,0,CA,desktop,50.0,1,0,0,0,0,0
4350,2407,50.22,Retail,20,0,GB,desktop,128.1,2,0,0,0,0,0
4353,3204,159.49,Utilities,20,5,US,tablet,649.6,0,0,1,0,0,0
4422,4999,64.6,Utilities,17,2,GB,desktop,510.1,0,0,0,0,0,0
4425,2257,93.23,Retail,12,5,US,tablet,126.9,2,0,1,0,0,0
4433,4593,45.71,Retail,21,5,US,mobile,265.6,1,0,1,0,0,0
4437,3619,176.96,Retail,21,3,JP,desktop,309.9,0,0,0,0,0,0
4486,2475,113.08,Grocery,12,2,GB,desktop,169.7,2,0,0,0,0,0
4505,1067,8.56,Utilities,15,6,US,mobile,74.5,1,0,1,0,0,0
4532,1506,36.72,Utilities,17,6,US,mobile,78.5,2,0,1,0,0,0
4540,4477,456.56,Retail,10,6,US,mobile,346.6,2,0,1,0,0,0
4568,3815,120.04,Grocery,17,6,US,tablet,66.6,1,0,1,0,0,0
4570,1817,109.92,Grocery,6,5,US,mobile,69.6,0,0,1,0,0,0
4591,3776,796.23,Grocery,17,0,NG,desktop,55.7,0,0,0,0,0,0
4612,2298,73.26,Grocery,15,2,GB,desktop,45.3,0,0,0,0,0,0
4645,1106,102.64,Grocery,13,3,FR,desktop,227.7,2,0,0,0,0,0
4675,4329,344.81,Grocery,21,0,AU,desktop,156.5,1,0,0,0,0,0
4687,4793,550.23,Retail,7,5,US,tablet,143.9,1,0,1,0,0,0
4702,1225,157.71,Retail,16,5,US,mobile,139.6,0,0,1,0,0,0
4712,4182,345.82,Grocery,19,4,JP,desktop,71.4,0,0,0,0,0,0
4733,4052,25.44,Utilities,10,0,NG,desktop,191.0,1,0,0,0,0,0
4745,3784,48.88,Utilities,21,1,CA,desktop,274.4,1,0,0,0,0,0
4768,1034,210.04,Grocery,17,1,CA,desktop,138.9,1,0,0,0,0,0
4774,4948,150.29,Grocery,16,1,BR,desktop,454.8,1,0,0,0,0,0
4779,1426,110.62,Grocery,17,5,US,mobile,828.3,1,0,1,0,0,0
4792,4964,42.91,Health,14,3,AU,desktop,169.7,1,0,0,0,0,0
4801,3447,218.1,Utilities,10,4,AU,desktop,1028.3,1,0,0,0,0,0
4811,1814,59.12,Grocery,7,5,US,tablet,163.0,0,0,1,0,0,0
4814,3223,119.04,Grocery,13,5,US,mobile,33.9,1,0,1,0,0,0
4815,3984,245.66,Grocery,15,1,DE,desktop,212.0,1,0,0,0,0,0
4841,4052,53.02,Retail,19,5,US,mobile,134.5,1,0,1,0,0,0
4853,1424,66.84,Utilities,12,6,US,mobile,68.7,2,0,1,0,0,0
4889,2351,69.45,Grocery,18,6,US,mobile,141.2,2,0,1,0,0,0
4891,4352,363.25,Grocery,20,0,CA,desktop,206.0,1,0,0,0,0,0
4914,3424,115.3,Health,18,3,AU,desktop,309.3,2,0,0,0,0,0
4920,3109,288.56,Grocery,16,1,CA,desktop,76.4,1,0,0,0,0,0
4922,4491,26.52,Retail,8,4,BR,desktop,123.0,1,0,0,0,0,0
4965,4778,469.97,Utilities,21,5,US,mobile,100.6,1,0,1,0,0,1
4975,4205,28.17,Grocery,15,6,US,mobile,54.8,1,0,1,0,0,0
4990,4534,288.21,Utilities,10,4,GB,desktop,272.6,0,0,0,0,0,0
5034,1583,201.56,Retail,14,4,FR,desktop,53.3,1,0,0,0,0,0
5050,4648,281.1,Retail,6,5,US,mobile,54.8,0,0,1,0,0,0
5054,4653,65.91,Utilities,13,4,GB,desktop,86.6,2,0,0,0,0,1
5124,3713,56.83,Grocery,9,3,CA,desktop,61.1,1,0,0,0,0,0
5137,2834,56.39,Grocery,9,6,US,tablet,209.7,0,0,1,0,0,1
5251,1596,111.02,Retail,6,2,JP,desktop,578.9,1,0,0,0,0,0
5258,2154,49.62,Retail,14,6,US,mobile,647.8,0,0,1,0,0,0
5260,1965,60.84,Retail,19,0,CA,desktop,607.4,1,0,0,0,0,0
5261,4973,110.45,Retail,10,1,BR,desktop,107.9,0,0,0,0,0,0
5275,3460,92.64,Grocery,22,6,US,mobile,246.8,1,0,1,0,0,0
5320,1903,41.92,Retail,22,6,US,tablet,50.2,2,0,1,0,0,0
5328,1983,83.79,Grocery,22,6,US,mobile,100.2,2,0,1,0,0,0
5339,2557,212.31,Retail,6,3,AU,desktop,298.8,1,0,0,0,0,0
5346,2594,185.59,Utilities,11,5,US,mobile,175.5,2,0,1,0,0,1
5365,2092,29.42,Grocery,10,6,US,mobile,55.8,1,0,1,0,0,0
5381,1663,129.39,Retail,6,5,US,mobile,183.6,1,0,1,0,0,0
5395,3172,92.13,Utilities,14,6,US,mobile,215.6,1,0,1,0,0,0
5401,4405,652.55,Retail,9,6,US,mobile,41.9,1,0,1,0,0,0
5422,4887,24.37,Retail,11,2,CA,desktop,505.7,2,0,0,0,0,0
5490,2442,42.25,Utilities,15,1,AU,desktop,508.7,0,0,0,0,0,0
5499,4960,136.79,Grocery,10,0,BR,desktop,136.1,0,0,0,0,0,0
5522,3611,74.29,Grocery,22,4,BR,desktop,1046.3,2,0,0,0,0,0
5536,3701,89.32,Retail,12,5,US,mobile,71.8,1,0,1,0,0,0
5538,4364,34.42,Grocery,18,1,AU,desktop,220.3,0,0,0,0,0,0
5539,4265,27.91,Grocery,20,1,BR,desktop,212.0,0,0,0,0,0,0
5547,1616,84.1,Retail,10,0,GB,desktop,226.4,2,0,0,0,0,0
5548,1195,118.13,Grocery,14,6,US,mobile,56.4,0,0,1,0,0,0
5553,3624,157.67,Retail,10,3,JP,desktop,107.3,1,0,0,0,0,0
5554,3594,62.65,Grocery,20,5,US,mobile,418.2,0,0,1,0,0,0
5604,2969,76.29,Grocery,22,3,GB,desktop,251.9,0,0,0,0,0,0
5609,3430,46.85,Grocery,14,6,US,mobile,496.6,1,0,1,0,0,0
5639,1434,109.33,Grocery,10,5,US,mobile,108.8,1,0,1,0,0,0
5640,4693,44.67,Retail,14,6,US,mobile,245.4,1,0,1,0,0,0
5648,4823,388.68,Retail,17,3,BR,desktop,321.3,0,0,0,0,0,0
5678,2486,29.74,Grocery,12,4,CA,desktop,62.0,2,0,0,0,0,0
5716,2726,75.58,Grocery,15,5,US,mobile,34.8,2,0,1,0,0,0
5751,4523,47.6,Grocery,6,2,CA,desktop,183.4,2,0,0,0,0,0
5772,1887,42.23,Utilities,19,4,BR,desktop,100.4,1,0,0,0,0,0
5799,3250,30.9,Grocery,11,2,CA,desktop,260.9,2,0,0,0,0,0
5803,2749,76.1,Grocery,17,3,AU,desktop,164.0,2,0,0,0,0,0
5858,2460,113.13,Retail,11,5,US,tablet,133.0,1,0,1,0,0,0
5875,3847,215.85,Grocery,14,6,US,mobile,226.3,0,0,1,0,0,0
5885,1523,61.26,Grocery,9,6,US,mobile,256.6,1,0,1,0,0,0
5888,1674,67.17,Grocery,11,4,GB,desktop,211.2,2,0,0,0,0,0
5893,1501,44.02,Retail,17,0,FR,desktop,196.6,0,0,0,0,0,0
5938,3295,92.92,Utilities,19,3,GB,desktop,350.7,1,0,0,0,0,0
5956,3840,53.37,Retail,9,5,US,mobile,68.0,0,0,1,0,0,0
5984,4287,20.69,Health,21,0,AU,desktop,45.7,0,0,0,0,0,1
5987,4655,139.61,Retail,14,3,AU,desktop,486.6,0,0,0,0,0,0
6023,2269,30.33,Grocery,7,5,US,mobile,54.0,0,0,1,0,0,0
6038,2304,84.83,Grocery,6,5,US,tablet,78.4,1,0,1,0,0,0
6051,2659,14.68,Retail,14,4,FR,desktop,587.3,1,0,0,0,0,0
6079,3307,5.14,Grocery,17,6,US,mobile,186.0,1,0,1,0,0,0
6115,1791,58.19,Retail,15,5,US,mobile,391.6,1,0,1,0,0,0
6171,3158,58.42,Retail,14,0,FR,desktop,32.1,1,0,0,0,0,0
6173,4719,250.13,Grocery,22,5,US,mobile,315.4,2,0,1,0,0,0
6188,4858,167.74,Retail,9,3,JP,desktop,259.6,1,0,0,0,0,0
6196,2561,29.95,Grocery,22,2,NG,desktop,850.4,2,0,0,0,0,0
6212,3704,129.19,Utilities,10,4,DE,desktop,169.0,1,0,0,0,0,0
6267,3768,91.77,Grocery,22,6,US,mobile,67.5,2,0,1,0,0,0
6272,4044,17.29,Grocery,15,6,US,mobile,273.2,0,0,1,0,0,0
6302,1003,99.23,Grocery,19,3,GB,desktop,150.7,0,0,0,0,0,0
6307,4228,92.91,Grocery,12,2,DE,desktop,87.3,1,0,0,0,0,0
6325,4774,87.79,Retail,22,4,CA,desktop,195.7,2,0,0,0,0,0
6335,1266,35.45,Grocery,19,5,US,mobile,48.2,2,0,1,0,0,0
6336,1754,95.24,Grocery,7,5,US,mobile,155.3,0,0,1,0,0,0
6361,3499,23.18,Utilities,8,6,US,mobile,363.2,0,0,1,0,0,0
6363,4038,57.51,Retail,22,6,US,mobile,476.3,2,0,1,0,0,0
6383,3430,35.72,Retail,18,6,US,mobile,796.3,1,0,1,0,0,0
6389,1864,21.42,Health,16,4,CA,desktop,150.8,2,0,0,0,0,0
6410,4712,48.62,Grocery,12,6,US,mobile,160.0,1,0,1,0,0,0
6419,4924,63.32,Grocery,7,0,AU,desktop,62.3,1,0,0,0,0,0
6436,1051,86.11,Retail,13,1,AU,desktop,52.8,1,0,0,0,0,0
6483,4784,51.05,Retail,8,5,US,mobile,71.3,0,0,1,0,0,0
6487,4146,827.75,Grocery,6,3,JP,desktop,48.2,1,0,0,0,0,0
6488,2199,411.98,Retail,14,2,FR,desktop,72.9,0,0,0,0,0,0
6489,1528,70.9,Retail,8,6,US,mobile,251.7,1,0,1,0,0,0
6513,1351,87.87,Retail,8,6,US,mobile,451.6,1,0,1,0,0,1
6528,2908,55.55,Retail,12,5,US,tablet,84.1,0,0,1,0,0,0
6530,2354,59.55,Retail,20,5,US,tablet,33.7,2,0,1,0,0,0
6531,1255,203.68,Retail,14,5,US,mobile,201.4,1,0,1,0,0,0
6556,3133,147.57,Grocery,7,0,CA,desktop,84.1,1,0,0,0,0,0
6593,2480,213.35,Retail,18,3,GB,desktop,109.2,1,0,0,0,0,0
6596,2987,899.7,Grocery,9,2,CA,desktop,52.9,0,0,0,0,0,0
6649,3201,67.27,Grocery,21,5,US,tablet,491.2,1,0,1,0,0,0
6670,2466,50.63,Retail,18,1,CA,desktop,240.8,0,0,0,0,0,1
6678,2169,142.63,Retail,18,3,CA,desktop,196.1,1,0,0,0,0,0
6701,4560,208.86,Grocery,15,6,US,mobile,276.2,1,0,1,0,0,0
6706,1154,215.12,Retail,22,6,US,mobile,105.6,1,0,1,0,0,0
6737,2592,25.56,Grocery,14,4,AU,desktop,114.0,1,0,0,0,0,1
6762,2146,200.55,Retail,20,0,AU,desktop,106.7,1,0,0,0,0,0
6776,4778,34.62,Retail,7,5,US,mobile,119.9,2,0,1,0,0,0
6784,3794,133.02,Retail,6,4,CA,desktop,408.2,0,0,0,0,0,0
6798,3767,98.63,Grocery,14,6,US,mobile,67.0,0,0,1,0,0,0
6823,4990,87.54,Grocery,16,6,US,mobile,256.4,1,0,1,0,0,0
6847,1438,76.58,Grocery,12,1,GB,desktop,36.0,1,0,0,0,0,0
6888,2457,86.84,Retail,13,2,BR,desktop,140.7,1,0,0,0,0,0
6889,1407,64.39,Retail,15,2,AU,desktop,130.2,1,0,0,0,0,0
6932,4172,58.83,Retail,22,2,GB,desktop,130.0,1,0,0,0,0,0
6949,2500,177.11,Grocery,15,5,US,mobile,501.3,0,0,1,0,0,0
6995,3992,188.17,Retail,20,2,DE,desktop,48.3,1,0,0,0,0,0
7043,3439,8.56,Retail,9,2,GB,desktop,190.3,2,0,0,0,0,0
7074,1913,39.7,Grocery,22,5,US,mobile,60.1,0,0,1,0,0,0
7080,2214,17.13,Grocery,6,4,DE,desktop,110.9,2,0,0,0,0,0
7091,3613,105.18,Grocery,14,6,US,mobile,41.4,2,0,1,0,0,0
7112,4196,141.56,Grocery,12,6,US,tablet,101.8,2,0,1,0,0,0
7114,2993,56.14,Health,20,0,DE,desktop,93.5,1,0,0,0,0,0
7120,3057,131.1,Grocery,7,0,DE,desktop,569.0,0,0,0,0,0,0
7157,3913,645.26,Health,20,6,US,tablet,666.9,1,0,1,0,0,1
7225,3070,101.7,Grocery,9,6,US,tablet,51.7,1,0,1,0,0,0
7289,2755,5.72,Retail,14,4,AU,desktop,57.0,1,0,0,0,0,0
7304,1840,109.43,Retail,15,2,DE,desktop,103.4,2,0,0,0,0,1
7305,4642,62.27,Retail,17,3,CA,desktop,46.0,0,0,0,0,0,0
7350,4162,50.87,Grocery,11,3,GB,desktop,173.1,1,0,0,0,0,0
7353,2493,38.9,Retail,14,1,AU,desktop,657.8,2,0,0,0,0,0
7364,1684,110.23,Retail,15,2,AU,desktop,299.1,1,0,0,0,0,0
7381,3743,809.72,Utilities,12,0,GB,desktop,279.5,2,0,0,0,0,0
7457,3254,73.04,Utilities,14,2,CA,desktop,70.4,1,0,0,0,0,0
7485,1108,169.41,Grocery,17,3,GB,desktop,159.9,1,0,0,0,0,0
7498,2238,209.23,Grocery,15,2,AU,desktop,188.6,1,0,0,0,0,0
7519,1946,135.17,Retail,19,5,US,mobile,246.0,1,0,1,0,0,0
7570,3099,100.71,Retail,9,0,AU,desktop,129.4,1,0,0,0,0,1
7587,4305,288.46,Utilities,15,2,CA,desktop,303.5,1,0,0,0,0,0
7603,2092,22.41,Grocery,12,6,US,mobile,123.0,1,0,1,0,0,0
7698,1945,198.94,Health,20,4,CA,desktop,198.9,2,0,0,0,0,1
7730,4797,80.27,Grocery,18,0,JP,desktop,348.0,0,0,0,0,0,0
7733,2112,464.03,Retail,20,1,GB,desktop,32.5,0,0,0,0,0,0
7758,1079,38.36,Retail,10,5,US,mobile,32.2,0,0,1,0,0,0
7798,1533,877.52,Grocery,12,4,BR,desktop,33.8,0,0,0,0,0,0
7804,4241,59.76,Grocery,21,5,US,mobile,41.4,2,0,1,0,0,0
7810,2497,60.08,Grocery,6,1,DE,desktop,55.0,1,0,0,0,0,1
7814,4251,169.16,Grocery,17,6,US,mobile,190.5,1,0,1,0,0,0
7842,1871,230.83,Grocery,13,1,FR,desktop,179.3,1,0,0,0,0,0
7847,2087,21.87,Grocery,6,1,DE,desktop,415.3,0,0,0,0,0,0
7895,3974,429.64,Health,18,3,DE,desktop,148.1,1,0,0,0,0,0
7912,3373,80.13,Grocery,22,4,AU,desktop,368.6,2,0,0,0,0,0
7914,4956,133.25,Utilities,14,3,JP,desktop,224.9,2,0,0,0,0,0
7922,2262,190.6,Retail,10,4,JP,desktop,132.3,1,0,0,0,0,0
7929,4727,44.25,Grocery,7,4,NG,desktop,163.0,0,0,0,0,0,0
7954,1219,48.05,Grocery,20,5,US,mobile,109.4,1,0,1,0,0,0
7975,1536,44.46,Grocery,14,5,US,tablet,101.5,1,0,1,0,0,0
7981,4525,57.15,Retail,15,1,CA,desktop,193.9,1,0,0,0,0,1
7999,1527,95.7,Retail,7,1,FR,desktop,113.4,1,0,0,0,0,0
8071,1247,114.97,Health,10,2,DE,desktop,103.4,2,0,0,0,0,0
8074,2253,15.87,Grocery,15,6,US,mobile,444.4,1,0,1,0,0,0
8107,2963,13.55,Retail,16,3,BR,desktop,65.0,0,0,0,0,0,0
8110,4312,126.72,Grocery,8,1,GB,desktop,93.9,1,0,0,0,0,0
8117,1474,85.31,Health,19,2,DE,desktop,368.6,0,0,0,0,0,0
8147,4997,465.81,Retail,6,5,US,tablet,72.2,1,0,1,0,0,0
8181,2909,46.47,Retail,17,0,FR,desktop,176.6,1,0,0,0,0,0
8194,3364,190.98,Grocery,17,1,JP,desktop,67.8,0,0,0,0,0,0
8203,3356,76.19,Retail,8,5,US,mobile,160.6,0,0,1,0,0,0
8276,4423,53.39,Retail,15,0,JP,desktop,283.0,1,0,0,0,0,0
8288,2531,97.28,Grocery,16,1,CA,desktop,42.0,1,0,0,0,0,0
8340,2838,81.52,Utilities,12,4,JP,desktop,335.9,0,0,0,0,0,0
8355,3226,156.58,Retail,7,5,US,tablet,91.8,2,0,1,0,0,0
8373,3608,127.44,Grocery,21,6,US,mobile,79.5,2,0,1,0,0,0
8389,4607,63.94,Utilities,19,3,CA,desktop,89.9,1,0,0,0,0,0
8428,1453,184.95,Grocery,7,6,US,mobile,111.3,2,0,1,0,0,0
8430,3270,40.05,Grocery,20,3,DE,desktop,100.8,1,0,0,0,0,0
8433,1330,55.87,Retail,19,1,BR,desktop,466.0,1,0,0,0,0,0
8442,1726,90.86,Utilities,15,5,US,mobile,142.1,1,0,1,0,0,0
8456,1705,114.17,Utilities,22,6,US,mobile,154.3,2,0,1,0,0,0
8479,3504,167.29,Retail,8,3,BR,desktop,168.5,2,0,0,0,0,0
8492,2053,110.72,Grocery,16,6,US,mobile,125.9,2,0,1,0,0,0
8496,1083,156.0,Health,10,2,FR,desktop,68.5,0,0,0,0,0,0
8514,1121,212.89,Utilities,21,0,JP,desktop,444.1,2,0,0,0,0,0
8517,3008,250.21,Retail,19,1,CA,desktop,317.1,1,0,0,0,0,0
8521,3318,63.55,Grocery,19,1,GB,desktop,187.7,1,0,0,0,0,0
8541,3028,186.02,Retail,10,2,CA,desktop,90.4,1,0,0,0,0,0
8542,4993,80.66,Grocery,11,0,DE,desktop,74.6,1,0,0,0,0,0
8546,4227,194.32,Retail,15,1,GB,desktop,72.8,2,0,0,0,0,0
8550,1846,50.08,Grocery,22,6,US,mobile,299.9,0,0,1,0,0,0
8574,4639,15.99,Grocery,21,5,US,mobile,84.4,2,0,1,0,0,0
8582,1337,103.35,Grocery,9,5,US,mobile,61.3,0,0,1,0,0,0
8604,3855,57.46,Grocery,10,0,GB,desktop,336.9,2,0,0,0,0,0
8737,2756,18.1,Grocery,8,3,JP,desktop,186.2,0,0,0,0,0,0
8822,2485,234.03,Grocery,11,3,FR,desktop,101.5,0,0,0,0,0,0
8866,4325,393.52,Retail,22,6,US,tablet,172.6,0,0,1,0,0,0
8884,2258,43.91,Health,9,6,US,mobile,353.7,2,0,1,0,0,0
8933,3374,283.14,Grocery,20,0,FR,desktop,40.1,2,0,0,0,0,0
8950,2982,190.94,Retail,6,3,DE,desktop,107.9,1,0,0,0,0,0
8951,1448,9.26,Retail,21,5,US,tablet,188.1,2,0,1,0,0,0
8969,2595,142.11,Retail,12,4,NG,desktop,52.4,2,0,0,0,0,0
9012,2589,10.34,Grocery,18,0,FR,desktop,636.9,0,0,0,0,0,0
9016,1750,23.64,Retail,7,4,CA,desktop,86.6,2,0,0,0,0,0
9024,3062,74.91,Health,11,0,DE,desktop,170.3,1,0,0,0,0,0
9029,3364,125.92,Grocery,15,6,US,mobile,567.3,1,0,1,0,0,0
9035,4458,59.89,Retail,20,6,US,mobile,77.9,2,0,1,0,0,0
9036,2194,57.42,Retail,19,4,AU,desktop,474.9,1,0,0,0,0,0
9108,3702,142.11,Grocery,7,2,CA,desktop,47.5,0,0,0,0,0,0
9110,2001,18.88,Retail,11,0,CA,desktop,75.6,0,0,0,0,0,0
9120,3814,147.5,Grocery,14,0,NG,desktop,488.1,2,0,0,0,0,0
9130,1641,16.84,Grocery,18,4,CA,desktop,219.8,2,0,0,0,0,0
9138,3215,41.58,Grocery,8,1,CA,desktop,47.6,1,0,0,0,0,1
9155,4667,169.82,Retail,12,3,JP,desktop,220.3,2,0,0,0,0,0
9205,3574,70.7,Grocery,9,1,CA,desktop,405.6,2,0,0,0,0,0
9228,2868,245.39,Grocery,19,6,US,tablet,155.9,2,0,1,0,0,1
9237,3226,43.85,Retail,6,2,NG,desktop,39.3,1,0,0,0,0,0
9241,2132,380.17,Utilities,10,5,US,mobile,150.0,1,0,1,0,0,0
9280,1883,90.82,Grocery,20,2,AU,desktop,136.7,1,0,0,0,0,0
9311,4166,32.84,Health,12,4,DE,desktop,34.8,1,0,0,0,0,0
9330,3317,225.49,Retail,18,1,FR,desktop,109.0,0,0,0,0,0,0
9374,2142,56.81,Grocery,8,4,BR,desktop,116.7,1,0,0,0,0,0
9386,3908,21.36,Retail,22,6,US,mobile,60.9,1,0,1,0,0,0
9401,2912,5.64,Retail,19,1,GB,desktop,176.9,2,0,0,0,0,0
9408,2494,53.23,Grocery,9,4,BR,desktop,205.8,1,0,0,0,0,0
9423,2849,132.99,Retail,7,5,US,mobile,146.5,2,0,1,0,0,0
9528,3029,45.24,Grocery,16,4,BR,desktop,136.4,2,0,0,0,0,0
9613,1318,90.16,Retail,14,2,FR,desktop,297.8,0,0,0,0,0,0
9666,3729,63.31,Grocery,12,5,US,tablet,176.7,2,0,1,0,0,0
9685,3586,165.1,Retail,16,5,US,mobile,160.9,2,0,1,0,0,1
9696,3623,173.49,Grocery,7,3,CA,desktop,414.0,0,0,0,0,0,0
9718,1093,702.67,Grocery,14,5,US,tablet,280.9,0,0,1,0,0,0
9751,2167,58.51,Retail,19,3,BR,desktop,188.6,2,0,0,0,0,0
9773,4320,299.05,Grocery,6,5,US,tablet,107.1,1,0,1,0,0,0
9810,3840,217.53,Grocery,21,5,US,mobile,142.6,0,0,1,0,0,0
9830,2295,147.16,Utilities,8,1,CA,desktop,153.5,2,0,0,0,0,0
9839,1407,117.29,Retail,12,4,CA,desktop,143.2,0,0,0,0,0,0
9944,1283,13.15,Utilities,10,3,GB,desktop,269.9,1,0,0,0,0,0
9971,1798,76.87,Grocery,13,0,CA,desktop,133.6,2,0,0,0,0,0
9984,4419,356.27,Grocery,12,2,AU,desktop,829.7,2,0,0,0,0,0
9987,2959,247.53,Health,18,6,US,mobile,238.9,2,0,1,0,0,0
9995,4837,34.4,Retail,12,4,CA,desktop,103.0,1,0,0,0,0,1
10000,3460,353.68,Grocery,8,2,GB,desktop,205.5,1,0,0,0,0,0
10016,3603,64.88,Grocery,15,6,US,mobile,91.5,1,0,1,0,0,0
10045,3140,383.57,Retail,22,5,US,tablet,230.2,1,0,1,0,0,1
10064,4406,639.76,Retail,17,1,JP,desktop,64.6,0,0,0,0,0,0
10089,2683,71.59,Health,18,6,US,mobile,41.5,1,0,1,0,0,0
10104,2686,32.85,Grocery,16,5,US,mobile,138.9,2,0,1,0,0,0
10163,2657,486.76,Retail,22,1,DE,desktop,636.3,1,0,0,0,0,0
10185,4341,153.41,Retail,18,0,CA,desktop,42.0,0,0,0,0,0,0
10190,4979,12.42,Retail,21,4,CA,desktop,236.1,0,0,0,0,0,0
10209,3972,377.37,Retail,20,0,FR,desktop,214.6,2,0,0,0,0,0
10240,3024,28.81,Retail,9,6,US,mobile,139.4,1,0,1,0,0,0
10241,3784,30.92,Retail,7,6,US,tablet,298.6,2,0,1,0,0,0
10277,4426,307.84,Retail,21,5,US,mobile,52.0,2,0,1,0,0,0
10279,2362,177.32,Grocery,6,6,US,mobile,266.2,1,0,1,0,0,0
10309,1406,55.0,Retail,13,0,GB,desktop,90.6,0,0,0,0,0,0
10321,4912,47.03,Utilities,13,4,BR,desktop,198.5,2,0,0,0,0,0
10418,1291,57.88,Grocery,20,5,US,mobile,44.2,2,0,1,0,0,1
10425,1564,25.34,Utilities,8,3,FR,desktop,54.1,2,0,0,0,0,0
10448,1411,52.8,Retail,6,3,GB,desktop,111.3,1,0,0,0,0,0
10472,3507,105.22,Grocery,6,3,AU,desktop,64.7,2,0,0,0,0,1
10474,1736,294.13,Grocery,11,6,US,mobile,481.5,1,0,1,0,0,1
10479,3549,148.7,Grocery,9,6,US,mobile,359.9,1,0,1,0,0,0
10482,1554,20.93,Retail,13,3,NG,desktop,46.7,1,0,0,0,0,0
10500,4287,789.49,Retail,20,3,AU,desktop,520.8,1,0,0,0,0,1
10540,2961,482.62,Health,7,4,NG,desktop,68.9,2,0,0,0,0,1
10545,3383,33.75,Grocery,7,2,GB,desktop,389.9,0,0,0,0,0,0
10569,4792,188.21,Grocery,10,3,NG,desktop,71.2,2,0,0,0,0,0
10591,4954,32.9,Grocery,17,2,DE,desktop,207.6,0,0,0,0,0,0
10606,3903,443.95,Grocery,21,6,US,tablet,36.6,1,0,1,0,0,0
10609,1655,139.17,Retail,7,6,US,mobile,190.7,1,0,1,0,0,0
10614,4994,98.25,Retail,15,5,US,mobile,94.0,0,0,1,0,0,0
10627,2140,217.27,Grocery,11,2,DE,desktop,874.5,2,0,0,0,0,0
10646,4455,44.09,Retail,12,3,FR,desktop,103.2,1,0,0,0,0,0
10647,2403,34.33,Grocery,18,6,US,mobile,86.2,2,0,1,0,0,0
10661,3336,142.94,Grocery,17,1,FR,desktop,259.3,1,0,0,0,0,0
10664,3970,126.41,Retail,20,3,CA,desktop,42.4,0,0,0,0,0,0
10672,4102,310.97,Grocery,6,6,US,mobile,63.1,2,0,1,0,0,0
10739,1093,28.36,Grocery,13,6,US,mobile,60.6,2,0,1,0,0,0
10741,3384,328.58,Grocery,21,6,US,mobile,834.9,1,0,1,0,0,0
10810,3211,46.18,Retail,8,3,GB,desktop,238.1,0,0,0,0,0,1
10813,3024,372.09,Grocery,7,3,DE,desktop,171.4,1,0,0,0,0,0
10857,3585,9.52,Utilities,21,0,JP,desktop,312.2,2,0,0,0,0,0
10871,2064,745.23,Retail,10,2,NG,desktop,61.2,1,0,0,0,0,1
10896,2408,127.37,Retail,7,1,AU,desktop,262.0,2,0,0,0,0,0
10941,2486,65.45,Health,20,4,NG,desktop,373.6,2,0,0,0,0,1
10960,4995,172.01,Health,9,5,US,tablet,128.2,1,0,1,0,0,0
10988,2293,61.42,Retail,18,1,JP,desktop,53.4,2,0,0,0,0,0
11020,3365,56.87,Retail,12,0,GB,desktop,100.9,2,0,0,0,0,0
11023,3663,642.84,Retail,19,1,FR,desktop,233.1,0,0,0,0,0,0
11032,4924,38.54,Retail,20,3,CA,desktop,72.5,0,0,0,0,0,1
11042,2774,47.24,Grocery,21,2,GB,desktop,133.5,1,0,0,0,0,0
11066,3075,170.2,Retail,22,5,US,mobile,323.3,1,0,1,0,0,0
11083,3654,173.51,Retail,18,4,CA,desktop,483.4,1,0,0,0,0,1
11096,3486,130.98,Grocery,19,5,US,tablet,365.2,0,0,1,0,0,0
11139,3274,44.47,Grocery,19,6,US,mobile,164.0,2,0,1,0,0,0
11197,1720,19.65,Grocery,8,5,US,mobile,291.2,0,0,1,0,0,0
11221,3418,47.44,Retail,6,6,US,mobile,84.3,2,0,1,0,0,0
11241,3530,35.02,Retail,13,5,US,mobile,80.6,2,0,1,0,0,0
11256,4074,88.47,Health,10,1,JP,desktop,353.9,2,0,0,0,0,0
11269,4429,11.71,Grocery,10,2,NG,desktop,44.1,1,0,0,0,0,0
11292,1910,75.83,Health,13,6,US,mobile,39.4,0,0,1,0,0,0
11400,1214,35.64,Grocery,13,6,US,mobile,67.2,2,0,1,0,0,0
11422,4089,5.0,Grocery,15,3,NG,desktop,67.1,1,0,0,0,0,0
11428,3744,22.62,Grocery,17,0,AU,desktop,143.6,0,0,0,0,0,0
11479,1672,158.47,Utilities,13,5,US,mobile,643.7,0,0,1,0,0,1
11499,1197,162.14,Health,19,0,GB,desktop,73.8,0,0,0,0,0,0
11516,2972,257.06,Health,16,4,CA,desktop,116.4,0,0,0,0,0,0
11520,1212,203.17,Grocery,10,2,JP,desktop,275.8,1,0,0,0,0,0
11569,3075,499.0,Grocery,16,0,GB,desktop,81.8,1,0,0,0,0,0
11587,1681,162.49,Grocery,17,5,US,tablet,171.3,2,0,1,0,0,1
11591,1408,63.54,Grocery,7,0,DE,desktop,281.5,0,0,0,0,0,0
11635,2675,77.96,Retail,14,6,US,mobile,267.3,2,0,1,0,0,0
11657,2377,67.51,Health,15,3,FR,desktop,41.3,2,0,0,0,0,0
11660,4167,15.31,Grocery,8,2,NG,desktop,168.2,2,0,0,0,0,0
11666,2331,235.99,Retail,12,5,US,mobile,31.5,1,0,1,0,0,0
11667,2337,35.7,Utilities,13,2,DE,desktop,229.7,1,0,0,0,0,1
11734,4305,70.29,Grocery,22,0,JP,desktop,94.5,1,0,0,0,0,0
11759,4930,160.26,Grocery,19,0,NG,desktop,37.3,2,0,0,0,0,0
11830,2056,156.8,Grocery,19,3,FR,desktop,258.9,2,0,0,0,0,0
11847,4287,346.23,Retail,16,6,US,mobile,473.9,0,0,1,0,0,0
11910,2720,115.07,Grocery,8,6,US,tablet,62.4,2,0,1,0,0,0
11936,2145,41.08,Retail,17,5,US,mobile,742.7,0,0,1,0,0,0
11951,3721,119.79,Retail,8,4,FR,desktop,88.9,0,0,0,0,0,1
11994,3322,101.21,Retail,6,3,GB,desktop,184.5,0,0,0,0,0,0
12016,4416,118.04,Grocery,18,5,US,mobile,205.2,1,0,1,0,0,1
12033,4963,30.52,Retail,16,3,JP,desktop,214.1,0,0,0,0,0,0
12052,4484,216.0,Grocery,11,4,CA,desktop,63.8,0,0,0,0,0,0
12062,2474,284.7,Grocery,14,3,DE,desktop,306.8,0,0,0,0,0,0
12064,2823,97.49,Grocery,16,5,US,mobile,157.6,2,0,1,0,0,0
12079,4294,81.57,Grocery,11,1,JP,desktop,85.8,1,0,0,0,0,0
12080,2703,180.12,Grocery,9,5,US,mobile,70.1,2,0,1,0,0,0
12082,2813,236.03,Retail,8,2,CA,desktop,222.2,1,0,0,0,0,1
12086,4117,205.89,Utilities,20,0,DE,desktop,146.4,2,0,0,0,0,0
12127,4697,13.01,Health,9,5,US,mobile,70.4,0,0,1,0,0,0
12151,1490,33.46,Grocery,11,5,US,mobile,96.6,1,0,1,0,0,0
12153,3821,19.49,Retail,7,6,US,tablet,197.2,1,0,1,0,0,0
12182,1265,85.07,Utilities,10,1,GB,desktop,177.6,2,0,0,0,0,0
12185,1203,12.42,Retail,15,3,GB,desktop,131.8,2,0,0,0,0,1
12203,3985,220.21,Grocery,19,4,CA,desktop,31.0,2,0,0,0,0,0
12206,4378,86.99,Retail,10,6,US,tablet,117.1,2,0,1,0,0,1
12212,4866,246.52,Utilities,9,6,US,mobile,80.0,1,0,1,0,0,0
12228,4808,30.88,Retail,14,6,US,mobile,70.1,1,0,1,0,0,0
12252,2271,507.09,Retail,7,4,NG,desktop,172.8,2,0,0,0,0,0
12281,3765,45.46,Retail,13,2,AU,desktop,145.7,2,0,0,0,0,0
12287,2857,40.87,Health,9,2,DE,desktop,47.0,1,0,0,0,0,0
12317,2072,240.63,Utilities,6,5,US,tablet,463.8,0,0,1,0,0,0
12398,2839,49.89,Retail,6,3,CA,desktop,159.4,0,0,0,0,0,1
12413,2550,26.58,Grocery,16,0,GB,desktop,271.5,1,0,0,0,0,0
12424,3999,437.55,Grocery,8,5,US,mobile,423.4,0,0,1,0,0,0
12480,3263,627.55,Grocery,22,6,US,mobile,167.3,2,0,1,0,0,0
12486,1148,456.9,Grocery,19,2,AU,desktop,227.9,0,0,0,0,0,1
12488,4166,228.18,Retail,12,1,GB,desktop,125.8,0,0,0,0,0,0
12494,4750,21.16,Retail,20,6,US,tablet,297.2,1,0,1,0,0,0
12505,2855,53.06,Grocery,9,1,CA,desktop,552.8,0,0,0,0,0,1
12518,2928,259.05,Retail,20,3,DE,desktop,102.0,1,0,0,0,0,0
12544,1885,19.62,Grocery,19,1,GB,desktop,46.6,0,0,0,0,0,0
12577,2075,31.47,Grocery,10,4,BR,desktop,94.5,2,0,0,0,0,1
12601,4267,219.26,Retail,12,6,US,mobile,268.6,1,0,1,0,0,0
12636,3825,55.72,Utilities,21,3,JP,desktop,316.0,1,0,0,0,0,0
12643,1955,211.9,Grocery,13,1,CA,desktop,65.9,0,0,0,0,0,0
12651,2499,23.88,Grocery,10,5,US,mobile,173.2,1,0,1,0,0,0
12666,3036,90.28,Grocery,11,2,CA,desktop,44.3,1,0,0,0,0,0
12667,2861,149.35,Grocery,22,6,US,mobile,453.7,2,0,1,0,0,0
12672,2516,159.04,Grocery,10,6,US,mobile,45.8,1,0,1,0,0,0
12723,1544,201.26,Retail,21,5,US,mobile,227.9,2,0,1,0,0,0
12797,1085,48.77,Health,20,0,DE,desktop,132.3,1,0,0,0,0,0
12808,3098,339.16,Grocery,12,6,US,mobile,643.2,0,0,1,0,0,0
12872,2554,91.79,Retail,22,5,US,mobile,177.9,0,0,1,0,0,0
12895,3039,16.07,Retail,13,6,US,mobile,42.9,1,0,1,0,0,0
12909,2059,21.66,Retail,19,2,BR,desktop,140.4,2,0,0,0,0,0
12911,4940,153.62,Grocery,10,5,US,mobile,56.4,1,0,1,0,0,0
13019,4555,312.51,Grocery,12,0,GB,desktop,307.4,0,0,0,0,0,0
13034,3926,34.06,Retail,10,6,US,mobile,161.0,1,0,1,0,0,1
13049,1401,168.85,Health,17,6,US,mobile,354.3,1,0,1,0,0,0
13067,4073,97.85,Retail,22,6,US,mobile,370.2,1,0,1,0,0,1
13069,3005,121.36,Grocery,15,6,US,mobile,40.6,2,0,1,0,0,0
13071,3030,21.69,Retail,15,1,DE,desktop,222.7,0,0,0,0,0,0
13080,3971,54.84,Grocery,6,5,US,mobile,203.2,1,0,1,0,0,0
13081,2091,47.67,Health,14,1,GB,desktop,191.0,2,0,0,0,0,0
13124,2410,66.2,Utilities,22,5,US,tablet,49.2,0,0,1,0,0,0
13162,4282,95.65,Grocery,17,6,US,mobile,121.2,1,0,1,0,0,1
13179,2314,133.3,Grocery,6,4,DE,desktop,301.8,1,0,0,0,0,0
13188,4213,128.97,Health,13,3,GB,desktop,120.1,0,0,0,0,0,0
13205,4993,185.76,Retail,9,3,FR,desktop,102.6,2,0,0,0,0,0
13291,1373,81.55,Grocery,8,6,US,mobile,305.3,1,0,1,0,0,0
13301,3968,50.88,Health,9,0,AU,desktop,251.3,2,0,0,0,0,0
13349,3566,162.6,Grocery,11,6,US,mobile,36.4,1,0,1,0,0,0
13351,1173,146.28,Grocery,8,2,BR,desktop,326.3,2,0,0,0,0,0
13372,2411,37.4,Retail,22,6,US,mobile,310.5,1,0,1,0,0,0
13383,4092,172.95,Retail,8,6,US,mobile,328.0,2,0,1,0,0,0
13394,2371,186.39,Grocery,6,6,US,tablet,574.4,1,0,1,0,0,0
13451,1116,81.76,Retail,13,6,US,mobile,224.0,2,0,1,0,0,0
13460,3311,44.11,Utilities,17,0,AU,desktop,315.1,0,0,0,0,0,0
13499,1449,50.97,Health,10,6,US,mobile,221.0,1,0,1,0,0,0
13528,3711,82.58,Grocery,11,0,GB,desktop,147.2,2,0,0,0,0,0
13529,3638,130.46,Grocery,16,5,US,mobile,362.9,2,0,1,0,0,0
13531,4222,568.11,Utilities,15,6,US,tablet,121.2,1,0,1,0,0,0
13532,3571,35.83,Grocery,12,4,BR,desktop,206.7,1,0,0,0,0,0
13534,4328,124.68,Grocery,10,2,AU,desktop,87.2,0,0,0,0,0,0
13545,4572,95.14,Grocery,13,1,JP,desktop,212.0,0,0,0,0,0,0
13596,1760,147.18,Grocery,7,0,FR,desktop,363.7,2,0,0,0,0,0
13621,4041,107.81,Grocery,20,1,CA,desktop,122.9,1,0,0,0,0,0
13625,1313,114.53,Grocery,12,4,FR,desktop,149.8,2,0,0,0,0,0
13648,1133,295.29,Retail,9,6,US,mobile,77.9,0,0,1,0,0,0
13650,3297,87.16,Grocery,9,5,US,mobile,243.3,0,0,1,0,0,0
13668,4895,125.97,Grocery,13,0,DE,desktop,105.5,1,0,0,0,0,0
13682,3808,29.76,Retail,10,1,CA,desktop,344.0,2,0,0,0,0,0
13703,4336,86.99,Grocery,11,6,US,tablet,65.1,2,0,1,0,0,0
13719,1881,221.47,Health,13,6,US,mobile,75.5,1,0,1,0,0,1
13751,2677,9.04,Health,10,0,GB,desktop,30.8,2,0,0,0,0,0
13783,2899,33.3,Grocery,17,6,US,mobile,89.4,0,0,1,0,0,0
13816,4233,197.1,Retail,12,6,US,mobile,197.6,0,0,1,0,0,0
13825,3290,38.14,Utilities,13,3,AU,desktop,32.8,2,0,0,0,0,0
13849,3201,10.79,Grocery,10,5,US,mobile,217.5,0,0,1,0,0,0
13857,1432,21.98,Grocery,6,1,JP,desktop,55.3,2,0,0,0,0,0
13926,3305,44.06,Utilities,15,5,US,mobile,79.8,1,0,1,0,0,0
13952,1108,133.25,Retail,11,6,US,mobile,99.8,1,0,1,0,0,0
13985,4052,144.19,Grocery,8,0,FR,desktop,235.4,2,0,0,0,0,0
13994,3939,48.99,Grocery,8,6,US,mobile,380.1,0,0,1,0,0,1
13996,2565,834.0,Health,11,6,US,mobile,173.2,2,0,1,0,0,1
14021,3151,144.58,Retail,19,2,JP,desktop,183.3,1,0,0,0,0,0
14064,1915,98.97,Grocery,10,6,US,mobile,92.1,2,0,1,0,0,0
14072,3503,260.58,Grocery,22,2,NG,desktop,84.7,0,0,0,0,0,0
14103,2324,37.63,Grocery,19,6,US,mobile,506.1,0,0,1,0,0,0
14115,4562,130.65,Grocery,13,2,CA,desktop,81.7,1,0,0,0,0,0
14118,3336,20.74,Retail,9,1,CA,desktop,50.7,1,0,0,0,0,0
14119,2227,72.94,Utilities,22,6,US,mobile,218.6,1,0,1,0,0,0
14126,2093,325.14,Health,6,6,US,mobile,88.6,0,0,1,0,0,0
14128,1247,44.84,Utilities,7,0,DE,desktop,308.0,2,0,0,0,0,0
14174,3982,61.53,Grocery,20,3,GB,desktop,521.8,1,0,0,0,0,0
14189,4643,245.82,Retail,6,6,US,mobile,251.0,0,0,1,0,0,0
14216,3272,60.31,Retail,15,1,GB,desktop,259.8,2,0,0,0,0,0
14218,2349,187.01,Health,18,5,US,tablet,37.1,2,0,1,0,0,0
14235,2770,128.38,Utilities,7,5,US,mobile,354.1,2,0,1,0,0,0
14236,3760,79.41,Retail,17,4,JP,desktop,636.9,0,0,0,0,0,0
14239,2173,57.64,Retail,14,6,US,tablet,480.0,2,0,1,0,0,0
14248,4473,85.42,Grocery,20,3,FR,desktop,457.9,0,0,0,0,0,0
14260,2218,39.86,Retail,11,1,BR,desktop,185.3,1,0,0,0,0,0
14332,2669,260.51,Retail,19,0,FR,desktop,112.3,0,0,0,0,0,0
14371,1151,119.53,Utilities,6,4,AU,desktop,43.4,2,0,0,0,0,0
14384,2083,52.21,Grocery,21,6,US,mobile,205.3,0,0,1,0,0,0
14397,2018,25.22,Grocery,10,5,US,mobile,75.3,2,0,1,0,0,1
14400,3770,62.32,Grocery,20,6,US,mobile,186.8,2,0,1,0,0,0
14406,1022,143.4,Utilities,9,3,GB,desktop,197.2,1,0,0,0,0,0
14412,2609,20.0,Health,20,0,JP,desktop,74.0,1,0,0,0,0,0
14469,4067,146.65,Retail,22,5,US,mobile,553.4,1,0,1,0,0,0
14471,3342,7.34,Grocery,11,5,US,mobile,267.6,1,0,1,0,0,0
14472,4127,86.52,Grocery,11,5,US,mobile,266.0,0,0,1,0,0,0
14492,4948,51.72,Retail,21,2,DE,desktop,435.1,2,0,0,0,0,0
14515,2576,5.64,Retail,13,6,US,mobile,358.5,0,0,1,0,0,0
14583,1818,219.53,Grocery,19,3,AU,desktop,74.1,0,0,0,0,0,0
14612,2809,21.19,Retail,17,0,CA,desktop,727.6,0,0,0,0,0,0
14661,3343,44.26,Grocery,8,5,US,tablet,219.1,1,0,1,0,0,0
14741,2987,81.72,Retail,20,0,AU,desktop,130.3,2,0,0,0,0,0
14748,4291,126.18,Retail,8,2,BR,desktop,106.0,0,0,0,0,0,0
14789,4550,374.49,Grocery,16,5,US,tablet,41.0,1,0,1,0,0,0
14790,4421,206.17,Grocery,10,5,US,mobile,78.0,0,0,1,0,0,0
14809,1885,68.12,Grocery,10,3,DE,desktop,32.1,0,0,0,0,0,0
14834,1824,380.33,Grocery,21,1,FR,desktop,206.4,0,0,0,0,0,0
14837,3828,436.87,Retail,18,5,US,mobile,175.3,1,0,1,0,0,0
14887,3933,66.56,Grocery,13,5,US,mobile,137.6,0,0,1,0,0,0
14910,4823,97.41,Grocery,11,5,US,mobile,36.5,2,0,1,0,0,0
14934,1851,38.74,Grocery,22,1,GB,desktop,172.0,1,0,0,0,0,0
14972,4161,99.63,Retail,10,4,DE,desktop,322.7,0,0,0,0,0,0
14980,1086,324.47,Retail,15,6,US,mobile,310.9,1,0,1,0,0,0
14990,4595,27.83,Retail,10,2,AU,desktop,67.6,1,0,0,0,0,0
14999,2879,12.16,Retail,10,2,AU,desktop,54.7,1,0,0,0,0,0
15009,4935,336.51,Grocery,14,4,JP,desktop,240.0,2,0,0,0,0,0
15070,2334,91.81,Retail,11,4,DE,desktop,74.7,1,0,0,0,0,0
15102,4536,125.9,Retail,19,5,US,tablet,118.0,1,0,1,0,0,0
15132,4535,317.1,Grocery,21,5,US,mobile,109.1,2,0,1,0,0,0
15133,4748,73.8,Retail,11,6,US,mobile,674.1,1,0,1,0,0,0
15134,1146,214.58,Grocery,6,5,US,mobile,108.6,1,0,1,0,0,0
15177,3959,191.51,Health,8,6,US,mobile,384.2,0,0,1,0,0,1
15186,4284,149.66,Grocery,12,4,GB,desktop,97.6,2,0,0,0,0,0
15244,3967,87.3,Retail,11,5,US,mobile,76.5,1,0,1,0,0,0
15274,2987,593.4,Grocery,13,5,US,mobile,525.8,2,0,1,0,0,0
15304,1889,30.02,Utilities,22,0,CA,desktop,338.0,2,0,0,0,0,0
15312,4047,119.66,Grocery,10,0,DE,desktop,699.9,0,0,0,0,0,0
15356,4854,203.57,Grocery,7,3,JP,desktop,80.2,2,0,0,0,0,0
15364,3679,175.07,Utilities,9,5,US,mobile,106.0,2,0,1,0,0,0
15387,4820,628.29,Utilities,19,6,US,mobile,307.6,2,0,1,0,0,0
15416,2852,83.17,Retail,16,5,US,tablet,698.7,2,0,1,0,0,0
15433,1104,56.34,Retail,10,3,DE,desktop,42.3,2,0,0,0,0,0
15443,3269,120.52,Grocery,8,1,DE,desktop,70.0,2,0,0,0,0,0
15455,2490,104.56,Retail,13,3,FR,desktop,598.4,0,0,0,0,0,0
15457,4692,92.69,Utilities,8,3,FR,desktop,44.4,2,0,0,0,0,0
15458,3400,157.05,Retail,9,6,US,mobile,88.4,1,0,1,0,0,0
15483,4131,97.14,Retail,18,6,US,mobile,145.4,1,0,1,0,0,0
15487,3629,46.37,Grocery,19,3,AU,desktop,305.5,1,0,0,0,0,0
15497,1020,182.96,Grocery,11,6,US,mobile,333.5,0,0,1,0,0,0
15518,2391,46.25,Grocery,10,3,DE,desktop,118.4,0,0,0,0,0,0
15523,3941,46.64,Grocery,8,2,NG,desktop,438.1,1,0,0,0,0,0
15542,1208,34.31,Retail,14,1,FR,desktop,43.5,1,0,0,0,0,0
15544,1370,11.91,Health,16,0,CA,desktop,246.5,2,0,0,0,0,0
15574,3772,154.47,Grocery,6,5,US,mobile,165.2,0,0,1,0,0,0
15590,3539,550.38,Retail,6,1,FR,desktop,551.6,1,0,0,0,0,0
15593,1224,144.41,Grocery,11,6,US,mobile,99.1,0,0,1,0,0,1
15605,4523,126.4,Retail,14,2,FR,desktop,288.7,0,0,0,0,0,0
15607,3787,46.29,Grocery,10,2,JP,desktop,205.4,0,0,0,0,0,0
15628,2002,54.61,Retail,17,0,CA,desktop,234.8,0,0,0,0,0,1
15648,2012,145.27,Grocery,20,2,CA,desktop,201.9,2,0,0,0,0,0
15664,3743,68.05,Grocery,6,6,US,tablet,170.3,2,0,1,0,0,0
15666,1360,25.07,Grocery,15,6,US,tablet,131.7,1,0,1,0,0,0
15673,2020,48.75,Retail,17,1,CA,desktop,187.8,0,0,0,0,0,0
15713,2257,389.87,Utilities,6,6,US,mobile,403.8,0,0,1,0,0,1
15715,2167,167.38,Health,11,6,US,mobile,276.3,1,0,1,0,0,0
15722,3451,60.18,Retail,16,3,JP,desktop,68.1,1,0,0,0,0,0
15732,2856,323.54,Grocery,22,6,US,mobile,320.9,1,0,1,0,0,0
15765,1411,132.9,Grocery,13,6,US,mobile,251.9,0,0,1,0,0,0
15800,2220,65.35,Utilities,18,1,CA,desktop,262.4,0,0,0,0,0,1
15829,4682,257.72,Retail,9,3,CA,desktop,67.7,2,0,0,0,0,1
15836,1203,78.08,Retail,7,6,US,mobile,39.0,2,0,1,0,0,0
15850,4382,365.96,Retail,13,6,US,tablet,72.4,0,0,1,0,0,0
15851,1317,155.58,Health,17,4,DE,desktop,30.4,0,0,0,0,0,0
15873,1555,310.36,Grocery,6,4,GB,desktop,366.7,1,0,0,0,0,0
15899,2790,246.4,Retail,9,1,CA,desktop,34.4,0,0,0,0,0,1
15929,2953,37.38,Grocery,13,5,US,mobile,52.4,0,0,1,0,0,0
15940,1171,96.21,Grocery,8,0,AU,desktop,48.5,2,0,0,0,0,0
15957,2663,758.73,Grocery,17,6,US,mobile,67.2,0,0,1,0,0,0
15962,2593,651.2,Grocery,15,3,GB,desktop,239.2,0,0,0,0,0,0
15976,4788,30.47,Retail,16,1,JP,desktop,77.3,1,0,0,0,0,0
15994,1541,171.09,Retail,6,2,CA,desktop,911.2,0,0,0,0,0,0
16001,4985,18.44,Grocery,18,2,BR,desktop,118.5,1,0,0,0,0,0
16026,3707,28.85,Retail,21,0,FR,desktop,58.4,2,0,0,0,0,0
16091,4107,115.87,Retail,17,6,US,mobile,231.4,2,0,1,0,0,0
16094,3860,44.13,Grocery,9,2,DE,desktop,32.1,1,0,0,0,0,0
16097,2187,64.34,Retail,22,3,AU,desktop,54.6,0,0,0,0,0,0
16157,3073,79.18,Grocery,18,6,US,tablet,111.5,1,0,1,0,0,0
16159,3540,8.33,Grocery,9,2,CA,desktop,499.6,1,0,0,0,0,0
16182,2356,294.95,Retail,19,1,FR,desktop,126.7,2,0,0,0,0,1
16195,4333,498.97,Grocery,14,3,CA,desktop,295.2,2,0,0,0,0,0
16246,3841,70.48,Grocery,19,3,DE,desktop,93.7,1,0,0,0,0,0
16265,1066,433.1,Grocery,9,1,JP,desktop,58.3,0,0,0,0,0,0
16279,2259,132.84,Utilities,21,5,US,mobile,31.8,1,0,1,0,0,0
16290,3419,114.39,Utilities,10,4,FR,desktop,219.6,2,0,0,0,0,0
16331,2619,248.37,Health,21,2,JP,desktop,323.8,1,0,0,0,0,0
16359,2127,110.76,Utilities,7,2,JP,desktop,103.6,0,0,0,0,0,0
16398,2791,72.68,Grocery,14,2,FR,desktop,101.6,0,0,0,0,0,0
16429,1928,41.51,Retail,9,1,CA,desktop,74.5,1,0,0,0,0,1
16437,1495,150.18,Grocery,22,4,JP,desktop,221.4,0,0,0,0,0,0
16499,1148,47.86,Grocery,21,6,US,tablet,83.1,1,0,1,0,0,0
16561,3086,210.85,Grocery,19,3,NG,desktop,80.0,1,0,0,0,0,0
16586,2836,37.1,Grocery,20,2,CA,desktop,47.5,0,0,0,0,0,0
16589,2808,173.07,Grocery,19,2,GB,desktop,308.2,1,0,0,0,0,1
16618,2482,63.47,Grocery,17,6,US,mobile,221.8,1,0,1,0,0,0
16621,4303,155.75,Utilities,22,4,AU,desktop,566.2,0,0,0,0,0,0
16656,3272,143.4,Grocery,19,0,AU,desktop,260.6,2,0,0,0,0,0
16657,3617,159.7,Retail,8,1,BR,desktop,173.4,1,0,0,0,0,0
16668,3338,83.24,Grocery,16,1,DE,desktop,236.6,1,0,0,0,0,1
16676,1438,48.51,Retail,11,3,NG,desktop,122.4,1,0,0,0,0,0
16682,1654,39.19,Grocery,7,3,CA,desktop,198.4,2,0,0,0,0,1
16708,1798,72.96,Grocery,9,1,CA,desktop,143.3,2,0,0,0,0,0
16723,3807,43.48,Grocery,19,2,DE,desktop,42.5,1,0,0,0,0,0
16748,2621,276.62,Health,19,6,US,mobile,376.1,1,0,1,0,0,0
16750,3542,535.32,Grocery,21,0,CA,desktop,59.5,0,0,0,0,0,1
16753,1886,352.64,Retail,9,2,CA,desktop,457.7,0,0,0,0,0,0
16760,2691,98.33,Grocery,12,5,US,mobile,139.7,1,0,1,0,0,0
16823,1563,52.63,Utilities,22,5,US,mobile,31.7,2,0,1,0,0,0
16824,3000,16.56,Retail,17,4,GB,desktop,173.1,0,0,0,0,0,0
16858,4856,66.28,Retail,10,3,FR,desktop,121.7,2,0,0,0,0,0
16895,3486,138.26,Grocery,7,5,US,tablet,230.8,0,0,1,0,0,1
16899,2312,16.09,Retail,8,3,GB,desktop,80.9,2,0,0,0,0,0
16904,1363,169.86,Grocery,19,1,BR,desktop,102.3,0,0,0,0,0,0
16934,2558,82.46,Grocery,17,0,CA,desktop,249.7,0,0,0,0,0,0
17007,4524,135.06,Grocery,14,1,DE,desktop,480.7,1,0,0,0,0,0
17042,3469,29.49,Health,17,6,US,mobile,225.5,0,0,1,0,0,1
17091,3109,35.47,Utilities,16,6,US,mobile,513.0,2,0,1,0,0,0
17120,4498,819.26,Health,6,5,US,mobile,252.9,1,0,1,0,0,0
17161,2819,87.75,Retail,22,6,US,mobile,483.2,2,0,1,0,0,0
17170,4393,30.07,Grocery,8,4,GB,desktop,203.8,1,0,0,0,0,1
17183,3331,332.12,Retail,14,6,US,mobile,66.7,1,0,1,0,0,0
17205,1804,84.93,Grocery,21,5,US,tablet,52.2,1,0,1,0,0,0
17220,1649,54.83,Retail,20,3,DE,desktop,177.7,0,0,0,0,0,0
17235,2534,190.2,Grocery,21,4,AU,desktop,67.1,1,0,0,0,0,0
17282,2138,481.57,Retail,8,1,BR,desktop,142.9,2,0,0,0,0,0
17307,2654,156.81,Retail,8,4,CA,desktop,130.0,2,0,0,0,0,0
17324,2114,105.61,Health,22,3,JP,desktop,101.4,1,0,0,0,0,0
17334,2827,221.2,Grocery,17,6,US,mobile,160.7,1,0,1,0,0,0
17339,1973,107.15,Retail,17,5,US,mobile,35.4,2,0,1,0,0,0
17346,4941,34.09,Retail,22,2,GB,desktop,56.2,1,0,0,0,0,0
17412,2680,10.99,Grocery,16,4,CA,desktop,147.8,0,0,0,0,0,0
17501,3078,329.92,Grocery,9,5,US,tablet,119.9,1,0,1,0,0,0
17502,3890,70.48,Grocery,19,0,CA,desktop,247.3,1,0,0,0,0,0
17530,2594,52.56,Grocery,19,4,DE,desktop,305.2,1,0,0,0,0,0
17535,4675,83.86,Grocery,18,4,DE,desktop,175.3,0,0,0,0,0,0
17562,3383,33.87,Retail,22,3,AU,desktop,82.0,1,0,0,0,0,0
17589,3310,30.23,Retail,22,0,GB,desktop,84.4,2,0,0,0,0,0
17590,3237,187.3,Grocery,12,5,US,mobile,103.1,2,0,1,0,0,0
17594,2909,226.23,Grocery,21,4,NG,desktop,137.0,1,0,0,0,0,0
17596,3401,63.4,Grocery,21,6,US,mobile,419.1,1,0,1,0,0,0
17599,2198,70.65,Utilities,13,3,GB,desktop,30.5,1,0,0,0,0,0
17629,3367,164.08,Grocery,14,0,FR,desktop,260.2,1,0,0,0,0,0
17662,1256,103.54,Health,17,3,JP,desktop,304.0,2,0,0,0,0,0
17726,4412,101.08,Grocery,18,5,US,mobile,117.8,0,0,1,0,0,0
17747,1156,96.96,Grocery,16,0,FR,desktop,72.3,0,0,0,0,0,0
17751,4245,50.44,Grocery,10,3,DE,desktop,579.0,1,0,0,0,0,0
17773,3829,121.48,Retail,6,5,US,mobile,221.4,1,0,1,0,0,0
17775,2062,713.13,Grocery,19,5,US,tablet,259.8,2,0,1,0,0,0
17825,2068,749.85,Retail,17,6,US,mobile,312.8,1,0,1,0,0,0
17828,2622,76.92,Grocery,6,5,US,mobile,94.9,1,0,1,0,0,0
17847,1294,610.39,Grocery,16,6,US,mobile,104.2,0,0,1,0,0,0
17848,2377,183.89,Grocery,10,1,AU,desktop,116.5,2,0,0,0,0,0
17850,2761,13.24,Grocery,18,3,CA,desktop,130.3,1,0,0,0,0,1
17872,4833,340.93,Grocery,13,3,CA,desktop,89.5,2,0,0,0,0,0
17923,4916,161.22,Health,12,6,US,mobile,48.4,2,0,1,0,0,0
17924,2500,163.97,Retail,10,5,US,mobile,92.3,1,0,1,0,0,0
17937,3886,65.84,Grocery,9,6,US,tablet,78.4,0,0,1,0,0,0
17945,4857,93.68,Grocery,11,0,GB,desktop,32.3,0,0,0,0,0,0
17961,4115,152.03,Retail,6,3,GB,desktop,40.5,1,0,0,0,0,0
17962,3129,92.87,Health,16,0,BR,desktop,165.1,0,0,0,0,0,0
17986,1565,13.28,Grocery,21,2,DE,desktop,59.7,1,0,0,0,0,0
18000,3569,53.86,Grocery,9,5,US,tablet,165.3,1,0,1,0,0,0
18023,4396,118.85,Grocery,11,6,US,mobile,179.1,1,0,1,0,0,0
18104,3324,40.13,Retail,14,3,JP,desktop,393.9,2,0,0,0,0,0
18205,1681,358.65,Retail,16,2,CA,desktop,294.5,2,0,0,0,0,0
18283,1126,298.06,Grocery,12,0,NG,desktop,355.8,2,0,0,0,0,0
18318,1920,76.98,Grocery,16,2,CA,desktop,127.4,0,0,0,0,0,1
18329,2561,36.65,Utilities,21,3,DE,desktop,455.5,2,0,0,0,0,0
18412,4373,48.15,Utilities,7,4,BR,desktop,289.1,2,0,0,0,0,0
18445,1299,138.38,Grocery,21,0,JP,desktop,87.2,0,0,0,0,0,0
18451,4918,59.43,Retail,16,6,US,mobile,365.8,1,0,1,0,0,1
18532,3857,169.14,Grocery,20,4,CA,desktop,266.7,1,0,0,0,0,0
18549,3817,44.41,Grocery,20,6,US,tablet,203.6,1,0,1,0,0,0
18563,1915,81.48,Health,17,0,FR,desktop,204.0,2,0,0,0,0,1
18581,4745,119.88,Retail,18,3,CA,desktop,134.5,1,0,0,0,0,0
18596,4736,14.61,Retail,18,5,US,mobile,341.1,2,0,1,0,0,0
18623,3684,479.96,Retail,13,5,US,mobile,105.5,1,0,1,0,0,0
18678,3314,130.65,Grocery,15,1,NG,desktop,134.0,2,0,0,0,0,0
18689,3859,226.41,Retail,7,5,US,mobile,422.7,1,0,1,0,0,0
18690,3521,25.27,Utilities,7,2,FR,desktop,147.3,1,0,0,0,0,0
18708,3907,81.49,Health,22,0,DE,desktop,238.8,0,0,0,0,0,1
18729,1122,84.13,Grocery,17,5,US,mobile,175.8,1,0,1,0,0,0
18749,3161,138.82,Retail,17,4,CA,desktop,577.7,0,0,0,0,0,0
18750,3294,62.02,Grocery,18,5,US,mobile,114.8,2,0,1,0,0,0
18779,4909,27.76,Grocery,21,0,AU,desktop,69.0,1,0,0,0,0,1
18800,3671,266.37,Grocery,8,2,JP,desktop,223.7,0,0,0,0,0,0
18811,2212,16.75,Grocery,19,1,DE,desktop,297.1,1,0,0,0,0,0
18826,1986,173.94,Health,19,6,US,mobile,75.9,1,0,1,0,0,0
18840,4903,172.63,Grocery,8,4,DE,desktop,71.9,0,0,0,0,0,0
18880,1710,153.9,Utilities,10,6,US,mobile,31.3,0,0,1,0,0,0
18886,3822,65.76,Retail,15,5,US,mobile,1068.8,2,0,1,0,0,0
18904,2002,34.88,Utilities,17,4,CA,desktop,442.1,1,0,0,0,0,0
18908,3669,41.37,Retail,7,5,US,mobile,118.1,2,0,1,0,0,1
18988,3361,37.89,Utilities,18,6,US,tablet,417.7,1,0,1,0,0,0
19073,2841,8.47,Retail,16,2,FR,desktop,49.6,1,0,0,0,0,0
19096,3794,235.85,Retail,17,0,DE,desktop,131.3,0,0,0,0,0,0
19142,1481,337.6,Health,6,2,GB,desktop,205.7,2,0,0,0,0,0
19169,4959,107.17,Retail,19,2,GB,desktop,261.7,1,0,0,0,0,0
19196,2383,106.69,Retail,7,2,JP,desktop,64.1,0,0,0,0,0,0
19197,3739,210.23,Grocery,17,4,GB,desktop,322.2,1,0,0,0,0,0
19205,1928,109.07,Grocery,21,5,US,mobile,58.3,2,0,1,0,0,0
19216,3112,12.23,Grocery,11,0,JP,desktop,146.4,1,0,0,0,0,0
19237,1564,24.43,Grocery,10,5,US,mobile,60.5,0,0,1,0,0,0
19238,3381,35.31,Retail,8,6,US,mobile,90.4,2,0,1,0,0,0
19242,1671,91.93,Retail,11,5,US,tablet,290.3,0,0,1,0,0,0
19253,4759,111.83,Grocery,21,2,AU,desktop,341.9,0,0,0,0,0,0
19261,4927,388.82,Grocery,7,6,US,tablet,51.6,0,0,1,0,0,0
19292,2991,76.09,Grocery,7,4,FR,desktop,116.5,2,0,0,0,0,0
19298,1800,66.5,Retail,20,4,BR,desktop,214.6,0,0,0,0,0,0
19393,4393,131.83,Retail,18,1,CA,desktop,146.1,2,0,0,0,0,0
19394,2859,89.02,Retail,21,3,CA,desktop,33.6,0,0,0,0,0,0
19400,1881,232.99,Grocery,7,2,AU,desktop,114.7,1,0,0,0,0,0
19405,1867,397.96,Retail,14,5,US,mobile,136.6,1,0,1,0,0,0
19410,2228,24.01,Retail,21,5,US,tablet,123.8,0,0,1,0,0,0
19484,2534,176.56,Grocery,14,4,CA,desktop,59.6,2,0,0,0,0,0
19524,1150,213.59,Grocery,13,3,GB,desktop,574.8,1,0,0,0,0,0
19531,1234,68.71,Grocery,22,0,CA,desktop,138.5,1,0,0,0,0,0
19564,3067,233.18,Grocery,19,5,US,mobile,817.9,1,0,1,0,0,0
19568,1894,30.39,Grocery,20,2,GB,desktop,95.6,1,0,0,0,0,0
19576,2502,32.89,Health,20,4,CA,desktop,67.2,1,0,0,0,0,0
19588,1179,100.1,Health,15,6,US,tablet,180.0,1,0,1,0,0,0
19606,3753,153.38,Retail,21,4,CA,desktop,30.3,2,0,0,0,0,1
19703,2645,664.18,Retail,16,4,JP,desktop,526.3,2,0,0,0,0,0
19708,1633,199.5,Utilities,10,3,GB,desktop,350.5,0,0,0,0,0,0
19723,3336,124.65,Retail,6,2,JP,desktop,101.9,0,0,0,0,0,0
19731,4751,134.54,Retail,10,5,US,mobile,65.6,1,0,1,0,0,0
19735,2240,68.97,Grocery,21,5,US,mobile,335.2,1,0,1,0,0,0
19766,3585,23.8,Retail,11,3,DE,desktop,466.2,0,0,0,0,0,0
19782,3298,127.73,Retail,18,2,BR,desktop,593.7,1,0,0,0,0,0
19837,2410,66.96,Retail,16,5,US,tablet,91.7,1,0,1,0,0,0
19857,1853,20.6,Retail,17,6,US,mobile,302.8,0,0,1,0,0,0
19860,3034,245.35,Grocery,7,4,JP,desktop,49.8,1,0,0,0,0,0
19873,1527,92.64,Retail,10,5,US,tablet,243.1,2,0,1,0,0,0
19893,3999,76.83,Retail,10,1,DE,desktop,92.4,2,0,0,0,0,0
19929,3479,99.54,Retail,9,0,AU,desktop,402.6,0,0,0,0,0,1
19945,4512,197.14,Utilities,11,6,US,tablet,200.8,1,0,1,0,0,0
68,2481,46.89,Grocery,18,1,US,tablet,68.0,1,0,0,0,1,0
670,1528,34.49,Grocery,11,1,US,mobile,88.2,1,0,0,0,1,0
823,1546,147.63,Retail,14,0,US,mobile,277.3,1,0,0,0,1,0
836,4107,81.56,Retail,16,3,US,tablet,66.0,1,0,0,0,1,0
1077,3846,29.12,Retail,10,3,US,mobile,102.4,0,0,0,0,1,0
1247,4439,76.36,Health,20,2,US,tablet,306.6,1,0,0,0,1,0
1456,1262,786.44,Grocery,19,3,US,mobile,64.2,1,0,0,0,1,0
1719,2652,126.96,Health,10,3,US,mobile,136.5,2,0,0,0,1,0
1830,4929,238.82,Grocery,17,1,US,mobile,309.8,0,0,0,0,1,1
1975,3236,127.78,Health,16,1,US,mobile,186.8,1,0,0,0,1,1
2137,3177,159.93,Grocery,18,1,US,mobile,154.3,0,0,0,0,1,0
2145,2450,63.58,Grocery,11,0,US,mobile,32.6,2,0,0,0,1,0
2303,3279,10.43,Grocery,10,1,US,tablet,692.4,1,0,0,0,1,0
2478,1704,58.84,Grocery,20,4,US,mobile,54.5,1,0,0,0,1,0
2660,1642,298.01,Grocery,18,3,US,mobile,221.8,2,0,0,0,1,0
2716,2854,27.06,Grocery,21,3,US,tablet,56.7,2,0,0,0,1,0
2804,1252,116.38,Retail,10,0,US,mobile,144.4,2,0,0,0,1,0
3214,4858,422.69,Grocery,20,2,US,mobile,499.1,1,0,0,0,1,0
3386,1986,201.29,Retail,21,0,US,tablet,43.0,1,0,0,0,1,0
3691,2606,32.39,Grocery,11,3,US,mobile,142.7,1,0,0,0,1,0
3772,2322,104.04,Grocery,13,4,US,mobile,141.9,1,0,0,0,1,0
3860,2756,88.24,Grocery,15,0,US,tablet,270.9,0,0,0,0,1,1
3996,2340,196.16,Retail,9,2,US,tablet,228.4,0,0,0,0,1,0
4211,1604,15.3,Utilities,15,3,US,mobile,175.7,1,0,0,0,1,0
4237,4779,116.26,Health,12,1,US,mobile,644.3,0,0,0,0,1,1
4247,2091,235.2,Retail,6,2,US,mobile,364.6,1,0,0,0,1,0
4307,3956,64.64,Retail,18,1,US,mobile,65.8,1,0,0,0,1,0
4369,4706,188.48,Retail,7,2,US,mobile,383.5,0,0,0,0,1,1
4490,2543,455.69,Retail,9,3,US,mobile,107.6,1,0,0,0,1,0
4543,4706,25.85,Utilities,21,3,US,mobile,130.4,1,0,0,0,1,0
5179,1348,29.5,Grocery,16,0,US,mobile,200.1,0,0,0,0,1,0
5208,4013,120.64,Retail,18,2,US,mobile,357.7,2,0,0,0,1,0
5583,3838,77.83,Retail,8,1,US,mobile,485.1,1,0,0,0,1,0
5664,2804,441.8,Retail,6,0,US,mobile,69.9,1,0,0,0,1,0
5778,1433,80.36,Retail,10,0,US,tablet,101.1,2,0,0,0,1,0
5992,2891,313.05,Utilities,15,1,US,mobile,70.6,0,0,0,0,1,0
6125,1554,646.73,Grocery,16,4,US,mobile,66.6,1,0,0,0,1,0
6500,2890,16.37,Retail,21,1,US,mobile,577.3,1,0,0,0,1,0
6585,3914,39.02,Retail,14,3,US,tablet,253.2,2,0,0,0,1,0
6687,1767,31.85,Grocery,15,1,US,mobile,176.5,1,0,0,0,1,0
6745,4471,109.66,Grocery,9,4,US,mobile,149.3,1,0,0,0,1,0
6761,1132,66.97,Grocery,22,1,US,mobile,273.3,1,0,0,0,1,0
6848,2610,117.28,Utilities,17,1,US,mobile,109.4,0,0,0,0,1,0
6902,3767,27.8,Health,18,4,US,mobile,91.0,1,0,0,0,1,0
6913,2182,147.76,Retail,16,1,US,mobile,394.9,0,0,0,0,1,0
7551,2421,326.28,Utilities,13,1,US,mobile,300.3,2,0,0,0,1,0
7673,3849,46.33,Retail,6,0,US,mobile,284.0,0,0,0,0,1,0
7736,2029,13.12,Grocery,22,3,US,mobile,178.3,0,0,0,0,1,0
7768,2854,28.13,Grocery,22,1,US,mobile,88.6,1,0,0,0,1,0
8155,2741,77.09,Retail,20,1,US,mobile,415.9,0,0,0,0,1,0
8211,3701,242.46,Grocery,11,4,US,tablet,130.1,2,0,0,0,1,0
8631,2777,34.25,Grocery,17,3,US,tablet,79.2,2,0,0,0,1,0
8665,2292,108.15,Utilities,22,1,US,mobile,65.5,1,0,0,0,1,0
8725,4723,196.38,Retail,15,2,US,tablet,604.2,2,0,0,0,1,0
8774,2212,347.37,Health,10,2,US,mobile,563.5,1,0,0,0,1,0
8793,3449,23.31,Grocery,19,1,US,mobile,187.6,2,0,0,0,1,0
8874,4314,53.85,Grocery,11,3,US,mobile,170.6,1,0,0,0,1,0
8976,1448,136.99,Grocery,19,4,US,mobile,278.1,1,0,0,0,1,0
9202,3492,5.0,Grocery,11,1,US,mobile,245.8,0,0,0,0,1,0
9453,3840,88.33,Grocery,12,1,US,mobile,207.6,2,0,0,0,1,0
9506,2456,171.76,Grocery,17,0,US,mobile,641.8,1,0,0,0,1,0
9682,4515,22.99,Grocery,11,4,US,mobile,91.7,1,0,0,0,1,0
9726,2085,41.7,Retail,17,1,US,mobile,213.1,0,0,0,0,1,0
9736,1951,40.62,Retail,7,4,US,mobile,290.6,0,0,0,0,1,0
10162,1697,51.69,Grocery,9,3,US,mobile,114.7,0,0,0,0,1,0
10324,4758,280.86,Retail,14,1,US,mobile,68.8,1,0,0,0,1,0
10440,1490,12.08,Grocery,19,3,US,tablet,529.3,1,0,0,0,1,1
10497,3199,65.0,Grocery,8,3,US,mobile,365.2,1,0,0,0,1,0
11189,4651,23.31,Utilities,12,2,US,mobile,189.6,1,0,0,0,1,0
11298,2738,417.6,Health,11,1,US,mobile,49.3,1,0,0,0,1,0
11712,4283,79.35,Grocery,21,3,US,mobile,175.8,1,0,0,0,1,0
11750,1662,412.77,Grocery,13,1,US,mobile,37.6,1,0,0,0,1,0
11908,1182,130.32,Grocery,20,2,US,tablet,507.2,2,0,0,0,1,0
11941,2189,65.84,Grocery,12,1,US,tablet,131.5,0,0,0,0,1,0
11947,2902,35.99,Retail,10,3,US,mobile,134.7,2,0,0,0,1,0
12384,1544,114.56,Grocery,10,3,US,tablet,105.0,1,0,0,0,1,1
12614,3772,217.87,Grocery,21,2,US,mobile,50.7,1,0,0,0,1,0
12912,3986,129.55,Health,13,1,US,tablet,124.3,0,0,0,0,1,0
13107,4703,88.8,Grocery,18,4,US,mobile,53.4,1,0,0,0,1,0
13272,2051,134.9,Grocery,10,3,US,mobile,897.6,2,0,0,0,1,0
13287,3996,36.24,Retail,10,2,US,mobile,102.8,1,0,0,0,1,0
13579,1964,96.71,Grocery,22,1,US,mobile,51.8,0,0,0,0,1,0
13587,3648,32.94,Grocery,20,2,US,tablet,186.0,2,0,0,0,1,0
13767,1374,112.53,Grocery,20,4,US,mobile,327.7,2,0,0,0,1,1
13846,2680,62.52,Retail,8,3,US,mobile,87.8,2,0,0,0,1,0
13909,2713,86.45,Health,12,2,US,mobile,333.3,0,0,0,0,1,0
13920,4636,157.87,Retail,15,4,US,mobile,51.5,2,0,0,0,1,0
14011,3995,143.95,Utilities,9,2,US,mobile,470.2,2,0,0,0,1,0
14081,1453,61.08,Utilities,12,3,US,mobile,135.0,1,0,0,0,1,0
14301,1839,87.73,Utilities,12,4,US,mobile,172.6,2,0,0,0,1,0
14340,1087,106.89,Retail,11,4,US,mobile,48.7,2,0,0,0,1,0
14395,2613,153.99,Retail,6,3,US,tablet,286.2,2,0,0,0,1,0
14589,3146,75.44,Retail,8,0,US,mobile,69.9,2,0,0,0,1,1
14594,3748,12.77,Grocery,9,3,US,tablet,223.3,2,0,0,0,1,0
15113,1095,176.05,Retail,7,4,US,mobile,91.7,1,0,0,0,1,0
15119,2032,237.77,Retail,13,2,US,mobile,161.1,0,0,0,0,1,0
15294,1255,527.49,Grocery,20,4,US,mobile,93.2,1,0,0,0,1,0
15531,2172,367.98,Retail,14,3,US,mobile,687.1,1,0,0,0,1,0
16071,3815,29.64,Grocery,22,1,US,mobile,989.2,2,0,0,0,1,0
16239,2341,150.85,Retail,21,2,US,tablet,101.6,1,0,0,0,1,0
16380,4206,31.77,Grocery,13,0,US,mobile,121.7,2,0,0,0,1,0
16524,1333,70.34,Utilities,19,2,US,tablet,75.0,2,0,0,0,1,0
16530,3663,147.04,Health,17,2,US,mobile,158.3,2,0,0,0,1,0
16588,1034,78.2,Retail,19,0,US,mobile,127.7,2,0,0,0,1,0
16622,4578,167.75,Health,10,1,US,mobile,414.5,2,0,0,0,1,0
17141,2401,51.1,Grocery,19,2,US,tablet,440.3,1,0,0,0,1,0
17173,2929,38.59,Grocery,13,4,US,mobile,993.0,1,0,0,0,1,1
17224,3917,488.25,Health,6,0,US,mobile,33.6,2,0,0,0,1,0
17258,2644,208.12,Utilities,9,3,US,mobile,287.4,1,0,0,0,1,0
17275,3977,60.22,Retail,13,2,US,mobile,694.2,1,0,0,0,1,0
17415,3259,93.33,Grocery,16,4,US,mobile,555.0,0,0,0,0,1,0
18044,4971,69.42,Health,19,3,US,mobile,110.6,2,0,0,0,1,0
18047,2734,18.92,Grocery,11,1,US,mobile,46.4,1,0,0,0,1,0
18271,2644,36.15,Grocery,21,0,US,mobile,304.7,2,0,0,0,1,0
18290,1199,289.98,Health,21,2,US,mobile,115.2,0,0,0,0,1,0
18567,1202,42.74,Utilities,19,1,US,mobile,96.5,2,0,0,0,1,0
18598,3609,146.26,Retail,14,2,US,mobile,137.2,2,0,0,0,1,0
18833,4217,18.05,Retail,15,3,US,mobile,47.7,1,0,0,0,1,0
18963,3197,201.26,Utilities,21,1,US,mobile,218.3,1,0,0,0,1,0
18977,1533,9.45,Retail,8,0,US,mobile,478.2,1,0,0,0,1,0
19128,3501,330.01,Utilities,22,1,US,tablet,700.2,0,0,0,0,1,1
19277,3538,121.21,Grocery,15,4,US,mobile,160.5,0,0,0,0,1,0
19420,3450,35.6,Grocery,18,2,US,mobile,437.0,2,0,0,0,1,0
19475,2747,31.02,Retail,14,0,US,mobile,42.9,2,0,0,0,1,0
19519,3947,198.37,Grocery,22,3,US,mobile,349.5,0,0,0,0,1,0
19727,2694,205.96,Grocery,19,3,US,mobile,334.3,0,0,0,0,1,0
19743,4700,278.13,Grocery,18,3,US,mobile,248.4,2,0,0,0,1,0
7,1343,114.65,Grocery,4,0,US,desktop,77.8,2,0,0,1,0,0
91,2740,111.54,Health,1,1,US,desktop,478.2,1,0,0,1,0,0
203,2980,266.13,Health,1,0,US,desktop,283.8,2,0,0,1,0,0
213,4156,305.73,Retail,5,4,US,desktop,103.1,1,0,0,1,0,0
265,4958,726.12,Grocery,18,5,US,desktop,1.2,1,0,1,0,0,0
309,2262,414.63,Health,3,2,US,desktop,153.0,0,0,0,1,0,0
465,1026,247.85,Retail,0,2,US,desktop,189.7,1,0,0,1,0,0
538,1461,53.08,Grocery,17,5,US,desktop,1.1,0,0,1,0,0,0
574,1197,442.36,Grocery,1,4,US,desktop,68.5,0,0,0,1,0,0
701,3082,69.49,Grocery,16,6,US,desktop,8.3,2,0,1,0,0,0
710,2863,52.4,Retail,10,6,US,desktop,24.3,1,0,1,0,0,0
869,2786,529.59,Grocery,8,5,US,desktop,11.8,0,0,1,0,0,0
941,3763,84.21,Grocery,0,0,US,desktop,440.7,0,0,0,1,0,0
1001,4233,127.58,Retail,3,4,US,desktop,56.4,1,0,0,1,0,0
1019,1166,567.09,Grocery,23,4,US,desktop,85.8,1,0,0,1,0,0
1043,2660,51.59,Health,5,3,US,desktop,283.4,0,0,0,1,0,0
1055,1306,182.41,Retail,3,4,US,desktop,405.1,0,0,0,1,0,0
1132,3680,73.43,Grocery,5,2,US,desktop,48.4,0,0,0,1,0,0
1207,3060,254.26,Retail,2,0,US,desktop,106.3,0,0,0,1,0,0
1237,1018,37.29,Grocery,23,4,US,desktop,199.7,1,0,0,1,0,0
1286,1195,329.59,Retail,0,1,US,desktop,288.9,1,0,0,1,0,1
1371,4522,135.39,Grocery,6,5,US,desktop,3.5,2,0,1,0,0,0
1378,4007,22.67,Grocery,20,5,US,desktop,24.5,2,0,1,0,0,0
1383,2386,263.52,Retail,0,3,US,desktop,112.7,1,0,0,1,0,1
1387,3241,102.67,Grocery,0,3,US,desktop,232.6,2,0,0,1,0,0
1396,3362,19.44,Grocery,11,5,US,desktop,10.1,2,0,1,0,0,0
1506,1969,79.75,Retail,23,4,US,desktop,167.5,0,0,0,1,0,0
1515,1987,33.83,Health,5,3,US,desktop,367.2,0,0,0,1,0,0
1583,3061,603.94,Utilities,23,1,US,desktop,413.5,0,0,0,1,0,0
1591,3943,12.55,Grocery,4,2,US,desktop,35.2,1,0,0,1,0,0
1698,1597,26.06,Retail,2,4,US,desktop,206.7,2,0,0,1,0,0
1756,2276,266.4,Grocery,0,2,US,desktop,257.9,1,0,0,1,0,0
1851,1327,96.23,Grocery,1,3,US,desktop,42.8,1,0,0,1,0,0
1862,2184,46.04,Grocery,5,0,US,desktop,209.0,1,0,0,1,0,0
2041,2158,90.33,Grocery,1,0,US,desktop,34.4,1,0,0,1,0,1
2048,3125,33.55,Health,23,4,US,desktop,339.5,2,0,0,1,0,0
2125,3982,291.11,Utilities,0,4,US,desktop,291.4,0,0,0,1,0,0
2282,2413,25.12,Grocery,2,3,US,desktop,64.9,2,0,0,1,0,0
2308,1614,367.56,Retail,5,3,US,desktop,213.1,1,0,0,1,0,0
2374,2594,33.34,Grocery,15,5,US,desktop,13.0,2,0,1,0,0,0
2414,3406,162.95,Grocery,23,3,US,desktop,512.0,2,0,0,1,0,0
2441,2449,35.42,Retail,1,1,US,desktop,135.6,2,0,0,1,0,0
2799,3831,97.05,Health,1,3,US,desktop,515.8,2,0,0,1,0,0
2828,4773,75.31,Grocery,3,4,US,desktop,44.7,0,0,0,1,0,0
2900,1807,76.22,Health,23,4,US,desktop,307.8,2,0,0,1,0,0
3061,1993,156.33,Retail,17,5,US,desktop,2.6,1,0,1,0,0,0
3127,4329,81.69,Grocery,2,2,US,desktop,426.6,0,0,0,1,0,0
3151,3851,39.29,Grocery,2,4,US,desktop,488.7,1,0,0,1,0,0
3174,2378,82.5,Utilities,23,4,US,desktop,172.5,0,0,0,1,0,0
3204,1560,86.76,Grocery,2,3,US,desktop,222.8,0,0,0,1,0,0
3212,2104,109.96,Health,5,4,US,desktop,392.2,1,0,0,1,0,0
3399,1031,104.06,Grocery,2,2,US,desktop,134.0,0,0,0,1,0,0
3403,1627,120.3,Grocery,23,0,US,desktop,372.8,2,0,0,1,0,0
3440,4318,17.73,Retail,11,6,US,desktop,5.2,2,0,1,0,0,0
3694,2304,439.68,Retail,2,1,US,desktop,406.7,0,0,0,1,0,0
3718,2001,36.55,Retail,1,3,US,desktop,105.7,0,0,0,1,0,0
3985,4430,313.96,Grocery,5,2,US,desktop,270.9,2,0,0,1,0,0
4071,1388,52.66,Health,4,0,US,desktop,208.5,0,0,0,1,0,0
4100,2345,119.44,Grocery,5,4,US,desktop,36.2,1,0,0,1,0,0
4306,4080,34.89,Retail,4,3,US,desktop,150.8,1,0,0,1,0,0
4324,2060,58.15,Retail,0,3,US,desktop,92.9,1,0,0,1,0,0
4340,3010,64.47,Grocery,4,0,US,desktop,661.5,2,0,0,1,0,0
4345,2497,50.21,Retail,4,2,US,desktop,78.8,0,0,0,1,0,1
4577,1333,416.25,Retail,21,6,US,desktop,8.5,2,0,1,0,0,0
4589,3425,246.62,Grocery,0,1,US,desktop,228.2,0,0,0,1,0,0
4600,3917,84.27,Retail,5,3,US,desktop,367.0,0,0,0,1,0,0
4632,2149,390.74,Health,23,1,US,desktop,337.8,2,0,0,1,0,0
4663,1620,79.17,Retail,5,0,US,desktop,939.6,1,0,0,1,0,0
4856,3767,100.57,Grocery,5,4,US,desktop,34.8,2,0,0,1,0,0
4900,3340,300.72,Grocery,9,6,US,desktop,8.6,2,0,1,0,0,0
4925,2324,591.16,Retail,0,3,US,desktop,207.2,1,0,0,1,0,0
5171,3407,6.57,Grocery,20,5,US,desktop,17.9,1,0,1,0,0,0
5425,2202,430.77,Grocery,1,0,US,desktop,105.2,1,0,0,1,0,0
5438,1048,237.9,Retail,10,5,US,desktop,22.6,0,0,1,0,0,1
5555,3218,310.0,Grocery,0,4,US,desktop,292.7,2,0,0,1,0,0
5560,1540,27.02,Retail,3,2,US,desktop,179.4,1,0,0,1,0,0
5653,1227,33.35,Retail,5,0,US,desktop,252.1,0,0,0,1,0,0
5672,3572,22.33,Utilities,16,6,US,desktop,28.1,1,0,1,0,0,0
5960,4500,69.14,Grocery,22,6,US,desktop,19.1,0,0,1,0,0,0
5973,2989,67.54,Retail,2,2,US,desktop,298.4,1,0,0,1,0,0
6005,2869,42.27,Retail,3,2,US,desktop,218.0,1,0,0,1,0,0
6009,1279,75.67,Retail,5,4,US,desktop,58.4,0,0,0,1,0,1
6031,4505,40.5,Grocery,5,3,US,desktop,822.5,0,0,0,1,0,0
6228,3625,385.3,Retail,23,0,US,desktop,191.1,0,0,0,1,0,0
6297,1591,97.46,Grocery,4,3,US,desktop,413.6,0,0,0,1,0,0
6322,4928,248.22,Grocery,14,6,US,desktop,12.0,0,0,1,0,0,0
6506,2083,249.99,Retail,23,1,US,desktop,76.3,2,0,0,1,0,0
6508,2955,107.37,Grocery,2,1,US,desktop,131.2,1,0,0,1,0,0
6511,2103,97.7,Grocery,5,0,US,desktop,750.6,0,0,0,1,0,1
6548,3839,61.88,Utilities,4,4,US,desktop,63.4,2,0,0,1,0,0
6566,2102,110.72,Grocery,4,4,US,desktop,79.7,1,0,0,1,0,0
6629,2745,181.83,Utilities,20,6,US,desktop,1.0,2,0,1,0,0,0
6763,1554,38.66,Retail,4,2,US,desktop,169.2,1,0,0,1,0,0
6875,2773,136.85,Grocery,1,3,US,desktop,47.1,1,0,0,1,0,0
6879,3378,321.05,Retail,3,0,US,desktop,299.5,1,0,0,1,0,0
6899,4752,117.67,Retail,3,0,US,desktop,48.5,1,0,0,1,0,0
7019,2856,110.77,Retail,4,3,US,desktop,63.9,0,0,0,1,0,0
7031,4567,103.23,Grocery,5,2,US,desktop,33.6,2,0,0,1,0,0
7094,2920,11.91,Retail,23,2,US,desktop,47.2,1,0,0,1,0,0
7129,2173,82.01,Grocery,2,0,US,desktop,78.1,1,0,0,1,0,0
7239,2137,119.98,Retail,23,2,US,desktop,86.1,2,0,0,1,0,0
7492,3868,370.48,Health,3,1,US,desktop,241.2,0,0,0,1,0,0
7530,1233,164.14,Grocery,22,6,US,desktop,27.1,2,0,1,0,0,0
7560,4847,27.3,Health,4,0,US,desktop,43.8,1,0,0,1,0,0
7629,3879,63.87,Grocery,23,2,US,desktop,197.8,0,0,0,1,0,1
7656,2311,552.67,Grocery,3,0,US,desktop,129.0,0,0,0,1,0,0
7664,3483,46.98,Retail,0,1,US,desktop,480.8,1,0,0,1,0,0
7727,1032,75.05,Retail,4,3,US,desktop,143.4,1,0,0,1,0,0
7783,4371,73.8,Retail,3,1,US,desktop,137.5,1,0,0,1,0,0
7821,1630,199.32,Retail,23,4,US,desktop,70.3,1,0,0,1,0,0
7868,1144,47.23,Retail,22,5,US,desktop,10.1,1,0,1,0,0,0
8014,2981,23.62,Utilities,4,0,US,desktop,183.9,2,0,0,1,0,0
8039,2296,11.57,Health,3,0,US,desktop,402.5,0,0,0,1,0,0
8043,4921,152.2,Grocery,0,0,US,desktop,375.1,1,0,0,1,0,0
8055,3790,124.16,Grocery,1,4,US,desktop,156.8,1,0,0,1,0,0
8094,1965,149.31,Grocery,0,0,US,desktop,361.0,2,0,0,1,0,0
8124,3814,27.11,Retail,23,1,US,desktop,135.6,1,0,0,1,0,0
8175,1089,166.83,Utilities,0,3,US,desktop,237.0,2,0,0,1,0,0
8265,1200,192.93,Utilities,23,4,US,desktop,231.1,1,0,0,1,0,0
8401,3729,70.38,Grocery,7,6,US,desktop,21.8,1,0,1,0,0,0
8447,2996,211.01,Retail,23,4,US,desktop,169.1,2,0,0,1,0,0
8476,4472,56.93,Retail,4,3,US,desktop,322.4,1,0,0,1,0,0
8709,2970,16.85,Grocery,3,4,US,desktop,420.4,1,0,0,1,0,0
8852,2517,228.32,Grocery,3,4,US,desktop,59.8,1,0,0,1,0,0
8996,2975,49.64,Retail,1,4,US,desktop,133.5,0,0,0,1,0,1
8998,4424,79.97,Retail,0,2,US,desktop,220.6,0,0,0,1,0,0
9059,4975,10.05,Grocery,1,3,US,desktop,540.3,2,0,0,1,0,0
9068,2925,131.81,Grocery,16,6,US,desktop,25.4,1,0,1,0,0,0
9081,4683,159.76,Retail,2,0,US,desktop,151.3,1,0,0,1,0,1
9198,2325,123.86,Grocery,0,3,US,desktop,103.8,2,0,0,1,0,0
9224,2214,195.03,Grocery,1,3,US,desktop,356.1,0,0,0,1,0,0
9377,2684,381.04,Grocery,1,1,US,desktop,55.7,1,0,0,1,0,0
9384,1978,14.05,Grocery,2,3,US,desktop,498.0,2,0,0,1,0,0
9414,1345,95.37,Grocery,2,4,US,desktop,48.9,2,0,0,1,0,0
9517,2620,164.38,Grocery,1,4,US,desktop,386.7,1,0,0,1,0,0
9723,1495,85.12,Retail,1,3,US,desktop,34.5,1,0,0,1,0,0
9804,2153,92.35,Grocery,23,0,US,desktop,201.6,1,0,0,1,0,0
9940,3484,123.64,Grocery,2,2,US,desktop,106.1,2,0,0,1,0,1
10031,1256,36.79,Retail,2,1,US,desktop,62.5,1,0,0,1,0,0
10040,2749,94.65,Retail,1,2,US,desktop,235.7,1,0,0,1,0,0
10270,4498,26.25,Retail,1,4,US,desktop,227.6,2,0,0,1,0,0
10329,3449,39.22,Utilities,23,4,US,desktop,43.9,1,0,0,1,0,0
10384,3726,15.5,Grocery,1,0,US,desktop,102.3,0,0,0,1,0,0
10469,4042,431.39,Retail,2,4,US,desktop,136.6,2,0,0,1,0,0
10558,1711,276.99,Grocery,2,3,US,desktop,246.9,0,0,0,1,0,0
10631,1536,81.47,Retail,0,4,US,desktop,233.4,0,0,0,1,0,0
10648,1164,70.91,Utilities,14,5,US,desktop,9.9,2,0,1,0,0,0
10785,4303,57.46,Grocery,0,2,US,desktop,312.9,0,0,0,1,0,1
10841,4931,168.86,Health,4,2,US,desktop,724.6,2,0,0,1,0,0
10877,1184,11.17,Retail,0,3,US,desktop,145.3,2,0,0,1,0,0
10933,1573,60.07,Retail,23,4,US,desktop,596.8,0,0,0,1,0,0
11072,4008,493.58,Retail,0,2,US,desktop,77.6,1,0,0,1,0,0
11109,1916,54.9,Grocery,1,2,US,desktop,121.3,1,0,0,1,0,0
11187,3298,147.94,Retail,1,1,US,desktop,74.3,0,0,0,1,0,0
11195,1136,180.08,Grocery,5,3,US,desktop,644.7,1,0,0,1,0,0
11201,4928,101.09,Retail,20,6,US,desktop,16.9,1,0,1,0,0,0
11302,4533,399.17,Retail,0,0,US,desktop,418.8,2,0,0,1,0,0
11311,4842,26.6,Retail,14,6,US,desktop,29.7,1,0,1,0,0,1
11342,3460,140.67,Grocery,0,1,US,desktop,395.6,1,0,0,1,0,0
11353,3321,234.75,Retail,23,0,US,desktop,104.0,0,0,0,1,0,0
11406,1253,31.36,Health,4,0,US,desktop,477.0,0,0,0,1,0,0
11412,2658,253.26,Grocery,4,2,US,desktop,172.2,1,0,0,1,0,0
11452,4526,558.68,Grocery,5,2,US,desktop,269.4,0,0,0,1,0,0
11703,4387,20.49,Grocery,4,3,US,desktop,82.0,0,0,0,1,0,0
11835,4530,651.84,Retail,4,2,US,desktop,649.8,2,0,0,1,0,1
11897,3125,60.53,Health,0,4,US,desktop,46.4,0,0,0,1,0,0
11942,2542,232.68,Grocery,16,6,US,desktop,21.1,0,0,1,0,0,0
11944,1187,117.66,Retail,5,2,US,desktop,429.2,2,0,0,1,0,0
11953,3714,179.71,Grocery,2,0,US,desktop,357.6,1,0,0,1,0,1
11990,3287,278.23,Retail,0,0,US,desktop,31.0,2,0,0,1,0,0
12014,3621,53.77,Grocery,0,1,US,desktop,121.5,2,0,0,1,0,0
12017,2519,133.36,Retail,3,2,US,desktop,387.0,1,0,0,1,0,0
12171,3748,83.0,Grocery,3,2,US,desktop,169.2,2,0,0,1,0,0
12358,2486,73.27,Grocery,7,6,US,desktop,22.9,2,0,1,0,0,0
12361,1090,142.47,Grocery,0,2,US,desktop,259.7,1,0,0,1,0,0
12374,3877,131.66,Utilities,5,4,US,desktop,207.1,1,0,0,1,0,0
12451,3611,50.93,Retail,14,6,US,desktop,1.0,1,0,1,0,0,0
12475,4302,95.74,Grocery,5,1,US,desktop,202.8,1,0,0,1,0,0
12530,2813,134.15,Grocery,2,0,US,desktop,184.6,0,0,0,1,0,0
12561,2562,72.42,Grocery,2,3,US,desktop,298.3,1,0,0,1,0,0
12756,4502,71.76,Retail,2,4,US,desktop,114.0,2,0,0,1,0,0
12782,1546,56.14,Utilities,4,1,US,desktop,105.7,1,0,0,1,0,0
12982,2044,363.27,Grocery,4,2,US,desktop,119.6,0,0,0,1,0,0
13011,1795,22.67,Grocery,2,1,US,desktop,82.4,1,0,0,1,0,0
13023,1039,152.28,Grocery,4,2,US,desktop,596.5,1,0,0,1,0,0
13078,3022,124.32,Grocery,6,5,US,desktop,3.3,1,0,1,0,0,0
13119,3648,28.83,Retail,1,4,US,desktop,206.4,2,0,0,1,0,0
13187,2229,49.45,Retail,0,0,US,desktop,107.2,0,0,0,1,0,0
13363,1567,179.6,Health,0,4,US,desktop,222.1,2,0,0,1,0,0
13385,1770,121.78,Grocery,13,5,US,desktop,20.7,1,0,1,0,0,0
13761,4868,63.66,Grocery,5,3,US,desktop,223.5,2,0,0,1,0,0
13841,3426,113.6,Grocery,4,0,US,desktop,69.8,2,0,0,1,0,0
13906,1476,19.18,Grocery,0,1,US,desktop,310.0,2,0,0,1,0,0
13914,2152,32.34,Grocery,3,3,US,desktop,217.7,1,0,0,1,0,0
13915,4877,63.52,Grocery,22,5,US,desktop,18.9,1,0,1,0,0,0
13945,3815,271.1,Retail,4,3,US,desktop,274.5,1,0,0,1,0,0
13995,3108,118.69,Grocery,4,3,US,desktop,30.3,0,0,0,1,0,0
14122,1682,50.78,Grocery,23,0,US,desktop,131.5,1,0,0,1,0,0
14243,3572,473.06,Grocery,5,2,US,desktop,88.8,1,0,0,1,0,0
14254,2268,35.0,Retail,1,1,US,desktop,379.5,1,0,0,1,0,0
14287,2602,8.7,Retail,3,0,US,desktop,67.8,0,0,0,1,0,0
14367,2495,20.11,Grocery,23,2,US,desktop,55.6,2,0,0,1,0,0
14410,3426,52.29,Grocery,1,4,US,desktop,47.9,1,0,0,1,0,0
14537,2457,211.56,Grocery,0,0,US,desktop,195.5,2,0,0,1,0,0
14543,3366,302.4,Retail,5,2,US,desktop,184.1,2,0,0,1,0,0
14554,2569,345.04,Retail,5,4,US,desktop,139.3,1,0,0,1,0,0
14669,3252,36.49,Retail,2,4,US,desktop,281.9,0,0,0,1,0,0
14682,3187,45.36,Utilities,5,1,US,desktop,253.9,1,0,0,1,0,0
14704,1630,74.11,Grocery,17,5,US,desktop,1.0,1,0,1,0,0,0
14717,1067,22.93,Grocery,3,4,US,desktop,177.9,2,0,0,1,0,0
14723,3891,35.71,Retail,0,2,US,desktop,163.5,0,0,0,1,0,0
14753,1251,94.47,Retail,5,1,US,desktop,309.6,0,0,0,1,0,0
14825,3908,110.94,Health,15,6,US,desktop,8.0,0,0,1,0,0,0
14870,1038,57.27,Health,5,1,US,desktop,32.5,0,0,0,1,0,1
14966,3200,20.64,Retail,0,4,US,desktop,286.8,0,0,0,1,0,0
15069,2029,172.76,Health,1,4,US,desktop,197.1,1,0,0,1,0,0
15147,1859,265.03,Grocery,4,2,US,desktop,835.2,1,0,0,1,0,0
15187,1085,42.43,Health,1,2,US,desktop,241.7,2,0,0,1,0,0
15263,3280,36.81,Grocery,0,1,US,desktop,129.4,1,0,0,1,0,0
15513,3334,49.63,Grocery,0,2,US,desktop,237.6,0,0,0,1,0,0
15550,3736,55.35,Grocery,20,5,US,desktop,24.0,2,0,1,0,0,0
15859,1865,57.89,Grocery,2,0,US,desktop,143.9,1,0,0,1,0,0
15966,4707,47.69,Grocery,0,4,US,desktop,50.0,0,0,0,1,0,1
16004,4590,186.72,Retail,0,3,US,desktop,98.4,0,0,0,1,0,0
16015,1873,132.94,Grocery,0,1,US,desktop,307.9,1,0,0,1,0,1
16024,3878,102.2,Grocery,0,4,US,desktop,669.4,2,0,0,1,0,0
16051,4141,55.9,Retail,1,3,US,desktop,195.3,2,0,0,1,0,0
16163,3770,25.49,Utilities,23,3,US,desktop,134.5,2,0,0,1,0,0
16242,2505,59.33,Retail,1,1,US,desktop,228.0,1,0,0,1,0,0
16363,4845,125.35,Grocery,5,1,US,desktop,47.4,2,0,0,1,0,0
16364,4021,58.84,Retail,23,4,US,desktop,457.5,1,0,0,1,0,1
16556,3990,340.44,Retail,5,4,US,desktop,189.5,1,0,0,1,0,0
16659,4085,25.09,Grocery,0,0,US,desktop,110.0,2,0,0,1,0,0
16660,2902,126.81,Retail,0,3,US,desktop,121.6,2,0,0,1,0,0
16675,2479,26.38,Retail,4,2,US,desktop,67.6,1,0,0,1,0,0
16728,2491,18.9,Retail,3,4,US,desktop,190.7,2,0,0,1,0,0
16908,4896,184.21,Retail,2,2,US,desktop,179.5,0,0,0,1,0,0
16917,3171,68.63,Grocery,15,6,US,desktop,2.2,2,0,1,0,0,0
16946,2666,37.29,Grocery,5,1,US,desktop,212.7,0,0,0,1,0,0
17071,3536,308.28,Grocery,3,1,US,desktop,36.3,0,0,0,1,0,0
17175,1946,115.29,Grocery,5,2,US,desktop,41.0,1,0,0,1,0,1
17257,2021,55.06,Grocery,3,1,US,desktop,411.8,1,0,0,1,0,0
17331,2963,118.64,Retail,14,5,US,desktop,18.1,2,0,1,0,0,0
17332,3626,225.98,Grocery,19,5,US,desktop,19.1,0,0,1,0,0,0
17336,3755,46.53,Grocery,1,0,US,desktop,538.8,0,0,0,1,0,0
17354,4109,247.21,Grocery,18,6,US,desktop,10.6,0,0,1,0,0,0
17392,2958,69.88,Grocery,23,0,US,desktop,64.9,1,0,0,1,0,0
17449,3703,24.37,Grocery,1,0,US,desktop,158.2,0,0,0,1,0,1
17456,2436,34.59,Grocery,5,3,US,desktop,123.5,1,0,0,1,0,0
17534,4191,178.13,Grocery,1,2,US,desktop,194.4,1,0,0,1,0,1
17540,1316,87.4,Retail,23,2,US,desktop,456.4,1,0,0,1,0,0
17581,4211,528.26,Retail,4,4,US,desktop,61.3,0,0,0,1,0,1
17604,2120,73.63,Retail,4,3,US,desktop,375.0,2,0,0,1,0,0
17716,4826,74.13,Grocery,5,0,US,desktop,371.3,1,0,0,1,0,0
17738,2614,102.56,Grocery,1,0,US,desktop,427.4,1,0,0,1,0,0
17840,3989,228.25,Retail,18,6,US,desktop,7.6,2,0,1,0,0,0
17907,1705,108.42,Grocery,23,1,US,desktop,409.9,0,0,0,1,0,0
17934,3021,89.51,Grocery,3,3,US,desktop,68.3,1,0,0,1,0,1
17968,4306,89.3,Retail,1,4,US,desktop,353.2,1,0,0,1,0,0
18028,2196,54.94,Health,3,2,US,desktop,38.2,0,0,0,1,0,0
18143,1277,40.66,Retail,0,3,US,desktop,47.2,0,0,0,1,0,1
18306,3088,47.85,Grocery,5,1,US,desktop,84.8,0,0,0,1,0,0
18308,4889,62.35,Retail,18,5,US,desktop,26.0,1,0,1,0,0,0
18387,3544,18.38,Grocery,2,4,US,desktop,213.4,1,0,0,1,0,0
18415,4716,144.89,Retail,5,4,US,desktop,165.4,1,0,0,1,0,0
18486,1115,190.54,Utilities,3,0,US,desktop,93.8,1,0,0,1,0,1
18660,3404,41.83,Grocery,0,0,US,desktop,81.6,2,0,0,1,0,0
18925,1441,51.24,Grocery,23,4,US,desktop,155.4,2,0,0,1,0,0
18926,2094,88.15,Grocery,3,4,US,desktop,269.9,2,0,0,1,0,0
18974,3572,413.88,Grocery,1,0,US,desktop,140.0,1,0,0,1,0,0
18985,1606,63.07,Utilities,4,3,US,desktop,115.0,2,0,0,1,0,0
19067,2205,48.14,Grocery,4,4,US,desktop,172.8,1,0,0,1,0,0
19087,2963,61.62,Retail,23,3,US,desktop,218.1,2,0,0,1,0,0
19121,3495,90.62,Grocery,0,3,US,desktop,89.1,2,0,0,1,0,1
19125,3135,27.73,Health,0,0,US,desktop,200.0,2,0,0,1,0,0
19210,1731,97.57,Grocery,0,0,US,desktop,396.8,2,0,0,1,0,0
19226,3532,41.51,Retail,18,5,US,desktop,9.0,1,0,1,0,0,0
19248,3972,41.95,Retail,20,5,US,desktop,29.0,0,0,1,0,0,0
19263,3996,28.84,Retail,0,1,US,desktop,219.9,2,0,0,1,0,0
19424,2616,250.03,Grocery,4,0,US,desktop,51.0,0,0,0,1,0,0
19454,1961,46.19,Retail,5,1,US,desktop,146.8,1,0,0,1,0,0
19481,2156,6.57,Retail,2,2,US,desktop,327.7,0,0,0,1,0,0
19560,4258,379.6,Utilities,3,2,US,desktop,70.9,2,0,0,1,0,1
19572,3553,33.31,Utilities,3,2,US,desktop,32.5,0,0,0,1,0,0
19671,2655,94.27,Grocery,19,5,US,desktop,1.0,1,0,1,0,0,0
19696,2559,184.96,Grocery,14,5,US,desktop,10.5,0,0,1,0,0,0
19754,4313,161.17,Utilities,3,2,US,desktop,100.3,2,0,0,1,0,0
19859,2851,92.37,Grocery,23,2,US,desktop,166.3,0,0,0,1,0,0
19868,1819,165.8,Grocery,9,6,US,desktop,13.0,2,0,1,0,0,1
691,4986,342.52,Grocery,6,1,US,desktop,8.7,2,0,0,0,1,0
904,4536,25.1,Grocery,7,1,US,desktop,20.2,2,0,0,0,1,0
945,1517,126.87,Grocery,11,1,US,desktop,22.9,2,0,0,0,1,0
1757,2392,265.83,Retail,20,2,US,desktop,28.3,1,0,0,0,1,0
1793,2375,211.28,Retail,11,0,US,desktop,17.1,1,0,0,0,1,0
5947,2045,142.29,Retail,19,3,US,desktop,4.5,1,0,0,0,1,0
9003,3692,33.86,Retail,7,0,US,desktop,11.2,2,0,0,0,1,0
9358,1310,15.1,Grocery,17,0,US,desktop,10.1,2,0,0,0,1,0
10805,3499,57.56,Grocery,14,2,US,desktop,8.3,2,0,0,0,1,0
11821,3877,70.07,Grocery,12,1,US,desktop,22.3,0,0,0,0,1,0
13347,2923,26.25,Grocery,9,4,US,desktop,25.7,0,0,0,0,1,0
19353,1648,376.14,Grocery,11,2,US,desktop,12.8,0,0,0,0,1,0
2,4095,278.8,Retail,7,1,US,mobile,8.9,2,0,0,0,0,1
23,1730,187.91,Grocery,15,5,FR,desktop,39.7,1,0,1,0,0,0
66,2303,58.54,Grocery,15,5,GB,desktop,341.3,1,0,1,0,0,0
125,4420,97.22,Retail,10,6,DE,desktop,253.3,2,0,1,0,0,0
234,4034,20.65,Grocery,17,2,US,mobile,10.8,0,0,0,0,0,0
274,4834,149.05,Retail,8,3,US,mobile,9.5,2,0,0,0,0,0
328,1149,260.42,Utilities,17,0,US,mobile,19.1,2,0,0,0,0,0
340,4811,61.48,Grocery,16,6,DE,desktop,34.1,1,0,1,0,0,0
406,3002,265.46,Grocery,20,5,JP,desktop,86.0,0,0,1,0,0,1
441,4892,76.45,Retail,19,2,US,mobile,28.6,2,0,0,0,0,0
443,1528,17.55,Grocery,13,5,JP,desktop,273.8,2,0,1,0,0,0
467,1663,39.87,Grocery,19,3,US,mobile,1.0,0,0,0,0,0,1
515,4836,59.45,Grocery,19,6,JP,desktop,157.9,1,0,1,0,0,0
537,2822,199.28,Grocery,20,5,GB,desktop,248.4,1,0,1,0,0,1
669,4675,47.85,Grocery,16,6,DE,desktop,51.7,0,0,1,0,0,0
682,1549,88.34,Health,9,2,US,mobile,3.5,2,0,0,0,0,0
705,1517,122.59,Retail,11,4,US,mobile,28.9,2,0,0,0,0,0
713,3910,121.96,Grocery,7,5,CA,desktop,552.9,2,0,1,0,0,0
793,3890,247.0,Retail,12,4,US,mobile,20.2,2,0,0,0,0,0
806,4125,20.46,Health,12,6,CA,desktop,104.0,2,0,1,0,0,0
825,3493,160.21,Retail,18,2,US,mobile,1.0,0,0,0,0,0,0
935,2770,243.33,Grocery,13,2,US,mobile,1.1,2,0,0,0,0,0
958,3538,108.79,Grocery,18,6,CA,desktop,49.1,2,0,1,0,0,0
1031,2950,277.94,Grocery,9,5,NG,desktop,141.4,1,0,1,0,0,0
1127,4416,268.79,Grocery,17,5,DE,desktop,642.1,0,0,1,0,0,1
1184,2792,291.26,Retail,19,5,JP,desktop,292.3,0,0,1,0,0,1
1196,3535,439.7,Retail,11,6,AU,desktop,229.3,1,0,1,0,0,0
1350,3380,54.38,Grocery,20,1,US,tablet,21.2,1,0,0,0,0,1
1365,3219,24.08,Retail,8,0,US,mobile,5.4,1,0,0,0,0,0
1366,1070,63.58,Grocery,6,3,US,mobile,3.6,1,0,0,0,0,1
1382,2138,36.28,Grocery,12,6,GB,desktop,74.4,2,0,1,0,0,0
1598,3900,28.59,Grocery,13,4,US,mobile,8.6,0,0,0,0,0,0
1726,4131,202.96,Retail,14,5,BR,desktop,47.7,0,0,1,0,0,0
1735,4444,39.63,Grocery,13,6,DE,desktop,251.4,1,0,1,0,0,0
1801,1228,192.25,Grocery,19,0,US,mobile,1.0,2,0,0,0,0,0
1807,1034,110.34,Grocery,10,1,US,tablet,4.4,1,0,0,0,0,0
1892,1981,32.04,Retail,16,6,FR,desktop,76.4,0,0,1,0,0,0
1912,4551,110.68,Retail,7,4,US,mobile,11.1,2,0,0,0,0,0
1966,3966,333.0,Health,22,5,DE,desktop,58.1,2,0,1,0,0,0
2044,3998,124.39,Grocery,21,5,FR,desktop,480.2,2,0,1,0,0,0
2146,2775,114.85,Grocery,21,6,JP,desktop,187.2,2,0,1,0,0,0
2195,3629,63.43,Grocery,17,1,US,mobile,12.2,2,0,0,0,0,0
2220,1770,29.75,Retail,22,0,US,mobile,14.6,0,0,0,0,0,0
2223,1105,29.2,Utilities,18,6,DE,desktop,214.1,0,0,1,0,0,0
2233,4753,95.61,Grocery,21,1,US,mobile,20.2,0,0,0,0,0,0
2241,1894,284.24,Retail,15,5,GB,desktop,513.8,2,0,1,0,0,0
2251,3025,29.3,Grocery,20,6,DE,desktop,53.6,1,0,1,0,0,0
2253,1974,88.29,Grocery,10,5,BR,desktop,435.7,2,0,1,0,0,0
2313,3040,46.61,Retail,8,4,US,mobile,12.7,0,0,0,0,0,1
2448,3585,57.27,Retail,13,5,CA,desktop,49.8,1,0,1,0,0,0
2619,3626,134.06,Grocery,7,6,CA,desktop,601.3,1,0,1,0,0,1
2621,4388,44.46,Grocery,13,0,US,mobile,15.8,0,0,0,0,0,0
2624,4695,41.6,Retail,9,6,FR,desktop,157.8,0,0,1,0,0,0
2628,1018,20.04,Grocery,18,0,US,mobile,9.3,2,0,0,0,0,0
2722,3673,760.01,Retail,20,4,US,mobile,3.6,2,0,0,0,0,0
2726,3474,49.92,Grocery,17,1,US,mobile,7.7,2,0,0,0,0,0
2728,1160,57.52,Retail,15,6,DE,desktop,54.9,2,0,1,0,0,0
2749,2659,154.78,Grocery,14,5,GB,desktop,72.9,1,0,1,0,0,0
2787,2130,276.61,Utilities,19,5,BR,desktop,212.1,0,0,1,0,0,0
2802,2780,114.63,Retail,15,6,AU,desktop,122.5,1,0,1,0,0,0
2858,4119,156.4,Grocery,15,2,US,mobile,22.7,1,0,0,0,0,0
3068,3820,52.59,Retail,14,4,US,mobile,16.1,2,0,0,0,0,0
3082,4282,67.13,Grocery,10,0,US,mobile,14.6,2,0,0,0,0,0
3155,1274,259.11,Retail,12,6,CA,desktop,154.0,2,0,1,0,0,0
3194,1767,122.21,Retail,19,4,US,mobile,7.5,2,0,0,0,0,0
3195,3959,19.27,Utilities,17,0,US,mobile,28.4,2,0,0,0,0,0
3215,3246,74.83,Retail,12,6,CA,desktop,123.3,1,0,1,0,0,0
3227,3315,266.23,Grocery,8,5,AU,desktop,38.1,2,0,1,0,0,0
3266,3569,118.45,Grocery,14,6,BR,desktop,92.7,2,0,1,0,0,0
3290,1741,72.25,Utilities,21,6,GB,desktop,124.6,0,0,1,0,0,0
3314,1898,116.4,Utilities,11,6,CA,desktop,87.4,2,0,1,0,0,0
3488,4834,190.4,Retail,19,3,US,mobile,21.0,1,0,0,0,0,0
3535,1350,190.26,Utilities,16,5,CA,desktop,116.2,0,0,1,0,0,0
3589,3601,26.88,Utilities,10,2,US,mobile,23.4,0,0,0,0,0,1
3606,1540,308.96,Grocery,16,0,US,mobile,11.2,2,0,0,0,0,0
3622,1889,77.32,Grocery,20,0,US,mobile,27.6,1,0,0,0,0,0
3644,2967,14.12,Grocery,6,5,CA,desktop,207.7,2,0,1,0,0,0
3736,1815,78.41,Retail,7,5,BR,desktop,216.4,1,0,1,0,0,0
3740,4331,26.12,Utilities,10,0,US,mobile,9.7,0,0,0,0,0,0
3833,4233,270.64,Health,18,0,US,mobile,4.0,2,0,0,0,0,1
3841,4484,109.79,Utilities,9,4,US,mobile,18.0,2,0,0,0,0,0
3917,1266,93.42,Grocery,22,6,DE,desktop,150.5,0,0,1,0,0,0
3918,4399,115.46,Health,11,5,CA,desktop,207.6,1,0,1,0,0,0
4027,1839,433.86,Grocery,9,5,DE,desktop,198.0,0,0,1,0,0,0
4033,2075,89.35,Grocery,10,5,GB,desktop,455.5,1,0,1,0,0,0
4114,4912,66.51,Grocery,10,5,GB,desktop,378.5,0,0,1,0,0,0
4170,3699,384.25,Grocery,12,5,CA,desktop,256.2,1,0,1,0,0,0
4178,3867,64.5,Retail,8,3,US,mobile,4.5,0,0,0,0,0,0
4192,2370,201.16,Grocery,9,5,CA,desktop,251.3,0,0,1,0,0,0
4221,1447,57.27,Retail,18,5,BR,desktop,33.2,0,0,1,0,0,0
4255,2366,82.21,Retail,7,5,CA,desktop,107.6,0,0,1,0,0,0
4348,1607,51.93,Retail,22,2,US,mobile,17.0,2,0,0,0,0,0
4411,1482,151.19,Grocery,20,5,FR,desktop,319.1,0,0,1,0,0,0
4493,3786,319.65,Grocery,15,0,US,mobile,5.6,2,0,0,0,0,0
4613,4146,28.98,Grocery,13,0,US,mobile,18.9,0,0,0,0,0,0
4655,1489,86.25,Retail,7,6,CA,desktop,72.4,0,0,1,0,0,0
4707,2881,222.51,Grocery,7,4,US,mobile,17.4,0,0,0,0,0,0
4820,4727,74.7,Grocery,19,2,US,mobile,26.8,2,0,0,0,0,1
4895,2928,34.92,Retail,15,5,DE,desktop,31.0,1,0,1,0,0,0
4919,4376,73.27,Grocery,21,5,BR,desktop,75.7,1,0,1,0,0,0
4995,3569,183.28,Retail,19,0,US,tablet,4.9,2,0,0,0,0,0
5092,2501,74.6,Retail,8,6,GB,desktop,107.0,1,0,1,0,0,1
5207,3822,63.11,Retail,15,1,US,mobile,26.7,1,0,0,0,0,0
5302,4972,76.32,Retail,21,3,US,tablet,1.0,1,0,0,0,0,0
5314,2577,215.55,Utilities,14,2,US,tablet,27.5,2,0,0,0,0,0
5367,1345,389.97,Grocery,6,4,US,mobile,23.2,1,0,0,0,0,0
5489,4443,304.99,Retail,11,6,AU,desktop,36.5,2,0,1,0,0,0
5494,1825,17.89,Grocery,13,3,US,mobile,28.3,0,0,0,0,0,0
5519,3268,26.72,Grocery,14,5,AU,desktop,371.4,1,0,1,0,0,0
5600,4081,60.88,Retail,19,6,CA,desktop,259.7,1,0,1,0,0,0
5643,3699,200.33,Retail,10,5,FR,desktop,105.3,1,0,1,0,0,0
5731,4339,180.14,Grocery,7,6,FR,desktop,146.8,1,0,1,0,0,0
5805,2229,57.77,Retail,15,1,US,mobile,22.0,1,0,0,0,0,0
5825,3066,27.65,Retail,15,1,US,tablet,13.2,2,0,0,0,0,0
5913,3753,67.2,Retail,21,1,US,mobile,1.0,1,0,0,0,0,0
5951,2601,227.27,Grocery,18,4,US,mobile,29.3,2,0,0,0,0,0
5990,3252,318.29,Grocery,21,5,AU,desktop,51.9,1,0,1,0,0,0
6021,2032,153.0,Utilities,13,6,NG,desktop,58.6,0,0,1,0,0,0
6144,4856,89.96,Grocery,17,6,FR,desktop,459.4,1,0,1,0,0,0
6282,2213,68.92,Health,15,0,US,tablet,1.0,2,0,0,0,0,0
6306,2415,119.77,Grocery,11,2,US,mobile,19.8,1,0,0,0,0,0
6382,1780,31.36,Retail,15,1,US,mobile,26.7,1,0,0,0,0,0
6444,4247,455.87,Grocery,12,3,US,mobile,16.9,0,0,0,0,0,0
6505,2654,101.22,Retail,7,4,US,tablet,2.0,1,0,0,0,0,0
6529,4360,36.34,Retail,19,0,US,tablet,1.0,0,0,0,0,0,0
6568,1376,67.95,Retail,6,6,FR,desktop,112.4,1,0,1,0,0,0
6590,2947,746.33,Health,9,0,US,tablet,9.2,2,0,0,0,0,0
6609,1339,128.77,Grocery,13,1,US,mobile,9.2,0,0,0,0,0,1
6642,1049,829.67,Utilities,9,4,US,mobile,17.4,1,0,0,0,0,0
6679,4610,174.56,Grocery,7,4,US,mobile,25.5,2,0,0,0,0,1
6779,1570,37.05,Grocery,19,6,FR,desktop,93.3,2,0,1,0,0,0
6816,2006,45.31,Grocery,21,6,CA,desktop,42.4,0,0,1,0,0,0
6860,4286,31.5,Grocery,22,6,BR,desktop,60.1,0,0,1,0,0,1
6919,1315,727.09,Grocery,21,5,CA,desktop,207.2,1,0,1,0,0,0
7124,3015,31.73,Utilities,11,4,US,tablet,9.1,2,0,0,0,0,0
7132,4248,279.36,Retail,15,5,CA,desktop,214.2,2,0,1,0,0,0
7133,4142,84.08,Grocery,20,1,US,mobile,4.9,2,0,0,0,0,1
7141,1719,178.15,Grocery,14,6,BR,desktop,120.5,1,0,1,0,0,0
7156,2026,90.23,Utilities,13,4,US,tablet,13.4,1,0,0,0,0,1
7210,4742,294.75,Retail,19,6,DE,desktop,332.4,2,0,1,0,0,0
7241,3026,130.26,Grocery,8,0,US,mobile,23.7,2,0,0,0,0,0
7335,2336,58.81,Health,19,5,DE,desktop,161.2,1,0,1,0,0,1
7341,4532,103.2,Grocery,19,5,GB,desktop,272.7,0,0,1,0,0,0
7449,3889,122.23,Health,19,4,US,mobile,26.2,1,0,0,0,0,0
7459,1402,280.96,Grocery,14,5,NG,desktop,157.4,0,0,1,0,0,0
7460,4027,469.91,Grocery,19,3,US,mobile,23.9,2,0,0,0,0,1
7516,2112,337.4,Retail,8,4,US,tablet,13.6,1,0,0,0,0,0
7523,2906,38.68,Grocery,10,5,CA,desktop,301.8,0,0,1,0,0,0
7634,2711,63.05,Utilities,16,1,US,mobile,18.7,2,0,0,0,0,0
7665,4137,505.24,Health,10,4,US,tablet,8.8,1,0,0,0,0,0
7860,4639,201.18,Grocery,18,5,AU,desktop,259.8,0,0,1,0,0,0
7917,3670,189.04,Grocery,9,4,US,mobile,29.1,0,0,0,0,0,1
7939,1278,665.96,Grocery,8,6,AU,desktop,206.0,1,0,1,0,0,0
8026,4719,12.04,Grocery,11,6,CA,desktop,159.3,2,0,1,0,0,0
8127,2796,54.98,Grocery,18,4,US,mobile,22.4,2,0,0,0,0,0
8154,3596,219.18,Utilities,9,6,GB,desktop,154.8,1,0,1,0,0,0
8189,1605,124.61,Grocery,16,5,GB,desktop,63.9,1,0,1,0,0,1
8208,2223,24.74,Retail,17,5,CA,desktop,43.9,2,0,1,0,0,0
8259,3065,39.28,Grocery,19,5,CA,desktop,90.9,1,0,1,0,0,0
8394,1469,19.81,Retail,8,6,FR,desktop,85.0,1,0,1,0,0,0
8395,1389,124.05,Utilities,15,6,GB,desktop,647.9,2,0,1,0,0,0
8441,2873,32.11,Grocery,10,2,US,mobile,3.3,0,0,0,0,0,0
8568,1519,267.78,Grocery,9,2,US,tablet,13.1,0,0,0,0,0,0
8571,4734,140.25,Retail,16,6,FR,desktop,81.0,2,0,1,0,0,1
8613,2564,33.42,Retail,9,6,GB,desktop,61.4,2,0,1,0,0,0
8618,4759,24.44,Grocery,7,5,DE,desktop,155.6,0,0,1,0,0,0
8800,4113,120.66,Health,11,3,US,tablet,22.8,2,0,0,0,0,0
8802,4192,134.32,Grocery,12,2,US,mobile,18.4,1,0,0,0,0,0
8860,1119,376.01,Grocery,9,3,US,mobile,2.1,2,0,0,0,0,0
8886,4511,46.72,Grocery,13,6,GB,desktop,118.8,2,0,1,0,0,0
8971,3464,86.66,Grocery,21,6,FR,desktop,84.4,2,0,1,0,0,0
9032,2201,45.66,Grocery,15,6,CA,desktop,217.8,1,0,1,0,0,0
9238,2786,244.94,Utilities,6,5,FR,desktop,279.2,1,0,1,0,0,0
9361,3867,152.09,Retail,20,5,AU,desktop,162.1,1,0,1,0,0,0
9364,1186,25.21,Grocery,10,6,CA,desktop,402.3,1,0,1,0,0,0
9391,2530,776.13,Grocery,22,5,FR,desktop,340.2,2,0,1,0,0,1
9474,3727,19.83,Utilities,10,1,US,tablet,2.4,0,0,0,0,0,0
9494,2772,77.51,Grocery,18,6,GB,desktop,184.2,2,0,1,0,0,0
9544,2589,122.76,Retail,6,5,GB,desktop,208.4,0,0,1,0,0,0
9584,1067,421.43,Grocery,18,6,GB,desktop,139.7,1,0,1,0,0,0
9639,4612,371.9,Grocery,19,1,US,mobile,15.8,2,0,0,0,0,0
9746,3783,156.19,Grocery,20,5,DE,desktop,117.4,0,0,1,0,0,1
9789,3716,8.91,Retail,15,4,US,mobile,1.0,1,0,0,0,0,0
9943,4236,173.85,Grocery,19,2,US,mobile,8.0,1,0,0,0,0,0
9954,2860,56.85,Retail,10,5,JP,desktop,117.4,1,0,1,0,0,0
10022,1939,33.26,Retail,13,6,JP,desktop,98.6,0,0,1,0,0,0
10049,2293,6.95,Retail,19,3,US,mobile,18.5,1,0,0,0,0,0
10090,1983,626.13,Grocery,22,0,US,tablet,6.0,0,0,0,0,0,0
10116,3198,135.07,Grocery,18,5,CA,desktop,66.8,0,0,1,0,0,0
10371,1497,59.94,Grocery,22,3,US,tablet,23.7,0,0,0,0,0,0
10377,2805,70.74,Grocery,14,5,GB,desktop,246.3,1,0,1,0,0,0
10387,1661,57.75,Grocery,17,4,US,mobile,7.3,0,0,0,0,0,0
10401,4971,189.7,Retail,13,4,US,mobile,25.8,1,0,0,0,0,0
10412,1078,84.19,Utilities,17,1,US,mobile,12.1,1,0,0,0,0,0
10487,4609,21.03,Grocery,6,5,GB,desktop,129.9,1,0,1,0,0,0
10658,2751,35.77,Retail,9,3,US,mobile,5.2,1,0,0,0,0,0
10744,4988,97.38,Utilities,8,5,AU,desktop,145.8,2,0,1,0,0,0
10779,2155,319.87,Grocery,21,2,US,mobile,14.8,1,0,0,0,0,0
11114,2211,151.24,Utilities,10,1,US,mobile,19.7,2,0,0,0,0,0
11218,2716,109.85,Grocery,17,0,US,mobile,4.0,0,0,0,0,0,0
11238,3422,75.9,Retail,11,5,GB,desktop,204.1,2,0,1,0,0,1
11420,3464,800.53,Retail,8,4,US,mobile,10.6,1,0,0,0,0,0
11459,2244,21.86,Grocery,20,0,US,mobile,25.2,1,0,0,0,0,0
11585,2355,40.63,Grocery,20,3,US,mobile,25.5,2,0,0,0,0,0
11595,3424,22.3,Retail,8,3,US,mobile,29.1,2,0,0,0,0,0
11603,4199,85.86,Retail,12,6,FR,desktop,138.6,0,0,1,0,0,1
11609,3461,132.8,Retail,22,3,US,mobile,12.9,2,0,0,0,0,0
11652,1633,108.21,Grocery,17,4,US,mobile,18.0,2,0,0,0,0,0
11682,2507,35.7,Retail,16,6,DE,desktop,66.8,0,0,1,0,0,0
11683,4756,58.74,Health,16,2,US,mobile,10.1,2,0,0,0,0,1
11723,3280,83.93,Grocery,6,0,US,mobile,6.0,1,0,0,0,0,0
11756,1705,55.79,Grocery,18,6,BR,desktop,64.4,0,0,1,0,0,0
11799,4842,234.92,Retail,19,3,US,mobile,1.1,1,0,0,0,0,0
11952,1884,45.38,Grocery,6,1,US,mobile,25.1,0,0,0,0,0,0
11997,1252,91.05,Retail,12,6,DE,desktop,30.8,0,0,1,0,0,1
12061,2691,406.48,Grocery,18,6,CA,desktop,96.3,0,0,1,0,0,0
12070,4976,231.59,Retail,6,3,US,mobile,5.3,2,0,0,0,0,0
12143,1300,80.65,Grocery,7,6,BR,desktop,216.2,2,0,1,0,0,0
12174,2966,75.92,Grocery,16,3,US,tablet,1.5,0,0,0,0,0,0
12247,1706,52.5,Health,17,2,US,mobile,5.8,1,0,0,0,0,0
12250,1265,48.04,Retail,9,5,GB,desktop,137.5,1,0,1,0,0,0
12337,4878,35.07,Grocery,6,5,CA,desktop,53.2,0,0,1,0,0,0
12340,3794,23.64,Grocery,21,1,US,mobile,8.4,1,0,0,0,0,0
12366,4245,52.76,Retail,22,6,FR,desktop,78.2,0,0,1,0,0,0
12388,2943,50.78,Retail,7,0,US,mobile,1.8,2,0,0,0,0,1
12442,2778,300.66,Retail,14,0,US,mobile,12.6,2,0,0,0,0,0
12458,2808,10.93,Grocery,13,5,GB,desktop,260.4,0,0,1,0,0,0
12472,1300,119.02,Utilities,8,2,US,tablet,27.4,2,0,0,0,0,0
12484,1709,117.01,Retail,6,5,AU,desktop,80.6,2,0,1,0,0,0
12681,3108,68.7,Retail,16,6,GB,desktop,156.3,2,0,1,0,0,0
12745,2248,121.83,Grocery,7,5,CA,desktop,639.6,1,0,1,0,0,0
12771,1751,20.56,Retail,10,6,DE,desktop,166.2,1,0,1,0,0,0
12863,3369,585.64,Retail,13,1,US,tablet,29.6,2,0,0,0,0,0
12866,1436,7.18,Grocery,14,3,US,mobile,5.3,2,0,0,0,0,0
12924,3955,187.34,Retail,8,1,US,mobile,11.4,2,0,0,0,0,0
12941,4196,736.4,Grocery,17,3,US,tablet,12.4,0,0,0,0,0,0
13002,4659,88.92,Retail,14,2,US,mobile,29.1,2,0,0,0,0,0
13046,1177,45.51,Health,21,5,CA,desktop,30.4,2,0,1,0,0,0
13144,3129,240.33,Retail,9,5,DE,desktop,95.8,1,0,1,0,0,0
13170,2916,18.78,Health,18,5,JP,desktop,156.8,2,0,1,0,0,0
13178,4455,29.75,Retail,10,0,US,mobile,7.9,1,0,0,0,0,0
13292,1399,44.16,Health,15,6,DE,desktop,96.3,2,0,1,0,0,0
13300,2245,106.45,Grocery,7,5,GB,desktop,94.4,1,0,1,0,0,0
13413,2748,51.58,Retail,13,2,US,mobile,5.5,0,0,0,0,0,0
13456,2100,122.31,Grocery,7,3,US,mobile,8.4,0,0,0,0,0,0
13481,2159,205.96,Retail,16,6,FR,desktop,54.9,0,0,1,0,0,0
13556,3191,50.86,Health,13,6,GB,desktop,386.6,1,0,1,0,0,0
13571,1340,41.1,Retail,19,6,NG,desktop,209.4,1,0,1,0,0,0
13641,2470,77.69,Grocery,21,6,GB,desktop,310.1,0,0,1,0,0,1
13674,1223,134.29,Grocery,12,6,JP,desktop,395.0,2,0,1,0,0,0
13687,1561,46.5,Utilities,6,5,DE,desktop,120.2,1,0,1,0,0,1
13711,1099,665.17,Utilities,17,5,AU,desktop,43.1,1,0,1,0,0,0
13872,3826,185.48,Health,11,5,JP,desktop,338.1,0,0,1,0,0,0
13925,4120,252.29,Utilities,11,3,US,mobile,5.1,0,0,0,0,0,0
14039,1139,56.6,Retail,20,6,CA,desktop,43.5,0,0,1,0,0,0
14041,3043,345.78,Utilities,15,4,US,mobile,27.6,1,0,0,0,0,1
14051,1850,222.93,Retail,6,6,BR,desktop,212.1,1,0,1,0,0,0
14067,2823,37.61,Grocery,18,6,JP,desktop,84.8,0,0,1,0,0,0
14099,2940,79.27,Retail,12,2,US,tablet,7.0,1,0,0,0,0,0
14104,1884,35.52,Grocery,6,6,BR,desktop,52.6,0,0,1,0,0,0
14288,1379,19.81,Health,20,1,US,mobile,6.5,1,0,0,0,0,0
14310,4234,332.14,Retail,10,6,CA,desktop,97.0,1,0,1,0,0,0
14365,2540,102.51,Health,8,1,US,mobile,2.8,2,0,0,0,0,0
14383,2904,67.93,Grocery,17,0,US,mobile,28.9,1,0,0,0,0,0
14480,4385,582.51,Utilities,12,5,CA,desktop,248.9,0,0,1,0,0,0
14516,4632,54.4,Grocery,8,1,US,mobile,25.2,2,0,0,0,0,0
14540,2431,423.44,Grocery,9,5,BR,desktop,157.2,1,0,1,0,0,0
14610,3125,33.04,Retail,15,0,US,mobile,2.7,0,0,0,0,0,0
14713,4304,15.76,Grocery,17,5,GB,desktop,106.4,2,0,1,0,0,0
14747,1283,117.16,Health,13,3,US,mobile,28.6,0,0,0,0,0,0
14841,1611,163.55,Grocery,12,6,CA,desktop,140.6,1,0,1,0,0,0
14943,4953,371.66,Grocery,10,2,US,mobile,22.2,1,0,0,0,0,0
14945,2453,56.99,Grocery,19,0,US,mobile,10.5,2,0,0,0,0,1
15122,4656,89.39,Retail,10,2,US,mobile,22.1,1,0,0,0,0,0
15145,3430,80.93,Grocery,14,3,US,mobile,1.0,2,0,0,0,0,0
15153,3144,137.87,Retail,11,6,DE,desktop,163.4,2,0,1,0,0,0
15198,2617,29.16,Retail,10,6,JP,desktop,59.2,0,0,1,0,0,0
15277,3211,85.4,Health,17,6,GB,desktop,100.2,0,0,1,0,0,0
15302,4279,23.01,Utilities,16,6,CA,desktop,44.9,2,0,1,0,0,0
15313,1807,97.12,Grocery,15,4,US,mobile,17.1,0,0,0,0,0,0
15326,3616,110.83,Retail,17,6,BR,desktop,44.3,2,0,1,0,0,0
15511,1182,28.45,Grocery,16,3,US,mobile,4.4,0,0,0,0,0,0
15538,4910,28.68,Grocery,15,5,DE,desktop,333.2,1,0,1,0,0,1
15582,3851,51.85,Grocery,12,6,BR,desktop,412.5,0,0,1,0,0,0
15611,3992,45.82,Retail,8,2,US,mobile,10.8,0,0,0,0,0,0
15706,3324,162.03,Health,20,6,GB,desktop,212.7,1,0,1,0,0,1
15721,4009,131.88,Utilities,12,1,US,mobile,28.9,0,0,0,0,0,0
15792,3623,55.72,Grocery,19,6,FR,desktop,195.0,1,0,1,0,0,0
15905,2134,23.84,Utilities,13,3,US,tablet,18.4,1,0,0,0,0,0
15909,3407,24.21,Grocery,10,6,NG,desktop,202.6,1,0,1,0,0,1
15977,4384,168.2,Grocery,7,5,BR,desktop,309.2,1,0,1,0,0,0
15982,3244,32.14,Retail,17,0,US,tablet,24.6,0,0,0,0,0,1
15986,1375,129.65,Grocery,11,5,DE,desktop,118.2,1,0,1,0,0,0
16143,1792,154.53,Health,6,4,US,mobile,18.9,1,0,0,0,0,0
16181,1574,24.64,Retail,6,6,DE,desktop,58.8,2,0,1,0,0,0
16236,2333,59.99,Retail,22,4,US,mobile,10.0,2,0,0,0,0,0
16292,3334,259.4,Grocery,19,6,CA,desktop,564.1,0,0,1,0,0,0
16294,2022,33.67,Utilities,20,3,US,mobile,7.2,1,0,0,0,0,0
16304,3082,115.4,Grocery,6,3,US,tablet,20.3,2,0,0,0,0,0
16336,4904,52.33,Retail,9,4,US,mobile,21.3,1,0,0,0,0,0
16337,4599,27.49,Utilities,16,2,US,tablet,16.6,2,0,0,0,0,0
16342,4858,51.35,Grocery,10,6,GB,desktop,286.0,0,0,1,0,0,0
16405,4390,36.16,Retail,6,1,US,tablet,9.6,0,0,0,0,0,0
16441,4795,138.9,Retail,9,5,AU,desktop,232.5,1,0,1,0,0,0
16449,1813,145.09,Grocery,21,5,NG,desktop,129.8,1,0,1,0,0,1
16472,1440,59.71,Retail,11,6,DE,desktop,382.2,1,0,1,0,0,1
16571,3539,249.32,Retail,16,4,US,mobile,9.0,0,0,0,0,0,0
16575,2556,16.48,Retail,13,4,US,mobile,4.5,1,0,0,0,0,0
16602,3819,134.65,Retail,6,6,DE,desktop,295.2,1,0,1,0,0,0
16625,2293,71.63,Grocery,6,1,US,mobile,8.3,1,0,0,0,0,0
16672,3739,23.11,Grocery,15,4,US,tablet,1.0,0,0,0,0,0,0
16688,2419,63.0,Grocery,6,5,GB,desktop,140.2,1,0,1,0,0,0
16873,2122,326.63,Grocery,18,4,US,mobile,8.3,2,0,0,0,0,1
16881,3864,21.62,Retail,10,4,US,tablet,17.7,0,0,0,0,0,0
16990,3420,5.0,Retail,16,2,US,tablet,15.1,1,0,0,0,0,0
17018,4785,170.16,Grocery,9,2,US,tablet,20.4,2,0,0,0,0,0
17056,3779,257.44,Grocery,20,6,CA,desktop,47.2,0,0,1,0,0,0
17094,3983,44.08,Retail,8,1,US,mobile,16.4,0,0,0,0,0,0
17134,4592,60.77,Retail,14,6,CA,desktop,204.1,2,0,1,0,0,1
17178,2944,243.2,Retail,17,6,DE,desktop,253.1,1,0,1,0,0,0
17291,4876,64.8,Grocery,20,0,US,mobile,9.2,0,0,0,0,0,0
17348,1729,185.44,Retail,13,2,US,mobile,11.3,1,0,0,0,0,0
17423,2875,54.3,Grocery,18,6,AU,desktop,143.5,1,0,1,0,0,0
17429,2543,77.39,Retail,6,2,US,mobile,27.7,0,0,0,0,0,0
17450,3027,76.55,Retail,9,6,AU,desktop,195.3,0,0,1,0,0,0
17586,2323,116.11,Health,17,6,CA,desktop,37.2,2,0,1,0,0,0
17606,1511,240.23,Grocery,22,3,US,mobile,26.5,1,0,0,0,0,0
17619,4709,66.71,Grocery,22,3,US,mobile,12.7,1,0,0,0,0,0
17748,4095,79.0,Health,13,3,US,mobile,29.0,1,0,0,0,0,0
17752,2217,72.5,Grocery,19,2,US,tablet,10.8,0,0,0,0,0,0
17776,3394,17.47,Grocery,18,5,BR,desktop,68.1,1,0,1,0,0,0
17813,4647,62.42,Grocery,15,4,US,mobile,1.1,0,0,0,0,0,1
17824,3002,118.55,Retail,19,5,FR,desktop,228.5,2,0,1,0,0,0
17929,3593,162.81,Grocery,20,6,GB,desktop,96.3,1,0,1,0,0,0
17995,2172,500.0,Grocery,20,4,US,tablet,10.3,0,0,0,0,0,0
18130,1780,35.0,Grocery,22,3,US,mobile,13.4,0,0,0,0,0,0
18138,3702,103.13,Retail,17,6,DE,desktop,221.1,2,0,1,0,0,0
18140,2388,34.32,Grocery,17,3,US,tablet,5.5,1,0,0,0,0,0
18157,3993,36.2,Grocery,14,6,DE,desktop,74.3,1,0,1,0,0,1
18332,2589,78.64,Grocery,13,6,BR,desktop,70.8,1,0,1,0,0,0
18381,3453,118.39,Grocery,13,4,US,mobile,10.1,1,0,0,0,0,1
18434,4925,99.95,Grocery,6,6,JP,desktop,70.2,2,0,1,0,0,0
18473,2372,327.52,Retail,15,6,DE,desktop,100.2,0,0,1,0,0,0
18488,2011,88.0,Retail,21,6,AU,desktop,277.4,0,0,1,0,0,0
18496,2457,407.55,Retail,19,5,FR,desktop,240.2,1,0,1,0,0,0
18526,3822,278.81,Health,19,6,FR,desktop,445.1,1,0,1,0,0,0
18550,3403,42.36,Health,7,6,FR,desktop,62.2,0,0,1,0,0,1
18575,1279,37.93,Utilities,13,6,AU,desktop,205.1,0,0,1,0,0,0
18585,4208,35.64,Grocery,9,6,DE,desktop,166.1,0,0,1,0,0,0
18647,2321,145.07,Utilities,17,5,BR,desktop,189.6,0,0,1,0,0,1
18725,1108,45.68,Retail,16,5,JP,desktop,230.0,1,0,1,0,0,0
18746,3788,110.66,Health,13,3,US,tablet,14.7,1,0,0,0,0,0
18777,1975,109.26,Retail,15,1,US,mobile,20.2,2,0,0,0,0,1
18832,3244,77.85,Grocery,7,3,US,mobile,7.9,1,0,0,0,0,0
18912,1550,67.72,Grocery,19,6,AU,desktop,585.5,0,0,1,0,0,0
19090,3391,67.17,Retail,12,6,GB,desktop,102.5,1,0,1,0,0,0
19093,2169,431.94,Grocery,7,6,AU,desktop,86.3,2,0,1,0,0,0
19117,1682,25.45,Retail,8,0,US,mobile,1.0,1,0,0,0,0,0
19154,1579,32.9,Retail,15,5,FR,desktop,80.2,1,0,1,0,0,1
19164,1254,29.67,Utilities,14,2,US,mobile,5.4,2,0,0,0,0,0
19262,4156,26.16,Grocery,22,6,GB,desktop,88.4,0,0,1,0,0,0
19330,1304,160.95,Grocery,7,5,GB,desktop,41.6,2,0,1,0,0,0
19344,4866,185.0,Retail,12,5,CA,desktop,294.2,0,0,1,0,0,0
19349,1292,130.91,Grocery,17,5,CA,desktop,197.1,2,0,1,0,0,0
19474,1097,86.61,Retail,15,2,US,mobile,15.9,2,0,0,0,0,0
19485,1504,35.06,Utilities,18,5,AU,desktop,240.5,2,0,1,0,0,0
19493,1969,150.39,Retail,12,6,CA,desktop,372.7,1,0,1,0,0,0
19506,2283,48.88,Grocery,19,0,US,mobile,28.6,1,0,0,0,0,0
19514,3998,212.77,Health,9,0,US,tablet,29.4,1,0,0,0,0,0
19532,3124,72.88,Grocery,8,0,US,tablet,4.7,0,0,0,0,0,0
19536,3607,214.44,Health,11,6,CA,desktop,106.9,0,0,1,0,0,0
19565,2482,41.75,Retail,16,6,BR,desktop,71.1,1,0,1,0,0,0
19672,1034,40.76,Grocery,8,5,GB,desktop,63.2,2,0,1,0,0,0
19717,2399,19.8,Grocery,16,6,FR,desktop,114.3,0,0,1,0,0,0
19722,1612,121.76,Utilities,7,2,US,tablet,19.5,0,0,0,0,0,0
19845,3204,40.86,Grocery,15,6,GB,desktop,40.1,2,0,1,0,0,0
19884,1917,149.81,Grocery,9,6,FR,desktop,32.4,0,0,1,0,0,0
19894,4275,109.05,Grocery,18,0,US,mobile,20.9,0,0,0,0,0,1
19904,4977,287.06,Retail,18,6,JP,desktop,157.2,0,0,1,0,0,0
19934,2493,125.54,Utilities,9,2,US,tablet,19.0,1,0,0,0,0,0
19954,3837,304.31,Grocery,10,0,US,mobile,1.0,2,0,0,0,0,0
77,2320,190.02,Food Delivery,14,4,US,desktop,141.8,2,0,0,0,0,0
82,2748,127.57,Food Delivery,11,0,US,desktop,332.1,1,0,0,0,0,0
134,3236,264.06,Travel,18,0,US,desktop,117.8,1,0,0,0,0,1
235,2971,67.67,Travel,6,1,US,desktop,45.1,1,0,0,0,0,0
252,2975,70.51,Food Delivery,17,0,US,desktop,121.9,2,0,0,0,0,0
255,3642,52.15,Travel,16,3,US,desktop,48.6,1,0,0,0,0,0
258,1413,67.22,Food Delivery,15,2,US,desktop,244.9,1,0,0,0,0,0
382,4747,44.46,Health,17,6,US,mobile,138.5,2,0,1,0,1,0
387,1270,253.2,Travel,14,4,US,desktop,367.1,2,0,0,0,0,0
457,1592,139.03,Grocery,14,5,US,mobile,74.4,1,0,1,0,1,0
592,4610,13.54,Entertainment,19,2,US,desktop,127.9,2,0,0,0,0,0
599,3511,79.59,Grocery,15,6,US,mobile,69.4,1,0,1,0,1,0
643,4416,102.9,Food Delivery,13,1,US,desktop,455.2,0,0,0,0,0,0
647,2841,17.33,Travel,16,1,US,desktop,705.2,0,0,0,0,0,0
655,3212,251.67,Entertainment,12,1,US,desktop,42.6,1,0,0,0,0,0
659,1289,100.9,Travel,6,2,US,desktop,77.2,1,0,0,0,0,0
679,3092,43.64,Retail,8,5,US,tablet,286.7,1,0,1,0,1,0
745,4180,39.82,Food Delivery,7,3,US,desktop,290.7,2,0,0,0,0,0
761,1703,33.09,Food Delivery,20,0,US,desktop,239.9,1,0,0,0,0,1
938,1593,10.63,Online,14,0,US,desktop,324.7,2,0,0,0,0,0
960,2647,29.26,Travel,7,3,US,desktop,96.4,1,0,0,0,0,0
970,1144,24.24,Travel,15,3,US,desktop,98.4,0,0,0,0,0,0
1038,1058,69.5,Food Delivery,8,1,US,desktop,389.3,2,0,0,0,0,1
1059,2697,38.49,Travel,12,1,US,desktop,33.6,1,0,0,0,0,0
1136,1232,182.86,Entertainment,10,3,US,desktop,100.1,0,0,0,0,0,1
1163,4391,187.61,Food Delivery,10,1,US,desktop,570.8,0,0,0,0,0,0
1170,4669,147.19,Retail,9,6,US,tablet,123.9,2,0,1,0,1,0
1173,2566,874.97,Travel,14,1,US,desktop,38.2,2,0,0,0,0,0
1185,2681,279.47,Online,11,4,US,desktop,84.8,0,0,0,0,0,0
1340,2631,197.72,Entertainment,7,4,US,desktop,120.8,1,0,0,0,0,0
1372,2373,62.32,Food Delivery,8,3,US,desktop,46.5,1,0,0,0,0,0
1397,3479,70.53,Travel,20,1,US,desktop,39.2,2,0,0,0,0,0
1410,2132,372.87,Food Delivery,18,1,US,desktop,401.8,1,0,0,0,0,0
1424,3698,28.47,Travel,17,4,US,desktop,51.9,2,0,0,0,0,0
1454,1984,24.85,Travel,8,3,US,desktop,127.4,2,0,0,0,0,0
1477,2962,10.41,Travel,11,2,US,desktop,997.2,2,0,0,0,0,0
1545,1922,107.37,Travel,15,4,US,desktop,200.6,0,0,0,0,0,0
1574,4252,22.82,Travel,14,1,US,desktop,102.7,0,0,0,0,0,0
1582,1865,67.54,Food Delivery,6,3,US,desktop,752.2,1,0,0,0,0,0
1627,3311,98.81,Food Delivery,22,1,US,desktop,649.3,2,0,0,0,0,0
1660,2014,53.85,Online,12,2,US,desktop,265.1,2,0,0,0,0,0
1669,3130,79.24,Online,8,0,US,desktop,566.7,0,0,0,0,0,1
1695,1640,19.12,Travel,15,3,US,desktop,294.5,1,0,0,0,0,0
1707,4934,71.0,Entertainment,22,2,US,desktop,41.4,1,0,0,0,0,0
1734,4462,81.63,Travel,6,2,US,desktop,149.9,1,0,0,0,0,0
1777,2329,125.09,Food Delivery,8,3,US,desktop,141.1,2,0,0,0,0,0
1916,3070,13.56,Entertainment,13,4,US,desktop,72.7,2,0,0,0,0,0
1931,1357,70.2,Travel,22,2,US,desktop,159.9,0,0,0,0,0,0
1937,2490,18.56,Food Delivery,10,1,US,desktop,132.3,2,0,0,0,0,0
1959,3641,82.25,Entertainment,6,4,US,desktop,105.9,2,0,0,0,0,1
2072,3588,105.24,Health,10,5,US,tablet,424.5,1,0,1,0,1,0
2075,3786,384.36,Travel,14,4,US,desktop,260.5,2,0,0,0,0,0
2117,4842,266.54,Travel,21,2,US,desktop,936.5,1,0,0,0,0,0
2123,3329,57.11,Entertainment,13,1,US,desktop,90.3,1,0,0,0,0,0
2132,4904,267.65,Travel,15,1,US,desktop,231.1,2,0,0,0,0,0
2133,3077,99.65,Entertainment,19,4,US,desktop,174.4,0,0,0,0,0,0
2178,2922,421.49,Travel,9,3,US,desktop,501.7,1,0,0,0,0,0
2200,1670,91.81,Entertainment,19,2,US,desktop,51.4,2,0,0,0,0,0
2217,2802,69.35,Entertainment,9,3,US,desktop,58.4,2,0,0,0,0,0
2230,4923,35.4,Travel,11,0,US,desktop,67.2,1,0,0,0,0,0
2246,4330,28.88,Online,15,2,US,desktop,1056.9,2,0,0,0,0,0
2255,2180,261.6,Food Delivery,17,4,US,desktop,81.1,2,0,0,0,0,0
2310,3135,36.91,Entertainment,14,1,US,desktop,40.9,2,0,0,0,0,0
2320,4098,25.34,Entertainment,7,1,US,desktop,467.3,1,0,0,0,0,0
2350,3016,185.42,Entertainment,16,4,US,desktop,37.9,0,0,0,0,0,0
2354,2858,134.9,Travel,11,2,US,desktop,187.4,2,0,0,0,0,0
2424,4306,39.46,Travel,6,1,US,desktop,91.5,2,0,0,0,0,0
2436,3256,67.97,Travel,12,0,US,desktop,111.6,1,0,0,0,0,1
2583,2164,68.57,Travel,11,3,US,desktop,70.2,1,0,0,0,0,0
2593,3128,113.98,Food Delivery,19,4,US,desktop,171.2,2,0,0,0,0,0
2625,4685,68.46,Entertainment,22,1,US,desktop,370.5,0,0,0,0,0,0
2627,4915,36.63,Online,20,3,US,desktop,367.6,1,0,0,0,0,0
2692,3428,62.63,Entertainment,14,4,US,desktop,78.7,1,0,0,0,0,0
2712,1095,139.73,Food Delivery,8,2,US,desktop,741.0,1,0,0,0,0,0
2758,3536,70.73,Entertainment,17,2,US,desktop,72.1,2,0,0,0,0,0
2848,2545,456.11,Food Delivery,16,3,US,desktop,365.9,1,0,0,0,0,0
2855,3895,16.6,Online,13,1,US,desktop,317.0,0,0,0,0,0,0
2866,1140,132.38,Online,17,2,US,desktop,482.7,2,0,0,0,0,0
2885,2421,160.67,Travel,14,3,US,desktop,189.7,1,0,0,0,0,0
2972,1203,18.8,Travel,15,3,US,desktop,55.0,0,0,0,0,0,0
2992,3551,114.99,Travel,15,3,US,desktop,517.1,0,0,0,0,0,0
2993,1772,43.28,Online,22,3,US,desktop,99.7,1,0,0,0,0,0
3102,1523,90.44,Grocery,9,6,US,tablet,32.8,1,0,1,0,1,0
3120,4468,371.19,Food Delivery,13,4,US,desktop,74.9,1,0,0,0,0,0
3139,2874,185.88,Travel,8,4,US,desktop,296.5,0,0,0,0,0,0
3191,1012,179.91,Entertainment,9,3,US,desktop,267.7,0,0,0,0,0,0
3228,2513,48.92,Online,7,2,US,desktop,130.6,2,0,0,0,0,0
3261,2741,23.02,Food Delivery,13,3,US,desktop,270.0,0,0,0,0,0,1
3279,4971,70.54,Entertainment,22,0,US,desktop,315.0,1,0,0,0,0,0
3436,3425,79.13,Food Delivery,12,4,US,desktop,105.1,1,0,0,0,0,0
3575,4811,20.38,Travel,9,1,US,desktop,315.7,1,0,0,0,0,1
3586,1866,21.35,Travel,7,1,US,desktop,64.5,2,0,0,0,0,0
3678,4076,110.63,Grocery,19,5,US,mobile,170.3,1,0,1,0,1,0
3723,4003,87.73,Travel,9,4,US,desktop,335.9,2,0,0,0,0,1
3744,2759,53.68,Entertainment,13,4,US,desktop,33.9,0,0,0,0,0,0
3749,4677,10.87,Online,22,1,US,desktop,213.9,1,0,0,0,0,0
3844,2201,17.97,Online,18,0,US,desktop,117.8,2,0,0,0,0,0
3894,1805,574.93,Retail,10,6,US,mobile,287.2,1,0,1,0,1,0
3922,3458,84.89,Travel,17,3,US,desktop,168.6,1,0,0,0,0,0
3929,3650,85.1,Online,18,3,US,desktop,305.3,0,0,0,0,0,0
3949,4879,167.28,Online,17,1,US,desktop,337.6,1,0,0,0,0,0
4050,2826,134.87,Travel,21,0,US,desktop,137.3,1,0,0,0,0,0
4154,4906,129.24,Online,16,1,US,desktop,816.9,1,0,0,0,0,0
4202,3988,32.83,Entertainment,6,2,US,desktop,51.4,0,0,0,0,0,0
4240,1960,139.93,Online,17,0,US,desktop,219.4,1,0,0,0,0,0
4282,4582,97.42,Online,16,1,US,desktop,121.5,1,0,0,0,0,0
4287,3857,99.26,Travel,15,1,US,desktop,400.0,2,0,0,0,0,0
4312,4427,249.96,Entertainment,7,1,US,desktop,102.2,2,0,0,0,0,0
4322,2792,383.68,Online,12,4,US,desktop,74.1,1,0,0,0,0,1
4367,1664,91.34,Food Delivery,6,0,US,desktop,479.9,0,0,0,0,0,0
4384,3255,38.72,Online,8,2,US,desktop,111.2,1,0,0,0,0,0
4406,4578,46.98,Food Delivery,21,2,US,desktop,161.2,1,0,0,0,0,0
4448,1760,64.97,Entertainment,17,0,US,desktop,405.7,1,0,0,0,0,0
4452,2013,18.18,Online,22,3,US,desktop,769.4,1,0,0,0,0,0
4459,1465,327.14,Travel,21,4,US,desktop,749.4,1,0,0,0,0,0
4512,3087,514.57,Entertainment,9,1,US,desktop,229.8,0,0,0,0,0,0
4521,4961,84.89,Travel,16,3,US,desktop,705.1,0,0,0,0,0,0
4539,4336,219.41,Travel,14,3,US,desktop,212.4,2,0,0,0,0,0
4546,4018,71.19,Online,12,4,US,desktop,106.9,1,0,0,0,0,0
4556,1865,204.19,Online,10,0,US,desktop,98.9,1,0,0,0,0,0
4572,1374,214.42,Travel,18,3,US,desktop,69.5,0,0,0,0,0,0
4625,2568,151.29,Food Delivery,11,0,US,desktop,53.6,0,0,0,0,0,0
4635,1404,133.23,Online,6,4,US,desktop,72.6,2,0,0,0,0,0
4685,3067,45.88,Travel,7,1,US,desktop,403.4,2,0,0,0,0,0
4705,3939,127.17,Travel,16,2,US,desktop,80.7,1,0,0,0,0,0
4716,3002,206.38,Online,22,1,US,desktop,53.2,2,0,0,0,0,0
4721,3288,430.03,Grocery,22,5,US,mobile,216.1,0,0,1,0,1,0
4758,1535,285.74,Food Delivery,19,2,US,desktop,69.6,1,0,0,0,0,1
4764,1950,340.71,Food Delivery,18,4,US,desktop,1259.6,1,0,0,0,0,0
4775,2078,72.62,Travel,6,1,US,desktop,259.6,0,0,0,0,0,0
4888,3157,569.24,Travel,17,3,US,desktop,187.7,0,0,0,0,0,0
4896,2617,625.19,Health,17,6,US,mobile,307.3,2,0,1,0,1,0
4906,3566,83.79,Online,9,2,US,desktop,304.6,0,0,0,0,0,0
4907,2141,16.8,Entertainment,12,3,US,desktop,127.0,2,0,0,0,0,0
4946,3893,347.03,Travel,19,3,US,desktop,204.6,2,0,0,0,0,0
5013,3395,35.63,Travel,13,1,US,desktop,79.3,0,0,0,0,0,1
5019,4122,41.94,Travel,10,2,US,desktop,86.4,2,0,0,0,0,0
5021,4522,441.98,Online,16,1,US,desktop,36.3,2,0,0,0,0,0
5057,4789,49.58,Travel,20,0,US,desktop,233.7,0,0,0,0,0,0
5160,4704,148.52,Food Delivery,19,2,US,desktop,44.9,0,0,0,0,0,0
5189,4273,28.44,Food Delivery,21,3,US,desktop,339.0,2,0,0,0,0,1
5228,4091,89.46,Online,9,0,US,desktop,45.7,0,0,0,0,0,0
5236,4443,136.02,Travel,6,2,US,desktop,441.2,1,0,0,0,0,0
5263,3355,41.26,Travel,21,2,US,desktop,150.3,0,0,0,0,0,0
5273,1966,22.88,Travel,9,4,US,desktop,473.0,0,0,0,0,0,1
5290,2164,31.74,Food Delivery,8,2,US,desktop,207.6,2,0,0,0,0,0
5293,2357,99.14,Travel,6,0,US,desktop,101.3,0,0,0,0,0,1
5409,3238,71.82,Grocery,9,5,US,tablet,296.5,1,0,1,0,1,0
5412,2873,232.36,Online,9,4,US,desktop,183.7,1,0,0,0,0,1
5435,3103,463.01,Online,17,1,US,desktop,30.5,2,0,0,0,0,0
5608,3383,60.88,Entertainment,13,1,US,desktop,653.1,2,0,0,0,0,0
5665,3186,124.63,Travel,6,2,US,desktop,665.5,1,0,0,0,0,0
5727,3094,152.21,Entertainment,22,3,US,desktop,77.5,2,0,0,0,0,0
5728,1417,112.01,Travel,21,3,US,desktop,201.3,2,0,0,0,0,0
5733,4370,243.82,Entertainment,13,4,US,desktop,512.3,2,0,0,0,0,0
5735,3605,230.19,Entertainment,14,0,US,desktop,721.1,0,0,0,0,0,0
5829,1472,149.77,Travel,9,1,US,desktop,445.6,2,0,0,0,0,0
5852,3359,251.85,Travel,22,0,US,desktop,93.6,0,0,0,0,0,0
5901,4720,181.26,Travel,21,2,US,desktop,55.4,0,0,0,0,0,0
5908,4653,136.46,Food Delivery,19,4,US,desktop,481.7,1,0,0,0,0,0
5909,4182,225.38,Entertainment,13,0,US,desktop,94.2,1,0,0,0,0,0
5945,2014,885.36,Entertainment,8,1,US,desktop,52.1,1,0,0,0,0,0
5975,4853,135.25,Travel,19,0,US,desktop,115.4,1,0,0,0,0,0
6004,3376,63.81,Food Delivery,14,1,US,desktop,147.6,2,0,0,0,0,0
6037,3329,250.06,Food Delivery,6,4,US,desktop,45.9,2,0,0,0,0,0
6136,1727,80.5,Travel,13,2,US,desktop,167.4,0,0,0,0,0,0
6177,3982,89.52,Online,16,3,US,desktop,51.4,1,0,0,0,0,0
6179,4198,73.99,Food Delivery,20,3,US,desktop,35.3,0,0,0,0,0,0
6229,1018,183.68,Food Delivery,10,1,US,desktop,182.5,2,0,0,0,0,0
6231,2901,12.9,Online,20,2,US,desktop,41.2,2,0,0,0,0,0
6232,3529,23.99,Food Delivery,22,3,US,desktop,447.8,2,0,0,0,0,0
6236,3693,119.53,Online,22,2,US,desktop,184.8,1,0,0,0,0,0
6242,1648,18.67,Online,14,0,US,desktop,196.4,0,0,0,0,0,0
6275,3250,186.89,Online,6,4,US,desktop,348.0,0,0,0,0,0,1
6287,1281,118.35,Online,20,3,US,desktop,41.4,0,0,0,0,0,0
6294,3940,116.72,Travel,21,3,US,desktop,70.7,1,0,0,0,0,0
6414,1014,68.4,Travel,9,1,US,desktop,130.7,1,0,0,0,0,0
6417,1846,165.34,Online,14,0,US,desktop,41.5,2,0,0,0,0,0
6471,1061,255.71,Online,15,4,US,desktop,222.7,0,0,0,0,0,0
6504,3212,29.1,Travel,6,3,US,desktop,163.8,0,0,0,0,0,0
6514,1405,63.54,Travel,17,2,US,desktop,284.6,0,0,0,0,0,0
6588,2966,62.34,Entertainment,7,3,US,desktop,143.6,1,0,0,0,0,0
6614,1247,56.36,Entertainment,17,0,US,desktop,59.0,2,0,0,0,0,0
6661,1269,269.92,Entertainment,21,1,US,desktop,50.7,2,0,0,0,0,0
6675,3250,44.19,Food Delivery,11,2,US,desktop,575.8,1,0,0,0,0,0
6689,3794,103.04,Entertainment,8,2,US,desktop,116.1,0,0,0,0,0,0
6724,2384,114.44,Food Delivery,15,3,US,desktop,57.5,2,0,0,0,0,0
6726,3340,48.42,Travel,8,2,US,desktop,193.1,1,0,0,0,0,0
6756,4661,83.9,Food Delivery,13,4,US,desktop,330.1,0,0,0,0,0,0
6827,3153,87.89,Grocery,8,6,US,mobile,389.4,2,0,1,0,1,0
6829,2892,519.11,Entertainment,22,1,US,desktop,61.5,1,0,0,0,0,0
6842,4443,69.57,Health,10,5,US,mobile,61.8,1,0,1,0,1,1
6934,3478,58.83,Entertainment,20,3,US,desktop,231.9,0,0,0,0,0,0
6976,3984,24.8,Online,17,0,US,desktop,86.4,1,0,0,0,0,0
7015,2717,54.45,Online,20,2,US,desktop,652.5,2,0,0,0,0,0
7084,3176,175.85,Food Delivery,17,3,US,desktop,39.4,0,0,0,0,0,0
7119,2712,98.83,Grocery,10,5,US,mobile,296.5,0,0,1,0,1,0
7195,3970,47.31,Travel,14,4,US,desktop,148.2,1,0,0,0,0,0
7223,2599,337.76,Travel,16,0,US,desktop,235.6,0,0,0,0,0,0
7248,4342,7.44,Online,6,1,US,desktop,425.0,2,0,0,0,0,1
7267,4094,33.86,Travel,17,2,US,desktop,187.5,0,0,0,0,0,1
7288,1705,39.31,Food Delivery,17,1,US,desktop,160.8,1,0,0,0,0,0
7311,4490,41.0,Food Delivery,18,2,US,desktop,98.4,0,0,0,0,0,1
7326,4560,61.16,Food Delivery,9,3,US,desktop,417.7,2,0,0,0,0,1
7334,1844,89.2,Travel,21,0,US,desktop,51.4,2,0,0,0,0,0
7345,3957,65.44,Online,16,0,US,desktop,102.1,1,0,0,0,0,0
7349,4697,42.0,Entertainment,15,2,US,desktop,57.2,0,0,0,0,0,0
7365,4962,50.07,Travel,6,3,US,desktop,30.3,2,0,0,0,0,0
7399,1154,162.59,Food Delivery,10,0,US,desktop,111.3,2,0,0,0,0,0
7422,4470,200.16,Entertainment,6,0,US,desktop,98.9,0,0,0,0,0,0
7443,3265,81.2,Online,19,0,US,desktop,455.9,1,0,0,0,0,0
7567,2673,61.31,Retail,16,5,US,mobile,459.8,2,0,1,0,1,1
7625,4515,125.17,Online,7,4,US,desktop,40.9,1,0,0,0,0,0
7638,3743,268.96,Travel,9,2,US,desktop,201.9,2,0,0,0,0,1
7644,3511,21.81,Entertainment,9,1,US,desktop,69.9,2,0,0,0,0,0
7685,3056,18.98,Travel,13,2,US,desktop,381.7,0,0,0,0,0,0
7694,3929,84.06,Online,9,2,US,desktop,138.0,0,0,0,0,0,0
7710,3415,50.12,Online,9,0,US,desktop,155.3,0,0,0,0,0,0
7759,4264,36.09,Food Delivery,11,3,US,desktop,319.5,2,0,0,0,0,0
7773,3312,66.39,Grocery,14,5,US,tablet,60.7,0,0,1,0,1,1
7811,3023,678.53,Entertainment,20,4,US,desktop,111.5,0,0,0,0,0,0
7825,4254,10.4,Food Delivery,10,1,US,desktop,218.3,2,0,0,0,0,1
7857,1396,18.44,Online,7,3,US,desktop,133.1,0,0,0,0,0,0
7943,3291,230.24,Food Delivery,19,3,US,desktop,72.2,1,0,0,0,0,0
8047,2697,34.3,Food Delivery,12,3,US,desktop,52.5,0,0,0,0,0,0
8100,3870,32.89,Food Delivery,19,0,US,desktop,422.3,1,0,0,0,0,0
8139,4528,9.48,Online,16,3,US,desktop,100.0,1,0,0,0,0,0
8219,2957,45.42,Entertainment,11,0,US,desktop,79.8,0,0,0,0,0,1
8255,4222,184.06,Entertainment,7,4,US,desktop,98.9,0,0,0,0,0,0
8345,2203,187.47,Food Delivery,10,1,US,desktop,162.0,1,0,0,0,0,1
8370,4675,9.08,Entertainment,11,3,US,desktop,724.5,1,0,0,0,0,0
8402,1820,396.15,Online,16,3,US,desktop,138.7,2,0,0,0,0,0
8423,1954,15.73,Food Delivery,7,0,US,desktop,336.6,0,0,0,0,0,0
8425,1264,80.79,Travel,17,3,US,desktop,60.4,0,0,0,0,0,0
8435,2352,19.96,Food Delivery,11,0,US,desktop,70.8,1,0,0,0,0,0
8486,2905,70.32,Online,19,0,US,desktop,102.2,0,0,0,0,0,1
8504,1599,23.65,Online,18,3,US,desktop,232.7,1,0,0,0,0,0
8556,4426,33.99,Online,12,1,US,desktop,207.3,2,0,0,0,0,0
8581,1788,131.77,Entertainment,7,4,US,desktop,80.5,1,0,0,0,0,0
8600,3752,184.04,Online,19,0,US,desktop,107.6,2,0,0,0,0,1
8638,4414,397.27,Food Delivery,12,3,US,desktop,61.3,1,0,0,0,0,1
8696,4508,223.06,Online,9,1,US,desktop,51.4,0,0,0,0,0,0
8720,3966,224.83,Online,21,0,US,desktop,97.5,1,0,0,0,0,0
8745,2624,466.08,Travel,7,3,US,desktop,212.4,0,0,0,0,0,0
8746,3048,13.05,Online,8,0,US,desktop,42.2,2,0,0,0,0,1
8831,4766,192.63,Online,19,2,US,desktop,53.6,1,0,0,0,0,0
8848,1913,338.42,Food Delivery,10,0,US,desktop,106.9,1,0,0,0,0,0
8871,1022,35.69,Online,21,3,US,desktop,99.9,1,0,0,0,0,0
8909,2318,43.68,Food Delivery,10,0,US,desktop,45.3,1,0,0,0,0,0
8955,4595,57.34,Retail,10,5,US,mobile,135.4,2,0,1,0,1,0
8964,3543,95.9,Online,10,0,US,desktop,96.7,1,0,0,0,0,0
8967,3849,680.1,Travel,22,3,US,desktop,499.3,2,0,0,0,0,0
9034,2724,191.74,Travel,10,0,US,desktop,154.4,0,0,0,0,0,0
9100,2135,71.88,Food Delivery,20,3,US,desktop,447.9,0,0,0,0,0,0
9112,3984,65.16,Food Delivery,13,1,US,desktop,423.1,2,0,0,0,0,1
9147,3815,55.85,Food Delivery,16,2,US,desktop,190.3,0,0,0,0,0,0
9213,4750,227.66,Food Delivery,18,0,US,desktop,217.7,0,0,0,0,0,0
9222,4456,72.97,Food Delivery,19,1,US,desktop,34.4,1,0,0,0,0,0
9290,2091,57.09,Food Delivery,8,4,US,desktop,231.6,0,0,0,0,0,0
9304,4210,40.1,Travel,10,0,US,desktop,347.7,0,0,0,0,0,0
9331,1417,42.93,Travel,18,2,US,desktop,383.1,1,0,0,0,0,0
9425,2049,187.99,Travel,6,4,US,desktop,45.5,1,0,0,0,0,0
9427,2742,60.52,Entertainment,18,0,US,desktop,604.5,2,0,0,0,0,0
9460,2640,28.57,Online,13,1,US,desktop,157.2,1,0,0,0,0,0
9491,1901,140.2,Travel,20,4,US,desktop,66.6,0,0,0,0,0,0
9558,2102,66.06,Food Delivery,7,3,US,desktop,188.0,0,0,0,0,0,0
9575,3845,93.54,Entertainment,12,4,US,desktop,246.3,1,0,0,0,0,0
9636,3002,38.84,Online,15,1,US,desktop,56.0,1,0,0,0,0,1
9660,4635,101.97,Entertainment,17,1,US,desktop,289.2,1,0,0,0,0,0
9697,2712,39.05,Travel,15,0,US,desktop,318.8,2,0,0,0,0,0
9706,4222,21.03,Travel,11,4,US,desktop,240.5,1,0,0,0,0,0
9713,3078,25.95,Travel,13,1,US,desktop,167.8,2,0,0,0,0,0
9793,1229,71.39,Entertainment,7,3,US,desktop,54.6,2,0,0,0,0,1
9811,4958,67.7,Travel,20,2,US,desktop,475.3,1,0,0,0,0,0
9819,2821,358.78,Food Delivery,15,3,US,desktop,189.3,2,0,0,0,0,0
9832,4259,438.08,Online,15,1,US,desktop,32.8,1,0,0,0,0,0
9852,2365,313.18,Online,17,1,US,desktop,99.9,1,0,0,0,0,0
9882,4433,112.64,Online,19,4,US,desktop,92.7,1,0,0,0,0,0
9902,1911,116.12,Travel,16,1,US,desktop,69.3,0,0,0,0,0,0
9986,3815,842.47,Online,16,2,US,desktop,74.3,1,0,0,0,0,0
10002,1872,128.16,Travel,21,1,US,desktop,107.1,1,0,0,0,0,0
10019,4254,89.47,Entertainment,18,1,US,desktop,737.2,1,0,0,0,0,0
10099,3559,15.59,Travel,13,1,US,desktop,135.4,2,0,0,0,0,0
10102,1902,51.01,Travel,7,3,US,desktop,133.4,1,0,0,0,0,0
10146,2811,74.98,Food Delivery,17,1,US,desktop,172.8,1,0,0,0,0,0
10161,4366,192.77,Food Delivery,21,0,US,desktop,589.1,2,0,0,0,0,0
10206,1091,138.47,Online,10,3,US,desktop,183.3,2,0,0,0,0,0
10221,2395,199.38,Online,19,2,US,desktop,66.2,2,0,0,0,0,0
10232,4705,17.15,Online,18,4,US,desktop,154.3,1,0,0,0,0,0
10256,1855,132.84,Online,20,3,US,desktop,94.7,2,0,0,0,0,0
10259,3030,154.55,Entertainment,14,3,US,desktop,31.6,1,0,0,0,0,0
10261,1720,72.44,Travel,22,4,US,desktop,72.3,1,0,0,0,0,0
10262,2198,392.22,Food Delivery,8,4,US,desktop,292.1,1,0,0,0,0,1
10268,2911,119.51,Online,14,2,US,desktop,211.1,1,0,0,0,0,0
10284,3251,363.24,Travel,15,2,US,desktop,32.9,1,0,0,0,0,0
10290,2324,18.31,Food Delivery,14,2,US,desktop,250.7,0,0,0,0,0,0
10298,4577,138.35,Entertainment,20,0,US,desktop,584.9,2,0,0,0,0,1
10328,2660,186.81,Travel,7,4,US,desktop,62.2,0,0,0,0,0,0
10430,2618,242.77,Food Delivery,20,3,US,desktop,62.1,2,0,0,0,0,0
10554,3309,102.03,Travel,20,2,US,desktop,156.1,1,0,0,0,0,0
10585,3167,63.56,Online,21,3,US,desktop,63.3,1,0,0,0,0,0
10607,3114,20.04,Travel,10,4,US,desktop,272.7,1,0,0,0,0,0
10632,2584,86.65,Travel,7,0,US,desktop,34.6,0,0,0,0,0,0
10637,1143,38.19,Travel,8,3,US,desktop,302.0,1,0,0,0,0,0
10645,4406,75.66,Food Delivery,10,0,US,desktop,1106.4,2,0,0,0,0,0
10654,3409,93.72,Travel,19,3,US,desktop,63.0,0,0,0,0,0,0
10719,2149,91.89,Online,8,0,US,desktop,76.4,2,0,0,0,0,0
10789,1476,44.92,Food Delivery,19,4,US,desktop,87.7,1,0,0,0,0,0
10809,1484,64.94,Food Delivery,18,2,US,desktop,620.7,2,0,0,0,0,0
10854,4802,47.41,Food Delivery,19,3,US,desktop,327.9,1,0,0,0,0,0
10879,4042,57.12,Entertainment,16,1,US,desktop,153.8,2,0,0,0,0,0
10881,1295,194.57,Travel,8,4,US,desktop,72.7,1,0,0,0,0,0
10934,4184,50.77,Entertainment,13,2,US,desktop,369.7,0,0,0,0,0,0
10992,2002,172.42,Entertainment,15,1,US,desktop,67.5,2,0,0,0,0,1
10993,4662,41.7,Online,7,3,US,desktop,180.6,2,0,0,0,0,0
10998,1094,39.65,Food Delivery,19,2,US,desktop,126.0,2,0,0,0,0,0
11011,3118,74.11,Travel,15,3,US,desktop,49.3,0,0,0,0,0,0
11018,4143,233.14,Food Delivery,13,1,US,desktop,186.6,0,0,0,0,0,0
11113,4480,202.76,Food Delivery,7,2,US,desktop,553.6,1,0,0,0,0,0
11183,3446,15.71,Travel,9,1,US,desktop,37.4,2,0,0,0,0,1
11203,2644,44.4,Travel,22,0,US,desktop,87.6,2,0,0,0,0,0
11205,2158,187.77,Food Delivery,17,2,US,desktop,40.5,1,0,0,0,0,0
11331,4971,18.35,Food Delivery,13,2,US,desktop,118.0,2,0,0,0,0,0
11370,2682,189.6,Travel,11,2,US,desktop,426.5,2,0,0,0,0,0
11407,4837,182.48,Online,7,3,US,desktop,315.8,2,0,0,0,0,0
11410,3145,371.92,Food Delivery,20,4,US,desktop,295.4,1,0,0,0,0,0
11413,4231,47.75,Travel,20,4,US,desktop,213.6,0,0,0,0,0,0
11440,1401,74.92,Entertainment,20,0,US,desktop,34.9,1,0,0,0,0,0
11468,4582,149.99,Entertainment,20,1,US,desktop,123.1,1,0,0,0,0,0
11494,1732,42.85,Online,11,0,US,desktop,485.1,2,0,0,0,0,0
11502,1147,53.59,Food Delivery,22,0,US,desktop,40.5,0,0,0,0,0,0
11579,4994,71.15,Grocery,12,6,US,mobile,39.1,1,0,1,0,1,0
11590,4087,164.63,Food Delivery,20,0,US,desktop,237.1,2,0,0,0,0,0
11593,3641,242.91,Food Delivery,13,2,US,desktop,33.5,1,0,0,0,0,0
11621,4262,12.19,Entertainment,21,0,US,desktop,92.2,2,0,0,0,0,0
11636,1807,48.21,Travel,13,4,US,desktop,503.2,0,0,0,0,0,0
11718,3217,216.02,Online,8,1,US,desktop,93.3,1,0,0,0,0,0
11727,3776,406.63,Travel,18,2,US,desktop,46.6,2,0,0,0,0,0
11776,1632,105.82,Travel,14,1,US,desktop,59.0,2,0,0,0,0,1
11814,3541,44.12,Entertainment,6,1,US,desktop,668.2,2,0,0,0,0,0
11879,4861,85.02,Food Delivery,9,0,US,desktop,59.2,1,0,0,0,0,0
11954,4022,549.65,Travel,9,4,US,desktop,42.8,1,0,0,0,0,0
11971,3714,154.32,Entertainment,8,0,US,desktop,242.7,2,0,0,0,0,0
12183,1204,101.15,Online,8,0,US,desktop,126.5,1,0,0,0,0,0
12187,1530,806.51,Food Delivery,18,4,US,desktop,58.0,2,0,0,0,0,0
12195,1219,53.02,Grocery,7,6,US,mobile,173.0,1,0,1,0,1,0
12215,1009,146.32,Travel,10,4,US,desktop,429.9,1,0,0,0,0,0
12223,3064,65.89,Online,18,2,US,desktop,56.1,0,0,0,0,0,0
12244,2457,63.43,Food Delivery,21,0,US,desktop,77.6,1,0,0,0,0,0
12341,3648,73.34,Entertainment,8,4,US,desktop,264.0,1,0,0,0,0,1
12343,2581,27.97,Online,12,2,US,desktop,71.4,1,0,0,0,0,0
12461,2844,51.46,Online,18,1,US,desktop,360.8,2,0,0,0,0,0
12514,3603,261.01,Food Delivery,20,3,US,desktop,62.9,0,0,0,0,0,0
12538,1149,177.75,Travel,22,0,US,desktop,523.7,1,0,0,0,0,0
12559,2689,583.77,Food Delivery,8,0,US,desktop,44.6,1,0,0,0,0,0
12608,1647,233.67,Entertainment,9,3,US,desktop,102.4,1,0,0,0,0,1
12663,1321,58.9,Travel,8,0,US,desktop,72.9,2,0,0,0,0,0
12712,2999,71.3,Grocery,7,6,US,mobile,387.8,1,0,1,0,1,0
12775,1573,65.04,Food Delivery,8,1,US,desktop,151.6,2,0,0,0,0,0
12777,4679,80.47,Retail,14,6,US,mobile,152.2,0,0,1,0,1,0
12878,4417,311.66,Travel,17,0,US,desktop,250.6,1,0,0,0,0,0
12883,3797,10.81,Travel,17,3,US,desktop,48.9,0,0,0,0,0,0
12904,2138,5.0,Travel,21,2,US,desktop,300.9,1,0,0,0,0,0
12976,3636,146.22,Online,14,4,US,desktop,166.1,1,0,0,0,0,0
13026,1717,231.44,Travel,13,0,US,desktop,65.7,1,0,0,0,0,0
13031,1053,33.48,Online,9,0,US,desktop,64.0,2,0,0,0,0,1
13045,2427,47.65,Travel,21,4,US,desktop,199.2,2,0,0,0,0,0
13114,4416,37.62,Travel,13,1,US,desktop,142.5,0,0,0,0,0,0
13141,2177,51.16,Travel,8,4,US,desktop,142.8,2,0,0,0,0,0
13225,2697,212.72,Travel,18,2,US,desktop,70.7,2,0,0,0,0,0
13232,1501,143.69,Grocery,17,5,US,tablet,30.5,0,0,1,0,1,0
13242,4233,92.45,Travel,22,2,US,desktop,207.9,2,0,0,0,0,0
13245,1995,73.88,Online,21,0,US,desktop,720.7,1,0,0,0,0,0
13282,1094,195.86,Travel,6,4,US,desktop,102.0,1,0,0,0,0,0
13296,1102,86.15,Entertainment,6,1,US,desktop,427.3,1,0,0,0,0,0
13297,4753,328.27,Travel,19,4,US,desktop,301.2,2,0,0,0,0,1
13312,2507,147.78,Travel,14,0,US,desktop,364.5,1,0,0,0,0,0
13315,4140,129.11,Travel,21,1,US,desktop,158.3,1,0,0,0,0,0
13328,4398,106.19,Travel,22,1,US,desktop,220.7,2,0,0,0,0,0
13330,2020,61.08,Travel,16,0,US,desktop,112.3,2,0,0,0,0,0
13362,3642,190.6,Travel,8,1,US,desktop,144.5,2,0,0,0,0,0
13382,2804,53.25,Travel,7,4,US,desktop,131.9,0,0,0,0,0,0
13393,3905,67.77,Travel,9,4,US,desktop,216.6,0,0,0,0,0,0
13427,1318,139.06,Food Delivery,8,4,US,desktop,56.0,1,0,0,0,0,0
13462,4224,621.1,Travel,11,1,US,desktop,408.2,2,0,0,0,0,1
13511,4370,132.54,Food Delivery,9,1,US,desktop,128.7,1,0,0,0,0,0
13522,1175,239.7,Entertainment,19,3,US,desktop,70.9,2,0,0,0,0,0
13524,3364,89.47,Retail,10,5,US,mobile,41.2,0,0,1,0,1,0
13560,3891,347.34,Grocery,18,6,US,mobile,52.8,0,0,1,0,1,1
13562,2522,65.07,Entertainment,10,3,US,desktop,73.3,1,0,0,0,0,1
13582,2499,30.99,Travel,6,0,US,desktop,171.3,0,0,0,0,0,0
13597,1458,15.96,Travel,8,1,US,desktop,150.0,0,0,0,0,0,0
13657,3905,139.61,Online,13,4,US,desktop,57.9,2,0,0,0,0,0
13683,3038,16.4,Travel,10,3,US,desktop,62.3,0,0,0,0,0,1
13780,3512,120.78,Food Delivery,18,0,US,desktop,211.9,1,0,0,0,0,1
13790,1617,33.9,Retail,16,6,US,tablet,107.9,0,0,1,0,1,0
13935,4408,861.52,Travel,15,2,US,desktop,795.6,1,0,0,0,0,0
13937,3095,220.96,Food Delivery,11,1,US,desktop,315.8,2,0,0,0,0,0
13948,4804,10.2,Health,19,5,US,tablet,376.4,1,0,1,0,1,1
14017,2014,224.72,Food Delivery,15,3,US,desktop,124.1,2,0,0,0,0,0
14026,1022,114.59,Travel,13,4,US,desktop,135.6,1,0,0,0,0,0
14056,2004,217.76,Travel,10,1,US,desktop,352.8,1,0,0,0,0,0
14102,4918,114.48,Food Delivery,10,1,US,desktop,101.9,2,0,0,0,0,0
14153,4258,29.63,Online,17,2,US,desktop,325.7,1,0,0,0,0,0
14193,3470,88.78,Food Delivery,22,4,US,desktop,126.0,1,0,0,0,0,0
14197,1313,236.07,Travel,10,1,US,desktop,117.2,2,0,0,0,0,0
14210,2082,17.72,Travel,7,1,US,desktop,71.9,2,0,0,0,0,1
14231,3384,188.44,Food Delivery,9,1,US,desktop,113.0,0,0,0,0,0,0
14286,4061,143.21,Entertainment,21,3,US,desktop,228.3,2,0,0,0,0,0
14305,1116,135.31,Food Delivery,15,2,US,desktop,152.0,1,0,0,0,0,1
14392,4823,315.73,Travel,18,2,US,desktop,196.3,0,0,0,0,0,1
14393,3460,40.14,Online,11,2,US,desktop,137.4,1,0,0,0,0,0
14404,2375,107.44,Travel,8,0,US,desktop,451.3,0,0,0,0,0,1
14416,1162,30.87,Online,8,3,US,desktop,264.0,1,0,0,0,0,0
14423,4916,57.98,Travel,17,4,US,desktop,222.1,2,0,0,0,0,0
14430,4261,87.09,Travel,13,0,US,desktop,39.4,0,0,0,0,0,0
14528,1089,86.59,Online,21,3,US,desktop,405.6,2,0,0,0,0,0
14593,3565,295.56,Online,9,0,US,desktop,68.7,1,0,0,0,0,0
14689,2436,156.87,Travel,12,1,US,desktop,362.2,2,0,0,0,0,0
14763,3464,344.47,Food Delivery,9,3,US,desktop,251.0,2,0,0,0,0,1
14801,4741,64.02,Online,17,1,US,desktop,51.4,2,0,0,0,0,0
14808,3061,104.75,Retail,15,6,US,mobile,45.2,1,0,1,0,1,0
14827,1641,45.49,Food Delivery,20,2,US,desktop,251.4,0,0,0,0,0,1
14836,4510,143.59,Travel,15,1,US,desktop,99.7,2,0,0,0,0,0
14886,3855,824.33,Food Delivery,22,0,US,desktop,72.8,1,0,0,0,0,0
14907,1413,151.51,Food Delivery,15,3,US,desktop,118.5,1,0,0,0,0,0
14993,4709,72.06,Entertainment,11,0,US,desktop,801.1,0,0,0,0,0,0
15021,1518,39.64,Food Delivery,6,2,US,desktop,465.6,2,0,0,0,0,0
15056,4085,104.02,Travel,6,4,US,desktop,187.7,1,0,0,0,0,0
15062,1443,12.16,Entertainment,7,0,US,desktop,211.0,1,0,0,0,0,0
15096,1218,223.39,Food Delivery,7,4,US,desktop,35.7,1,0,0,0,0,0
15130,2183,107.78,Online,21,1,US,desktop,44.5,0,0,0,0,0,0
15139,2617,104.67,Travel,19,0,US,desktop,31.1,2,0,0,0,0,0
15142,3600,65.12,Travel,21,1,US,desktop,487.5,0,0,0,0,0,0
15317,1679,119.22,Entertainment,19,1,US,desktop,35.7,1,0,0,0,0,0
15353,2078,39.4,Entertainment,18,0,US,desktop,136.0,0,0,0,0,0,1
15359,3077,225.81,Food Delivery,16,1,US,desktop,78.9,0,0,0,0,0,0
15384,2695,561.86,Travel,10,4,US,desktop,539.7,2,0,0,0,0,0
15454,1471,154.92,Travel,18,0,US,desktop,90.9,2,0,0,0,0,0
15501,2779,49.47,Travel,17,2,US,desktop,125.9,0,0,0,0,0,0
15535,1492,8.44,Food Delivery,9,1,US,desktop,122.0,2,0,0,0,0,0
15610,1891,181.62,Grocery,15,5,US,tablet,86.7,1,0,1,0,1,0
15711,4178,118.55,Travel,12,4,US,desktop,36.3,2,0,0,0,0,1
15734,1069,136.37,Grocery,11,5,US,tablet,495.1,1,0,1,0,1,0
15785,2693,254.77,Travel,17,4,US,desktop,174.9,2,0,0,0,0,0
15808,3650,22.46,Food Delivery,6,2,US,desktop,176.2,0,0,0,0,0,0
15839,2249,245.63,Online,22,0,US,desktop,81.0,1,0,0,0,0,0
15872,2222,170.19,Food Delivery,19,1,US,desktop,299.7,2,0,0,0,0,0
15936,4393,17.41,Entertainment,19,0,US,desktop,177.6,1,0,0,0,0,0
15978,3664,327.65,Online,6,4,US,desktop,67.4,0,0,0,0,0,0
16052,2948,9.45,Entertainment,10,3,US,desktop,283.3,0,0,0,0,0,0
16061,1065,46.74,Online,8,4,US,desktop,255.5,0,0,0,0,0,0
16131,2494,50.19,Food Delivery,7,3,US,desktop,110.0,1,0,0,0,0,0
16135,2780,38.24,Food Delivery,19,2,US,desktop,73.0,0,0,0,0,0,0
16196,3115,519.45,Travel,6,1,US,desktop,513.1,2,0,0,0,0,1
16204,1718,69.77,Travel,12,0,US,desktop,266.2,1,0,0,0,0,0
16205,2813,14.75,Entertainment,9,3,US,desktop,244.9,0,0,0,0,0,1
16224,2040,481.48,Grocery,19,6,US,mobile,159.7,2,0,1,0,1,0
16240,3901,587.92,Travel,21,2,US,desktop,293.7,1,0,0,0,0,0
16258,3435,277.78,Food Delivery,16,4,US,desktop,119.9,1,0,0,0,0,0
16270,2033,106.93,Grocery,20,5,US,mobile,561.2,1,0,1,0,1,0
16375,3672,36.84,Travel,7,1,US,desktop,287.2,0,0,0,0,0,0
16396,1851,299.41,Travel,19,1,US,desktop,141.4,0,0,0,0,0,0
16444,4134,178.65,Travel,15,1,US,desktop,77.9,1,0,0,0,0,0
16488,2458,65.21,Travel,19,4,US,desktop,356.3,1,0,0,0,0,0
16503,1518,156.69,Travel,21,3,US,desktop,721.3,2,0,0,0,0,1
16531,3323,85.07,Travel,18,2,US,desktop,86.7,0,0,0,0,0,0
16564,3372,125.4,Entertainment,13,2,US,desktop,83.2,1,0,0,0,0,0
16585,1436,249.87,Online,9,2,US,desktop,139.7,1,0,0,0,0,0
16591,4171,48.71,Grocery,18,6,US,tablet,235.3,1,0,1,0,1,1
16686,3687,481.7,Food Delivery,22,1,US,desktop,282.5,2,0,0,0,0,0
16725,2994,37.35,Food Delivery,8,4,US,desktop,259.9,1,0,0,0,0,0
16754,3892,44.25,Online,14,1,US,desktop,39.9,2,0,0,0,0,0
16762,2986,85.37,Food Delivery,13,3,US,desktop,219.9,1,0,0,0,0,1
16763,1507,276.5,Online,17,4,US,desktop,85.6,0,0,0,0,0,0
16764,3265,59.7,Food Delivery,18,0,US,desktop,56.7,0,0,0,0,0,0
16774,4893,410.91,Online,10,4,US,desktop,351.7,1,0,0,0,0,0
16778,2717,763.75,Travel,15,2,US,desktop,353.3,1,0,0,0,0,0
16809,3748,114.87,Food Delivery,20,4,US,desktop,74.3,1,0,0,0,0,0
16861,1703,14.9,Travel,15,0,US,desktop,51.5,2,0,0,0,0,0
16889,4688,111.07,Entertainment,12,3,US,desktop,188.1,2,0,0,0,0,0
16890,4454,15.05,Travel,13,0,US,desktop,291.8,1,0,0,0,0,0
17001,4676,36.65,Travel,22,4,US,desktop,189.0,1,0,0,0,0,0
17004,4110,85.26,Travel,18,4,US,desktop,81.8,1,0,0,0,0,0
17008,3394,26.37,Food Delivery,11,0,US,desktop,223.4,1,0,0,0,0,0
17024,3115,279.77,Retail,19,6,US,mobile,457.2,1,0,1,0,1,0
17026,3002,710.34,Food Delivery,7,2,US,desktop,233.5,1,0,0,0,0,0
17047,2964,25.1,Travel,18,3,US,desktop,352.1,0,0,0,0,0,0
17049,2444,66.16,Entertainment,18,1,US,desktop,159.6,1,0,0,0,0,0
17095,4626,66.73,Travel,13,0,US,desktop,71.0,1,0,0,0,0,1
17097,4676,845.77,Food Delivery,15,0,US,desktop,229.4,1,0,0,0,0,0
17108,3840,98.04,Food Delivery,14,0,US,desktop,123.7,0,0,0,0,0,0
17111,4210,521.83,Travel,12,4,US,desktop,115.0,0,0,0,0,0,0
17164,2446,175.6,Online,8,2,US,desktop,220.2,1,0,0,0,0,0
17166,3137,151.31,Online,21,3,US,desktop,553.5,0,0,0,0,0,1
17189,1884,78.94,Travel,6,4,US,desktop,786.2,0,0,0,0,0,0
17254,2209,258.52,Grocery,17,5,US,mobile,440.9,0,0,1,0,1,0
17280,1057,194.81,Online,8,0,US,desktop,141.8,1,0,0,0,0,0
17390,4170,90.68,Online,9,3,US,desktop,48.2,1,0,0,0,0,0
17393,1873,21.7,Travel,16,4,US,desktop,173.2,2,0,0,0,0,0
17403,1893,75.81,Travel,22,3,US,desktop,363.8,2,0,0,0,0,0
17437,1364,24.2,Online,19,2,US,desktop,263.8,2,0,0,0,0,0
17489,4429,115.42,Entertainment,9,4,US,desktop,76.4,2,0,0,0,0,0
17611,1805,93.24,Travel,18,4,US,desktop,145.8,0,0,0,0,0,0
17655,3088,156.78,Food Delivery,13,3,US,desktop,504.3,1,0,0,0,0,0
17657,3015,132.68,Online,20,1,US,desktop,617.4,2,0,0,0,0,0
17658,1714,52.62,Travel,18,3,US,desktop,65.5,0,0,0,0,0,0
17799,4485,59.49,Online,13,0,US,desktop,53.6,1,0,0,0,0,0
17805,1704,123.89,Travel,9,4,US,desktop,524.8,1,0,0,0,0,0
17867,3125,81.77,Food Delivery,18,4,US,desktop,158.1,1,0,0,0,0,1
18003,1573,22.06,Travel,11,4,US,desktop,122.9,0,0,0,0,0,1
18036,2567,123.21,Entertainment,6,1,US,desktop,304.8,2,0,0,0,0,0
18125,2968,137.32,Online,8,2,US,desktop,103.4,1,0,0,0,0,0
18146,3655,70.7,Grocery,15,6,US,mobile,235.2,1,0,1,0,1,1
18213,2362,79.26,Entertainment,16,2,US,desktop,156.1,2,0,0,0,0,0
18215,3117,14.5,Entertainment,12,3,US,desktop,227.1,0,0,0,0,0,0
18219,4637,370.35,Grocery,13,6,US,mobile,112.5,2,0,1,0,1,0
18223,1047,51.47,Travel,21,0,US,desktop,276.5,1,0,0,0,0,0
18252,4833,58.37,Travel,18,0,US,desktop,433.0,1,0,0,0,0,0
18295,2084,200.71,Food Delivery,7,3,US,desktop,477.8,0,0,0,0,0,0
18319,1837,148.29,Grocery,8,6,US,tablet,365.7,1,0,1,0,1,0
18331,1852,37.14,Online,10,4,US,desktop,417.5,1,0,0,0,0,1
18344,3708,212.93,Online,12,0,US,desktop,69.6,2,0,0,0,0,0
18351,4850,56.19,Grocery,11,5,US,mobile,245.2,0,0,1,0,1,0
18385,4751,580.39,Travel,14,0,US,desktop,268.9,0,0,0,0,0,1
18416,2665,45.56,Travel,14,0,US,desktop,120.5,1,0,0,0,0,0
18477,1440,25.75,Entertainment,12,0,US,desktop,236.6,1,0,0,0,0,0
18493,2909,226.36,Retail,19,5,US,mobile,860.3,2,0,1,0,1,1
18506,3819,15.35,Travel,14,1,US,desktop,151.1,1,0,0,0,0,0
18576,3242,33.11,Travel,15,3,US,desktop,53.3,2,0,0,0,0,0
18582,2620,36.49,Online,18,1,US,desktop,51.6,1,0,0,0,0,0
18587,1337,138.1,Retail,12,6,US,mobile,459.6,1,0,1,0,1,0
18629,4097,33.68,Food Delivery,8,4,US,desktop,107.4,0,0,0,0,0,0
18696,4333,26.73,Online,19,0,US,desktop,31.1,2,0,0,0,0,0
18724,2787,36.09,Food Delivery,12,4,US,desktop,52.1,0,0,0,0,0,1
18820,3583,31.64,Travel,20,4,US,desktop,30.0,2,0,0,0,0,1
18907,2858,24.36,Food Delivery,15,3,US,desktop,343.3,1,0,0,0,0,0
18939,3373,139.04,Food Delivery,9,1,US,desktop,149.6,0,0,0,0,0,0
18957,3549,127.45,Food Delivery,14,1,US,desktop,48.8,1,0,0,0,0,0
18970,3994,26.44,Food Delivery,12,3,US,desktop,187.0,2,0,0,0,0,0
19000,1848,218.38,Travel,6,4,US,desktop,606.6,2,0,0,0,0,0
19015,3766,88.34,Travel,12,0,US,desktop,83.9,1,0,0,0,0,1
19018,3892,85.63,Online,22,3,US,desktop,327.6,2,0,0,0,0,0
19040,1549,22.13,Travel,11,3,US,desktop,221.7,2,0,0,0,0,0
19089,1107,92.97,Retail,18,5,US,mobile,202.2,1,0,1,0,1,0
19092,2100,52.67,Online,10,2,US,desktop,265.7,0,0,0,0,0,1
19099,3049,43.42,Retail,16,6,US,tablet,174.5,0,0,1,0,1,0
19103,1960,293.85,Online,13,0,US,desktop,146.3,0,0,0,0,0,0
19111,1275,198.13,Food Delivery,17,0,US,desktop,42.2,2,0,0,0,0,0
19130,3612,279.24,Entertainment,13,1,US,desktop,114.6,1,0,0,0,0,0
19227,2707,395.19,Online,6,3,US,desktop,76.0,1,0,0,0,0,0
19247,4553,44.79,Retail,16,5,US,mobile,57.7,0,0,1,0,1,0
19294,2714,167.35,Entertainment,17,4,US,desktop,312.1,1,0,0,0,0,0
19299,1223,60.0,Grocery,18,5,US,mobile,543.2,1,0,1,0,1,1
19337,2511,487.98,Entertainment,9,1,US,desktop,222.0,2,0,0,0,0,0
19340,4483,212.41,Entertainment,20,4,US,desktop,32.8,1,0,0,0,0,0
19347,3218,130.23,Food Delivery,16,0,US,desktop,672.4,2,0,0,0,0,0
19370,1563,282.49,Travel,21,1,US,desktop,326.5,2,0,0,0,0,1
19401,2397,85.37,Travel,21,1,US,desktop,92.1,1,0,0,0,0,0
19501,1959,85.99,Food Delivery,16,2,US,desktop,108.9,1,0,0,0,0,0
19580,4611,316.06,Travel,11,2,US,desktop,101.7,2,0,0,0,0,0
19621,4153,349.88,Grocery,9,5,US,mobile,168.9,2,0,1,0,1,1
19649,1725,141.61,Entertainment,16,0,US,desktop,46.3,2,0,0,0,0,0
19699,1054,155.16,Online,14,2,US,desktop,203.0,1,0,0,0,0,0
19706,2441,66.56,Entertainment,20,4,US,desktop,31.3,0,0,0,0,0,0
19780,4660,17.87,Entertainment,15,4,US,desktop,276.8,2,0,0,0,0,0
19784,3015,34.48,Travel,21,1,US,desktop,47.5,1,0,0,0,0,0
19825,4736,224.2,Travel,20,2,US,desktop,80.9,0,0,0,0,0,0
19839,4146,415.62,Grocery,18,5,US,mobile,451.8,0,0,1,0,1,0
19870,4510,97.05,Entertainment,7,0,US,desktop,118.3,1,0,0,0,0,0
19946,4937,32.28,Entertainment,9,2,US,desktop,68.6,2,0,0,0,0,0
19976,4256,73.63,Food Delivery,20,2,US,desktop,138.5,0,0,0,0,0,0
20,2801,245.4,Grocery,16,2,AU,desktop,189.5,1,0,0,0,1,0
124,2884,48.18,Retail,17,1,GB,desktop,731.2,0,0,0,0,1,1
1376,4836,52.94,Grocery,15,3,AU,desktop,69.1,1,0,0,0,1,0
2238,2082,21.06,Grocery,15,4,DE,desktop,366.0,0,0,0,0,1,0
2392,1769,24.57,Health,6,2,GB,desktop,290.7,1,0,0,0,1,0
2422,4031,332.04,Retail,13,4,DE,desktop,216.5,1,0,0,0,1,0
2669,1306,51.2,Retail,19,0,DE,desktop,101.8,2,0,0,0,1,0
2805,1688,27.07,Retail,19,4,DE,desktop,69.0,2,0,0,0,1,0
2869,4441,72.0,Health,13,4,GB,desktop,108.7,1,0,0,0,1,0
3431,1998,34.42,Grocery,16,0,CA,desktop,256.8,0,0,0,0,1,0
3470,4466,429.29,Retail,21,2,GB,desktop,156.2,0,0,0,0,1,0
3822,1044,93.32,Health,21,4,DE,desktop,677.8,2,0,0,0,1,0
4164,1800,242.3,Grocery,9,2,AU,desktop,810.6,2,0,0,0,1,1
4186,3287,171.87,Retail,19,4,FR,desktop,217.8,1,0,0,0,1,0
4333,4444,133.02,Retail,18,4,NG,desktop,156.3,2,0,0,0,1,0
4972,2533,124.75,Grocery,22,0,NG,desktop,152.7,0,0,0,0,1,1
5214,3456,95.17,Retail,15,4,CA,desktop,295.8,1,0,0,0,1,0
5730,2659,65.11,Grocery,22,0,FR,desktop,477.1,1,0,0,0,1,0
5929,1452,98.46,Health,20,4,CA,desktop,273.9,0,0,0,0,1,0
6081,4591,173.55,Health,11,2,DE,desktop,100.3,2,0,0,0,1,0
6545,1693,117.38,Retail,15,4,GB,desktop,88.9,0,0,0,0,1,1
6719,1696,232.67,Grocery,17,3,CA,desktop,91.3,1,0,0,0,1,1
6836,4147,44.62,Grocery,12,3,BR,desktop,43.8,2,0,0,0,1,1
7233,2763,188.72,Retail,9,1,AU,desktop,209.2,1,0,0,0,1,0
7454,4847,254.32,Retail,17,1,BR,desktop,337.0,2,0,0,0,1,0
7558,4032,144.66,Retail,19,0,BR,desktop,136.8,0,0,0,0,1,0
7791,4799,11.31,Grocery,19,1,DE,desktop,52.6,1,0,0,0,1,1
8146,2678,86.08,Retail,22,4,AU,desktop,448.8,0,0,0,0,1,0
8524,4550,27.27,Grocery,10,4,DE,desktop,172.7,0,0,0,0,1,0
8551,4507,78.82,Retail,13,3,AU,desktop,650.3,0,0,0,0,1,0
8823,3586,62.84,Utilities,10,1,GB,desktop,117.8,1,0,0,0,1,0
8918,1179,244.56,Health,19,4,CA,desktop,113.5,1,0,0,0,1,0
9289,2398,293.54,Utilities,16,0,FR,desktop,296.4,0,0,0,0,1,0
9459,4096,392.56,Grocery,10,2,JP,desktop,73.6,2,0,0,0,1,0
9642,3858,241.9,Retail,21,1,GB,desktop,84.5,2,0,0,0,1,0
9932,1036,73.51,Grocery,14,1,GB,desktop,217.8,0,0,0,0,1,0
9962,4642,55.76,Retail,20,3,GB,desktop,161.4,1,0,0,0,1,0
10383,1831,125.21,Grocery,6,0,BR,desktop,56.6,1,0,0,0,1,0
10450,2922,129.59,Retail,10,3,JP,desktop,535.7,1,0,0,0,1,1
10499,3793,57.56,Health,8,1,GB,desktop,400.3,0,0,0,0,1,0
10601,3959,61.77,Grocery,14,1,NG,desktop,300.7,2,0,0,0,1,0
10953,4685,469.94,Retail,7,1,DE,desktop,166.3,2,0,0,0,1,0
11086,3393,80.91,Grocery,12,1,BR,desktop,49.1,1,0,0,0,1,0
11378,4077,13.91,Grocery,20,0,GB,desktop,39.2,0,0,0,0,1,1
11455,4985,45.82,Grocery,22,4,DE,desktop,337.2,1,0,0,0,1,1
11943,2554,103.38,Retail,11,3,BR,desktop,56.6,1,0,0,0,1,0
12023,4882,451.61,Grocery,15,0,FR,desktop,166.0,1,0,0,0,1,0
12809,1607,197.66,Retail,6,2,DE,desktop,87.6,0,0,0,0,1,1
13517,2136,108.69,Grocery,9,1,JP,desktop,144.3,2,0,0,0,1,0
13642,3632,586.08,Grocery,10,3,GB,desktop,706.2,2,0,0,0,1,0
13850,2335,78.64,Grocery,21,4,CA,desktop,286.9,2,0,0,0,1,0
13941,3945,32.47,Retail,14,3,AU,desktop,151.3,1,0,0,0,1,0
14073,1718,47.74,Retail,14,3,AU,desktop,38.3,2,0,0,0,1,0
14160,4823,99.2,Grocery,17,0,GB,desktop,182.6,1,0,0,0,1,0
15540,3765,57.18,Retail,10,1,GB,desktop,757.8,0,0,0,0,1,0
15645,4727,59.45,Retail,22,0,DE,desktop,86.2,1,0,0,0,1,0
15908,1234,113.82,Retail,12,4,AU,desktop,38.4,2,0,0,0,1,0
15927,4580,24.82,Health,20,3,CA,desktop,484.9,2,0,0,0,1,0
15946,3099,60.3,Grocery,6,0,JP,desktop,724.6,0,0,0,0,1,0
16446,2311,172.38,Grocery,22,1,CA,desktop,369.0,0,0,0,0,1,0
16631,3031,139.45,Grocery,7,1,DE,desktop,379.7,2,0,0,0,1,1
16695,3972,233.55,Retail,17,1,AU,desktop,109.7,0,0,0,0,1,0
16994,1638,216.76,Health,12,4,CA,desktop,34.7,2,0,0,0,1,1
17043,1974,72.84,Utilities,21,0,GB,desktop,37.3,2,0,0,0,1,0
17395,2865,186.0,Retail,8,3,GB,desktop,341.2,1,0,0,0,1,0
17432,1106,312.24,Retail,12,3,CA,desktop,342.6,1,0,0,0,1,0
18325,1033,13.16,Retail,14,4,JP,desktop,67.4,2,0,0,0,1,0
18682,1215,62.64,Retail,11,3,AU,desktop,347.8,2,0,0,0,1,0
18784,4379,331.19,Utilities,17,3,JP,desktop,37.4,1,0,0,0,1,0
19012,3502,77.62,Health,14,1,AU,desktop,169.9,1,0,0,0,1,0
19022,3364,18.53,Grocery,15,4,FR,desktop,62.1,2,0,0,0,1,0
19421,3312,58.18,Utilities,9,0,DE,desktop,300.2,1,0,0,0,1,0
19924,2801,278.85,Grocery,9,3,NG,desktop,118.6,0,0,0,0,1,0
19951,4716,463.0,Grocery,18,0,CA,desktop,141.7,2,0,0,0,1,0
3,3618,293.75,Grocery,16,3,JP,tablet,216.5,1,0,0,0,0,0
34,3218,132.54,Grocery,7,0,AU,mobile,78.2,1,0,0,0,0,0
67,4622,22.17,Grocery,11,2,US,desktop,239.4,4,0,0,0,0,0
71,4182,157.42,Retail,11,4,CA,mobile,198.5,0,0,0,0,0,0
85,3519,158.15,Grocery,14,0,DE,mobile,51.7,1,0,0,0,0,0
90,4329,41.79,Grocery,8,0,CA,mobile,56.9,2,0,0,0,0,0
113,3222,113.82,Utilities,11,3,FR,mobile,334.1,1,0,0,0,0,0
120,1458,31.64,Grocery,16,0,NG,tablet,271.1,1,0,0,0,0,1
128,4059,79.34,Utilities,21,2,NG,mobile,463.2,1,0,0,0,0,0
131,3261,51.98,Utilities,8,1,BR,mobile,322.5,0,0,0,0,0,0
147,1138,33.89,Retail,18,4,US,desktop,77.1,3,0,0,0,0,0
165,2671,143.28,Utilities,22,0,CA,mobile,281.6,2,0,0,0,0,0
179,4602,61.33,Utilities,12,2,GB,mobile,52.4,2,0,0,0,0,0
219,2788,121.86,Retail,19,4,CA,tablet,160.2,1,0,0,0,0,0
220,4610,185.68,Grocery,9,3,US,desktop,50.5,3,0,0,0,0,1
247,4029,44.4,Grocery,9,0,GB,mobile,32.4,0,0,0,0,0,0
254,2319,89.24,Grocery,7,4,CA,mobile,100.0,2,0,0,0,0,0
292,2067,126.93,Retail,6,0,DE,tablet,127.9,1,0,0,0,0,0
297,4399,179.3,Retail,20,1,US,desktop,568.4,3,0,0,0,0,0
299,2138,33.52,Grocery,7,0,GB,mobile,228.9,2,0,0,0,0,0
326,1920,195.79,Grocery,20,1,CA,mobile,201.0,1,0,0,0,0,0
354,2740,40.37,Grocery,8,3,US,desktop,281.5,4,0,0,0,0,0
418,1487,218.34,Retail,5,5,US,desktop,570.4,1,0,1,1,0,1
456,3220,64.86,Grocery,4,5,US,desktop,629.3,0,0,1,1,0,0
469,1725,300.99,Retail,19,2,GB,mobile,170.0,0,0,0,0,0,0
504,4469,52.86,Grocery,6,4,GB,mobile,65.8,1,0,0,0,0,1
522,1584,157.84,Grocery,18,4,CA,mobile,149.2,2,0,0,0,0,1
528,1575,61.32,Grocery,8,2,CA,tablet,361.2,2,0,0,0,0,0
552,2574,86.89,Grocery,14,1,DE,mobile,248.0,2,0,0,0,0,0
558,4500,331.93,Retail,6,3,GB,mobile,73.6,1,0,0,0,0,0
570,3284,82.89,Retail,12,0,CA,mobile,303.0,0,0,0,0,0,0
573,2129,55.69,Grocery,17,0,JP,tablet,169.7,2,0,0,0,0,0
597,3317,484.09,Grocery,6,1,GB,tablet,224.4,2,0,0,0,0,0
644,2923,186.69,Grocery,5,6,US,desktop,45.1,0,0,1,1,0,0
664,1809,249.77,Grocery,19,2,US,desktop,178.5,5,0,0,0,0,0
695,1360,143.4,Retail,13,0,DE,mobile,240.3,0,0,0,0,0,0
700,1380,81.52,Retail,17,4,GB,tablet,52.3,1,0,0,0,0,0
749,2252,121.27,Retail,20,0,DE,mobile,140.5,0,0,0,0,0,0
758,2533,52.06,Retail,19,3,CA,mobile,264.7,2,0,0,0,0,0
762,3211,276.13,Grocery,17,1,CA,mobile,62.2,0,0,0,0,0,0
763,4796,59.91,Utilities,13,3,US,desktop,756.2,4,0,0,0,0,0
774,3871,80.56,Retail,13,0,GB,mobile,214.8,1,0,0,0,0,0
833,2813,29.02,Utilities,18,4,AU,mobile,55.5,2,0,0,0,0,0
851,4920,120.35,Retail,16,2,AU,mobile,190.1,0,0,0,0,0,0
930,3312,190.63,Grocery,8,1,JP,mobile,63.6,1,0,0,0,0,1
934,3596,32.53,Grocery,8,4,CA,tablet,486.9,2,0,0,0,0,0
963,4360,5.0,Retail,16,2,JP,mobile,204.1,0,0,0,0,0,0
968,2268,104.57,Grocery,13,3,CA,mobile,89.8,2,0,0,0,0,1
971,2194,27.18,Retail,13,2,CA,mobile,229.5,2,0,0,0,0,0
978,3289,30.15,Retail,14,2,NG,mobile,163.3,2,0,0,0,0,0
1003,3233,179.18,Grocery,14,3,DE,mobile,127.7,2,0,0,0,0,0
1017,2535,7.12,Health,10,3,AU,tablet,1141.4,0,0,0,0,0,0
1023,4474,16.18,Retail,21,0,GB,mobile,114.9,1,0,0,0,0,0
1080,4345,110.27,Retail,13,0,DE,mobile,30.9,0,0,0,0,0,1
1097,4341,29.66,Utilities,6,0,AU,mobile,429.0,2,0,0,0,0,1
1105,2225,208.26,Grocery,16,3,AU,mobile,195.7,1,0,0,0,0,0
1110,1178,138.62,Retail,15,0,FR,tablet,50.1,2,0,0,0,0,0
1141,4524,12.08,Grocery,21,3,CA,mobile,334.9,1,0,0,0,0,0
1211,3493,92.56,Grocery,14,0,CA,mobile,76.2,0,0,0,0,0,0
1233,4881,47.84,Grocery,17,4,GB,mobile,41.9,0,0,0,0,0,0
1266,1147,42.85,Grocery,17,1,DE,mobile,42.5,1,0,0,0,0,0
1272,1437,31.22,Retail,21,1,GB,mobile,108.6,2,0,0,0,0,0
1310,4411,126.9,Retail,15,4,GB,mobile,31.6,0,0,0,0,0,0
1311,3096,266.85,Utilities,12,1,CA,mobile,102.6,2,0,0,0,0,0
1313,4118,189.98,Grocery,21,2,JP,mobile,291.4,2,0,0,0,0,1
1331,2799,408.5,Grocery,20,3,FR,mobile,665.2,1,0,0,0,0,0
1332,3870,224.67,Grocery,9,3,CA,tablet,63.5,2,0,0,0,0,0
1385,2545,133.88,Retail,18,3,JP,mobile,194.8,0,0,0,0,0,0
1436,1407,95.64,Grocery,12,2,BR,mobile,84.6,0,0,0,0,0,0
1444,2731,800.33,Grocery,9,4,DE,mobile,127.2,1,0,0,0,0,0
1482,1006,61.02,Grocery,12,4,JP,mobile,184.1,1,0,0,0,0,0
1492,2958,54.26,Retail,17,0,DE,mobile,111.4,0,0,0,0,0,0
1496,2725,78.75,Retail,19,3,FR,mobile,32.7,1,0,0,0,0,0
1503,1916,220.71,Grocery,19,3,JP,mobile,152.8,2,0,0,0,0,0
1539,3825,51.48,Retail,18,2,CA,mobile,364.6,1,0,0,0,0,0
1556,1650,110.19,Retail,9,4,DE,mobile,323.6,2,0,0,0,0,0
1573,3936,87.44,Grocery,23,6,US,desktop,294.5,1,0,1,1,0,0
1624,1066,49.0,Grocery,16,2,US,desktop,189.6,6,0,0,0,0,0
1635,2660,64.97,Retail,15,1,CA,tablet,55.4,0,0,0,0,0,0
1659,4356,180.84,Grocery,11,2,FR,tablet,65.2,1,0,0,0,0,0
1672,3267,144.3,Utilities,15,1,GB,mobile,283.1,0,0,0,0,0,0
1675,3870,359.28,Grocery,13,2,FR,tablet,256.8,1,0,0,0,0,0
1724,3924,106.96,Retail,17,0,CA,mobile,194.4,1,0,0,0,0,0
1747,4952,95.44,Retail,8,2,GB,mobile,30.2,2,0,0,0,0,1
1792,4524,322.71,Grocery,12,3,NG,tablet,101.0,1,0,0,0,0,0
1825,4090,38.57,Grocery,14,0,JP,mobile,69.1,2,0,0,0,0,0
1836,1551,48.4,Retail,9,1,FR,mobile,213.9,0,0,0,0,0,1
1837,4765,22.08,Retail,18,2,DE,mobile,223.2,0,0,0,0,0,0
1841,2700,174.33,Retail,8,2,GB,mobile,87.6,1,0,0,0,0,0
1852,2013,97.65,Grocery,12,1,CA,mobile,345.1,0,0,0,0,0,0
1859,3096,71.87,Retail,20,0,DE,mobile,240.9,1,0,0,0,0,0
1881,2539,63.14,Grocery,23,6,US,desktop,350.9,1,0,1,1,0,0
1886,1717,42.17,Health,6,3,DE,mobile,252.8,1,0,0,0,0,0
1908,1645,94.32,Retail,16,0,CA,mobile,32.1,2,0,0,0,0,1
1915,2313,95.8,Grocery,9,4,GB,mobile,36.3,0,0,0,0,0,0
1926,1527,43.3,Grocery,19,4,GB,mobile,113.3,1,0,0,0,0,0
1934,4812,29.97,Grocery,14,4,GB,mobile,345.4,1,0,0,0,0,0
1945,2520,96.66,Health,21,0,DE,mobile,223.6,2,0,0,0,0,0
1958,3127,65.66,Grocery,4,6,US,desktop,565.9,1,0,1,1,0,0
1976,1200,14.56,Retail,21,3,AU,mobile,175.2,1,0,0,0,0,0
1992,2751,237.5,Grocery,19,3,FR,mobile,122.9,1,0,0,0,0,0
2003,2590,258.56,Grocery,17,2,CA,mobile,43.4,1,0,0,0,0,1
2011,2986,322.03,Retail,18,2,GB,tablet,137.5,0,0,0,0,0,1
2016,2276,56.74,Retail,22,2,GB,tablet,83.7,0,0,0,0,0,0
2058,3954,315.04,Grocery,8,4,CA,mobile,1016.4,0,0,0,0,0,0
2070,2677,23.0,Grocery,9,4,US,desktop,183.8,3,0,0,0,0,0
2107,4063,420.44,Grocery,10,0,CA,mobile,69.6,0,0,0,0,0,0
2111,2124,93.81,Retail,4,6,US,desktop,441.9,1,0,1,1,0,0
2114,4641,284.74,Grocery,18,1,DE,mobile,171.3,0,0,0,0,0,0
2138,1092,64.25,Grocery,7,4,GB,mobile,173.0,1,0,0,0,0,0
2151,2312,91.0,Retail,0,5,US,desktop,661.4,0,0,1,1,0,0
2165,4817,52.55,Health,22,0,DE,tablet,70.2,1,0,0,0,0,0
2247,3302,79.38,Grocery,6,2,AU,mobile,186.1,1,0,0,0,0,1
2279,2474,147.72,Retail,15,4,FR,mobile,71.1,0,0,0,0,0,0
2304,4516,50.31,Utilities,15,2,US,desktop,415.2,3,0,0,0,0,0
2314,1211,59.32,Retail,11,1,AU,mobile,76.7,1,0,0,0,0,0
2342,2577,323.8,Grocery,20,1,US,desktop,132.6,3,0,0,0,0,1
2380,3614,107.59,Grocery,10,4,FR,tablet,242.4,1,0,0,0,0,1
2396,3624,29.86,Utilities,12,3,GB,mobile,142.7,1,0,0,0,0,0
2405,2535,34.79,Grocery,14,3,GB,mobile,68.7,1,0,0,0,0,0
2409,2856,26.66,Grocery,16,3,US,desktop,46.8,3,0,0,0,0,1
2411,3122,225.9,Retail,13,2,GB,mobile,120.7,0,0,0,0,0,0
2427,1631,72.41,Retail,17,2,GB,mobile,100.0,2,0,0,0,0,0
2428,2541,156.09,Grocery,8,2,GB,mobile,30.9,0,0,0,0,0,0
2446,4578,40.95,Grocery,22,0,DE,mobile,146.0,1,0,0,0,0,1
2453,1380,261.77,Grocery,15,3,DE,mobile,165.8,2,0,0,0,0,0
2457,4361,11.58,Grocery,20,3,CA,mobile,89.5,1,0,0,0,0,0
2465,2855,35.58,Grocery,8,2,DE,tablet,204.8,1,0,0,0,0,0
2470,1856,98.77,Health,13,3,AU,tablet,267.1,0,0,0,0,0,1
2503,4012,343.8,Grocery,15,3,CA,tablet,569.7,0,0,0,0,0,1
2512,4409,72.15,Retail,14,2,GB,tablet,210.3,1,0,0,0,0,0
2532,4224,102.84,Retail,6,3,US,desktop,220.5,3,0,0,0,0,0
2551,3618,298.46,Grocery,15,1,US,desktop,153.1,3,0,0,0,0,0
2558,4464,129.96,Grocery,19,1,JP,tablet,426.9,0,0,0,0,0,0
2568,3532,115.27,Grocery,6,0,JP,mobile,577.1,1,0,0,0,0,0
2603,4121,35.56,Grocery,17,4,GB,mobile,66.5,2,0,0,0,0,0
2698,2670,46.29,Retail,16,4,CA,tablet,277.4,0,0,0,0,0,0
2703,1884,302.88,Retail,14,4,AU,mobile,131.9,0,0,0,0,0,0
2708,2215,34.64,Grocery,10,0,BR,tablet,121.7,2,0,0,0,0,0
2709,3922,77.83,Grocery,10,1,DE,mobile,74.6,0,0,0,0,0,0
2711,1264,54.16,Retail,20,4,US,desktop,167.5,3,0,0,0,0,0
2721,3506,83.97,Retail,12,3,DE,mobile,385.3,0,0,0,0,0,1
2730,2846,17.09,Utilities,13,2,BR,mobile,165.7,2,0,0,0,0,1
2851,1779,63.16,Retail,15,2,DE,mobile,391.1,1,0,0,0,0,0
2860,2784,212.23,Grocery,15,1,DE,mobile,275.7,1,0,0,0,0,1
2864,3448,37.07,Health,10,4,BR,tablet,583.6,2,0,0,0,0,0
2871,2130,59.43,Retail,3,5,US,desktop,245.2,0,0,1,1,0,0
2902,4202,40.14,Grocery,15,2,FR,mobile,162.8,1,0,0,0,0,0
2924,3161,33.03,Grocery,14,1,BR,tablet,261.9,2,0,0,0,0,0
2927,3465,102.51,Retail,15,3,US,desktop,439.3,6,0,0,0,0,0
3010,4248,176.97,Retail,18,4,GB,tablet,123.6,0,0,0,0,0,0
3015,2959,62.49,Grocery,13,3,GB,mobile,129.0,1,0,0,0,0,0
3022,1524,57.24,Grocery,18,1,DE,tablet,276.6,2,0,0,0,0,0
3042,2165,65.71,Health,17,1,JP,mobile,689.7,1,0,0,0,0,1
3049,1677,46.82,Grocery,9,1,JP,mobile,230.7,2,0,0,0,0,0
3052,1700,18.89,Grocery,13,2,FR,tablet,203.3,1,0,0,0,0,1
3093,3876,31.43,Grocery,8,4,JP,mobile,60.2,1,0,0,0,0,0
3110,1943,460.23,Utilities,19,3,NG,tablet,281.2,1,0,0,0,0,0
3144,3272,181.13,Grocery,12,2,US,desktop,312.6,3,0,0,0,0,0
3181,1894,144.48,Grocery,19,2,GB,tablet,42.2,0,0,0,0,0,1
3185,3517,154.0,Grocery,14,0,JP,tablet,44.7,1,0,0,0,0,1
3197,1902,42.28,Grocery,20,1,CA,mobile,268.7,0,0,0,0,0,0
3202,4653,81.17,Retail,21,0,BR,mobile,81.0,2,0,0,0,0,0
3255,1946,887.11,Grocery,18,0,NG,mobile,179.6,1,0,0,0,0,0
3262,2917,211.39,Health,22,4,CA,mobile,198.8,1,0,0,0,0,0
3270,4931,69.69,Retail,9,4,US,desktop,204.4,3,0,0,0,0,0
3283,4878,94.88,Utilities,17,0,US,desktop,218.5,3,0,0,0,0,0
3284,1391,30.06,Grocery,11,4,JP,mobile,166.5,1,0,0,0,0,0
3294,2157,73.24,Retail,12,4,AU,mobile,35.0,0,0,0,0,0,0
3312,2608,872.59,Grocery,20,2,CA,mobile,43.0,1,0,0,0,0,0
3337,3092,457.97,Grocery,8,1,CA,mobile,553.9,0,0,0,0,0,1
3369,2694,145.05,Grocery,22,0,CA,mobile,462.5,0,0,0,0,0,0
3377,3020,264.32,Utilities,16,3,AU,tablet,90.4,1,0,0,0,0,0
3390,3711,97.98,Grocery,18,2,CA,mobile,163.9,1,0,0,0,0,1
3404,4936,41.97,Retail,16,1,CA,mobile,64.8,2,0,0,0,0,1
3406,2408,647.95,Retail,9,1,CA,tablet,76.3,2,0,0,0,0,0
3427,2920,26.37,Grocery,11,4,AU,tablet,175.1,1,0,0,0,0,0
3434,2347,61.26,Grocery,19,4,FR,tablet,451.4,0,0,0,0,0,1
3459,4364,246.5,Grocery,21,3,GB,mobile,301.3,1,0,0,0,0,0
3472,3984,63.66,Retail,13,2,JP,mobile,237.8,0,0,0,0,0,1
3485,2630,144.72,Retail,15,0,CA,mobile,145.8,2,0,0,0,0,0
3496,3126,73.41,Grocery,6,1,AU,mobile,274.4,0,0,0,0,0,1
3525,2163,264.96,Retail,22,3,US,desktop,88.4,4,0,0,0,0,1
3573,3756,72.49,Retail,22,3,US,desktop,164.3,3,0,0,0,0,0
3578,4425,298.49,Grocery,20,3,US,desktop,264.5,4,0,0,0,0,0
3626,3971,93.38,Grocery,19,3,NG,mobile,262.8,2,0,0,0,0,0
3656,2926,201.49,Grocery,17,1,DE,mobile,90.6,1,0,0,0,0,0
3663,4872,141.86,Utilities,15,0,FR,mobile,246.4,0,0,0,0,0,0
3713,4228,161.72,Health,19,1,GB,mobile,427.0,1,0,0,0,0,0
3721,3555,76.98,Retail,20,1,JP,tablet,532.0,0,0,0,0,0,0
3745,1966,95.84,Retail,18,4,CA,mobile,55.4,2,0,0,0,0,0
3760,3243,153.69,Grocery,6,0,GB,tablet,42.0,1,0,0,0,0,0
3776,1754,119.98,Grocery,8,1,GB,mobile,501.0,1,0,0,0,0,0
3779,4941,59.79,Utilities,19,0,FR,tablet,250.0,1,0,0,0,0,0
3782,1911,56.59,Retail,6,4,AU,mobile,147.0,2,0,0,0,0,0
3783,1419,796.74,Retail,6,4,JP,mobile,377.9,2,0,0,0,0,0
3820,4572,41.32,Retail,21,4,AU,mobile,42.0,2,0,0,0,0,0
3839,4838,233.85,Retail,13,3,FR,mobile,81.8,0,0,0,0,0,0
3856,3845,210.65,Grocery,8,0,DE,mobile,365.7,2,0,0,0,0,0
3859,2301,71.4,Grocery,14,0,GB,mobile,138.5,2,0,0,0,0,0
3876,3413,62.55,Grocery,20,4,DE,mobile,58.2,1,0,0,0,0,0
3878,1982,75.2,Grocery,10,3,DE,mobile,276.5,1,0,0,0,0,0
3909,1784,44.17,Grocery,17,4,CA,mobile,473.4,2,0,0,0,0,0
3936,4395,54.62,Retail,21,0,FR,mobile,502.2,1,0,0,0,0,0
3998,4382,147.48,Retail,5,6,US,desktop,114.4,1,0,1,1,0,1
4003,1141,107.13,Grocery,17,3,FR,mobile,238.0,1,0,0,0,0,1
4034,2118,149.04,Retail,11,2,US,desktop,177.6,4,0,0,0,0,0
4041,2314,209.25,Retail,12,4,US,desktop,93.1,4,0,0,0,0,0
4048,1993,28.89,Retail,18,4,US,desktop,45.2,3,0,0,0,0,0
4080,4055,52.01,Grocery,9,4,JP,tablet,259.0,1,0,0,0,0,1
4082,2139,29.09,Utilities,17,4,DE,tablet,44.3,1,0,0,0,0,0
4090,4924,166.42,Retail,3,6,US,desktop,88.2,2,0,1,1,0,0
4156,1745,84.76,Retail,15,0,FR,tablet,499.4,0,0,0,0,0,0
4161,2612,27.54,Grocery,13,3,AU,mobile,238.2,1,0,0,0,0,0
4174,2420,28.53,Grocery,19,0,FR,mobile,476.4,0,0,0,0,0,0
4261,1903,108.34,Health,18,4,CA,mobile,165.3,0,0,0,0,0,0
4266,4963,154.79,Retail,10,0,CA,tablet,360.0,1,0,0,0,0,1
4276,4095,52.68,Retail,8,2,CA,mobile,106.2,1,0,0,0,0,0
4292,4716,94.51,Retail,12,4,NG,mobile,179.0,2,0,0,0,0,0
4296,4977,92.14,Retail,21,3,FR,tablet,72.0,1,0,0,0,0,0
4304,1136,50.2,Retail,10,4,DE,tablet,329.8,1,0,0,0,0,0
4318,2656,102.82,Grocery,22,4,BR,mobile,555.1,1,0,0,0,0,0
4356,4295,141.11,Retail,3,6,US,desktop,55.7,2,0,1,1,0,0
4360,4879,161.91,Retail,21,3,DE,mobile,282.0,2,0,0,0,0,1
4381,4760,33.94,Grocery,16,3,DE,tablet,52.7,1,0,0,0,0,1
4408,1743,55.33,Retail,8,0,US,desktop,162.2,4,0,0,0,0,0
4416,2770,45.86,Health,17,0,JP,mobile,125.0,0,0,0,0,0,0
4421,3886,71.68,Grocery,7,0,DE,mobile,518.9,2,0,0,0,0,0
4461,1410,58.18,Retail,7,0,NG,tablet,74.4,2,0,0,0,0,0
4463,3353,38.97,Grocery,15,4,CA,mobile,493.7,0,0,0,0,0,1
4465,2782,58.94,Grocery,16,4,GB,mobile,420.8,1,0,0,0,0,0
4502,3135,260.26,Grocery,12,1,US,desktop,412.6,3,0,0,0,0,0
4514,4639,41.95,Grocery,3,6,US,desktop,305.5,0,0,1,1,0,0
4515,4647,26.4,Grocery,9,2,NG,mobile,159.4,1,0,0,0,0,0
4529,2774,17.14,Grocery,8,0,FR,tablet,39.6,0,0,0,0,0,0
4550,4476,18.39,Health,8,0,AU,mobile,366.4,0,0,0,0,0,0
4562,2680,362.54,Grocery,5,5,US,desktop,121.9,0,0,1,1,0,0
4588,2230,134.2,Health,17,4,BR,mobile,99.8,2,0,0,0,0,0
4602,4795,19.63,Retail,2,5,US,desktop,268.9,1,0,1,1,0,0
4623,4306,49.64,Grocery,12,1,DE,tablet,261.9,0,0,0,0,0,0
4624,1314,27.43,Health,13,2,DE,mobile,63.9,2,0,0,0,0,0
4662,3321,202.65,Grocery,10,4,DE,mobile,130.8,0,0,0,0,0,0
4711,2140,280.81,Retail,2,6,US,desktop,72.0,1,0,1,1,0,0
4717,4557,35.54,Retail,15,1,JP,mobile,174.9,0,0,0,0,0,0
4761,4868,162.29,Retail,8,1,AU,mobile,311.4,2,0,0,0,0,0
4783,2372,126.76,Health,7,1,FR,mobile,180.6,1,0,0,0,0,0
4804,4169,137.35,Grocery,19,2,CA,mobile,38.4,1,0,0,0,0,0
4808,4570,124.33,Utilities,10,3,NG,mobile,77.7,1,0,0,0,0,1
4809,2559,49.68,Grocery,13,0,US,desktop,54.0,5,0,0,0,0,0
4835,4906,84.72,Retail,17,0,BR,mobile,50.3,0,0,0,0,0,1
4873,1236,125.27,Grocery,20,0,FR,tablet,252.6,0,0,0,0,0,1
4894,1196,58.14,Health,15,3,CA,mobile,293.3,2,0,0,0,0,1
4909,4194,103.65,Grocery,16,2,GB,tablet,454.0,2,0,0,0,0,1
4932,3936,25.43,Retail,15,2,GB,tablet,365.1,1,0,0,0,0,0
4942,2785,105.06,Grocery,21,3,JP,mobile,404.4,1,0,0,0,0,0
4976,4210,543.32,Retail,7,0,AU,mobile,42.0,0,0,0,0,0,0
4984,2608,57.51,Grocery,8,2,CA,mobile,37.5,2,0,0,0,0,0
5036,1906,60.33,Retail,21,1,FR,mobile,149.5,2,0,0,0,0,0
5049,2167,316.71,Grocery,17,4,GB,mobile,818.2,2,0,0,0,0,0
5066,3761,441.36,Grocery,1,6,US,desktop,218.3,2,0,1,1,0,0
5077,2319,96.12,Grocery,17,1,US,desktop,665.9,4,0,0,0,0,0
5081,2265,89.75,Grocery,6,0,JP,mobile,113.0,0,0,0,0,0,1
5095,2777,85.08,Retail,21,3,GB,mobile,85.4,1,0,0,0,0,1
5119,4491,114.01,Retail,8,3,US,desktop,80.1,3,0,0,0,0,0
5136,1399,35.51,Grocery,16,2,DE,mobile,164.5,1,0,0,0,0,0
5161,2523,54.91,Retail,10,2,DE,tablet,131.4,1,0,0,0,0,0
5162,1104,535.27,Grocery,7,0,CA,mobile,187.2,1,0,0,0,0,0
5166,1306,42.54,Utilities,18,0,CA,mobile,504.6,1,0,0,0,0,0
5193,2984,84.14,Grocery,15,2,CA,mobile,83.0,2,0,0,0,0,0
5200,4802,57.4,Grocery,16,4,CA,mobile,323.0,2,0,0,0,0,0
5212,1576,218.86,Grocery,1,6,US,desktop,138.2,2,0,1,1,0,0
5213,2848,129.77,Retail,3,5,US,desktop,247.3,0,0,1,1,0,0
5233,2199,235.42,Retail,10,4,DE,mobile,74.8,1,0,0,0,0,0
5249,4602,149.38,Grocery,12,0,CA,mobile,469.0,2,0,0,0,0,0
5318,1423,165.2,Grocery,6,0,FR,mobile,401.3,0,0,0,0,0,0
5329,1732,70.9,Grocery,6,1,FR,mobile,342.5,1,0,0,0,0,0
5364,4414,270.9,Grocery,19,3,CA,mobile,66.0,1,0,0,0,0,0
5380,3044,187.87,Retail,19,0,GB,tablet,196.6,1,0,0,0,0,0
5427,4309,91.53,Retail,17,2,FR,mobile,270.0,1,0,0,0,0,0
5448,2641,70.81,Grocery,18,4,CA,mobile,163.5,2,0,0,0,0,1
5460,4571,507.33,Grocery,12,4,BR,tablet,39.5,2,0,0,0,0,0
5479,1373,219.7,Grocery,18,0,US,desktop,40.1,4,0,0,0,0,0
5484,4377,98.04,Utilities,11,1,FR,tablet,33.8,0,0,0,0,0,0
5504,3896,592.03,Retail,15,0,JP,mobile,226.6,1,0,0,0,0,0
5505,3130,28.19,Health,21,4,FR,mobile,59.7,2,0,0,0,0,0
5521,2747,300.9,Grocery,14,4,GB,mobile,442.8,2,0,0,0,0,1
5526,1402,53.3,Retail,5,5,US,desktop,248.2,0,0,1,1,0,0
5542,1647,374.45,Retail,11,3,US,desktop,209.6,3,0,0,0,0,1
5550,4016,22.41,Grocery,22,0,CA,mobile,104.0,2,0,0,0,0,1
5556,3056,85.89,Retail,6,0,FR,tablet,237.4,0,0,0,0,0,0
5563,4148,118.2,Retail,18,3,US,desktop,183.9,3,0,0,0,0,1
5568,2405,12.25,Retail,16,4,FR,mobile,146.6,2,0,0,0,0,0
5595,4401,289.98,Retail,8,4,US,desktop,80.3,3,0,0,0,0,0
5627,2673,52.47,Retail,19,0,GB,mobile,664.2,2,0,0,0,0,0
5632,3234,355.98,Retail,7,4,AU,mobile,254.9,1,0,0,0,0,0
5635,4066,21.72,Grocery,6,0,JP,mobile,128.2,1,0,0,0,0,0
5654,2860,43.0,Health,8,2,AU,mobile,78.0,2,0,0,0,0,0
5666,2851,66.85,Retail,17,1,NG,tablet,190.4,2,0,0,0,0,0
5669,4033,151.62,Retail,12,1,US,desktop,136.9,3,0,0,0,0,0
5698,4070,45.63,Grocery,6,4,FR,mobile,283.8,2,0,0,0,0,0
5705,2247,32.54,Grocery,4,5,US,desktop,51.0,0,0,1,1,0,0
5725,1858,29.63,Health,12,1,CA,mobile,137.3,1,0,0,0,0,0
5734,2641,138.05,Grocery,6,3,DE,tablet,203.1,2,0,0,0,0,0
5739,1897,82.37,Grocery,7,2,BR,tablet,157.5,1,0,0,0,0,0
5747,2733,17.59,Utilities,19,2,BR,tablet,124.1,1,0,0,0,0,0
5758,3116,391.8,Utilities,9,0,DE,mobile,257.5,1,0,0,0,0,0
5784,4925,54.8,Utilities,10,4,CA,mobile,851.4,1,0,0,0,0,0
5820,3271,41.54,Grocery,16,0,DE,tablet,53.1,2,0,0,0,0,0
5824,1596,28.33,Grocery,13,0,FR,mobile,41.9,1,0,0,0,0,0
5843,3218,338.73,Grocery,9,2,US,desktop,657.0,5,0,0,0,0,0
5844,1029,58.36,Grocery,16,3,CA,mobile,171.8,2,0,0,0,0,0
5899,3598,600.7,Grocery,19,0,DE,mobile,105.1,1,0,0,0,0,0
5915,3097,625.48,Grocery,10,0,AU,mobile,290.0,2,0,0,0,0,0
5922,4189,36.18,Health,13,3,BR,mobile,133.4,2,0,0,0,0,0
5923,3623,117.28,Utilities,19,4,CA,mobile,103.4,1,0,0,0,0,0
5935,4351,165.12,Retail,10,1,GB,tablet,802.4,1,0,0,0,0,0
5979,1823,157.46,Utilities,4,5,US,desktop,43.1,1,0,1,1,0,0
5998,4916,77.28,Grocery,5,6,US,desktop,145.7,1,0,1,1,0,0
6006,1979,38.03,Retail,9,0,US,desktop,394.9,5,0,0,0,0,0
6015,3136,272.91,Retail,12,4,AU,tablet,71.9,0,0,0,0,0,0
6027,2795,252.74,Retail,20,1,CA,mobile,557.6,0,0,0,0,0,0
6050,2256,90.15,Health,11,2,GB,mobile,275.4,1,0,0,0,0,0
6055,4399,320.38,Retail,18,3,AU,mobile,445.3,1,0,0,0,0,0
6059,3562,96.24,Retail,8,0,FR,tablet,114.6,0,0,0,0,0,0
6064,1257,24.13,Retail,14,3,FR,mobile,198.8,1,0,0,0,0,0
6075,4645,543.65,Retail,22,1,FR,mobile,35.4,1,0,0,0,0,0
6111,4459,10.58,Retail,6,4,GB,mobile,56.0,1,0,0,0,0,0
6116,1606,89.7,Grocery,13,0,GB,mobile,300.2,1,0,0,0,0,0
6148,3894,184.71,Grocery,13,2,GB,mobile,45.5,2,0,0,0,0,0
6158,3435,36.47,Health,9,1,US,desktop,64.7,3,0,0,0,0,0
6163,1899,86.75,Retail,15,2,CA,mobile,374.1,0,0,0,0,0,1
6167,2210,75.55,Grocery,13,0,US,desktop,90.2,4,0,0,0,0,0
6175,2858,334.24,Health,20,4,CA,mobile,184.4,1,0,0,0,0,0
6180,4676,268.07,Health,6,3,GB,mobile,32.5,1,0,0,0,0,0
6191,4607,59.48,Utilities,15,2,DE,mobile,154.9,1,0,0,0,0,0
6200,1679,31.15,Utilities,5,5,US,desktop,63.8,1,0,1,1,0,0
6207,3824,125.55,Grocery,1,5,US,desktop,141.7,2,0,1,1,0,0
6219,1094,21.59,Retail,16,3,NG,mobile,209.4,1,0,0,0,0,0
6223,3724,297.0,Retail,16,4,US,desktop,47.6,3,0,0,0,0,0
6238,2082,135.27,Grocery,20,0,DE,mobile,209.7,0,0,0,0,0,0
6278,4107,61.16,Health,18,0,DE,mobile,101.1,2,0,0,0,0,0
6300,1735,140.41,Health,16,3,GB,mobile,102.2,2,0,0,0,0,0
6311,2931,76.09,Retail,13,3,US,desktop,132.9,3,0,0,0,0,1
6317,4130,55.86,Grocery,21,0,FR,mobile,207.0,2,0,0,0,0,0
6338,1306,148.06,Utilities,19,1,US,desktop,123.7,4,0,0,0,0,0
6341,2189,286.92,Grocery,10,0,FR,tablet,152.1,1,0,0,0,0,0
6356,2458,50.58,Health,14,2,FR,mobile,153.5,1,0,0,0,0,0
6367,4304,47.42,Retail,14,0,FR,tablet,98.3,0,0,0,0,0,0
6381,2163,21.39,Retail,6,1,CA,tablet,431.6,1,0,0,0,0,0
6406,4666,124.21,Grocery,15,2,AU,tablet,61.3,1,0,0,0,0,0
6415,1933,382.93,Grocery,14,3,BR,mobile,202.4,0,0,0,0,0,0
6452,4231,24.99,Grocery,20,0,BR,tablet,198.6,1,0,0,0,0,0
6481,3630,238.42,Grocery,8,1,AU,mobile,88.5,2,0,0,0,0,0
6501,1486,57.61,Retail,15,4,CA,mobile,587.1,1,0,0,0,0,1
6559,4816,252.7,Grocery,6,2,US,desktop,58.7,5,0,0,0,0,0
6581,2852,45.03,Grocery,8,4,FR,mobile,31.6,1,0,0,0,0,0
6595,4826,50.52,Retail,13,3,DE,mobile,91.7,2,0,0,0,0,1
6597,4447,87.85,Grocery,19,3,GB,tablet,227.3,1,0,0,0,0,0
6651,1801,57.54,Grocery,5,6,US,desktop,629.8,1,0,1,1,0,0
6655,1369,119.65,Grocery,17,0,DE,tablet,66.5,0,0,0,0,0,0
6686,1630,61.85,Utilities,18,2,AU,mobile,415.6,2,0,0,0,0,0
6708,2315,262.18,Retail,0,6,US,desktop,242.4,1,0,1,1,0,0
6712,2425,67.42,Retail,18,4,JP,tablet,410.8,0,0,0,0,0,0
6741,1009,67.43,Retail,14,1,GB,mobile,478.1,2,0,0,0,0,0
6772,3740,34.03,Utilities,20,1,AU,tablet,589.8,0,0,0,0,0,0
6778,2757,587.43,Health,15,4,CA,mobile,181.8,1,0,0,0,0,0
6797,1306,73.37,Grocery,8,0,FR,tablet,205.5,0,0,0,0,0,0
6805,2761,46.11,Grocery,21,0,GB,tablet,368.2,1,0,0,0,0,0
6812,4250,41.95,Grocery,22,1,BR,mobile,365.5,0,0,0,0,0,0
6813,2649,170.87,Grocery,5,6,US,desktop,161.3,1,0,1,1,0,0
6821,4155,96.48,Grocery,20,1,BR,mobile,698.2,1,0,0,0,0,0
6866,4938,85.41,Grocery,15,0,CA,mobile,151.3,2,0,0,0,0,0
6878,1028,18.62,Retail,9,0,CA,mobile,52.8,1,0,0,0,0,0
6891,1594,450.88,Utilities,10,1,BR,tablet,237.0,0,0,0,0,0,0
6938,2241,69.28,Grocery,20,4,US,desktop,39.3,3,0,0,0,0,0
7023,3410,122.03,Retail,22,3,CA,tablet,47.7,2,0,0,0,0,0
7026,4951,23.25,Grocery,12,0,GB,mobile,154.1,1,0,0,0,0,0
7077,4248,440.35,Utilities,15,0,CA,tablet,50.1,1,0,0,0,0,0
7102,4454,30.4,Utilities,18,0,FR,mobile,93.2,1,0,0,0,0,0
7116,4703,115.38,Retail,10,0,DE,mobile,806.1,0,0,0,0,0,0
7121,3087,22.14,Grocery,1,5,US,desktop,198.5,2,0,1,1,0,0
7130,4893,68.06,Grocery,11,2,US,desktop,134.3,3,0,0,0,0,0
7161,1181,158.26,Retail,8,1,US,desktop,432.3,4,0,0,0,0,0
7162,4062,49.98,Grocery,21,0,DE,mobile,177.8,1,0,0,0,0,1
7188,1347,189.3,Health,10,0,DE,mobile,272.1,1,0,0,0,0,0
7217,3449,110.56,Retail,15,3,BR,mobile,89.3,2,0,0,0,0,0
7246,2803,184.71,Grocery,21,4,NG,mobile,39.5,0,0,0,0,0,0
7275,1292,35.42,Grocery,16,2,DE,mobile,88.1,1,0,0,0,0,1
7307,3161,58.71,Health,9,4,DE,tablet,335.6,1,0,0,0,0,0
7329,2567,277.61,Grocery,17,2,BR,mobile,188.7,2,0,0,0,0,0
7362,3951,118.37,Grocery,15,3,BR,mobile,509.4,2,0,0,0,0,0
7368,2948,12.53,Grocery,17,4,JP,mobile,163.7,1,0,0,0,0,1
7377,3423,889.56,Grocery,7,0,US,desktop,229.1,3,0,0,0,0,0
7383,1949,288.61,Retail,22,4,CA,mobile,350.4,2,0,0,0,0,0
7412,1612,34.9,Retail,9,4,NG,tablet,535.0,1,0,0,0,0,0
7467,3640,39.86,Retail,20,1,CA,mobile,176.9,0,0,0,0,0,1
7507,1632,41.33,Grocery,14,3,GB,mobile,249.6,1,0,0,0,0,0
7540,3522,80.42,Grocery,17,1,DE,mobile,182.4,1,0,0,0,0,0
7542,4759,186.11,Retail,14,3,FR,mobile,91.1,1,0,0,0,0,0
7553,2998,14.45,Utilities,17,4,CA,tablet,245.7,2,0,0,0,0,0
7572,4711,45.8,Grocery,13,3,DE,mobile,117.0,1,0,0,0,0,0
7576,1511,97.54,Utilities,17,4,DE,mobile,30.9,1,0,0,0,0,0
7598,2661,11.63,Retail,12,4,US,desktop,218.3,3,0,0,0,0,1
7604,1826,91.51,Health,18,4,CA,mobile,375.3,1,0,0,0,0,0
7659,3542,226.01,Grocery,19,3,GB,mobile,56.0,1,0,0,0,0,0
7687,1282,222.31,Health,7,3,DE,mobile,228.5,0,0,0,0,0,0
7689,1168,63.69,Grocery,17,0,FR,mobile,254.3,2,0,0,0,0,0
7722,2879,431.52,Utilities,17,4,US,desktop,117.0,4,0,0,0,0,0
7764,4658,223.23,Retail,20,3,BR,mobile,53.3,0,0,0,0,0,1
7774,4947,145.96,Retail,16,3,JP,mobile,117.3,2,0,0,0,0,0
7778,4715,257.46,Grocery,18,2,AU,mobile,48.5,0,0,0,0,0,1
7784,3653,424.78,Retail,9,1,DE,mobile,30.5,1,0,0,0,0,0
7852,3240,75.07,Retail,15,2,CA,mobile,259.0,1,0,0,0,0,0
7887,2296,57.36,Retail,19,0,DE,mobile,122.2,2,0,0,0,0,1
7942,4815,449.8,Retail,15,4,BR,mobile,85.5,1,0,0,0,0,0
7997,3872,65.0,Grocery,9,0,DE,mobile,92.6,1,0,0,0,0,1
7998,2358,15.69,Health,9,1,DE,mobile,92.3,2,0,0,0,0,0
8000,1721,151.78,Grocery,19,2,US,desktop,129.4,3,0,0,0,0,1
8007,2652,13.45,Retail,1,6,US,desktop,104.9,1,0,1,1,0,0
8012,1736,40.1,Grocery,5,5,US,desktop,242.5,2,0,1,1,0,0
8079,1166,75.9,Utilities,17,4,JP,mobile,102.3,0,0,0,0,0,0
8082,2769,415.1,Utilities,4,6,US,desktop,203.4,1,0,1,1,0,0
8083,3065,316.09,Retail,22,3,CA,tablet,116.3,1,0,0,0,0,0
8149,1387,132.29,Retail,20,3,AU,mobile,33.7,1,0,0,0,0,0
8162,2477,138.57,Grocery,20,4,FR,mobile,282.5,0,0,0,0,0,0
8183,3982,75.68,Grocery,11,0,US,desktop,371.6,3,0,0,0,0,0
8195,1593,56.5,Retail,8,2,FR,mobile,147.0,2,0,0,0,0,0
8202,2180,273.16,Grocery,16,0,DE,tablet,247.4,2,0,0,0,0,0
8213,4848,19.71,Grocery,9,1,DE,tablet,306.6,1,0,0,0,0,1
8214,3848,52.62,Health,3,6,US,desktop,212.5,1,0,1,1,0,0
8273,1499,452.33,Retail,10,2,CA,mobile,268.4,1,0,0,0,0,0
8290,2897,17.31,Grocery,10,4,FR,mobile,449.0,1,0,0,0,0,0
8301,4942,176.79,Grocery,21,4,CA,mobile,227.5,2,0,0,0,0,0
8399,4579,74.3,Retail,16,3,AU,mobile,322.6,1,0,0,0,0,1
8440,3738,55.71,Grocery,6,4,GB,mobile,748.7,1,0,0,0,0,0
8452,4491,101.12,Grocery,19,1,US,desktop,47.6,5,0,0,0,0,0
8478,3147,115.27,Retail,21,4,DE,mobile,154.8,0,0,0,0,0,0
8482,4132,50.99,Grocery,19,3,FR,tablet,760.9,0,0,0,0,0,0
8495,2245,217.04,Grocery,18,4,CA,mobile,401.6,0,0,0,0,0,0
8513,4370,38.32,Retail,1,6,US,desktop,305.0,1,0,1,1,0,0
8520,2116,47.34,Grocery,8,1,CA,tablet,93.7,1,0,0,0,0,0
8525,2739,22.97,Retail,7,3,CA,mobile,98.3,2,0,0,0,0,0
