transaction_id,customer_id,amount,merchant_category,hour,day_of_week,country,device_type,card_age_days,velocity,is_international,is_weekend,is_night,is_new_card,is_fraud
9693,3365,205.2,Food Delivery,17,5,US,desktop,294.3,1,1,1,0,0,1
10878,4775,63.38,Travel,17,6,US,desktop,137.6,1,1,1,0,0,0
10968,2464,162.56,Travel,19,6,US,desktop,38.2,0,1,1,0,0,0
11073,2813,867.79,Entertainment,7,5,US,desktop,344.1,0,1,1,0,0,0
11382,3182,274.71,Travel,20,5,US,desktop,374.3,0,1,1,0,0,1
11594,3077,17.48,Travel,21,6,US,desktop,216.4,1,1,1,0,0,0
12554,1840,186.57,Food Delivery,20,6,US,desktop,97.8,1,1,1,0,0,0
12969,1017,33.36,Online,6,5,US,desktop,204.9,2,1,1,0,0,1
13419,2718,118.24,Travel,8,5,US,desktop,58.4,1,1,1,0,0,1
13672,1649,110.38,Online,8,5,US,desktop,240.3,2,1,1,0,0,1
14106,2476,43.87,Online,6,6,US,desktop,245.5,0,1,1,0,0,0
14306,4997,68.09,Food Delivery,17,5,US,desktop,335.3,1,1,1,0,0,0
14857,2238,132.32,Online,20,6,US,desktop,292.0,2,1,1,0,0,0
14976,1078,115.67,Online,8,6,US,desktop,102.0,0,1,1,0,0,1
15564,2178,106.12,Online,16,5,US,desktop,117.6,2,1,1,0,0,0
15746,2045,145.43,Online,11,5,US,desktop,414.1,1,1,1,0,0,1
16324,3211,46.43,Food Delivery,7,5,US,desktop,118.9,2,1,1,0,0,1
16453,4223,65.1,Entertainment,16,5,US,desktop,113.5,2,1,1,0,0,0
17359,3679,67.0,Travel,20,5,US,desktop,230.1,0,1,1,0,0,0
18005,1149,22.49,Online,9,5,US,desktop,198.1,1,1,1,0,0,0
18019,3625,37.76,Travel,20,6,US,desktop,75.9,2,1,1,0,0,0
18145,3714,26.85,Entertainment,20,5,US,desktop,31.9,2,1,1,0,0,0
18898,1989,46.28,Travel,8,5,US,desktop,258.6,2,1,1,0,0,0
19414,4020,128.22,Food Delivery,22,6,US,desktop,46.5,1,1,1,0,0,0
94,2549,97.62,Online,5,6,US,mobile,50.9,0,0,1,1,0,0
122,3673,91.21,Online,2,5,US,mobile,182.5,1,0,1,1,0,0
132,3214,23.94,Food Delivery,2,4,GB,desktop,49.9,0,0,0,1,0,0
214,2797,34.14,Travel,22,6,AU,desktop,5.5,1,0,1,0,0,0
259,1700,18.33,Travel,10,0,US,mobile,105.8,3,0,0,0,0,1
296,3082,36.68,Online,0,5,US,mobile,44.2,2,0,1,1,0,0
300,1086,104.92,Travel,13,1,US,mobile,195.5,4,0,0,0,0,0
339,1810,23.31,Online,23,6,US,mobile,41.1,0,0,1,1,0,0
368,2263,32.93,Food Delivery,0,6,US,tablet,408.0,2,0,1,1,0,0
403,2281,84.81,Food Delivery,12,2,US,mobile,306.5,3,0,0,0,0,1
478,1071,92.81,Travel,3,1,CA,desktop,39.3,1,0,0,1,0,1
490,3424,200.77,Food Delivery,3,1,DE,desktop,180.1,1,0,0,1,0,0
491,4732,42.54,Travel,3,5,US,mobile,165.6,2,0,1,1,0,1
526,2241,107.25,Online,18,1,US,mobile,782.5,3,0,0,0,0,0
535,3309,49.53,Travel,1,6,US,tablet,40.7,2,0,1,1,0,1
593,1959,40.39,Entertainment,4,6,US,mobile,118.6,1,0,1,1,0,0
602,4115,134.33,Food Delivery,22,0,US,mobile,122.1,4,0,0,0,0,0
641,3683,121.71,Food Delivery,20,4,US,mobile,113.8,3,0,0,0,0,1
667,3013,46.01,Food Delivery,4,2,FR,desktop,94.1,0,0,0,1,0,1
750,1630,27.61,Online,16,1,US,mobile,368.8,3,0,0,0,0,0
791,1382,19.11,Entertainment,23,6,US,mobile,287.0,2,0,1,1,0,1
817,1172,177.2,Online,16,6,GB,desktop,12.7,2,0,1,0,0,0
834,1572,112.35,Travel,21,4,US,mobile,61.7,3,0,0,0,0,0
864,4088,71.37,Travel,19,1,US,mobile,442.7,4,0,0,0,0,0
926,4784,87.57,Entertainment,23,4,AU,desktop,402.1,1,0,0,1,0,1
957,2603,58.26,Online,4,0,GB,desktop,167.9,1,0,0,1,0,1
961,1613,29.09,Entertainment,5,0,CA,desktop,83.1,0,0,0,1,0,0
965,4796,916.2,Entertainment,22,1,US,desktop,469.0,2,0,0,0,0,1
1029,3261,35.58,Food Delivery,13,1,US,mobile,48.3,4,0,0,0,0,0
1047,1957,31.37,Travel,7,5,DE,desktop,28.8,2,0,1,0,0,1
1150,4408,37.05,Travel,3,6,US,mobile,501.1,1,0,1,1,0,0
1154,4638,64.8,Entertainment,8,2,US,mobile,266.0,4,0,0,0,0,1
1156,3348,531.33,Entertainment,6,0,US,mobile,650.8,3,0,0,0,0,1
1172,3523,12.88,Food Delivery,5,0,BR,desktop,41.1,1,0,0,1,0,0
1235,3548,176.18,Travel,2,6,US,tablet,99.4,2,0,1,1,0,0
1261,2064,394.76,Travel,3,6,US,mobile,686.3,2,0,1,1,0,0
1269,4812,26.01,Grocery,2,6,NG,tablet,44.5,2,0,1,1,1,0
1287,4631,530.96,Travel,13,2,US,mobile,181.5,3,0,0,0,0,0
1305,3442,420.94,Online,15,1,US,tablet,63.7,3,0,0,0,0,0
1342,1547,217.06,Food Delivery,12,4,US,tablet,177.6,3,0,0,0,0,0
1368,2813,22.68,Food Delivery,22,2,US,tablet,309.5,5,0,0,0,0,1
1408,4497,95.0,Food Delivery,4,5,US,mobile,48.8,2,0,1,1,0,1
1429,2068,49.63,Online,14,4,US,mobile,283.9,3,0,0,0,0,0
1470,1242,14.56,Travel,3,6,US,mobile,238.8,0,0,1,1,0,0
1481,1605,40.11,Online,23,0,CA,desktop,88.0,2,0,0,1,0,0
1505,3389,51.24,Retail,0,5,FR,mobile,34.0,2,0,1,1,1,0
1552,4413,14.87,Grocery,10,3,GB,mobile,108.9,4,0,0,0,1,0
1599,4380,83.26,Online,13,4,US,mobile,100.6,3,0,0,0,0,1
1617,4177,35.08,Travel,23,5,US,mobile,176.7,1,0,1,1,0,0
1649,4906,38.96,Online,3,3,GB,desktop,499.9,1,0,0,1,0,1
1665,3101,284.21,Food Delivery,4,3,CA,desktop,871.2,1,0,0,1,0,0
1710,1848,101.76,Entertainment,14,0,US,mobile,45.9,3,0,0,0,0,0
1782,2357,387.07,Food Delivery,10,6,DE,desktop,13.3,1,0,1,0,0,0
1802,2873,86.33,Travel,6,0,US,tablet,35.8,3,0,0,0,0,0
1818,2009,15.85,Online,1,5,US,mobile,319.6,2,0,1,1,0,1
1867,1443,208.95,Entertainment,5,0,CA,desktop,399.0,2,0,0,1,0,0
1869,1120,14.29,Entertainment,3,6,US,mobile,120.8,1,0,1,1,0,0
1889,1245,110.16,Online,2,6,US,mobile,342.7,0,0,1,1,0,1
1896,4405,23.36,Food Delivery,1,1,CA,desktop,887.8,2,0,0,1,0,0
1932,2928,49.59,Travel,10,4,US,mobile,166.3,3,0,0,0,0,1
1949,1006,609.53,Travel,5,1,GB,desktop,99.9,0,0,0,1,0,0
1973,3727,198.82,Food Delivery,0,3,AU,desktop,70.4,0,0,0,1,0,0
2002,1248,72.2,Food Delivery,12,3,US,tablet,238.9,3,0,0,0,0,0
2034,3712,46.87,Food Delivery,1,3,FR,desktop,98.9,0,0,0,1,0,1
2081,4308,43.07,Entertainment,5,5,US,mobile,553.1,1,0,1,1,0,0
2113,4657,17.42,Travel,2,6,US,mobile,54.9,1,0,1,1,0,0
2134,2598,921.67,Health,21,6,US,mobile,169.4,1,0,1,0,1,0
2179,3504,90.24,Food Delivery,16,5,FR,desktop,11.9,0,0,1,0,0,0
2190,3343,1575.4,Entertainment,16,1,US,desktop,50.8,1,0,0,0,0,0
2203,1156,126.01,Food Delivery,23,6,US,mobile,45.0,1,0,1,1,0,0
2375,3796,195.05,Travel,10,6,JP,desktop,9.2,1,0,1,0,0,0
2382,2794,51.58,Travel,4,3,AU,desktop,395.6,2,0,0,1,0,0
2416,2944,403.66,Entertainment,23,1,AU,desktop,161.1,1,0,0,1,0,1
2479,1311,232.66,Food Delivery,23,5,US,mobile,1071.7,1,0,1,1,0,1
2493,4717,92.24,Travel,8,5,BR,desktop,27.9,1,0,1,0,0,1
2513,4850,125.9,Online,3,6,US,mobile,94.9,1,0,1,1,0,0
2562,2434,180.06,Travel,17,5,CA,desktop,15.9,0,0,1,0,0,0
2650,2322,86.61,Online,23,5,US,mobile,143.2,1,0,1,1,0,0
2653,4953,139.51,Retail,23,6,US,desktop,64.8,3,0,1,1,1,0
2657,1233,106.71,Travel,5,2,CA,desktop,65.9,2,0,0,1,0,1
2704,4350,91.94,Online,19,4,US,mobile,255.8,3,0,0,0,0,1
2737,3296,48.04,Online,1,3,DE,desktop,360.8,1,0,0,1,0,0
2757,4536,80.17,Retail,11,2,CA,mobile,475.1,3,0,0,0,1,0
2803,4956,136.58,Travel,8,0,US,tablet,183.3,4,0,0,0,0,1
2821,3163,343.91,Entertainment,20,2,US,mobile,258.3,5,0,0,0,0,0
2822,4320,65.36,Food Delivery,14,1,US,mobile,193.9,4,0,0,0,0,0
2916,2751,329.07,Health,10,0,CA,tablet,192.8,3,0,0,0,1,0
2929,1742,64.71,Travel,22,1,US,mobile,114.2,3,0,0,0,0,0
2947,3355,38.1,Travel,4,0,GB,desktop,116.5,0,0,0,1,0,1
2964,1267,20.28,Food Delivery,1,2,GB,desktop,173.4,0,0,0,1,0,1
2994,4424,63.32,Travel,4,4,DE,desktop,319.4,1,0,0,1,0,0
3069,1596,90.3,Food Delivery,2,6,US,mobile,47.3,2,0,1,1,0,0
3118,3571,47.66,Online,8,4,US,mobile,48.5,4,0,0,0,0,0
3126,4559,51.92,Food Delivery,5,2,CA,desktop,362.4,1,0,0,1,0,0
3163,1641,47.91,Retail,0,6,DE,mobile,205.8,1,0,1,1,1,1
3164,2257,87.43,Travel,22,4,US,mobile,705.0,6,0,0,0,0,0
3192,3725,46.17,Grocery,21,2,FR,mobile,629.9,3,0,0,0,1,0
3196,1701,112.29,Online,4,6,US,mobile,762.3,1,0,1,1,0,0
3300,4210,28.66,Travel,5,3,AU,desktop,72.6,1,0,0,1,0,0
3311,3053,106.5,Online,4,1,FR,desktop,74.9,2,0,0,1,0,0
3315,2611,604.95,Food Delivery,15,1,US,tablet,159.5,3,0,0,0,0,0
3317,3528,17.5,Food Delivery,5,6,US,mobile,33.8,0,0,1,1,0,0
3389,2158,55.29,Online,16,4,US,mobile,260.4,3,0,0,0,0,0
3407,2422,32.79,Travel,5,1,DE,desktop,119.2,0,0,0,1,0,0
3433,1829,36.27,Travel,1,2,GB,desktop,96.5,1,0,0,1,0,0
3456,4460,331.82,Online,16,6,JP,desktop,6.6,2,0,1,0,0,0
3471,1893,22.14,Grocery,3,5,US,desktop,243.2,4,0,1,1,1,1
3476,1863,53.05,Online,0,5,US,mobile,73.1,1,0,1,1,0,0
3530,1480,213.48,Online,3,6,US,mobile,57.3,1,0,1,1,0,0
3540,4309,208.09,Food Delivery,14,2,US,tablet,258.9,3,0,0,0,0,1
3562,1678,96.81,Food Delivery,5,0,CA,desktop,83.1,0,0,0,1,0,0
3593,4939,16.37,Travel,4,6,US,mobile,273.6,1,0,1,1,0,0
3608,3774,199.46,Online,18,4,US,mobile,101.3,3,0,0,0,0,1
3627,4083,31.01,Travel,23,5,US,mobile,253.8,2,0,1,1,0,1
3651,1480,55.25,Food Delivery,0,5,US,mobile,97.6,1,0,1,1,0,0
3697,2232,181.92,Online,20,1,US,mobile,89.5,4,0,0,0,0,0
3708,4024,64.29,Entertainment,13,4,US,mobile,535.4,4,0,0,0,0,0
3726,4961,64.24,Travel,0,1,CA,desktop,232.0,1,0,0,1,0,1
3759,1322,496.69,Online,0,5,US,mobile,98.2,1,0,1,1,0,0
3777,3129,84.44,Entertainment,19,4,US,mobile,224.5,3,0,0,0,0,0
3797,3748,261.16,Food Delivery,1,5,US,tablet,123.5,0,0,1,1,0,0
3811,1915,36.07,Travel,16,6,GB,desktop,6.9,0,0,1,0,0,0
3835,1563,238.54,Travel,23,5,US,mobile,104.4,1,0,1,1,0,0
3853,1419,141.52,Online,22,3,US,tablet,95.3,5,0,0,0,0,0
4073,4335,108.34,Travel,1,2,GB,desktop,280.7,2,0,0,1,0,1
4128,1362,85.01,Travel,5,6,US,mobile,820.9,1,0,1,1,0,0
4141,3904,100.07,Travel,2,3,CA,desktop,99.0,2,0,0,1,0,0
4185,1222,44.85,Travel,5,4,NG,desktop,171.1,1,0,0,1,0,1
4212,3841,59.5,Travel,21,2,US,mobile,231.7,3,0,0,0,0,1
4232,4710,75.06,Food Delivery,5,1,NG,desktop,61.6,0,0,0,1,0,0
4248,1771,206.76,Travel,11,1,US,mobile,145.0,3,0,0,0,0,1
4253,4920,146.02,Travel,17,3,US,mobile,92.8,4,0,0,0,0,0
4283,1679,53.66,Travel,1,5,US,mobile,119.9,0,0,1,1,0,0
4288,4225,463.16,Grocery,10,0,FR,mobile,86.3,4,0,0,0,1,0
4317,4915,66.78,Travel,21,5,GB,desktop,29.8,1,0,1,0,0,1
4334,4574,39.55,Food Delivery,2,1,FR,desktop,141.8,2,0,0,1,0,0
4338,2311,374.05,Online,5,3,GB,desktop,210.6,1,0,0,1,0,0
4344,2029,283.39,Entertainment,0,6,US,mobile,57.0,2,0,1,1,0,1
4402,1474,377.58,Entertainment,5,3,FR,desktop,54.2,0,0,0,1,0,0
4403,2599,144.32,Online,0,4,NG,desktop,126.9,1,0,0,1,0,0
4407,2034,93.08,Entertainment,19,0,US,tablet,97.8,4,0,0,0,0,1
4428,2929,95.42,Entertainment,4,6,US,mobile,136.0,2,0,1,1,0,1
4466,1376,39.69,Food Delivery,4,4,FR,desktop,67.3,0,0,0,1,0,1
4482,2187,541.45,Food Delivery,22,6,CA,desktop,18.0,1,0,1,0,0,0
4498,2552,25.49,Travel,1,5,US,mobile,333.4,2,0,1,1,0,0
4523,3154,25.01,Entertainment,0,6,US,mobile,63.1,1,0,1,1,0,0
4545,2785,73.98,Entertainment,2,2,GB,desktop,100.5,1,0,0,1,0,0
4551,1179,1323.6,Online,19,2,US,desktop,281.8,0,0,0,0,0,1
4564,1752,83.9,Food Delivery,5,1,AU,desktop,57.5,1,0,0,1,0,0
4586,3442,30.91,Food Delivery,12,3,US,mobile,41.7,3,0,0,0,0,0
4633,2098,84.79,Online,0,5,US,mobile,160.0,1,0,1,1,0,0
4643,4811,299.03,Online,5,4,AU,desktop,359.5,1,0,0,1,0,0
4661,4328,120.22,Entertainment,13,1,US,tablet,161.2,3,0,0,0,0,0
4706,1938,304.49,Food Delivery,5,0,CA,desktop,1133.1,1,0,0,1,0,0
4710,2704,76.8,Online,3,0,DE,desktop,397.2,2,0,0,1,0,1
4753,4225,32.21,Travel,2,5,US,mobile,144.8,0,0,1,1,0,0
4769,1454,183.17,Online,23,5,US,tablet,41.8,2,0,1,1,0,1
4778,3992,198.98,Travel,3,6,US,mobile,126.0,1,0,1,1,0,1
4787,3244,95.95,Travel,1,6,US,mobile,312.0,0,0,1,1,0,0
4883,2993,39.82,Entertainment,5,5,US,mobile,63.5,1,0,1,1,0,0
4904,3880,35.97,Entertainment,16,2,US,mobile,108.4,3,0,0,0,0,1
4927,2594,40.62,Retail,23,6,CA,mobile,30.2,2,0,1,1,1,0
4953,4131,213.5,Entertainment,15,4,US,mobile,581.2,3,0,0,0,0,1
4954,1572,212.92,Food Delivery,0,3,GB,desktop,177.1,2,0,0,1,0,0
5024,2679,311.29,Online,14,5,CA,desktop,1.3,2,0,1,0,0,0
5085,3078,182.05,Food Delivery,0,5,US,mobile,207.4,2,0,1,1,0,1
5099,4751,535.85,Online,2,6,US,mobile,69.9,0,0,1,1,0,0
5130,3415,32.58,Entertainment,23,6,US,tablet,60.2,0,0,1,1,0,0
5158,1489,15.87,Health,0,5,GB,mobile,311.9,1,0,1,1,1,1
5177,1800,26.81,Food Delivery,23,1,FR,desktop,74.2,2,0,0,1,0,0
5226,2971,51.3,Online,0,2,AU,desktop,491.5,2,0,0,1,0,1
5274,2857,18.66,Travel,4,4,JP,desktop,69.6,2,0,0,1,0,0
5279,2510,109.22,Travel,0,6,US,tablet,190.0,0,0,1,1,0,0
5287,2147,175.17,Online,0,1,GB,desktop,359.0,1,0,0,1,0,0
5322,4362,225.69,Entertainment,1,2,DE,desktop,70.9,0,0,0,1,0,1
5418,1681,338.54,Online,21,4,US,mobile,137.4,5,0,0,0,0,1
5447,3670,1027.14,Food Delivery,17,1,US,desktop,46.4,2,0,0,0,0,1
5476,3118,72.89,Travel,5,3,DE,desktop,402.3,1,0,0,1,0,0
5496,1746,145.38,Food Delivery,23,0,CA,desktop,434.7,1,0,0,1,0,0
5514,4478,64.81,Food Delivery,18,6,JP,desktop,29.2,0,0,1,0,0,0
5532,4779,75.48,Entertainment,3,0,AU,desktop,58.1,2,0,0,1,0,1
5571,4047,30.41,Online,23,5,US,mobile,478.2,2,0,1,1,0,1
5615,3285,85.06,Online,23,3,CA,desktop,131.2,0,0,0,1,0,0
5624,4492,224.98,Retail,17,4,CA,tablet,878.7,4,0,0,0,1,0
5637,2019,41.04,Entertainment,4,5,US,mobile,50.0,2,0,1,1,0,1
5638,2738,28.91,Online,4,1,DE,desktop,350.8,1,0,0,1,0,1
5656,1879,50.51,Travel,3,6,US,mobile,708.3,0,0,1,1,0,1
5692,3351,48.25,Online,3,5,US,mobile,159.6,1,0,1,1,0,1
5750,1473,25.58,Online,4,6,US,mobile,205.5,0,0,1,1,0,0
5756,2605,89.58,Travel,18,0,US,tablet,97.3,4,0,0,0,0,1
5815,3371,44.44,Food Delivery,1,0,CA,desktop,52.8,2,0,0,1,0,0
5846,1644,45.52,Travel,12,0,US,tablet,101.1,3,0,0,0,0,0
5906,1591,32.84,Grocery,14,0,FR,mobile,53.3,3,0,0,0,1,0
5932,3171,89.89,Entertainment,7,2,US,mobile,216.6,3,0,0,0,0,0
5977,4726,302.39,Food Delivery,23,4,BR,desktop,95.0,1,0,0,1,0,0
6054,2067,91.09,Online,5,5,US,tablet,72.7,0,0,1,1,0,0
6080,3542,225.51,Online,6,5,AU,desktop,7.1,0,0,1,0,0,1
6161,1954,21.48,Travel,11,6,FR,desktop,23.6,1,0,1,0,0,1
6220,4750,16.93,Travel,16,3,US,mobile,50.2,4,0,0,0,0,0
6234,1637,63.55,Entertainment,1,5,US,tablet,419.6,0,0,1,1,0,0
6253,2101,51.58,Retail,2,6,JP,mobile,186.5,1,0,1,1,1,0
6281,1064,31.54,Online,1,1,FR,desktop,165.3,1,0,0,1,0,0
6310,1744,23.46,Travel,22,0,US,mobile,349.8,4,0,0,0,0,1
6396,1376,150.38,Food Delivery,10,5,GB,desktop,12.5,2,0,1,0,0,1
6428,3360,98.07,Grocery,13,4,DE,mobile,52.0,3,0,0,0,1,0
6430,1585,51.06,Entertainment,10,1,US,mobile,139.5,3,0,0,0,0,0
6532,1912,86.72,Online,2,0,FR,desktop,45.2,1,0,0,1,0,0
6534,1755,19.92,Entertainment,17,4,US,mobile,200.2,4,0,0,0,0,0
6586,3316,46.4,Food Delivery,7,5,CA,desktop,27.6,0,0,1,0,0,1
6605,2784,240.5,Travel,1,5,US,mobile,473.9,2,0,1,1,0,0
6668,1970,79.39,Travel,6,1,US,mobile,299.5,4,0,0,0,0,1
6683,3967,76.06,Travel,4,4,JP,desktop,387.3,2,0,0,1,0,0
6731,3757,21.26,Food Delivery,4,1,CA,desktop,38.7,0,0,0,1,0,0
6757,3104,135.04,Grocery,11,0,FR,mobile,160.8,3,0,0,0,1,0
6785,1962,576.57,Entertainment,23,2,CA,desktop,83.6,0,0,0,1,0,0
6789,1988,208.32,Food Delivery,20,3,US,mobile,729.8,3,0,0,0,0,0
6803,3110,69.96,Online,3,4,GB,desktop,377.2,0,0,0,1,0,0
6817,4501,34.36,Online,11,2,US,mobile,77.5,3,0,0,0,0,1
6850,1616,418.02,Food Delivery,0,5,US,tablet,425.3,0,0,1,1,0,0
6907,1120,36.64,Travel,17,0,US,mobile,79.0,3,0,0,0,0,1
6935,2557,281.08,Health,13,6,DE,desktop,75.5,1,1,1,0,1,1
6958,4728,141.2,Online,0,6,US,tablet,92.4,1,0,1,1,0,0
6984,1009,81.58,Health,7,3,DE,tablet,55.6,3,0,0,0,1,0
7081,2365,401.53,Travel,6,1,US,mobile,30.9,4,0,0,0,0,0
7100,4407,52.16,Travel,17,3,US,mobile,376.4,3,0,0,0,0,1
7151,3392,196.71,Online,13,2,US,mobile,229.2,3,0,0,0,0,0
7168,3889,98.98,Online,16,4,US,mobile,43.2,3,0,0,0,0,0
7242,3487,66.43,Entertainment,19,2,US,mobile,184.7,3,0,0,0,0,0
7247,1590,20.12,Travel,23,2,FR,desktop,55.2,1,0,0,1,0,1
7255,1829,235.62,Entertainment,23,6,US,mobile,53.8,0,0,1,1,0,0
7277,2051,52.22,Travel,5,3,FR,desktop,369.7,2,0,0,1,0,1
7300,4436,52.97,Online,14,0,US,mobile,38.0,5,0,0,0,0,1
7301,4050,230.38,Food Delivery,2,5,US,mobile,321.2,2,0,1,1,0,0
7333,2358,57.03,Online,21,0,US,mobile,61.6,3,0,0,0,0,0
7369,1362,401.85,Food Delivery,20,5,BR,desktop,4.6,0,0,1,0,0,1
7380,2525,75.31,Travel,1,5,US,mobile,105.7,1,0,1,1,0,0
7415,1963,84.54,Travel,3,4,AU,desktop,160.4,1,0,0,1,0,0
7428,4017,494.91,Food Delivery,4,4,CA,desktop,78.7,2,0,0,1,0,0
7438,4738,228.89,Travel,3,5,US,mobile,295.3,1,0,1,1,0,0
7464,4627,11.87,Food Delivery,4,0,BR,desktop,75.8,0,0,0,1,0,1
7481,3581,69.33,Travel,23,6,US,mobile,34.7,0,0,1,1,0,0
7580,3792,374.22,Online,2,3,GB,desktop,629.7,0,0,0,1,0,0
7632,2561,618.94,Food Delivery,16,0,US,mobile,72.3,3,0,0,0,0,0
7641,3531,10.84,Retail,2,5,US,desktop,75.3,3,0,1,1,1,0
7708,2563,12.85,Food Delivery,5,4,GB,desktop,176.8,0,0,0,1,0,0
7717,3688,88.8,Online,2,0,CA,desktop,69.1,1,0,0,1,0,0
7750,4996,71.17,Entertainment,0,5,US,mobile,186.0,2,0,1,1,0,0
7790,4698,571.75,Travel,16,1,US,tablet,203.2,4,0,0,0,0,0
7834,3074,137.08,Entertainment,3,6,US,tablet,64.4,0,0,1,1,0,0
7872,2054,119.22,Entertainment,4,1,GB,desktop,529.3,1,0,0,1,0,1
7891,1852,373.56,Travel,3,3,DE,desktop,353.4,1,0,0,1,0,0
7957,3748,234.76,Online,16,1,US,mobile,89.1,3,0,0,0,0,0
8035,4249,46.7,Retail,20,4,DE,mobile,73.5,3,0,0,0,1,0
8048,4609,277.08,Grocery,19,2,DE,tablet,472.4,4,0,0,0,1,0
8126,1646,132.67,Online,23,0,GB,desktop,149.6,1,0,0,1,0,1
8133,3627,177.06,Food Delivery,22,1,US,mobile,65.5,5,0,0,0,0,0
8171,4522,680.66,Food Delivery,0,6,US,tablet,275.3,2,0,1,1,0,0
8242,4804,42.85,Food Delivery,4,5,US,mobile,641.9,0,0,1,1,0,0
8257,3240,83.37,Travel,12,3,US,mobile,49.0,4,0,0,0,0,0
8278,3837,179.53,Travel,4,3,DE,desktop,364.1,0,0,0,1,0,0
8312,1025,56.75,Entertainment,19,3,US,tablet,441.6,5,0,0,0,0,0
8319,1922,572.73,Food Delivery,1,5,US,mobile,188.7,1,0,1,1,0,0
8367,2388,47.09,Travel,23,4,DE,desktop,35.5,1,0,0,1,0,0
8411,4662,92.36,Online,2,5,US,mobile,34.3,1,0,1,1,0,0
8465,2876,93.03,Online,1,5,US,tablet,56.5,1,0,1,1,0,0
8490,3872,45.33,Online,0,6,US,mobile,155.7,2,0,1,1,0,0
8498,1783,141.37,Travel,1,5,US,mobile,753.9,1,0,1,1,0,0
8536,4262,104.26,Food Delivery,8,3,US,mobile,83.6,3,0,0,0,0,0
8557,4586,175.9,Entertainment,11,4,US,mobile,101.7,3,0,0,0,0,1
8573,4616,25.26,Travel,14,6,GB,desktop,7.9,2,0,1,0,0,1
8583,2036,42.09,Entertainment,6,3,US,mobile,98.2,4,0,0,0,0,1
8591,2643,10.16,Travel,1,6,US,tablet,117.3,0,0,1,1,0,1
8608,2401,136.57,Retail,4,6,BR,mobile,162.9,1,0,1,1,1,0
8635,4254,712.49,Retail,4,5,FR,mobile,188.2,0,0,1,1,1,0
8677,4183,77.22,Travel,3,4,AU,desktop,43.7,1,0,0,1,0,0
8733,2544,162.75,Grocery,14,1,FR,mobile,30.0,3,0,0,0,1,1
8747,1334,57.29,Travel,6,1,US,mobile,58.7,5,0,0,0,0,0
8810,2873,50.26,Food Delivery,10,2,US,tablet,86.4,3,0,0,0,0,1
8812,3382,26.0,Entertainment,3,6,US,mobile,244.9,0,0,1,1,0,0
8817,2486,154.02,Food Delivery,5,4,DE,desktop,349.0,0,0,0,1,0,0
8840,3042,40.93,Food Delivery,1,5,US,mobile,136.9,1,0,1,1,0,0
8917,2233,33.94,Travel,5,6,US,mobile,158.8,0,0,1,1,0,1
8961,2793,343.26,Entertainment,23,2,CA,desktop,131.3,2,0,0,1,0,0
8968,1965,774.14,Grocery,19,2,US,tablet,18.9,1,1,0,0,1,0
9033,3584,46.16,Entertainment,23,2,DE,desktop,266.5,1,0,0,1,0,0
9079,1400,50.89,Travel,4,4,DE,desktop,438.5,2,0,0,1,0,1
9084,1118,51.07,Online,5,6,US,mobile,125.7,1,0,1,1,0,0
9098,3902,128.31,Travel,21,1,US,mobile,187.4,4,0,0,0,0,1
9113,4446,183.01,Online,2,5,US,mobile,106.5,1,0,1,1,0,1
9114,4079,222.76,Entertainment,15,1,US,tablet,180.2,4,0,0,0,0,0
9151,4368,80.84,Food Delivery,23,0,BR,desktop,261.9,2,0,0,1,0,1
9164,4162,172.08,Travel,0,5,US,mobile,460.5,1,0,1,1,0,1
9167,3979,124.16,Travel,1,1,JP,desktop,241.8,2,0,0,1,0,0
9191,1529,165.6,Travel,18,5,NG,desktop,18.0,0,0,1,0,0,1
9255,4479,200.35,Online,23,3,FR,desktop,213.0,0,0,0,1,0,0
9297,4003,37.67,Entertainment,1,5,US,mobile,53.2,0,0,1,1,0,0
9478,1524,294.41,Entertainment,3,0,GB,desktop,603.4,2,0,0,1,0,0
9484,1902,103.51,Online,23,6,US,tablet,316.5,2,0,1,1,0,1
9595,2786,302.82,Online,3,5,US,tablet,742.1,2,0,1,1,0,1
9598,4370,24.38,Travel,3,5,US,mobile,312.4,1,0,1,1,0,0
9600,4032,25.31,Utilities,14,3,FR,tablet,235.7,3,0,0,0,1,0
9626,3030,80.67,Travel,23,2,CA,desktop,52.4,2,0,0,1,0,0
9658,4147,27.49,Retail,8,3,DE,tablet,126.4,3,0,0,0,1,1
9659,4134,30.12,Travel,0,0,NG,desktop,114.6,0,0,0,1,0,1
9661,1739,18.24,Entertainment,2,3,DE,desktop,342.9,2,0,0,1,0,0
9674,1294,130.97,Food Delivery,17,3,US,mobile,68.5,3,0,0,0,0,0
9712,4798,38.09,Online,15,0,US,tablet,203.2,3,0,0,0,0,1
9724,4544,139.87,Online,23,6,US,mobile,266.6,2,0,1,1,0,1
9766,3410,333.68,Travel,9,6,FR,desktop,1.0,0,0,1,0,0,0
9824,2862,11.07,Food Delivery,9,0,US,tablet,51.1,4,0,0,0,0,0
9864,3519,26.18,Grocery,0,5,AU,mobile,51.4,2,0,1,1,1,1
9875,4509,95.14,Entertainment,2,3,FR,desktop,87.8,0,0,0,1,0,0
9892,4202,81.51,Travel,22,3,US,tablet,86.3,3,0,0,0,0,1
9896,4132,534.82,Food Delivery,0,2,GB,desktop,294.4,1,0,0,1,0,0
9931,2371,102.51,Entertainment,7,6,DE,desktop,1.0,2,0,1,0,0,0
9957,4071,531.31,Retail,21,3,GB,mobile,445.9,5,0,0,0,1,1
9974,3532,63.0,Entertainment,18,0,US,tablet,87.9,3,0,0,0,0,0
10037,2960,141.12,Online,0,5,US,mobile,601.1,2,0,1,1,0,0
10041,3383,87.42,Travel,16,6,DE,desktop,9.6,2,0,1,0,0,0
10044,4359,87.24,Entertainment,18,1,US,mobile,116.2,3,0,0,0,0,0
10048,3518,313.15,Food Delivery,3,1,CA,desktop,339.4,2,0,0,1,0,0
10060,1102,94.2,Online,5,2,GB,desktop,38.9,0,0,0,1,0,0
10072,1792,67.14,Travel,1,6,US,tablet,80.6,0,0,1,1,0,0
10094,1918,39.45,Food Delivery,20,2,US,tablet,68.1,5,0,0,0,0,0
10100,4920,390.37,Food Delivery,4,0,FR,desktop,41.2,1,0,0,1,0,1
10105,2955,148.71,Food Delivery,16,6,JP,desktop,10.1,1,0,1,0,0,1
10119,3032,40.93,Travel,4,0,FR,desktop,51.7,0,0,0,1,0,0
10171,1323,905.65,Entertainment,15,2,US,desktop,81.8,1,0,0,0,0,0
10229,1332,170.94,Travel,0,5,US,mobile,140.2,2,0,1,1,0,1
10257,4122,40.68,Travel,7,2,US,mobile,267.3,3,0,0,0,0,0
10269,2439,277.81,Entertainment,22,5,FR,desktop,18.4,0,0,1,0,0,1
10339,4526,51.1,Food Delivery,6,1,US,mobile,42.5,3,0,0,0,0,1
10400,3171,24.92,Online,10,6,FR,desktop,25.5,1,0,1,0,0,0
10493,1175,62.46,Entertainment,7,0,US,mobile,92.5,3,0,0,0,0,0
10511,3348,123.53,Travel,15,3,US,tablet,71.8,3,0,0,0,0,0
10608,2341,104.47,Online,21,3,US,mobile,152.9,3,0,0,0,0,0
10616,2178,331.13,Grocery,6,2,AU,mobile,143.9,3,0,0,0,1,0
10622,2701,637.13,Retail,2,6,US,desktop,80.2,3,0,1,1,1,0
10623,4979,188.27,Online,3,5,US,mobile,140.9,2,0,1,1,0,1
10690,2192,84.0,Food Delivery,7,1,US,mobile,66.9,3,0,0,0,0,0
10692,1277,57.25,Food Delivery,0,6,US,mobile,177.1,2,0,1,1,0,1
10709,4117,270.07,Food Delivery,4,6,US,mobile,197.5,1,0,1,1,0,0
10711,2182,171.85,Food Delivery,14,1,US,tablet,71.7,3,0,0,0,0,0
10718,2454,337.38,Travel,1,5,US,tablet,76.6,0,0,1,1,0,0
10724,1309,103.59,Entertainment,1,4,JP,desktop,142.7,0,0,0,1,0,1
10761,1807,68.61,Food Delivery,4,5,US,mobile,189.5,2,0,1,1,0,1
10767,4813,35.73,Online,21,5,FR,desktop,8.4,1,0,1,0,0,1
10818,1906,59.15,Food Delivery,23,6,US,mobile,242.0,1,0,1,1,0,1
10829,3802,362.8,Travel,20,5,CA,desktop,6.7,1,0,1,0,0,1
10863,1045,435.39,Entertainment,12,3,US,mobile,239.0,3,0,0,0,0,1
10867,2267,149.07,Online,1,5,US,mobile,136.6,1,0,1,1,0,1
10891,2903,154.73,Entertainment,21,2,US,mobile,70.2,4,0,0,0,0,0
10895,2611,29.03,Travel,20,5,JP,desktop,16.7,2,0,1,0,0,1
10927,4006,135.31,Food Delivery,5,6,US,mobile,108.2,0,0,1,1,0,0
11034,1704,82.99,Food Delivery,9,4,US,mobile,199.1,4,0,0,0,0,0
11102,2151,261.79,Food Delivery,16,1,US,mobile,668.1,4,0,0,0,0,1
11161,2872,44.09,Travel,3,6,US,mobile,56.7,2,0,1,1,0,1
11234,2761,145.4,Food Delivery,15,6,AU,desktop,25.4,0,0,1,0,0,1
11255,3471,204.24,Retail,12,3,DE,mobile,67.1,3,0,0,0,1,0
11257,1325,347.45,Food Delivery,23,5,US,mobile,43.2,0,0,1,1,0,0
11267,1602,63.58,Travel,19,5,FR,desktop,9.5,2,0,1,0,0,0
11271,2675,134.42,Grocery,18,3,CA,mobile,163.3,3,0,0,0,1,1
11272,3674,106.21,Retail,16,1,JP,tablet,116.8,3,0,0,0,1,0
11294,3321,264.83,Online,5,6,US,mobile,94.4,1,0,1,1,0,1
11402,4294,152.54,Online,6,4,US,mobile,113.2,3,0,0,0,0,1
11465,1545,26.09,Retail,16,1,FR,mobile,608.0,4,0,0,0,1,0
11470,1623,38.52,Grocery,3,6,CA,mobile,75.0,1,0,1,1,1,0
11473,4633,155.13,Travel,1,5,US,mobile,114.5,1,0,1,1,0,0
11477,1259,90.61,Travel,5,1,CA,desktop,179.6,2,0,0,1,0,0
11521,3725,666.83,Online,17,1,US,mobile,104.8,3,0,0,0,0,0
11558,3895,14.45,Online,4,6,US,mobile,122.0,2,0,1,1,0,1
11575,4885,374.28,Health,18,2,DE,tablet,134.7,3,0,0,0,1,0
11582,4279,44.23,Grocery,18,1,NG,mobile,353.8,3,0,0,0,1,0
11600,2584,110.81,Online,4,1,NG,desktop,31.9,0,0,0,1,0,0
11689,1601,33.13,Travel,1,1,BR,desktop,98.6,1,0,0,1,0,1
11696,1877,22.58,Travel,4,0,GB,desktop,208.5,2,0,0,1,0,0
11736,3862,60.76,Travel,2,4,CA,desktop,91.9,2,0,0,1,0,0
11827,3208,50.18,Food Delivery,0,1,GB,desktop,53.2,1,0,0,1,0,0
11828,2090,240.21,Food Delivery,2,0,FR,desktop,103.5,1,0,0,1,0,0
11864,1991,179.29,Online,14,2,US,mobile,266.8,3,0,0,0,0,0
11901,4633,32.48,Travel,2,4,BR,desktop,77.6,1,0,0,1,0,1
11921,4440,51.88,Travel,14,4,US,tablet,143.9,3,0,0,0,0,0
11959,1053,53.21,Food Delivery,23,1,AU,desktop,122.6,1,0,0,1,0,0
11972,2464,638.02,Food Delivery,0,4,CA,desktop,919.3,1,0,0,1,0,0
11979,4814,26.72,Food Delivery,3,5,US,tablet,43.1,0,0,1,1,0,0
12168,1333,288.58,Travel,2,5,US,mobile,113.4,2,0,1,1,0,0
12189,1704,154.67,Online,14,4,US,mobile,54.3,5,0,0,0,0,0
12254,1979,130.81,Online,4,4,NG,desktop,173.8,0,0,0,1,0,1
12336,2840,512.33,Travel,13,4,US,mobile,31.8,4,0,0,0,0,0
12354,3827,32.53,Travel,2,3,CA,desktop,368.9,2,0,0,1,0,1
12359,4972,284.36,Online,5,4,CA,desktop,90.3,1,0,0,1,0,0
12390,1176,287.02,Online,1,3,CA,desktop,190.6,0,0,0,1,0,1
12402,3023,577.04,Food Delivery,11,0,US,tablet,464.6,3,0,0,0,0,0
12519,3853,9.19,Grocery,10,3,AU,mobile,133.8,3,0,0,0,1,1
12525,3633,21.02,Utilities,19,4,CA,mobile,496.9,3,0,0,0,1,0
12527,2801,48.55,Travel,1,0,CA,desktop,393.5,1,0,0,1,0,0
12558,3999,42.89,Entertainment,3,4,CA,desktop,294.3,1,0,0,1,0,1
12596,3577,137.17,Online,11,6,JP,desktop,4.0,1,0,1,0,0,1
12623,2295,309.03,Travel,23,6,US,mobile,267.2,2,0,1,1,0,1
12625,1165,164.32,Grocery,3,5,CA,tablet,54.9,1,0,1,1,1,0
12639,3567,61.85,Travel,6,0,US,mobile,411.3,3,0,0,0,0,1
12677,2840,131.84,Travel,4,5,US,tablet,35.3,2,0,1,1,0,0
12683,4982,74.06,Travel,23,5,US,tablet,227.7,1,0,1,1,0,0
12717,1410,45.05,Online,4,1,CA,desktop,447.7,0,0,0,1,0,0
12721,3264,111.21,Food Delivery,0,1,GB,desktop,176.1,0,0,0,1,0,1
12729,4778,78.12,Travel,12,2,US,mobile,64.2,3,0,0,0,0,0
12764,4487,841.75,Online,5,5,US,mobile,1027.2,0,0,1,1,0,0
12814,4848,196.74,Online,15,4,US,tablet,142.6,3,0,0,0,0,1
12835,2274,37.45,Entertainment,0,1,NG,desktop,314.6,2,0,0,1,0,1
12964,2860,44.67,Online,18,2,US,mobile,43.5,3,0,0,0,0,1
12988,1641,65.2,Food Delivery,13,1,US,mobile,48.6,4,0,0,0,0,1
12999,1935,10.48,Travel,5,0,AU,desktop,295.5,1,0,0,1,0,0
13024,1593,294.58,Food Delivery,23,4,CA,desktop,35.1,1,0,0,1,0,0
13113,2746,132.55,Online,18,5,CA,desktop,5.1,0,0,1,0,0,0
13126,1472,51.47,Food Delivery,3,2,DE,desktop,108.0,0,0,0,1,0,0
13134,3301,62.79,Travel,13,3,US,mobile,260.3,3,0,0,0,0,0
13204,1457,68.93,Entertainment,11,1,US,tablet,597.6,3,0,0,0,0,0
13211,1314,119.81,Entertainment,12,4,US,tablet,154.1,3,0,0,0,0,1
13241,3330,145.85,Travel,4,4,DE,desktop,336.3,2,0,0,1,0,0
13275,4705,269.09,Travel,23,3,DE,desktop,179.0,1,0,0,1,0,0
13276,3809,69.21,Food Delivery,5,5,US,mobile,98.7,0,0,1,1,0,0
13377,2414,150.43,Travel,3,6,US,mobile,274.1,0,0,1,1,0,0
13415,2736,349.97,Food Delivery,13,0,US,mobile,92.8,3,0,0,0,0,0
13467,1843,184.26,Online,11,5,AU,desktop,17.4,0,0,1,0,0,0
13631,2591,34.52,Entertainment,16,1,US,tablet,287.4,3,0,0,0,0,0
13662,2975,88.73,Food Delivery,11,0,US,tablet,37.1,4,0,0,0,0,0
13720,1449,90.61,Travel,2,6,US,mobile,170.9,1,0,1,1,0,0
13731,2216,82.14,Online,20,3,US,mobile,34.6,3,0,0,0,0,0
13754,1104,43.72,Travel,2,6,US,mobile,181.0,1,0,1,1,0,0
13792,1495,300.31,Online,4,6,US,mobile,30.4,0,0,1,1,0,0
13823,1946,12.08,Online,3,4,GB,desktop,159.6,0,0,0,1,0,0
13842,4004,86.81,Online,23,5,US,mobile,290.6,1,0,1,1,0,0
13904,4868,25.98,Travel,6,0,US,mobile,328.2,5,0,0,0,0,1
13908,3527,201.56,Entertainment,3,3,JP,desktop,103.7,0,0,0,1,0,0
14063,3409,93.42,Food Delivery,3,0,AU,desktop,41.2,0,0,0,1,0,0
14129,2533,31.36,Food Delivery,14,2,US,mobile,187.2,3,0,0,0,0,1
14145,3448,164.97,Travel,7,1,US,tablet,88.5,3,0,0,0,0,0
14169,4753,26.45,Grocery,11,2,US,mobile,24.6,2,1,0,0,1,1
14269,1102,249.93,Online,4,3,GB,desktop,294.6,2,0,0,1,0,0
14271,2849,159.38,Utilities,9,4,AU,mobile,33.3,3,0,0,0,1,1
14283,2346,59.99,Travel,19,6,CA,desktop,8.3,1,0,1,0,0,1
14311,1571,48.13,Online,14,4,US,mobile,255.4,4,0,0,0,0,0
14358,4689,109.47,Food Delivery,23,0,NG,desktop,188.2,2,0,0,1,0,1
14465,4075,270.15,Online,7,3,US,mobile,44.0,5,0,0,0,0,0
14467,3582,873.04,Entertainment,1,1,DE,desktop,134.9,1,0,0,1,0,0
14493,1569,35.66,Online,13,2,US,mobile,34.8,3,0,0,0,0,0
14513,2263,39.76,Travel,3,1,CA,desktop,170.8,0,0,0,1,0,0
14514,2793,286.98,Travel,2,0,AU,desktop,66.2,1,0,0,1,0,0
14519,2409,263.19,Travel,23,5,US,tablet,157.9,0,0,1,1,0,0
14571,1709,100.57,Food Delivery,5,0,BR,desktop,118.4,2,0,0,1,0,1
14604,3638,38.95,Entertainment,23,3,CA,desktop,372.2,1,0,0,1,0,0
14609,2363,12.95,Food Delivery,11,4,US,mobile,75.2,3,0,0,0,0,1
14616,4148,52.3,Travel,23,1,CA,desktop,39.1,1,0,0,1,0,0
14636,4883,72.87,Entertainment,23,6,US,mobile,294.0,1,0,1,1,0,0
14654,4872,25.05,Food Delivery,0,0,CA,desktop,80.5,1,0,0,1,0,1
14665,2728,49.2,Travel,1,5,US,mobile,106.9,2,0,1,1,0,0
14670,2556,32.68,Travel,7,4,US,mobile,185.8,3,0,0,0,0,0
14693,1071,162.84,Online,4,4,CA,desktop,158.6,1,0,0,1,0,0
14709,1467,219.2,Online,20,3,US,tablet,32.6,3,0,0,0,0,0
14714,3833,89.01,Online,23,6,US,mobile,62.7,1,0,1,1,0,0
14729,2683,149.26,Travel,18,5,CA,desktop,28.5,2,0,1,0,0,1
14783,1800,162.04,Entertainment,22,3,US,mobile,33.1,3,0,0,0,0,0
14842,1422,150.99,Travel,5,5,US,mobile,415.5,0,0,1,1,0,0
14869,4519,37.95,Travel,2,4,GB,desktop,59.5,2,0,0,1,0,1
14877,1390,152.61,Entertainment,4,5,US,tablet,298.4,2,0,1,1,0,0
14878,1894,152.0,Entertainment,3,6,US,mobile,291.7,1,0,1,1,0,0
14892,3615,32.93,Online,9,5,CA,desktop,29.8,2,0,1,0,0,1
14918,1454,45.26,Travel,16,1,US,mobile,237.5,3,0,0,0,0,0
14970,2174,313.11,Online,0,3,BR,desktop,37.4,1,0,0,1,0,1
14995,3890,165.24,Travel,5,6,US,mobile,38.1,0,0,1,1,0,0
15004,3929,56.78,Online,4,1,AU,desktop,50.4,0,0,0,1,0,0
15018,3486,198.5,Travel,7,3,US,tablet,339.3,3,0,0,0,0,0
15041,4540,457.13,Online,13,2,US,mobile,61.5,4,0,0,0,0,0
15049,2169,41.16,Food Delivery,6,4,US,tablet,472.2,3,0,0,0,0,0
15090,3203,132.89,Entertainment,0,1,JP,desktop,219.4,1,0,0,1,0,1
15097,2134,15.8,Travel,12,1,US,tablet,894.0,3,0,0,0,0,1
15104,3685,380.44,Entertainment,2,6,US,tablet,69.6,1,0,1,1,0,0
15120,4573,141.13,Online,10,6,DE,desktop,24.6,2,0,1,0,0,0
15124,2172,33.31,Online,23,0,GB,desktop,975.7,1,0,0,1,0,0
15169,2639,24.12,Online,3,5,US,mobile,80.2,0,0,1,1,0,1
15183,3493,37.41,Food Delivery,1,3,DE,desktop,360.9,1,0,0,1,0,0
15270,1465,57.57,Entertainment,5,5,US,tablet,117.5,1,0,1,1,0,0
15281,1355,39.83,Travel,11,4,US,tablet,174.3,3,0,0,0,0,0
15391,2198,49.41,Online,5,6,US,mobile,186.6,2,0,1,1,0,0
15419,2356,35.59,Travel,1,6,US,mobile,649.9,0,0,1,1,0,0
15423,2482,28.73,Food Delivery,3,4,BR,desktop,548.6,1,0,0,1,0,1
15467,3480,107.94,Grocery,22,2,FR,mobile,65.4,4,0,0,0,1,0
15469,1282,43.96,Travel,2,6,US,mobile,67.8,0,0,1,1,0,1
15521,4357,301.63,Travel,3,2,CA,desktop,607.9,2,0,0,1,0,0
15557,3653,397.9,Travel,19,4,US,tablet,285.3,5,0,0,0,0,1
15562,4053,113.3,Food Delivery,18,1,US,tablet,330.8,3,0,0,0,0,1
15572,4860,44.14,Food Delivery,3,5,US,mobile,333.1,2,0,1,1,0,0
15629,4228,135.62,Travel,23,3,DE,desktop,138.2,0,0,0,1,0,0
15655,2760,201.95,Entertainment,3,5,US,mobile,438.1,0,0,1,1,0,0
15661,1634,13.03,Travel,5,6,US,mobile,126.1,2,0,1,1,0,0
15701,2025,12.91,Entertainment,5,3,AU,desktop,106.2,0,0,0,1,0,1
15731,3996,307.74,Entertainment,5,4,CA,desktop,96.1,0,0,0,1,0,1
15763,2819,249.25,Food Delivery,21,6,FR,desktop,14.1,1,0,1,0,0,1
15805,4185,60.23,Entertainment,18,3,US,mobile,63.9,3,0,0,0,0,0
15853,2140,172.19,Online,1,6,US,tablet,282.8,1,0,1,1,0,0
15893,3949,47.75,Entertainment,3,5,US,mobile,201.6,1,0,1,1,0,1
15984,4776,83.93,Travel,4,2,CA,desktop,53.5,2,0,0,1,0,0
16134,1509,15.55,Food Delivery,18,5,CA,desktop,10.5,1,0,1,0,0,0
16175,1847,11.56,Entertainment,5,5,US,mobile,37.3,1,0,1,1,0,1
16190,1178,271.57,Entertainment,4,5,US,mobile,94.9,1,0,1,1,0,0
16211,2996,46.13,Retail,2,5,GB,mobile,69.7,1,0,1,1,1,0
16251,1163,20.37,Retail,15,3,JP,mobile,51.6,5,0,0,0,1,1
16299,4583,45.88,Online,21,2,US,mobile,193.8,3,0,0,0,0,1
16448,4683,26.5,Grocery,3,5,FR,mobile,110.1,0,0,1,1,1,0
16477,3291,706.32,Travel,3,6,US,tablet,172.3,0,0,1,1,0,1
16485,1708,129.81,Food Delivery,9,5,BR,desktop,27.5,2,0,1,0,0,1
16511,4010,123.01,Entertainment,15,4,US,mobile,256.6,4,0,0,0,0,0
16578,2397,16.85,Entertainment,1,6,US,mobile,262.2,0,0,1,1,0,1
16590,3752,116.26,Travel,5,6,US,mobile,1843.0,0,0,1,1,0,0
16601,4975,56.45,Food Delivery,23,4,DE,desktop,40.6,1,0,0,1,0,1
16606,1876,27.0,Grocery,14,3,DE,mobile,296.4,3,0,0,0,1,0
16651,4027,37.08,Travel,10,0,US,mobile,40.3,3,0,0,0,0,0
16654,3797,322.87,Online,16,2,US,mobile,103.9,4,0,0,0,0,1
16734,1478,10.82,Travel,16,0,US,mobile,124.7,3,0,0,0,0,1
16755,1769,101.16,Grocery,22,2,FR,mobile,1130.0,3,0,0,0,1,1
16758,2636,556.58,Food Delivery,18,2,US,mobile,100.0,3,0,0,0,0,0
16776,3330,827.43,Online,13,0,US,mobile,460.6,3,0,0,0,0,0
16807,3080,111.05,Food Delivery,5,5,US,mobile,290.0,1,0,1,1,0,1
16814,1755,281.52,Entertainment,22,0,US,mobile,54.2,3,0,0,0,0,0
16926,3633,96.32,Travel,2,4,NG,desktop,267.7,1,0,0,1,0,0
16940,2443,175.05,Retail,15,1,DE,mobile,261.1,4,0,0,0,1,0
16950,2132,40.95,Travel,2,2,GB,desktop,373.8,0,0,0,1,0,1
16985,4590,20.51,Online,0,3,AU,desktop,130.3,1,0,0,1,0,0
16998,3226,349.74,Grocery,20,2,US,tablet,25.1,0,1,0,0,1,1
17015,3404,43.17,Travel,4,1,AU,desktop,44.7,2,0,0,1,0,1
17020,4440,43.01,Utilities,2,6,GB,mobile,313.4,0,0,1,1,1,0
17087,4883,89.48,Travel,23,6,US,mobile,63.9,1,0,1,1,0,0
17125,4818,142.06,Food Delivery,6,2,US,mobile,947.2,3,0,0,0,0,0
17139,1787,110.52,Grocery,0,6,GB,mobile,61.3,0,0,1,1,1,0
17181,1091,209.93,Online,4,6,US,tablet,155.4,1,0,1,1,0,0
17252,1197,26.87,Online,9,3,US,mobile,46.9,5,0,0,0,0,0
17300,3579,57.54,Online,16,4,US,mobile,275.3,4,0,0,0,0,0
17407,3796,77.05,Food Delivery,21,4,US,mobile,134.8,3,0,0,0,0,1
17458,1503,48.68,Online,21,5,CA,desktop,29.6,2,0,1,0,0,0
17479,4140,220.02,Travel,2,5,US,mobile,238.6,2,0,1,1,0,0
17511,4513,33.55,Food Delivery,14,4,US,mobile,159.0,6,0,0,0,0,1
17520,1772,124.29,Travel,17,1,US,mobile,141.4,3,0,0,0,0,1
17524,1406,45.93,Online,17,6,FR,desktop,3.0,0,0,1,0,0,0
17552,1718,12.36,Travel,14,2,US,mobile,185.2,4,0,0,0,0,1
17572,1924,37.09,Travel,23,0,AU,desktop,171.9,0,0,0,1,0,0
17579,4448,424.56,Entertainment,3,6,US,mobile,248.6,1,0,1,1,0,1
17610,4127,51.34,Travel,2,5,US,mobile,145.7,1,0,1,1,0,1
17614,1094,89.05,Online,23,1,FR,desktop,30.1,0,0,0,1,0,0
17633,3089,90.58,Travel,15,2,US,mobile,323.4,3,0,0,0,0,0
17783,1324,73.17,Online,0,2,GB,desktop,72.3,2,0,0,1,0,0
17798,2277,39.17,Entertainment,2,4,AU,desktop,100.0,0,0,0,1,0,0
17809,2345,82.24,Entertainment,5,5,US,mobile,97.4,1,0,1,1,0,0
17842,2641,68.67,Travel,5,6,US,mobile,92.2,2,0,1,1,0,0
17854,3994,10.34,Travel,2,2,GB,desktop,73.7,1,0,0,1,0,0
17899,2754,44.82,Online,23,1,CA,desktop,83.1,0,0,0,1,0,0
17901,1921,126.21,Food Delivery,16,2,US,tablet,460.5,3,0,0,0,0,0
18037,3492,25.19,Online,20,4,US,mobile,361.0,4,0,0,0,0,0
18064,4670,73.05,Travel,3,1,JP,desktop,89.0,1,0,0,1,0,0
18109,2102,100.56,Online,0,1,NG,desktop,82.8,1,0,0,1,0,0
18141,3593,195.01,Online,9,2,US,mobile,275.3,4,0,0,0,0,0
18174,2065,76.71,Food Delivery,3,6,US,mobile,219.0,2,0,1,1,0,0
18184,3166,25.92,Online,8,0,US,mobile,118.7,3,0,0,0,0,1
18202,2256,86.2,Online,1,2,GB,desktop,94.8,1,0,0,1,0,0
18207,2018,72.31,Online,3,6,US,tablet,119.4,1,0,1,1,0,0
18224,2459,32.05,Online,0,4,BR,desktop,47.7,2,0,0,1,0,0
18228,2898,135.71,Food Delivery,2,0,BR,desktop,143.7,0,0,0,1,0,0
18246,4488,212.4,Travel,17,3,US,tablet,118.3,3,0,0,0,0,0
18249,1574,166.25,Online,5,6,US,mobile,63.3,0,0,1,1,0,1
18257,2577,81.09,Grocery,11,4,CA,mobile,65.4,3,0,0,0,1,1
18261,1140,106.6,Retail,8,2,DE,mobile,263.3,3,0,0,0,1,1
18273,1438,26.63,Grocery,11,1,NG,mobile,85.2,3,0,0,0,1,0
18289,3180,37.99,Entertainment,1,3,NG,desktop,283.8,0,0,0,1,0,0
18390,2946,192.88,Utilities,23,6,BR,tablet,32.5,1,0,1,1,1,0
18410,1116,198.17,Travel,20,1,US,mobile,109.4,3,0,0,0,0,0
18425,3807,289.14,Travel,2,6,US,mobile,343.4,1,0,1,1,0,0
18535,3936,44.97,Entertainment,5,6,US,mobile,126.4,1,0,1,1,0,0
18577,4841,79.34,Entertainment,0,2,CA,desktop,232.7,1,0,0,1,0,1
18608,3279,40.66,Entertainment,2,5,US,mobile,171.8,2,0,1,1,0,0
18752,1869,53.26,Travel,8,4,US,tablet,40.6,3,0,0,0,0,0
18787,1500,167.37,Travel,19,1,US,mobile,126.7,4,0,0,0,0,1
18856,2762,22.76,Food Delivery,3,5,US,mobile,111.2,0,0,1,1,0,0
18866,3343,149.76,Food Delivery,2,6,US,mobile,133.8,1,0,1,1,0,1
18872,3222,42.68,Food Delivery,4,5,US,mobile,481.0,0,0,1,1,0,0
18911,1266,45.04,Entertainment,0,1,CA,desktop,361.3,2,0,0,1,0,1
18933,4980,26.19,Online,2,5,US,tablet,310.8,2,0,1,1,0,0
18992,1643,31.56,Grocery,10,5,AU,desktop,319.5,2,1,1,0,1,1
19003,3909,29.71,Grocery,3,5,FR,mobile,115.5,1,0,1,1,1,0
19007,1869,67.58,Travel,4,6,US,mobile,121.0,0,0,1,1,0,0
19023,1953,57.7,Online,13,0,US,mobile,81.1,3,0,0,0,0,0
19039,4678,61.44,Retail,15,0,GB,tablet,157.0,3,0,0,0,1,0
19129,4283,94.28,Food Delivery,11,6,GB,desktop,6.7,2,0,1,0,0,0
19172,4416,289.48,Entertainment,3,3,AU,desktop,52.7,1,0,0,1,0,0
19176,3112,233.9,Online,3,2,CA,desktop,490.3,2,0,0,1,0,0
19180,1547,39.77,Travel,0,4,GB,desktop,430.8,1,0,0,1,0,0
19191,1839,380.1,Online,23,5,US,tablet,76.5,0,0,1,1,0,0
19206,3761,308.36,Online,18,2,US,tablet,479.9,3,0,0,0,0,1
19209,4313,363.01,Entertainment,12,2,US,mobile,339.1,3,0,0,0,0,0
19220,2465,28.76,Food Delivery,22,2,US,mobile,41.7,3,0,0,0,0,0
19279,4167,198.97,Retail,4,5,CA,mobile,177.3,1,0,1,1,1,1
19368,2159,99.91,Food Delivery,7,0,US,mobile,499.3,3,0,0,0,0,0
19443,4391,179.81,Grocery,6,2,JP,mobile,237.4,3,0,0,0,1,0
19458,3428,83.12,Food Delivery,12,1,US,mobile,135.3,3,0,0,0,0,0
19471,3547,69.63,Food Delivery,11,4,US,mobile,154.5,3,0,0,0,0,0
19483,2836,54.28,Retail,0,6,DE,mobile,271.0,0,0,1,1,1,0
19488,3573,32.59,Travel,8,2,US,mobile,371.1,3,0,0,0,0,0
19495,4935,322.71,Travel,0,2,JP,desktop,34.2,1,0,0,1,0,0
19499,3474,29.18,Online,15,5,DE,desktop,9.7,0,0,1,0,0,0
19526,3946,181.39,Travel,0,6,US,mobile,102.1,0,0,1,1,0,0
19550,4110,80.11,Travel,1,1,DE,desktop,129.6,1,0,0,1,0,1
19556,3629,51.77,Food Delivery,2,5,US,mobile,193.4,0,0,1,1,0,1
19571,1206,38.63,Food Delivery,20,4,US,tablet,43.9,3,0,0,0,0,1
19589,3185,140.23,Online,2,5,US,mobile,156.8,1,0,1,1,0,1
19596,2146,5.89,Travel,0,5,US,mobile,239.9,2,0,1,1,0,0
19635,4123,59.77,Grocery,3,6,US,desktop,86.6,4,0,1,1,1,0
19652,1185,161.7,Travel,4,3,CA,desktop,124.0,2,0,0,1,0,0
19678,4402,314.34,Travel,19,5,FR,desktop,6.2,2,0,1,0,0,1
19686,1738,239.75,Online,3,6,US,mobile,561.2,0,0,1,1,0,0
19692,3212,129.96,Online,3,6,US,mobile,42.2,2,0,1,1,0,0
19725,2174,34.23,Travel,4,0,GB,desktop,98.6,0,0,0,1,0,0
19734,1002,21.08,Entertainment,16,6,CA,desktop,14.2,2,0,1,0,0,1
19745,2439,153.89,Grocery,19,1,US,mobile,12.1,0,1,0,0,1,1
19758,1701,47.89,Travel,4,6,US,mobile,234.3,1,0,1,1,0,1
19788,4590,49.77,Online,8,2,US,mobile,107.5,4,0,0,0,0,1
19939,1766,213.68,Food Delivery,5,0,GB,desktop,102.1,2,0,0,1,0,1
53,2455,24.01,Entertainment,12,6,US,tablet,26.1,0,0,1,0,1,0
550,3722,175.87,Food Delivery,20,5,US,mobile,26.6,2,0,1,0,1,0
1821,2250,5717.24,Retail,23,6,US,desktop,49.4,1,0,1,1,0,0
3152,1900,46.67,Online,16,2,US,desktop,46.3,1,1,0,0,1,0
3550,3553,24.62,Retail,17,6,US,desktop,136.5,3,1,1,0,0,0
3770,2334,58.88,Travel,9,5,US,tablet,23.0,0,0,1,0,1,0
5620,1663,90.79,Grocery,9,6,US,desktop,65.8,3,1,1,0,0,1
6240,2091,120.75,Travel,7,3,US,desktop,47.9,2,1,0,0,1,0
6912,4129,125.73,Entertainment,14,0,US,desktop,48.1,2,1,0,0,1,0
7071,2192,20.1,Entertainment,13,5,US,mobile,24.0,2,0,1,0,1,1
7308,1812,586.18,Entertainment,14,5,US,tablet,28.0,2,0,1,0,1,0
7577,4705,78.51,Travel,14,5,US,tablet,9.8,0,0,1,0,1,0
7594,3595,72.19,Retail,8,5,US,desktop,318.3,4,1,1,0,0,0
7894,1839,353.76,Online,12,0,US,desktop,218.2,2,1,0,0,1,0
9623,1823,26.65,Online,21,6,US,tablet,22.0,1,0,1,0,1,0
9748,3337,43.84,Grocery,12,5,US,desktop,176.1,4,1,1,0,0,1
11147,2386,29.31,Entertainment,7,5,US,mobile,15.5,2,0,1,0,1,1
11678,2893,25.86,Online,12,0,US,desktop,151.6,2,1,0,0,1,0
13189,4947,766.94,Travel,10,6,US,mobile,19.0,0,0,1,0,1,0
14344,3181,32.64,Travel,19,5,US,tablet,1.0,2,0,1,0,1,0
14477,4292,117.65,Entertainment,17,5,US,tablet,29.3,1,0,1,0,1,0
14718,2104,140.74,Online,9,6,US,tablet,17.5,2,0,1,0,1,1
15037,4643,309.01,Utilities,13,6,US,desktop,184.3,4,1,1,0,0,1
15453,4606,75.15,Online,7,3,US,desktop,85.7,2,1,0,0,1,0
16169,4094,25.88,Food Delivery,6,5,US,mobile,8.3,0,0,1,0,1,1
16827,3543,29.45,Travel,22,3,US,desktop,239.2,1,1,0,0,1,0
16905,4870,46.7,Food Delivery,16,1,US,desktop,124.8,1,1,0,0,1,0
19058,4263,241.64,Health,19,5,US,desktop,71.7,4,1,1,0,0,0
19163,1889,90.93,Entertainment,10,1,US,desktop,169.2,1,1,0,0,1,0
19530,2810,64.08,Entertainment,16,2,US,desktop,483.2,0,1,0,0,1,0
19721,1427,81.78,Grocery,22,6,US,desktop,60.2,4,1,1,0,0,0
19808,3005,346.67,Entertainment,20,3,US,desktop,487.9,1,1,0,0,1,0
177,3868,81.73,Utilities,21,5,BR,mobile,135.6,2,1,1,0,0,0
453,2996,90.69,Travel,18,3,FR,desktop,19.3,2,0,0,0,1,0
605,4304,48.89,Utilities,22,5,AU,mobile,915.7,2,1,1,0,0,1
642,4665,52.69,Retail,23,6,US,tablet,432.4,3,0,1,1,0,1
754,4744,130.39,Health,0,5,US,mobile,72.8,4,0,1,1,0,0
812,4516,160.92,Travel,9,3,AU,desktop,18.9,1,0,0,0,1,1
855,2151,229.14,Online,23,1,US,tablet,148.1,1,0,0,1,1,1
859,3676,77.29,Grocery,6,5,GB,tablet,515.2,0,1,1,0,0,0
956,3443,39.99,Grocery,23,4,FR,desktop,37.7,5,0,0,1,0,1
974,2896,115.9,Grocery,5,1,FR,desktop,74.6,3,0,0,1,0,1
1162,2995,134.27,Grocery,13,6,CA,mobile,395.1,0,1,1,0,0,0
1189,3266,94.61,Grocery,7,6,CA,mobile,98.1,1,1,1,0,0,0
1192,2112,6.49,Grocery,4,6,US,mobile,127.6,6,0,1,1,0,1
1647,2374,244.67,Grocery,3,2,AU,desktop,210.8,4,0,0,1,0,0
1717,3583,22.76,Grocery,23,1,AU,desktop,152.8,3,0,0,1,0,0
1745,1841,108.71,Retail,10,5,DE,mobile,283.5,1,1,1,0,0,0
1849,3083,120.96,Grocery,4,6,US,mobile,210.6,3,0,1,1,0,0
1888,2654,93.94,Grocery,3,3,GB,desktop,37.8,3,0,0,1,0,0
2045,2111,1524.19,Retail,13,0,CA,mobile,245.6,1,0,0,0,0,1
2093,4220,133.2,Travel,5,0,US,mobile,128.7,0,0,0,1,1,0
2463,2896,242.85,Online,21,2,DE,desktop,21.8,1,0,0,0,1,0
2507,2839,111.22,Health,22,6,FR,mobile,88.2,1,1,1,0,0,1
2534,1681,58.53,Retail,0,5,US,mobile,170.5,4,0,1,1,0,1
2597,3002,158.23,Entertainment,3,4,US,tablet,31.5,2,0,0,1,1,0
2773,1813,213.87,Food Delivery,14,0,CA,desktop,12.2,1,0,0,0,1,1
2776,2207,482.16,Online,5,1,US,tablet,359.1,2,0,0,1,1,0
3002,3687,288.02,Health,3,4,BR,desktop,120.7,4,0,0,1,0,1
3091,2373,85.65,Grocery,2,1,NG,desktop,507.5,3,0,0,1,0,0
3307,2102,364.26,Utilities,14,6,CA,mobile,211.3,0,1,1,0,0,0
3336,1910,155.64,Grocery,4,4,DE,desktop,71.9,4,0,0,1,0,1
3729,2363,61.95,Grocery,22,5,NG,desktop,10.2,3,0,1,0,0,0
3790,2265,12.55,Food Delivery,19,0,NG,desktop,27.9,1,0,0,0,1,1
3838,3397,229.46,Retail,23,0,DE,desktop,218.4,5,0,0,1,0,1
3873,4458,108.24,Retail,2,5,US,tablet,337.1,3,0,1,1,0,0
3921,4752,42.53,Entertainment,0,3,US,mobile,171.7,1,0,0,1,1,0
3958,3936,580.12,Grocery,0,4,JP,desktop,429.7,3,0,0,1,0,1
3969,3359,36.49,Entertainment,14,4,DE,desktop,28.8,0,0,0,0,1,1
4029,3760,1312.68,Health,9,2,AU,tablet,259.5,2,0,0,0,0,0
4036,1128,181.92,Retail,3,4,GB,desktop,198.3,3,0,0,1,0,1
4530,3248,78.74,Grocery,3,6,US,mobile,259.2,3,0,1,1,0,1
4629,4048,103.18,Travel,23,4,US,mobile,309.3,1,0,0,1,1,1
4652,4944,259.13,Online,18,3,GB,desktop,26.2,1,0,0,0,1,1
4852,3902,48.45,Food Delivery,0,2,US,mobile,398.6,2,0,0,1,1,0
4945,1143,15.64,Utilities,3,6,US,mobile,347.5,3,0,1,1,0,0
5048,3504,135.52,Health,0,3,US,desktop,4.6,2,1,0,1,0,1
5058,4316,48.57,Food Delivery,5,2,US,mobile,158.3,2,0,0,1,1,1
5104,2997,20.98,Retail,16,5,GB,mobile,78.3,0,1,1,0,0,1
5203,4346,17.32,Utilities,5,3,US,desktop,5.4,2,1,0,1,0,0
5252,2689,23.02,Retail,14,5,GB,mobile,74.1,1,1,1,0,0,0
5272,2714,212.39,Grocery,2,1,BR,desktop,587.6,3,0,0,1,0,0
5474,1726,70.36,Grocery,13,6,GB,mobile,77.1,2,1,1,0,0,0
5493,1707,51.13,Utilities,2,0,CA,desktop,410.5,4,0,0,1,0,1
5552,2418,61.95,Travel,3,0,US,tablet,425.4,0,0,0,1,1,0
5710,4032,132.14,Grocery,5,6,US,mobile,377.0,3,0,1,1,0,0
5726,2270,67.71,Grocery,4,0,DE,desktop,345.2,3,0,0,1,0,0
5737,2199,1308.33,Grocery,14,4,US,desktop,82.2,3,0,0,0,0,1
5767,2235,126.37,Food Delivery,1,4,US,tablet,298.1,0,0,0,1,1,1
5790,4946,90.88,Grocery,1,5,US,mobile,296.8,3,0,1,1,0,0
6056,4438,143.03,Grocery,13,6,BR,desktop,4.0,3,0,1,0,0,0
6062,4159,81.51,Retail,2,6,US,mobile,59.1,3,0,1,1,0,0
6122,3391,139.92,Travel,18,3,CA,desktop,21.3,0,0,0,0,1,0
6187,2560,29.3,Grocery,1,1,FR,desktop,121.6,5,0,0,1,0,0
6368,1695,119.49,Retail,4,0,JP,desktop,156.7,5,0,0,1,0,1
6438,2122,90.32,Grocery,7,5,FR,mobile,82.4,0,1,1,0,0,0
6525,2191,55.86,Retail,0,4,CA,desktop,671.7,3,0,0,1,0,0
6541,4753,248.35,Grocery,0,4,CA,desktop,49.2,3,0,0,1,0,0
6565,1137,2208.88,Grocery,10,2,FR,tablet,96.5,2,0,0,0,0,0
6870,1303,21.13,Retail,4,6,US,mobile,571.1,3,0,1,1,0,0
6876,2289,177.99,Retail,1,0,JP,desktop,121.4,3,0,0,1,0,1
6929,3923,96.45,Retail,9,5,DE,mobile,156.5,2,1,1,0,0,1
7155,2688,362.58,Grocery,2,5,US,tablet,309.2,3,0,1,1,0,0
7191,2902,574.32,Health,23,0,JP,desktop,359.0,4,0,0,1,0,0
7331,2000,267.23,Health,11,5,CA,mobile,455.8,1,1,1,0,0,1
7354,2288,115.26,Retail,23,3,DE,desktop,46.9,3,0,0,1,0,0
7489,1057,74.23,Grocery,22,6,FR,desktop,22.2,3,0,1,0,0,0
7544,4845,120.41,Grocery,13,6,FR,mobile,78.5,2,1,1,0,0,0
7765,2870,295.16,Online,5,0,US,mobile,178.7,1,0,0,1,1,0
7898,4502,304.39,Online,19,1,FR,desktop,18.8,1,0,0,0,1,0
7976,2867,792.17,Retail,8,5,DE,mobile,94.8,2,1,1,0,0,1
8045,2664,383.33,Grocery,3,5,US,mobile,48.8,3,0,1,1,0,0
8295,1395,69.38,Grocery,1,6,US,mobile,52.6,3,0,1,1,0,1
8532,3047,115.93,Health,23,6,US,mobile,263.4,4,0,1,1,0,1
8547,3806,331.94,Utilities,1,5,US,mobile,74.2,3,0,1,1,0,0
8659,1922,13.19,Health,11,5,NG,mobile,287.3,0,1,1,0,0,1
8819,4025,32.65,Retail,14,6,NG,mobile,292.7,2,1,1,0,0,1
8892,2832,299.21,Grocery,9,6,GB,tablet,124.0,0,1,1,0,0,0
8948,1161,502.38,Online,5,2,US,mobile,423.3,1,0,0,1,1,0
9096,2009,827.25,Retail,0,6,US,mobile,129.6,3,0,1,1,0,0
9133,4929,247.03,Grocery,3,4,DE,desktop,493.5,3,0,0,1,0,0
9596,2916,72.66,Grocery,4,1,DE,desktop,61.3,3,0,0,1,0,0
9618,2744,89.62,Retail,6,6,NG,mobile,186.1,1,1,1,0,0,0
9763,4703,164.77,Grocery,23,5,US,tablet,655.5,3,0,1,1,0,1
9788,2074,95.47,Health,2,6,US,mobile,64.7,3,0,1,1,0,0
9831,1259,154.13,Grocery,17,6,GB,tablet,252.0,0,1,1,0,0,0
10003,3081,82.22,Retail,23,0,US,desktop,15.9,2,1,0,1,0,1
10058,3368,72.3,Retail,13,6,CA,tablet,72.0,1,1,1,0,0,0
10061,1440,30.7,Grocery,17,6,GB,mobile,283.2,0,1,1,0,0,0
10359,4886,808.55,Online,5,1,US,mobile,117.5,1,0,0,1,1,1
10360,3113,250.15,Grocery,3,4,DE,desktop,134.4,3,0,0,1,0,1
10361,2783,528.1,Retail,0,2,FR,desktop,87.5,4,0,0,1,0,0
10382,3433,54.57,Retail,23,0,GB,desktop,52.1,3,0,0,1,0,1
10429,2279,171.99,Retail,17,6,GB,mobile,1053.2,0,1,1,0,0,0
10438,2171,131.5,Retail,22,6,BR,desktop,18.8,3,0,1,0,0,1
10467,2310,41.89,Utilities,1,4,CA,desktop,181.7,3,0,0,1,0,0
10470,3849,32.99,Entertainment,2,0,US,mobile,261.0,1,0,0,1,1,0
10682,2358,58.71,Grocery,14,6,AU,mobile,405.3,1,1,1,0,0,0
10705,3121,1012.88,Grocery,10,3,GB,tablet,581.3,1,0,0,0,0,0
10730,4537,86.19,Grocery,4,5,US,tablet,181.8,3,0,1,1,0,0
10732,4807,474.66,Retail,3,1,GB,desktop,82.2,3,0,0,1,0,1
10918,1767,14.45,Grocery,16,6,AU,tablet,350.9,1,1,1,0,0,0
11016,2600,172.36,Retail,13,6,GB,mobile,64.8,2,1,1,0,0,0
11031,1817,34.53,Grocery,18,5,JP,desktop,9.4,3,0,1,0,0,0
11132,1988,114.35,Retail,1,3,DE,desktop,93.2,4,0,0,1,0,1
11170,3866,109.32,Entertainment,10,1,JP,desktop,18.1,1,0,0,0,1,1
11208,4641,45.83,Retail,5,6,US,mobile,263.2,4,0,1,1,0,1
11273,3052,52.49,Food Delivery,0,4,US,tablet,146.9,1,0,0,1,1,0
11299,2120,30.64,Health,9,5,CA,desktop,27.4,4,0,1,0,0,0
11391,1023,182.83,Grocery,12,5,CA,mobile,425.8,2,1,1,0,0,0
11525,2375,208.02,Food Delivery,23,0,US,tablet,442.6,1,0,0,1,1,0
11720,2009,30.54,Online,15,4,FR,desktop,18.4,2,0,0,0,1,0
11787,3142,352.38,Retail,1,6,US,mobile,175.2,3,0,1,1,0,1
11840,2171,166.14,Grocery,11,5,GB,mobile,51.2,1,1,1,0,0,0
11898,2473,340.86,Grocery,2,5,US,mobile,211.0,4,0,1,1,0,1
11922,1057,128.61,Retail,5,6,US,mobile,337.1,5,0,1,1,0,0
12107,4082,96.17,Retail,2,1,FR,desktop,202.3,3,0,0,1,0,0
12138,2155,556.16,Retail,22,6,DE,mobile,344.9,2,1,1,0,0,0
12165,1468,1059.82,Retail,18,1,US,desktop,305.1,4,0,0,0,0,0
12405,2239,58.36,Food Delivery,1,4,US,tablet,34.9,1,0,0,1,1,0
12534,1298,87.29,Travel,23,3,US,mobile,375.1,1,0,0,1,1,0
12616,4394,120.74,Food Delivery,4,0,US,mobile,57.5,1,0,0,1,1,1
12715,2683,108.24,Grocery,17,5,GB,tablet,61.9,2,1,1,0,0,0
12996,2888,39.6,Travel,5,0,US,mobile,246.3,0,0,0,1,1,1
13208,1639,1202.22,Health,22,1,NG,mobile,339.4,2,0,0,0,0,0
13273,2959,59.4,Retail,0,6,US,mobile,131.9,3,0,1,1,0,0
13370,1890,473.62,Retail,21,6,AU,mobile,323.4,0,1,1,0,0,1
13430,3507,10.73,Health,22,6,GB,mobile,256.5,1,1,1,0,0,0
13715,1718,369.7,Utilities,9,5,AU,desktop,22.6,3,0,1,0,0,0
13743,2513,21.0,Retail,10,5,CA,tablet,661.6,1,1,1,0,0,0
13756,2312,84.11,Grocery,1,2,CA,desktop,62.5,6,0,0,1,0,1
13763,4509,461.81,Online,3,2,US,mobile,817.7,0,0,0,1,1,0
14068,1495,76.63,Grocery,3,3,JP,desktop,105.0,3,0,0,1,0,0
14172,4026,81.5,Health,5,4,GB,desktop,503.1,4,0,0,1,0,0
14206,3287,52.71,Grocery,1,0,GB,desktop,116.2,3,0,0,1,0,1
14417,4587,21.72,Grocery,14,6,CA,mobile,131.9,2,1,1,0,0,0
14533,4877,117.08,Retail,0,1,AU,desktop,65.0,5,0,0,1,0,0
14667,2144,87.9,Retail,3,5,US,mobile,643.8,5,0,1,1,0,0
14687,1956,44.99,Retail,23,3,FR,desktop,85.1,3,0,0,1,0,0
14722,2916,1324.83,Retail,15,0,DE,mobile,309.4,0,0,0,0,0,0
14764,2515,28.0,Grocery,19,5,GB,mobile,30.1,0,1,1,0,0,1
14821,4242,35.72,Food Delivery,4,3,US,mobile,160.5,1,0,0,1,1,1
14959,2464,35.01,Retail,19,5,AU,mobile,249.2,2,1,1,0,0,1
15058,2531,97.93,Online,4,2,US,mobile,320.3,0,0,0,1,1,0
15108,1884,253.03,Health,23,3,GB,desktop,128.3,3,0,0,1,0,1
15160,2467,60.84,Utilities,2,1,CA,desktop,664.7,6,0,0,1,0,0
15334,4086,57.76,Retail,20,6,CA,mobile,305.6,1,1,1,0,0,1
15647,2729,12.8,Entertainment,8,4,DE,desktop,10.3,0,0,0,0,1,0
15760,4793,172.12,Food Delivery,3,1,US,tablet,144.4,2,0,0,1,1,0
15789,4636,88.51,Retail,13,5,AU,mobile,155.6,0,1,1,0,0,0
15821,4775,227.71,Retail,0,5,US,mobile,455.4,4,0,1,1,0,0
15854,1739,57.85,Grocery,18,6,AU,tablet,275.5,2,1,1,0,0,0
15866,1280,47.05,Retail,0,1,US,desktop,13.0,0,1,0,1,0,0
15997,1797,278.4,Grocery,5,4,US,desktop,24.0,1,1,0,1,0,0
16191,1047,15.38,Utilities,0,5,US,mobile,433.5,3,0,1,1,0,1
16201,4151,350.56,Retail,13,5,JP,mobile,145.8,1,1,1,0,0,0
16226,4786,63.12,Grocery,3,3,AU,desktop,335.9,3,0,0,1,0,0
16262,3598,10.04,Retail,0,5,US,tablet,520.4,3,0,1,1,0,0
16308,4542,68.26,Grocery,16,6,NG,desktop,9.7,3,0,1,0,0,0
16376,2652,29.05,Retail,1,3,DE,desktop,98.0,4,0,0,1,0,1
16436,3295,257.34,Utilities,4,5,US,mobile,171.5,3,0,1,1,0,0
16541,4446,943.33,Utilities,8,0,GB,tablet,76.7,2,0,0,0,0,0
16545,2284,584.04,Grocery,0,5,US,tablet,57.7,3,0,1,1,0,0
16641,4882,182.51,Utilities,0,2,US,desktop,24.5,1,1,0,1,0,0
16704,4530,120.33,Health,1,4,US,desktop,26.2,1,1,0,1,0,1
16743,2663,43.59,Online,1,0,US,mobile,268.7,1,0,0,1,1,0
16882,4056,22.9,Travel,15,4,CA,desktop,6.0,2,0,0,0,1,0
16953,3048,185.41,Grocery,0,4,DE,desktop,60.9,4,0,0,1,0,0
16963,4324,141.14,Travel,11,1,CA,desktop,18.5,1,0,0,0,1,0
17085,2149,14.62,Travel,5,3,US,mobile,105.1,2,0,0,1,1,0
17208,4951,165.98,Grocery,22,5,GB,mobile,116.1,1,1,1,0,0,0
17316,2963,40.48,Grocery,3,6,US,tablet,157.4,3,0,1,1,0,1
17381,4134,95.14,Grocery,3,1,FR,desktop,105.9,3,0,0,1,0,1
17400,1451,22.4,Retail,20,5,CA,mobile,38.3,1,1,1,0,0,0
17433,2478,54.59,Online,2,1,US,mobile,339.1,0,0,0,1,1,0
17436,1224,86.5,Grocery,2,2,FR,desktop,351.8,3,0,0,1,0,1
17537,1400,96.17,Health,7,6,GB,desktop,28.1,3,0,1,0,0,0
17570,3906,18.51,Grocery,4,0,CA,desktop,61.5,5,0,0,1,0,1
17689,2316,529.93,Utilities,2,5,US,mobile,33.8,3,0,1,1,0,1
17742,3197,99.58,Retail,18,5,BR,mobile,262.2,0,1,1,0,0,0
17871,2876,63.6,Utilities,10,5,AU,desktop,3.1,3,0,1,0,0,1
17943,4425,445.61,Utilities,9,5,FR,desktop,19.6,3,0,1,0,0,1
18049,4303,1620.53,Health,16,1,GB,tablet,78.6,0,0,0,0,0,0
18063,3078,84.15,Retail,4,6,US,mobile,242.8,4,0,1,1,0,1
18072,2155,90.76,Online,2,1,US,mobile,203.7,0,0,0,1,1,0
18276,3501,47.31,Online,5,1,US,mobile,536.9,1,0,0,1,1,1
18280,1583,203.33,Retail,1,4,FR,desktop,34.2,4,0,0,1,0,0
18508,4111,558.46,Utilities,1,2,CA,desktop,85.8,3,0,0,1,0,0
18852,4125,389.36,Grocery,23,6,US,mobile,128.1,3,0,1,1,0,0
19061,2565,535.61,Retail,6,6,DE,tablet,476.8,1,1,1,0,0,0
19102,4676,86.04,Retail,4,3,US,desktop,18.1,0,1,0,1,0,1
19113,3823,165.68,Retail,20,5,CA,mobile,53.0,2,1,1,0,0,0
19241,1130,44.39,Retail,0,6,US,mobile,445.8,4,0,1,1,0,1
19244,3930,93.24,Food Delivery,5,2,US,mobile,315.3,1,0,0,1,1,0
19283,1728,45.23,Retail,5,0,US,desktop,28.0,2,1,0,1,0,0
19306,1652,12.33,Retail,0,0,CA,desktop,315.6,4,0,0,1,0,1
19329,3114,45.15,Entertainment,0,2,US,mobile,173.5,1,0,0,1,1,0
19427,2742,148.28,Retail,1,1,US,desktop,20.3,2,1,0,1,0,0
19503,4660,15.01,Online,4,4,US,tablet,274.3,0,0,0,1,1,1
19626,3518,167.7,Grocery,12,6,JP,mobile,65.1,1,1,1,0,0,0
19689,3075,20.1,Utilities,2,0,AU,desktop,176.4,3,0,0,1,0,1
19981,2588,188.19,Grocery,19,6,DE,mobile,364.5,0,1,1,0,0,1
19992,2786,200.75,Travel,23,0,US,mobile,262.3,2,0,0,1,1,1
138,1123,84.91,Travel,10,0,US,mobile,109.9,1,1,0,0,0,0
141,4930,70.47,Online,20,3,US,tablet,38.0,2,1,0,0,0,1
194,2447,173.06,Travel,6,4,US,mobile,147.5,1,1,0,0,0,0
442,2203,26.36,Entertainment,10,4,US,mobile,350.4,0,1,0,0,0,0
451,4841,105.78,Food Delivery,21,1,US,mobile,360.4,2,1,0,0,0,1
530,4683,40.19,Travel,21,0,US,tablet,51.0,1,1,0,0,0,0
578,3095,33.94,Travel,8,1,US,mobile,643.8,0,1,0,0,0,0
908,1692,99.56,Food Delivery,16,3,US,mobile,700.4,0,1,0,0,0,0
1060,2243,343.74,Online,6,3,US,mobile,113.0,1,1,0,0,0,0
1188,3393,94.19,Travel,22,0,US,mobile,40.6,2,1,0,0,0,0
1345,1746,38.18,Entertainment,8,3,US,tablet,365.7,1,1,0,0,0,0
1525,3414,48.38,Entertainment,15,0,US,mobile,82.2,1,1,0,0,0,0
1679,4696,43.56,Entertainment,6,3,US,mobile,141.0,1,1,0,0,0,0
2035,4944,66.92,Food Delivery,22,4,US,tablet,392.3,0,1,0,0,0,1
2043,3985,61.09,Food Delivery,21,2,US,mobile,86.0,1,1,0,0,0,0
2064,3879,180.43,Food Delivery,15,1,US,tablet,88.7,2,1,0,0,0,0
2131,3871,40.28,Travel,20,3,US,mobile,45.2,1,1,0,0,0,1
2177,1420,88.99,Travel,12,1,US,tablet,160.5,0,1,0,0,0,0
2278,1205,75.18,Entertainment,14,3,US,mobile,94.8,0,1,0,0,0,1
2620,4782,541.49,Utilities,8,5,US,mobile,22.2,3,0,1,0,1,0
2633,4653,177.13,Online,20,3,US,mobile,104.8,2,1,0,0,0,0
2772,1161,136.03,Online,12,2,US,tablet,143.3,1,1,0,0,0,0
2842,3819,99.42,Travel,18,3,US,mobile,34.9,1,1,0,0,0,0
3064,1509,42.62,Food Delivery,14,3,US,mobile,240.9,1,1,0,0,0,1
3175,4978,72.84,Online,6,2,US,mobile,232.5,1,1,0,0,0,0
3209,2681,63.19,Food Delivery,6,0,US,mobile,90.6,0,1,0,0,0,1
3687,1422,74.57,Food Delivery,9,4,US,mobile,87.7,2,1,0,0,0,1
3884,2819,53.04,Online,20,1,US,tablet,83.3,0,1,0,0,0,0
3901,3073,31.53,Travel,21,0,US,mobile,220.9,2,1,0,0,0,1
3906,4052,759.69,Online,21,4,US,mobile,210.5,1,1,0,0,0,0
3965,1799,314.79,Food Delivery,9,2,US,mobile,277.9,2,1,0,0,0,0
4116,2899,110.69,Grocery,19,3,US,desktop,37.3,3,1,0,0,1,1
4569,2237,274.61,Online,16,1,US,mobile,63.8,1,1,0,0,0,1
4881,2520,114.95,Travel,22,3,US,mobile,51.8,2,1,0,0,0,0
5075,1573,892.03,Entertainment,10,4,US,tablet,211.2,2,1,0,0,0,0
5186,3610,202.12,Online,6,2,US,mobile,66.5,2,1,0,0,0,0
5205,3089,148.67,Online,11,4,US,mobile,132.5,1,1,0,0,0,0
5231,1540,46.88,Travel,17,0,US,tablet,245.0,2,1,0,0,0,0
5304,2680,246.53,Online,22,3,US,mobile,161.5,0,1,0,0,0,1
5903,1374,41.5,Online,14,0,US,mobile,223.5,1,1,0,0,0,1
6284,1692,451.92,Entertainment,21,0,US,mobile,118.9,1,1,0,0,0,0
6697,4530,73.87,Online,17,2,US,tablet,582.3,0,1,0,0,0,0
6746,4420,91.83,Online,18,3,US,mobile,164.6,1,1,0,0,0,0
7108,3076,132.9,Entertainment,21,0,US,tablet,285.5,0,1,0,0,0,0
7123,3416,50.34,Travel,9,4,US,mobile,106.6,1,1,0,0,0,0
7310,2270,249.73,Entertainment,18,3,US,mobile,260.1,0,1,0,0,0,0
7314,1634,222.46,Entertainment,19,3,US,mobile,55.0,1,1,0,0,0,1
7357,2191,947.46,Utilities,1,1,US,desktop,64.3,2,0,0,1,1,0
7795,1152,409.74,Travel,14,3,US,tablet,102.3,2,1,0,0,0,0
7823,1119,149.32,Online,21,4,US,mobile,449.0,2,1,0,0,0,0
7862,3125,26.49,Travel,9,2,US,mobile,63.7,1,1,0,0,0,0
7945,4963,49.91,Travel,12,1,US,mobile,63.7,1,1,0,0,0,0
8029,2699,53.73,Food Delivery,7,0,US,mobile,55.3,0,1,0,0,0,0
8159,4728,35.98,Grocery,21,4,US,desktop,62.3,3,1,0,0,1,0
8198,3747,45.02,Entertainment,17,0,US,mobile,119.3,1,1,0,0,0,0
8254,3075,204.3,Retail,5,5,US,desktop,139.7,0,1,1,1,1,0
8392,3076,40.19,Travel,15,4,US,mobile,179.0,1,1,0,0,0,1
8421,4049,6.54,Entertainment,12,2,US,mobile,213.8,1,1,0,0,0,1
8464,1131,22.97,Online,17,4,US,mobile,100.8,2,1,0,0,0,0
8811,4621,54.72,Online,8,0,US,mobile,149.6,2,1,0,0,0,0
8864,4607,153.54,Travel,10,2,US,mobile,158.4,0,1,0,0,0,1
8881,2828,731.65,Travel,18,3,US,mobile,247.0,1,1,0,0,0,0
8945,1076,108.65,Travel,12,2,US,mobile,291.2,1,1,0,0,0,0
8979,4061,20.31,Food Delivery,13,4,US,mobile,68.1,0,1,0,0,0,1
9403,4920,83.93,Entertainment,9,4,US,mobile,36.9,1,1,0,0,0,0
9481,3355,83.86,Entertainment,10,4,US,mobile,278.7,1,1,0,0,0,0
9485,2819,214.17,Food Delivery,6,2,US,mobile,39.7,1,1,0,0,0,1
9514,2660,6.56,Food Delivery,7,2,US,mobile,329.7,1,1,0,0,0,0
10203,4275,24.96,Travel,13,3,US,tablet,1157.8,1,1,0,0,0,0
10253,3578,103.87,Travel,9,4,US,mobile,438.1,0,1,0,0,0,0
10416,4719,111.32,Food Delivery,9,0,US,mobile,515.1,1,1,0,0,0,0
10566,4944,112.63,Travel,12,0,US,mobile,68.0,1,1,0,0,0,0
11077,2918,65.14,Travel,11,2,US,tablet,81.3,1,1,0,0,0,1
11239,4919,76.03,Entertainment,15,3,US,mobile,88.5,2,1,0,0,0,1
11306,3363,122.35,Online,14,3,US,tablet,296.1,2,1,0,0,0,0
11346,2446,22.75,Travel,16,3,US,tablet,34.5,1,1,0,0,0,0
11377,4853,48.59,Travel,6,2,US,mobile,140.8,1,1,0,0,0,0
11586,1529,11.56,Online,18,1,US,tablet,65.7,1,1,0,0,0,1
11659,3071,43.75,Travel,15,3,US,mobile,173.0,1,1,0,0,0,1
11714,3325,33.47,Travel,11,0,US,mobile,87.3,0,1,0,0,0,1
11817,3320,52.92,Online,9,1,US,mobile,125.5,2,1,0,0,0,0
12071,2470,188.02,Travel,19,2,US,mobile,104.6,2,1,0,0,0,0
12224,2530,214.46,Food Delivery,7,3,US,mobile,201.2,2,1,0,0,0,1
12521,1382,187.56,Entertainment,12,2,US,tablet,80.2,2,1,0,0,0,1
12580,4563,40.47,Travel,22,3,US,mobile,36.8,1,1,0,0,0,1
12613,1307,117.14,Travel,16,4,US,mobile,147.0,1,1,0,0,0,0
12711,4534,133.49,Food Delivery,15,2,US,tablet,102.7,2,1,0,0,0,1
12746,4893,179.39,Online,9,3,US,mobile,70.1,2,1,0,0,0,0
12951,1029,41.58,Retail,6,2,US,desktop,181.9,4,1,0,0,1,0
12958,1987,132.2,Travel,7,0,US,mobile,235.1,1,1,0,0,0,0
12994,2767,177.53,Food Delivery,16,1,US,tablet,243.8,0,1,0,0,0,0
13338,1769,215.73,Food Delivery,14,0,US,mobile,59.0,1,1,0,0,0,1
13520,1973,113.02,Travel,7,2,US,mobile,92.0,0,1,0,0,0,0
13530,2268,341.39,Online,16,3,US,mobile,58.5,1,1,0,0,0,0
13829,1285,13.79,Online,18,0,US,tablet,65.1,1,1,0,0,0,0
13894,3894,54.41,Online,17,4,US,tablet,198.4,0,1,0,0,0,0
13998,4455,627.61,Travel,19,4,US,mobile,63.9,0,1,0,0,0,0
14065,2067,90.94,Entertainment,15,0,US,mobile,55.4,2,1,0,0,0,0
14502,3139,209.21,Travel,13,0,US,mobile,328.1,2,1,0,0,0,1
14644,1147,33.0,Grocery,12,6,US,mobile,26.4,3,0,1,0,1,0
14663,1328,111.79,Travel,20,3,US,tablet,107.6,1,1,0,0,0,1
14703,3497,65.12,Entertainment,19,3,US,tablet,164.1,1,1,0,0,0,0
14782,2043,149.56,Travel,9,0,US,tablet,284.0,1,1,0,0,0,0
15050,1757,98.4,Entertainment,16,4,US,mobile,98.4,1,1,0,0,0,0
15095,2084,136.59,Online,12,3,US,mobile,51.9,2,1,0,0,0,0
15202,4992,19.22,Online,10,1,US,mobile,211.7,1,1,0,0,0,0
15400,3310,147.26,Entertainment,16,0,US,mobile,51.4,0,1,0,0,0,0
15687,2825,226.47,Online,13,3,US,mobile,281.4,2,1,0,0,0,0
15988,4455,59.74,Travel,6,1,US,tablet,114.1,1,1,0,0,0,0
16151,1386,14.72,Travel,6,4,US,mobile,342.3,0,1,0,0,0,1
16339,1640,52.82,Travel,18,4,US,mobile,74.9,2,1,0,0,0,1
16418,3549,134.16,Entertainment,20,3,US,mobile,250.1,2,1,0,0,0,0
16489,1111,267.2,Travel,10,1,US,mobile,176.9,0,1,0,0,0,0
16689,3207,73.83,Food Delivery,7,0,US,mobile,271.9,1,1,0,0,0,0
17265,2516,38.6,Online,8,2,US,mobile,323.9,0,1,0,0,0,0
17529,4352,113.77,Travel,10,4,US,mobile,75.9,2,1,0,0,0,1
17679,3290,46.47,Travel,11,2,US,mobile,77.9,2,1,0,0,0,0
17759,2372,115.45,Online,15,3,US,mobile,32.4,2,1,0,0,0,0
17796,2211,134.07,Online,22,4,US,mobile,136.5,2,1,0,0,0,1
18088,3429,362.17,Food Delivery,21,1,US,mobile,234.1,2,1,0,0,0,0
18175,3391,54.49,Food Delivery,16,1,US,mobile,47.3,0,1,0,0,0,1
18281,3421,59.08,Food Delivery,21,2,US,mobile,175.4,1,1,0,0,0,1
19059,1432,118.78,Food Delivery,9,4,US,tablet,478.2,2,1,0,0,0,1
19161,1922,159.01,Online,9,0,US,mobile,68.5,1,1,0,0,0,1
19402,1259,104.13,Grocery,1,6,DE,desktop,2.9,0,0,1,1,1,1
19422,4252,259.38,Food Delivery,16,4,US,mobile,35.2,2,1,0,0,0,0
19466,4973,278.02,Entertainment,6,4,US,mobile,275.0,1,1,0,0,0,0
19613,3008,87.14,Travel,20,4,US,mobile,381.0,1,1,0,0,0,1
19803,2384,114.7,Entertainment,10,3,US,mobile,38.8,1,1,0,0,0,1
19819,4348,5.04,Entertainment,9,1,US,mobile,819.2,1,1,0,0,0,1
19820,4435,61.92,Food Delivery,12,2,US,tablet,177.9,1,1,0,0,0,1
19846,3379,117.22,Food Delivery,15,1,US,mobile,87.0,2,1,0,0,0,1
19947,3329,55.35,Travel,11,3,US,mobile,59.8,2,1,0,0,0,1
13,3943,72.88,Online,12,2,FR,mobile,6.1,2,0,0,0,0,1
52,1778,57.97,Online,9,2,GB,mobile,9.8,0,0,0,0,0,0
103,4219,113.43,Food Delivery,17,1,CA,mobile,5.8,0,0,0,0,0,0
130,3538,414.66,Travel,16,4,DE,mobile,25.7,1,0,0,0,0,1
277,2868,17.59,Online,6,3,CA,mobile,4.2,1,0,0,0,0,0
532,1662,174.55,Online,10,2,JP,mobile,1.0,1,0,0,0,0,0
662,3939,255.95,Travel,6,4,NG,mobile,1.9,1,0,0,0,0,1
734,4097,47.43,Travel,12,4,AU,tablet,3.8,2,0,0,0,0,1
751,4845,256.22,Retail,8,1,JP,desktop,2.4,4,0,0,0,1,0
959,4885,79.66,Food Delivery,9,4,CA,mobile,4.0,0,0,0,0,0,0
1021,1223,98.49,Travel,22,1,CA,mobile,16.0,0,0,0,0,0,0
1045,3836,779.48,Utilities,14,0,CA,mobile,55.1,1,1,0,0,1,0
1085,1801,69.37,Entertainment,17,1,FR,mobile,9.4,0,0,0,0,0,0
1307,2018,5.0,Travel,15,1,CA,mobile,8.9,1,0,0,0,0,0
1356,2987,94.94,Utilities,6,1,NG,mobile,84.9,1,1,0,0,1,1
1441,4118,238.58,Online,6,4,FR,mobile,15.0,1,0,0,0,0,0
1469,4110,33.25,Travel,21,1,GB,mobile,28.4,1,0,0,0,0,1
1518,1194,250.89,Retail,2,3,US,mobile,109.2,3,0,0,1,1,0
1602,3954,46.58,Food Delivery,14,0,FR,mobile,22.1,2,0,0,0,0,0
1741,2724,186.62,Travel,17,4,BR,mobile,26.0,1,0,0,0,0,0
2197,2162,126.0,Entertainment,22,1,GB,mobile,20.5,2,0,0,0,0,0
2249,1622,15.03,Food Delivery,14,1,FR,mobile,2.8,1,0,0,0,0,1
2268,3911,73.41,Travel,5,5,US,desktop,1.0,2,0,1,1,0,1
2330,1587,234.69,Grocery,5,4,US,mobile,123.2,3,0,0,1,1,0
2645,2808,84.63,Travel,14,3,AU,mobile,6.1,2,0,0,0,0,1
2894,4649,68.35,Online,6,1,CA,mobile,21.7,2,0,0,0,0,0
3402,4671,247.14,Retail,0,0,US,tablet,147.1,3,0,0,1,1,1
3428,4534,17.0,Food Delivery,17,2,US,desktop,12.6,3,0,0,0,0,0
3474,4542,43.37,Entertainment,13,2,FR,mobile,11.2,1,0,0,0,0,0
3547,2637,13.79,Food Delivery,10,4,FR,mobile,24.9,1,0,0,0,0,1
3735,2289,106.02,Entertainment,18,1,JP,mobile,14.3,2,0,0,0,0,1
3824,1714,41.05,Food Delivery,8,3,DE,tablet,28.4,2,0,0,0,0,1
3866,4106,56.93,Food Delivery,15,0,JP,tablet,22.8,2,0,0,0,0,1
3946,3932,42.03,Entertainment,12,2,DE,mobile,15.8,0,0,0,0,0,0
3968,1966,25.81,Online,11,0,CA,mobile,24.0,1,0,0,0,0,1
3989,2660,111.29,Online,7,2,FR,tablet,9.5,2,0,0,0,0,0
4001,2269,80.42,Online,20,4,US,desktop,16.1,3,0,0,0,0,0
4163,3252,192.72,Grocery,0,4,US,mobile,38.9,4,0,0,1,1,0
4189,1167,38.03,Travel,11,2,GB,tablet,2.2,0,0,0,0,0,0
4209,1905,322.95,Entertainment,19,1,DE,mobile,20.3,1,0,0,0,0,1
4234,2058,835.86,Online,6,1,BR,mobile,18.7,0,0,0,0,0,1
4300,1373,16.34,Travel,17,4,BR,tablet,24.2,0,0,0,0,0,1
4301,2106,9.3,Utilities,9,2,GB,tablet,248.0,0,1,0,0,1,0
4305,3675,127.67,Entertainment,6,1,JP,mobile,21.7,1,0,0,0,0,0
4358,2026,46.06,Food Delivery,15,1,CA,mobile,18.3,1,0,0,0,0,1
4370,3105,48.83,Grocery,20,4,JP,desktop,1.0,3,0,0,0,1,1
4397,2179,63.68,Online,19,0,NG,tablet,13.7,2,0,0,0,0,0
4431,4683,146.59,Entertainment,22,4,US,desktop,19.8,3,0,0,0,0,0
4440,2258,70.75,Online,13,0,AU,mobile,9.6,0,0,0,0,0,0
4468,4799,36.7,Food Delivery,10,0,DE,tablet,17.6,0,0,0,0,0,1
4607,1960,803.67,Travel,20,1,CA,mobile,28.3,1,0,0,0,0,1
4658,3294,21.91,Food Delivery,18,1,CA,mobile,9.1,2,0,0,0,0,1
4666,4307,78.61,Travel,12,2,NG,mobile,6.5,0,0,0,0,0,0
4719,2604,155.35,Online,18,0,US,desktop,7.3,3,0,0,0,0,0
4724,1206,123.83,Grocery,4,1,US,mobile,297.2,3,0,0,1,1,1
4789,2224,584.59,Utilities,10,4,DE,mobile,384.4,1,1,0,0,1,0
4806,4012,258.38,Travel,1,6,US,desktop,9.1,2,0,1,1,0,1
4862,4312,519.61,Online,21,0,CA,mobile,4.6,1,0,0,0,0,0
4955,2503,109.34,Utilities,4,4,US,mobile,157.9,3,0,0,1,1,1
5069,1141,60.64,Entertainment,16,0,JP,mobile,17.1,0,0,0,0,0,1
5071,4637,36.24,Online,0,6,US,desktop,3.8,0,0,1,1,0,1
5116,2049,14.36,Travel,15,3,AU,mobile,21.5,1,0,0,0,0,1
5265,4333,48.57,Utilities,10,2,NG,mobile,148.7,2,1,0,0,1,0
5282,3866,83.72,Travel,6,2,US,desktop,1.0,4,0,0,0,0,0
5311,4644,50.13,Retail,3,1,US,mobile,367.1,3,0,0,1,1,1
5449,2713,61.94,Travel,16,1,CA,mobile,23.1,0,0,0,0,0,0
5631,2904,12.32,Travel,6,3,GB,mobile,7.3,1,0,0,0,0,1
5685,3175,86.6,Entertainment,17,1,JP,tablet,25.0,2,0,0,0,0,0
5693,4543,376.71,Food Delivery,1,6,US,desktop,21.0,0,0,1,1,0,0
6132,2784,113.82,Travel,20,2,BR,mobile,22.5,1,0,0,0,0,0
6151,1045,80.08,Food Delivery,16,0,AU,mobile,3.1,0,0,0,0,0,1
6178,3187,7.54,Travel,6,2,JP,tablet,6.4,2,0,0,0,0,1
6224,2020,39.61,Entertainment,7,0,JP,mobile,5.4,1,0,0,0,0,0
6260,4775,450.86,Online,16,0,US,desktop,26.9,3,0,0,0,0,1
6274,4372,47.29,Entertainment,20,4,AU,tablet,8.1,1,0,0,0,0,0
6313,1184,369.53,Online,15,2,DE,mobile,25.2,1,0,0,0,0,0
6408,3597,150.1,Grocery,4,4,US,mobile,53.2,3,0,0,1,1,1
6458,3592,96.2,Online,19,1,DE,mobile,19.7,1,0,0,0,0,1
6608,4997,187.18,Grocery,18,3,DE,mobile,132.5,0,1,0,0,1,1
6677,4227,56.78,Online,3,6,US,desktop,15.7,1,0,1,1,0,0
6890,4515,126.79,Travel,22,3,GB,mobile,13.7,0,0,0,0,0,0
7063,4915,289.11,Travel,12,0,US,desktop,11.5,3,0,0,0,0,1
7222,3624,47.72,Online,13,3,GB,mobile,5.8,0,0,0,0,0,1
7243,1981,152.62,Online,11,4,JP,tablet,27.7,1,0,0,0,0,0
7261,1811,295.95,Food Delivery,4,6,US,desktop,20.6,1,0,1,1,0,0
7437,4240,491.1,Grocery,0,4,US,mobile,42.8,4,0,0,1,1,0
7441,1662,127.31,Travel,6,0,GB,tablet,1.2,1,0,0,0,0,0
7588,1614,77.86,Entertainment,23,6,US,desktop,13.0,2,0,1,1,0,1
7704,2110,133.23,Online,19,4,AU,tablet,7.3,1,0,0,0,0,0
7706,2466,69.44,Food Delivery,15,0,US,desktop,22.5,3,0,0,0,0,1
7818,3188,268.6,Online,1,6,US,desktop,13.9,0,0,1,1,0,0
8044,1773,102.68,Grocery,2,4,US,mobile,251.2,4,0,0,1,1,1
8068,3184,447.15,Travel,10,0,DE,mobile,14.0,2,0,0,0,0,0
8350,4156,211.42,Travel,16,1,BR,mobile,19.6,0,0,0,0,0,1
8566,3462,37.11,Grocery,18,3,FR,tablet,973.4,1,1,0,0,1,1
8655,1071,83.14,Travel,8,1,US,desktop,16.8,3,0,0,0,0,0
8703,4999,324.46,Food Delivery,15,4,JP,mobile,15.1,1,0,0,0,0,1
8778,3880,61.43,Online,8,1,US,desktop,3.6,4,0,0,0,0,0
8943,4692,370.02,Retail,6,0,DE,mobile,234.4,1,1,0,0,1,1
9153,2230,72.37,Travel,14,2,GB,tablet,11.7,1,0,0,0,0,1
9212,2287,87.09,Travel,15,1,CA,mobile,23.0,1,0,0,0,0,0
9333,3566,646.67,Entertainment,18,0,GB,mobile,4.9,2,0,0,0,0,1
9440,1594,163.33,Food Delivery,6,3,DE,mobile,25.5,1,0,0,0,0,0
9610,4259,197.47,Online,13,1,US,desktop,7.3,3,0,0,0,0,1
9756,3721,14.5,Travel,10,2,DE,tablet,14.4,1,0,0,0,0,1
9770,4439,5.0,Travel,23,5,US,desktop,16.9,1,0,1,1,0,0
9855,3625,208.39,Travel,17,4,AU,mobile,27.1,1,0,0,0,0,1
9869,2935,35.88,Travel,1,6,US,desktop,21.1,1,0,1,1,0,0
10078,4538,16.7,Online,21,3,US,desktop,14.8,3,0,0,0,0,1
10291,2289,76.07,Travel,9,0,DE,mobile,21.4,2,0,0,0,0,0
11117,2379,273.65,Entertainment,11,0,CA,tablet,6.0,0,0,0,0,0,0
11186,3338,21.89,Travel,14,3,US,desktop,27.9,3,0,0,0,0,0
11247,1656,77.88,Travel,21,2,JP,tablet,17.1,0,0,0,0,0,1
11356,3312,115.05,Travel,8,0,FR,mobile,20.6,0,0,0,0,0,0
11753,3183,49.98,Entertainment,17,0,GB,mobile,20.2,1,0,0,0,0,0
11909,3111,388.2,Food Delivery,18,4,CA,mobile,20.5,0,0,0,0,0,1
12051,1421,257.46,Online,16,2,CA,tablet,22.1,1,0,0,0,0,0
12237,3132,63.1,Online,6,4,AU,mobile,10.3,1,0,0,0,0,0
12258,3139,14.41,Food Delivery,19,3,CA,tablet,6.3,2,0,0,0,0,0
12441,2621,115.88,Grocery,23,3,US,tablet,203.7,3,0,0,1,1,0
12565,4027,52.94,Travel,11,3,CA,mobile,6.4,1,0,0,0,0,1
12892,1612,149.93,Food Delivery,17,0,CA,mobile,1.9,1,0,0,0,0,1
13073,2860,25.35,Travel,6,0,US,desktop,14.4,4,0,0,0,0,0
13201,3200,524.5,Travel,11,0,DE,mobile,5.8,1,0,0,0,0,0
13458,4007,318.66,Grocery,1,3,US,mobile,171.7,3,0,0,1,1,0
13589,1573,116.34,Retail,18,1,AU,tablet,159.1,2,1,0,0,1,0
13611,2098,38.06,Travel,22,3,US,desktop,27.0,3,0,0,0,0,0
13771,3921,54.59,Food Delivery,18,3,DE,mobile,8.0,1,0,0,0,0,1
13787,4030,383.95,Online,19,0,GB,mobile,20.4,0,0,0,0,0,0
13934,3151,614.33,Online,18,1,US,desktop,7.8,3,0,0,0,0,0
14382,3106,40.22,Travel,6,0,FR,mobile,20.4,1,0,0,0,0,0
14435,4590,78.54,Online,17,1,NG,mobile,1.4,2,0,0,0,0,0
14639,3669,40.17,Entertainment,7,4,AU,tablet,26.7,1,0,0,0,0,0
14850,3995,75.91,Travel,16,3,CA,mobile,20.2,2,0,0,0,0,0
14853,3764,153.52,Food Delivery,10,3,US,desktop,23.4,4,0,0,0,0,0
14863,3299,112.17,Travel,11,4,CA,mobile,19.9,0,0,0,0,0,0
14916,4228,46.88,Online,19,4,FR,tablet,2.3,1,0,0,0,0,0
14926,1153,12.74,Grocery,10,0,AU,tablet,105.4,1,1,0,0,1,1
15008,2775,16.59,Online,14,0,US,desktop,21.5,4,0,0,0,0,1
15165,3282,65.25,Travel,21,0,JP,mobile,12.8,2,0,0,0,0,0
15240,4378,537.05,Online,15,0,BR,mobile,2.5,0,0,0,0,0,1
15331,3423,97.95,Travel,6,1,GB,mobile,1.0,2,0,0,0,0,1
15498,2151,466.0,Online,17,1,US,desktop,25.4,3,0,0,0,0,0
15553,2795,37.17,Entertainment,9,4,JP,mobile,16.4,1,0,0,0,0,1
15597,1185,135.25,Food Delivery,21,0,BR,mobile,28.8,2,0,0,0,0,0
15738,3355,57.93,Food Delivery,18,3,US,desktop,5.1,3,0,0,0,0,0
15743,4964,97.78,Grocery,8,3,GB,mobile,305.7,1,1,0,0,1,0
15749,2843,76.9,Travel,14,4,DE,mobile,23.4,1,0,0,0,0,0
15833,3879,16.13,Entertainment,6,3,GB,mobile,21.4,1,0,0,0,0,1
15843,3699,29.29,Food Delivery,14,0,CA,mobile,4.1,0,0,0,0,0,1
15857,1877,38.07,Food Delivery,21,1,FR,mobile,13.7,0,0,0,0,0,1
16039,3307,103.03,Travel,20,2,FR,mobile,25.2,0,0,0,0,0,1
16136,2651,134.07,Food Delivery,14,3,BR,mobile,26.4,1,0,0,0,0,0
16137,4416,443.41,Grocery,2,0,US,mobile,189.8,3,0,0,1,1,0
16174,4758,49.72,Food Delivery,13,1,GB,tablet,13.8,2,0,0,0,0,0
16295,4929,175.47,Utilities,0,4,US,mobile,192.2,4,0,0,1,1,0
16520,3269,74.03,Entertainment,5,5,US,desktop,4.1,2,0,1,1,0,1
16573,1580,258.78,Online,16,1,BR,mobile,4.7,2,0,0,0,0,0
16749,2019,32.43,Entertainment,20,4,CA,tablet,15.7,0,0,0,0,0,0
16844,4371,16.38,Food Delivery,15,2,CA,mobile,12.0,2,0,0,0,0,0
16868,3581,210.34,Entertainment,7,4,AU,mobile,3.3,1,0,0,0,0,0
17212,2675,628.26,Utilities,0,4,US,mobile,72.8,3,0,0,1,1,1
17445,4354,45.51,Travel,13,1,DE,mobile,16.3,2,0,0,0,0,0
17507,1827,189.0,Travel,13,4,AU,mobile,4.0,2,0,0,0,0,0
17621,4987,65.63,Entertainment,21,0,AU,mobile,18.4,2,0,0,0,0,0
17672,1326,227.07,Online,16,2,AU,mobile,2.0,2,0,0,0,0,0
17812,1955,63.73,Food Delivery,10,2,JP,tablet,25.2,2,0,0,0,0,0
18013,4260,72.63,Food Delivery,21,3,JP,mobile,9.6,1,0,0,0,0,0
18398,2174,19.06,Online,4,5,US,desktop,27.8,1,0,1,1,0,0
18421,1039,289.35,Food Delivery,8,1,DE,mobile,23.3,1,0,0,0,0,1
18797,1044,32.38,Travel,14,1,CA,mobile,3.6,1,0,0,0,0,0
18958,2285,90.36,Online,7,0,DE,mobile,5.0,0,0,0,0,0,0
19014,3281,37.95,Online,13,2,AU,mobile,19.8,0,0,0,0,0,0
19461,3811,17.5,Online,11,0,CA,mobile,22.6,0,0,0,0,0,1
19480,3638,143.19,Grocery,17,3,AU,tablet,46.4,2,1,0,0,1,1
19642,4279,112.91,Online,2,5,US,desktop,10.1,1,0,1,1,0,0
19679,3041,12.09,Entertainment,8,4,GB,mobile,4.4,1,0,0,0,0,1
19867,1296,57.81,Travel,21,2,AU,mobile,29.0,1,0,0,0,0,0
19979,3232,16.39,Online,18,3,AU,mobile,2.0,1,0,0,0,0,0
98,3729,12.46,Grocery,13,0,US,tablet,41.4,4,1,0,0,0,1
609,4867,33.91,Entertainment,8,5,CA,mobile,73.9,1,0,1,0,1,1
637,1941,61.89,Retail,5,5,JP,mobile,10.9,2,0,1,1,0,1
828,4588,121.49,Utilities,4,5,CA,mobile,13.0,0,0,1,1,0,1
1117,4982,71.16,Online,7,5,DE,tablet,118.1,1,0,1,0,1,1
1130,3596,91.15,Health,0,5,DE,mobile,23.2,1,0,1,1,0,1
1290,3487,21.02,Grocery,20,3,US,mobile,45.8,3,1,0,0,0,0
1412,3245,65.6,Grocery,3,6,US,mobile,355.1,2,1,1,1,0,1
1458,2820,141.8,Retail,3,6,US,mobile,429.4,1,1,1,1,0,1
1468,2538,51.88,Utilities,0,5,NG,mobile,14.4,2,0,1,1,0,0
1501,3118,197.55,Travel,19,5,GB,mobile,48.8,1,0,1,0,1,0
1657,4389,146.61,Travel,15,5,US,desktop,86.5,4,0,1,0,1,0
1674,4033,33.7,Travel,21,6,DE,mobile,108.3,1,0,1,0,1,0
1960,1748,23.12,Grocery,0,6,US,tablet,162.1,2,1,1,1,0,0
2148,4743,59.68,Travel,20,5,AU,mobile,608.8,1,0,1,0,1,1
2226,3478,59.04,Food Delivery,11,6,GB,mobile,184.2,0,0,1,0,1,0
2285,3724,466.85,Travel,15,6,FR,mobile,331.1,2,0,1,0,1,0
2466,1781,53.62,Retail,12,3,US,mobile,214.6,3,1,0,0,0,1
2529,1345,222.96,Grocery,2,6,BR,tablet,21.6,2,0,1,1,0,1
2557,4194,39.48,Retail,2,6,JP,tablet,26.3,1,0,1,1,0,0
2587,2479,108.31,Food Delivery,11,5,GB,mobile,376.9,1,0,1,0,1,1
2788,1239,61.72,Entertainment,9,5,GB,mobile,204.6,0,0,1,0,1,1
2823,1507,209.45,Grocery,7,1,US,mobile,111.8,3,1,0,0,0,0
3235,3287,51.25,Grocery,3,6,GB,tablet,16.1,2,0,1,1,0,0
3632,3183,15.31,Retail,12,0,US,tablet,47.3,4,1,0,0,0,0
3659,2339,66.53,Grocery,11,3,US,mobile,211.1,4,1,0,0,0,0
4024,2146,153.23,Entertainment,6,6,US,desktop,204.2,3,0,1,0,1,1
4047,2808,35.89,Travel,15,6,CA,mobile,156.6,1,0,1,0,1,0
4223,4301,327.19,Retail,12,1,US,mobile,534.0,3,1,0,0,0,0
4303,1533,122.55,Retail,4,5,US,mobile,186.8,1,1,1,1,0,1
4320,1169,300.04,Retail,0,5,DE,mobile,5.3,0,0,1,1,0,0
4447,2230,71.33,Grocery,10,2,US,mobile,497.6,3,1,0,0,0,0
4650,2050,70.59,Food Delivery,15,5,FR,mobile,64.5,0,0,1,0,1,0
4674,4472,11.3,Retail,17,1,US,mobile,82.8,3,1,0,0,0,1
4676,2478,148.36,Health,0,5,US,tablet,163.8,1,1,1,1,0,1
4693,4961,115.19,Grocery,1,6,US,mobile,300.8,0,1,1,1,0,0
4859,2048,759.77,Utilities,21,2,US,tablet,135.8,4,1,0,0,0,1
4921,4905,370.4,Retail,5,6,US,mobile,200.5,0,1,1,1,0,1
4944,4456,90.26,Health,0,6,CA,mobile,4.2,2,0,1,1,0,0
4963,4942,131.72,Food Delivery,17,6,CA,mobile,186.6,1,0,1,0,1,0
5199,3273,40.97,Grocery,8,3,US,mobile,138.2,4,1,0,0,0,0
5414,4569,367.3,Entertainment,13,6,CA,tablet,101.7,2,0,1,0,1,1
5453,4371,128.95,Retail,9,1,US,mobile,132.3,3,1,0,0,0,0
5572,3767,1162.71,Retail,5,0,US,mobile,73.7,1,0,0,1,0,1
5771,2323,201.61,Grocery,7,2,US,tablet,138.0,3,1,0,0,0,0
5967,3872,81.3,Food Delivery,18,5,JP,mobile,194.3,2,0,1,0,1,1
6149,1386,114.95,Retail,17,1,US,mobile,147.2,3,1,0,0,0,0
6210,3563,66.32,Retail,1,6,US,mobile,114.4,2,1,1,1,0,0
6293,1135,212.25,Grocery,16,4,US,tablet,248.9,3,1,0,0,0,1
6350,3712,74.04,Online,19,6,JP,tablet,374.8,1,0,1,0,1,0
6569,1640,424.83,Food Delivery,7,5,GB,mobile,709.7,1,0,1,0,1,0
6770,1810,19.35,Travel,19,5,BR,tablet,66.3,1,0,1,0,1,0
7083,3930,439.17,Grocery,18,0,US,mobile,63.1,3,1,0,0,0,1
7512,2375,888.5,Retail,3,6,AU,tablet,2.5,2,0,1,1,0,0
7980,4985,65.08,Grocery,3,5,BR,mobile,20.0,2,0,1,1,0,0
8025,1757,17.4,Travel,16,6,GB,tablet,225.8,1,0,1,0,1,0
8112,4398,401.01,Retail,2,6,FR,mobile,15.4,1,0,1,1,0,0
8176,3468,474.3,Food Delivery,6,6,GB,mobile,100.8,2,0,1,0,1,0
8201,2759,62.04,Retail,5,5,US,mobile,123.5,0,1,1,1,0,1
8358,3615,67.4,Health,4,5,US,mobile,650.1,0,1,1,1,0,1
8658,4360,41.57,Grocery,6,2,US,mobile,790.9,3,1,0,0,0,1
8830,2028,33.55,Retail,5,6,US,mobile,86.7,1,1,1,1,0,0
9041,3934,214.16,Health,9,0,US,mobile,152.4,3,1,0,0,0,1
9082,1194,208.04,Retail,3,6,US,mobile,30.5,1,1,1,1,0,0
9363,4756,69.45,Grocery,2,5,GB,mobile,27.8,0,0,1,1,0,1
9576,3998,125.12,Online,16,5,CA,mobile,203.6,1,0,1,0,1,0
9586,2096,104.79,Grocery,0,6,US,mobile,147.5,0,1,1,1,0,0
9609,2890,1039.83,Retail,23,3,US,tablet,50.8,0,0,0,1,0,0
9705,1296,100.34,Grocery,2,6,GB,mobile,17.3,2,0,1,1,0,0
9899,3629,57.28,Food Delivery,7,5,NG,mobile,199.8,0,0,1,0,1,0
9917,1320,123.42,Retail,0,6,US,tablet,59.9,1,1,1,1,0,0
10164,3325,80.55,Grocery,19,3,US,mobile,72.6,4,1,0,0,0,0
10251,3332,67.87,Travel,22,5,BR,mobile,146.9,2,0,1,0,1,1
10392,4896,79.91,Travel,21,5,GB,mobile,112.5,1,0,1,0,1,0
10689,4396,348.64,Travel,11,6,DE,mobile,544.5,2,0,1,0,1,0
11022,1404,59.99,Health,17,4,US,mobile,413.1,4,1,0,0,0,1
11035,2931,48.08,Grocery,2,6,US,mobile,175.3,1,1,1,1,0,1
11107,3469,220.09,Entertainment,22,5,AU,mobile,55.1,0,0,1,0,1,0
11270,1452,51.17,Grocery,0,6,US,mobile,281.8,0,1,1,1,0,0
11549,2287,29.34,Online,16,6,JP,mobile,813.5,0,0,1,0,1,0
11711,3492,1665.45,Retail,23,3,US,tablet,188.3,1,0,0,1,0,0
11894,1228,28.45,Grocery,18,3,US,mobile,487.9,5,1,0,0,0,0
12026,1040,8.6,Utilities,2,6,AU,mobile,6.3,0,0,1,1,0,1
12248,2366,175.53,Online,15,5,CA,mobile,498.0,2,0,1,0,1,0
12586,4631,97.87,Health,0,5,US,mobile,38.8,2,1,1,1,0,0
12668,2877,80.88,Grocery,10,2,US,tablet,102.7,3,1,0,0,0,0
12718,3031,52.04,Travel,21,5,BR,mobile,256.6,2,0,1,0,1,1
12877,4485,1328.19,Retail,2,4,US,mobile,115.0,0,0,0,1,0,0
13001,3694,207.4,Grocery,7,4,US,mobile,391.0,4,1,0,0,0,0
13572,3019,40.08,Retail,10,3,US,mobile,199.5,3,1,0,0,0,0
13585,1299,823.06,Entertainment,10,6,US,desktop,67.0,3,0,1,0,1,0
13695,1307,1051.18,Health,9,5,US,mobile,1.0,2,0,1,0,0,1
13736,1173,26.82,Entertainment,7,5,GB,tablet,110.6,0,0,1,0,1,1
13834,2397,294.97,Food Delivery,20,5,BR,mobile,348.2,2,0,1,0,1,0
14088,1928,159.37,Health,2,6,US,mobile,60.8,2,1,1,1,0,1
14140,3831,116.54,Retail,1,5,US,mobile,50.9,1,1,1,1,0,0
14505,2170,71.56,Grocery,9,2,US,mobile,144.9,3,1,0,0,0,0
14755,4836,52.74,Grocery,1,6,CA,mobile,16.2,1,0,1,1,0,0
14948,2843,1120.52,Grocery,4,1,US,mobile,66.7,0,0,0,1,0,0
14952,3085,102.8,Retail,16,0,US,mobile,50.1,3,1,0,0,0,0
15053,3287,162.52,Retail,5,5,NG,mobile,2.7,1,0,1,1,0,1
15308,1162,156.05,Food Delivery,17,5,CA,mobile,330.4,1,0,1,0,1,1
15561,1309,109.89,Online,6,6,BR,tablet,100.8,0,0,1,0,1,0
15696,2145,42.34,Retail,19,4,US,mobile,376.2,3,1,0,0,0,1
15741,4432,86.97,Retail,4,6,US,mobile,289.5,1,1,1,1,0,0
15778,3824,235.42,Retail,1,6,US,mobile,126.6,2,1,1,1,0,0
15891,1539,14.04,Travel,18,6,BR,mobile,77.5,1,0,1,0,1,1
16285,2374,13.35,Grocery,4,6,US,mobile,155.3,0,1,1,1,0,0
16709,3093,1437.86,Grocery,11,5,US,mobile,6.5,1,0,1,0,0,0
17325,4696,126.51,Retail,10,1,US,mobile,189.9,4,1,0,0,0,0
17349,2472,284.71,Grocery,3,6,CA,mobile,5.5,1,0,1,1,0,1
17385,1768,119.07,Utilities,3,6,US,mobile,247.7,0,1,1,1,0,0
17517,1638,225.82,Grocery,2,5,GB,tablet,1.0,1,0,1,1,0,0
17804,4605,86.61,Online,15,5,JP,mobile,250.4,2,0,1,0,1,1
18027,1251,281.4,Health,6,4,US,mobile,276.4,3,1,0,0,0,1
18310,2880,51.15,Retail,22,3,US,mobile,240.6,3,1,0,0,0,0
18546,4686,267.37,Retail,19,2,US,mobile,201.2,4,1,0,0,0,0
18574,4490,219.71,Retail,22,3,US,mobile,111.1,4,1,0,0,0,0
18630,1686,1281.15,Grocery,0,2,US,mobile,556.2,1,0,0,1,0,1
18757,1584,56.98,Grocery,14,1,US,tablet,143.9,3,1,0,0,0,0
18805,2715,273.36,Retail,6,1,US,mobile,177.4,3,1,0,0,0,1
18989,3667,40.95,Online,19,5,US,desktop,75.8,3,0,1,0,1,1
19627,3604,60.95,Online,20,5,US,desktop,197.5,3,0,1,0,1,0
19676,2884,29.31,Utilities,13,2,US,tablet,363.1,6,1,0,0,0,0
19949,3650,683.27,Online,15,5,DE,mobile,60.5,2,0,1,0,1,0
19950,3569,27.22,Online,17,5,US,desktop,410.2,3,0,1,0,1,0
304,4584,128.88,Grocery,0,3,NG,desktop,129.3,0,1,0,1,0,1
488,3123,76.35,Retail,12,4,JP,mobile,17.8,4,0,0,0,0,0
890,2083,148.81,Retail,10,1,AU,mobile,11.5,3,0,0,0,0,0
1384,4587,54.14,Retail,16,0,AU,tablet,16.5,4,0,0,0,0,0
1438,3611,21.58,Health,0,2,JP,desktop,99.8,1,1,0,1,0,0
1626,4972,112.8,Grocery,21,2,CA,tablet,14.4,3,0,0,0,0,0
1644,3378,51.46,Utilities,2,2,DE,desktop,500.1,1,1,0,1,0,1
1714,3933,130.35,Grocery,10,6,BR,desktop,22.6,1,1,1,0,0,0
1794,2112,70.76,Grocery,2,3,BR,desktop,160.9,0,1,0,1,0,0
2228,4731,79.13,Retail,6,2,DE,mobile,17.8,3,0,0,0,0,0
2525,1249,88.88,Grocery,7,2,FR,tablet,21.9,3,0,0,0,0,1
3373,2234,539.58,Health,0,1,DE,desktop,100.5,2,1,0,1,0,1
3701,1612,20.88,Grocery,1,1,FR,desktop,288.5,0,1,0,1,0,1
3748,4940,142.27,Grocery,1,6,US,desktop,5.6,5,0,1,1,0,0
3827,2348,100.85,Retail,16,2,CA,mobile,18.6,3,0,0,0,0,1
4199,4810,50.91,Health,18,2,GB,tablet,5.0,3,0,0,0,0,0
4256,2311,243.91,Retail,21,6,BR,desktop,21.8,1,1,1,0,0,0
4619,3532,38.74,Retail,0,0,GB,desktop,590.7,2,1,0,1,0,0
4673,1842,269.33,Grocery,0,4,JP,desktop,47.2,1,1,0,1,0,0
4726,2910,442.25,Retail,13,6,CA,desktop,25.5,2,1,1,0,0,1
4831,2393,37.55,Grocery,1,3,DE,desktop,238.5,2,1,0,1,0,0
4885,1025,41.7,Grocery,9,1,AU,mobile,11.3,3,0,0,0,0,0
5056,4609,43.45,Grocery,1,2,JP,desktop,620.2,0,1,0,1,0,0
5078,1049,48.12,Grocery,17,4,GB,mobile,16.0,3,0,0,0,0,0
5854,3736,173.27,Retail,9,0,CA,mobile,21.6,3,0,0,0,0,0
5865,4652,591.29,Grocery,3,2,CA,desktop,345.4,0,1,0,1,0,0
5934,2281,64.05,Grocery,1,4,CA,desktop,1036.8,1,1,0,1,0,0
6462,2757,1403.0,Grocery,20,4,US,desktop,161.2,1,1,0,0,0,0
6464,1448,74.39,Grocery,6,0,CA,mobile,7.2,3,0,0,0,0,1
6555,2665,121.43,Grocery,13,2,GB,mobile,24.3,3,0,0,0,0,0
6575,1546,263.32,Retail,6,1,GB,mobile,3.1,4,0,0,0,0,1
6700,2570,347.63,Grocery,4,4,GB,desktop,48.4,0,1,0,1,0,0
6780,2074,505.1,Travel,2,3,US,desktop,1.6,1,0,0,1,1,0
7101,2838,235.86,Retail,0,1,CA,desktop,223.9,1,1,0,1,0,0
7166,2606,127.74,Grocery,6,2,GB,mobile,1.0,3,0,0,0,0,0
7495,4444,59.38,Retail,6,3,CA,tablet,12.4,3,0,0,0,0,1
7623,4362,24.52,Grocery,3,2,FR,desktop,113.8,0,1,0,1,0,0
7631,2240,33.47,Retail,13,3,FR,tablet,28.5,4,0,0,0,0,1
7675,4942,81.34,Grocery,0,2,GB,desktop,226.2,0,1,0,1,0,0
7691,4556,312.53,Retail,16,5,NG,desktop,3.1,1,1,1,0,0,1
7890,1711,118.94,Retail,3,4,CA,desktop,193.7,1,1,0,1,0,0
8024,1689,46.13,Health,18,2,AU,mobile,20.3,4,0,0,0,0,1
8429,3239,41.53,Retail,0,3,FR,desktop,48.6,1,1,0,1,0,1
8683,1071,259.87,Grocery,3,2,GB,desktop,950.4,2,1,0,1,0,0
8752,1678,116.22,Health,22,0,AU,tablet,18.1,3,0,0,0,0,1
8783,1488,151.05,Retail,18,3,GB,mobile,18.2,4,0,0,0,0,0
8908,3641,112.98,Retail,21,0,DE,mobile,25.6,3,0,0,0,0,0
9025,4436,180.46,Grocery,2,1,FR,desktop,180.0,0,1,0,1,0,0
9075,2675,92.77,Grocery,2,0,AU,desktop,357.4,1,1,0,1,0,0
9119,2470,270.21,Retail,23,0,JP,desktop,75.8,1,1,0,1,0,0
9396,2913,47.24,Health,4,6,US,desktop,8.9,3,0,1,1,0,0
9707,2277,211.8,Retail,23,5,US,desktop,9.6,3,0,1,1,0,0
10133,4925,217.29,Utilities,18,5,GB,desktop,16.0,0,1,1,0,0,0
10463,1074,137.68,Retail,1,6,US,desktop,15.9,4,0,1,1,0,0
10638,2627,30.67,Retail,19,1,GB,mobile,29.2,3,0,0,0,0,1
10754,2022,127.78,Grocery,14,1,CA,mobile,5.4,3,0,0,0,0,0
11293,4078,128.84,Retail,22,4,BR,tablet,3.6,4,0,0,0,0,1
11348,3196,93.11,Retail,7,2,AU,mobile,28.5,3,0,0,0,0,0
11376,1781,324.36,Retail,5,3,GB,desktop,121.8,1,1,0,1,0,0
11601,4563,28.72,Retail,23,2,GB,desktop,119.7,0,1,0,1,0,0
11988,4631,22.84,Grocery,4,0,NG,desktop,111.6,1,1,0,1,0,0
12557,1765,44.03,Retail,15,3,FR,mobile,26.6,4,0,0,0,0,1
13138,3466,52.92,Retail,3,1,BR,desktop,110.7,1,1,0,1,0,0
13332,3862,159.17,Health,3,4,DE,desktop,242.9,1,1,0,1,0,0
13502,1067,177.32,Health,5,3,BR,desktop,135.0,2,1,0,1,0,1
13567,2172,268.65,Grocery,3,5,US,desktop,29.3,4,0,1,1,0,0
13600,1632,106.45,Retail,2,4,FR,desktop,324.4,2,1,0,1,0,0
13652,3233,40.41,Retail,23,2,NG,desktop,78.9,2,1,0,1,0,1
13940,3269,181.0,Retail,10,3,DE,tablet,12.1,4,0,0,0,0,1
14055,1319,57.46,Health,3,4,GB,desktop,104.2,2,1,0,1,0,1
14076,3954,92.2,Grocery,21,4,DE,mobile,2.0,5,0,0,0,0,0
14280,1624,483.77,Grocery,23,4,CA,desktop,166.8,2,1,0,1,0,0
14553,1326,124.94,Retail,2,1,NG,desktop,35.2,1,1,0,1,0,0
15074,3030,79.68,Retail,11,0,JP,mobile,4.8,3,0,0,0,0,1
15213,3757,199.94,Retail,4,0,JP,desktop,146.2,0,1,0,1,0,1
15254,4790,100.13,Grocery,7,5,CA,desktop,22.0,2,1,1,0,0,1
15437,4008,91.9,Retail,6,4,GB,mobile,1.0,3,0,0,0,0,1
15624,3355,19.2,Utilities,5,3,GB,desktop,188.4,1,1,0,1,0,0
16066,3258,1585.68,Retail,15,2,CA,desktop,10.9,0,0,0,0,0,0
16272,2677,25.0,Retail,22,6,DE,desktop,25.6,1,1,1,0,0,0
16653,4416,55.87,Grocery,16,1,DE,tablet,11.4,3,0,0,0,0,0
16691,1841,49.01,Health,5,2,BR,desktop,407.0,1,1,0,1,0,0
16711,3566,150.01,Grocery,14,0,GB,tablet,24.1,4,0,0,0,0,1
16836,4427,256.61,Retail,3,5,US,desktop,11.8,4,0,1,1,0,1
16931,3311,195.11,Travel,5,0,US,desktop,1.9,0,0,0,1,1,0
17447,2172,27.03,Retail,8,3,GB,mobile,10.0,3,0,0,0,0,1
17522,3382,76.75,Retail,22,5,AU,desktop,17.9,1,1,1,0,0,1
17810,4790,331.79,Retail,2,4,CA,desktop,368.7,0,1,0,1,0,1
17866,1565,235.12,Health,9,4,GB,tablet,5.9,3,0,0,0,0,0
17981,1639,137.56,Retail,8,2,CA,mobile,22.9,3,0,0,0,0,0
18504,2371,126.97,Retail,14,0,DE,mobile,8.1,3,0,0,0,0,0
18792,3678,102.53,Grocery,4,0,GB,desktop,100.0,2,1,0,1,0,0
19127,2817,26.01,Retail,5,6,US,desktop,22.4,5,0,1,1,0,0
19575,3394,154.63,Retail,21,1,CA,tablet,28.2,4,0,0,0,0,1
19737,2322,10.74,Grocery,12,4,JP,mobile,3.1,3,0,0,0,0,0
19739,1362,109.84,Utilities,8,3,BR,mobile,16.9,4,0,0,0,0,0
19911,3477,246.36,Retail,15,2,CA,mobile,11.7,3,0,0,0,0,0
115,3022,72.12,Entertainment,4,5,GB,desktop,187.1,1,0,1,1,0,1
284,2962,27.64,Food Delivery,18,5,US,mobile,54.9,4,0,1,0,0,0
290,2893,40.06,Travel,12,5,US,mobile,244.8,3,0,1,0,0,0
353,2195,62.38,Online,19,6,US,mobile,55.7,4,0,1,0,0,0
430,3861,85.23,Online,11,5,US,tablet,136.7,3,0,1,0,0,0
436,1495,526.03,Online,1,6,CA,desktop,164.9,2,0,1,1,0,0
818,1425,38.75,Online,21,5,US,tablet,193.2,4,0,1,0,0,1
940,3033,155.69,Online,0,5,BR,desktop,259.8,0,0,1,1,0,0
1066,2551,7.91,Food Delivery,10,6,US,mobile,67.5,3,0,1,0,0,0
1628,3338,142.97,Online,0,5,DE,desktop,93.5,1,0,1,1,0,0
1692,4558,26.48,Travel,21,5,US,mobile,184.6,4,0,1,0,0,0
1722,3966,211.48,Travel,6,6,US,mobile,41.3,3,0,1,0,0,0
1775,4075,303.87,Online,13,6,US,tablet,39.8,3,0,1,0,0,1
1861,3959,13.92,Grocery,10,6,US,mobile,1.0,2,1,1,0,1,0
1961,4358,408.8,Travel,0,5,CA,desktop,103.5,1,0,1,1,0,0
2221,4783,66.6,Online,14,5,US,mobile,289.9,4,0,1,0,0,0
2298,2965,19.2,Travel,1,6,AU,desktop,215.0,0,0,1,1,0,1
2353,3857,111.76,Travel,8,5,US,mobile,63.7,3,0,1,0,0,1
2412,1197,13.04,Online,7,5,US,tablet,183.1,3,0,1,0,0,0
2468,3718,202.26,Online,1,5,GB,desktop,397.9,1,0,1,1,0,0
2685,3021,655.04,Retail,23,0,US,mobile,40.4,0,1,0,1,1,0
2873,4273,30.74,Entertainment,22,5,US,tablet,115.9,3,0,1,0,0,0
2935,4231,114.85,Travel,16,5,US,tablet,191.7,3,0,1,0,0,1
3125,2764,90.17,Entertainment,18,6,US,mobile,389.6,3,0,1,0,0,1
3308,1540,31.52,Travel,5,6,NG,desktop,395.9,1,0,1,1,0,1
3344,3475,364.1,Food Delivery,3,6,GB,desktop,173.7,2,0,1,1,0,1
3489,2770,36.93,Travel,21,5,US,mobile,50.7,3,0,1,0,0,0
3710,4398,39.24,Food Delivery,4,6,AU,desktop,108.8,1,0,1,1,0,0
3840,4812,430.83,Online,7,6,US,mobile,150.5,3,0,1,0,0,1
4002,4370,242.33,Utilities,5,1,JP,mobile,19.8,1,0,0,1,1,0
4107,1411,48.56,Food Delivery,5,5,CA,desktop,41.1,1,0,1,1,0,0
4132,4720,333.74,Travel,11,5,US,mobile,207.6,3,0,1,0,0,0
4375,2213,76.88,Food Delivery,14,5,US,mobile,64.0,4,0,1,0,0,0
4557,1622,215.08,Entertainment,23,5,JP,desktop,301.8,0,0,1,1,0,1
4654,1835,107.95,Food Delivery,15,6,US,mobile,82.9,5,0,1,0,0,0
4781,4397,632.85,Online,6,6,US,mobile,32.3,3,0,1,0,0,1
4970,4262,71.7,Entertainment,3,5,JP,desktop,51.4,1,0,1,1,0,0
4977,3293,156.27,Grocery,20,5,AU,tablet,410.7,4,0,1,0,1,1
5331,3252,120.76,Online,10,6,US,mobile,159.2,3,0,1,0,0,0
5369,3660,76.88,Retail,5,4,FR,mobile,6.4,2,0,0,1,1,0
5436,4963,13.32,Retail,1,4,US,mobile,156.1,2,1,0,1,1,0
5546,4549,102.82,Travel,2,5,DE,desktop,111.1,0,0,1,1,0,0
5596,2413,41.38,Online,9,5,US,mobile,56.9,3,0,1,0,0,1
5704,2725,112.04,Food Delivery,3,5,CA,desktop,289.7,1,0,1,1,0,1
5862,3377,391.4,Online,5,5,GB,desktop,50.9,0,0,1,1,0,0
5954,3615,35.93,Travel,0,5,CA,desktop,301.3,0,0,1,1,0,0
6046,2896,55.44,Health,1,1,US,mobile,56.1,1,1,0,1,1,1
6071,1515,71.3,Retail,0,3,US,mobile,62.5,2,1,0,1,1,1
6077,2206,24.86,Retail,1,2,GB,tablet,3.0,2,0,0,1,1,1
6107,1102,48.35,Online,1,6,CA,desktop,323.7,0,0,1,1,0,0
6239,4990,59.17,Food Delivery,18,6,US,mobile,113.0,4,0,1,0,0,0
6344,3687,186.84,Travel,21,6,US,mobile,190.3,3,0,1,0,0,0
6633,1769,20.03,Travel,21,6,US,mobile,439.7,3,0,1,0,0,1
6748,1652,117.3,Online,23,6,DE,desktop,82.2,2,0,1,1,0,0
7040,4061,63.88,Food Delivery,20,2,US,desktop,21.2,1,1,0,0,0,1
7214,1572,73.44,Food Delivery,21,2,US,desktop,29.4,2,1,0,0,0,1
7230,3410,70.34,Online,23,6,JP,desktop,79.0,2,0,1,1,0,0
7541,3622,134.54,Retail,20,5,CA,mobile,607.5,5,0,1,0,1,0
7635,1315,67.4,Food Delivery,4,6,CA,desktop,38.4,1,0,1,1,0,1
7658,4742,302.35,Entertainment,19,6,US,mobile,325.4,4,0,1,0,0,0
7681,2428,95.49,Entertainment,8,0,US,desktop,20.3,0,1,0,0,0,1
7751,3567,54.41,Travel,18,5,US,mobile,353.2,3,0,1,0,0,0
7761,2427,88.36,Online,16,5,US,mobile,83.2,4,0,1,0,0,0
7840,2722,173.71,Travel,0,5,FR,desktop,35.2,1,0,1,1,0,1
7951,3502,468.01,Entertainment,9,5,US,mobile,211.9,3,0,1,0,0,1
8017,2633,117.33,Travel,8,2,US,desktop,22.5,2,1,0,0,0,0
8066,3561,93.36,Food Delivery,1,5,DE,desktop,92.2,1,0,1,1,0,0
8120,4200,174.18,Travel,17,5,US,mobile,35.1,3,0,1,0,0,1
8178,1292,76.99,Travel,21,6,US,mobile,438.8,3,0,1,0,0,0
8294,1124,16.2,Food Delivery,18,6,US,mobile,71.6,3,0,1,0,0,1
8530,3743,69.24,Online,22,5,US,mobile,200.0,3,0,1,0,0,1
8615,1718,164.09,Food Delivery,18,5,US,mobile,202.6,3,0,1,0,0,0
8672,1281,44.23,Entertainment,23,6,GB,desktop,53.0,1,0,1,1,0,0
8676,1099,343.1,Entertainment,1,5,FR,desktop,166.8,2,0,1,1,0,1
8678,3045,26.45,Travel,2,6,AU,desktop,96.6,0,0,1,1,0,1
8804,3986,46.15,Travel,16,6,US,tablet,114.9,3,0,1,0,0,1
8805,3037,206.61,Online,5,6,FR,desktop,99.7,2,0,1,1,0,0
9008,2841,31.82,Food Delivery,12,5,US,mobile,519.9,3,0,1,0,0,1
9037,3468,315.49,Online,17,6,US,tablet,475.4,3,0,1,0,0,0
9465,1496,177.74,Grocery,23,0,NG,tablet,7.5,2,0,0,1,1,0
9502,1786,19.21,Food Delivery,0,6,CA,desktop,38.8,1,0,1,1,0,1
9802,2995,122.34,Online,17,5,US,mobile,187.4,4,0,1,0,0,0
9879,3109,124.16,Entertainment,5,5,AU,desktop,683.3,2,0,1,1,0,0
10062,1029,172.27,Food Delivery,23,5,FR,desktop,61.0,1,0,1,1,0,0
10063,4400,70.38,Retail,8,5,DE,mobile,279.3,3,0,1,0,1,1
10118,3410,87.59,Food Delivery,20,3,US,desktop,11.2,1,1,0,0,0,1
10120,1221,398.66,Food Delivery,23,5,JP,desktop,72.4,0,0,1,1,0,0
10211,1875,129.91,Travel,8,6,US,mobile,63.9,3,0,1,0,0,0
10260,4906,38.05,Food Delivery,20,5,US,tablet,598.3,4,0,1,0,0,0
10295,4100,117.5,Online,20,5,US,mobile,75.5,3,0,1,0,0,0
10313,2680,144.98,Online,4,5,GB,desktop,215.5,2,0,1,1,0,1
10325,3005,69.67,Online,4,6,NG,desktop,163.5,0,0,1,1,0,0
10390,4521,5.0,Food Delivery,4,6,AU,desktop,92.3,1,0,1,1,0,0
10452,2769,198.45,Online,8,6,US,mobile,109.6,5,0,1,0,0,0
10514,3408,32.28,Entertainment,3,5,JP,desktop,57.0,1,0,1,1,0,1
10517,4301,120.52,Travel,3,5,AU,desktop,434.4,0,0,1,1,0,1
10534,2311,100.24,Online,4,5,CA,desktop,94.8,1,0,1,1,0,1
10595,3578,152.5,Travel,9,5,US,mobile,336.8,5,0,1,0,0,1
10660,2375,293.31,Online,16,3,US,desktop,5.5,0,1,0,0,0,1
10733,1948,62.31,Food Delivery,1,6,GB,desktop,168.5,1,0,1,1,0,1
10743,2960,33.17,Food Delivery,7,5,US,tablet,98.0,4,0,1,0,0,1
10816,1653,78.36,Entertainment,22,2,US,desktop,4.5,1,1,0,0,0,1
10860,3404,50.11,Entertainment,14,5,US,mobile,37.7,4,0,1,0,0,0
10946,4777,64.9,Food Delivery,13,6,US,mobile,298.1,3,0,1,0,0,0
10982,2250,47.66,Entertainment,5,5,CA,desktop,38.3,2,0,1,1,0,0
10984,3652,94.15,Food Delivery,0,6,FR,desktop,690.5,1,0,1,1,0,1
10990,4441,209.6,Entertainment,3,6,BR,desktop,56.4,1,0,1,1,0,0
11095,3837,38.84,Food Delivery,10,6,US,mobile,295.5,3,0,1,0,0,0
11103,4888,688.61,Food Delivery,23,5,FR,desktop,102.6,0,0,1,1,0,1
11178,2958,198.24,Travel,2,5,AU,desktop,106.2,1,0,1,1,0,1
11282,2565,513.35,Online,10,1,US,desktop,27.5,2,1,0,0,0,0
11389,1660,228.63,Grocery,23,0,US,mobile,271.9,2,1,0,1,1,0
11424,3201,55.48,Travel,0,6,CA,desktop,53.8,2,0,1,1,0,0
11450,4201,244.87,Online,10,6,US,mobile,91.8,6,0,1,0,0,0
11471,2955,71.05,Travel,11,5,US,tablet,53.4,3,0,1,0,0,0
11614,3821,91.95,Food Delivery,12,6,US,tablet,36.2,3,0,1,0,0,0
11680,1793,96.17,Food Delivery,8,6,US,mobile,72.8,3,0,1,0,0,0
11754,3429,68.57,Food Delivery,23,6,DE,desktop,253.8,1,0,1,1,0,0
11865,4416,38.09,Travel,23,6,CA,desktop,116.4,0,0,1,1,0,0
11893,1671,163.08,Grocery,3,4,DE,mobile,21.7,2,0,0,1,1,0
11958,1641,98.05,Online,22,5,US,mobile,58.5,3,0,1,0,0,1
11975,2614,79.68,Food Delivery,18,0,US,desktop,11.3,0,1,0,0,0,0
12099,2740,46.59,Online,6,5,US,mobile,702.7,5,0,1,0,0,0
12216,1517,337.78,Online,2,5,JP,desktop,46.1,1,0,1,1,0,1
12253,3034,113.18,Online,3,6,DE,desktop,46.3,1,0,1,1,0,0
12323,1023,78.51,Grocery,2,1,CA,tablet,21.8,1,0,0,1,1,0
12375,1519,57.55,Food Delivery,10,6,US,tablet,30.2,3,0,1,0,0,1
12376,2050,263.11,Online,1,6,FR,desktop,31.3,0,0,1,1,0,0
12448,1583,48.81,Travel,11,0,US,desktop,20.2,0,1,0,0,0,1
12487,1669,235.12,Health,19,6,JP,mobile,104.6,3,0,1,0,1,1
12571,1779,18.2,Travel,23,5,BR,desktop,278.8,1,0,1,1,0,0
12803,2258,93.25,Travel,4,5,GB,desktop,348.4,1,0,1,1,0,0
13030,1598,94.28,Food Delivery,3,6,GB,desktop,777.5,2,0,1,1,0,0
13437,3100,191.52,Entertainment,4,5,DE,desktop,106.6,1,0,1,1,0,0
13459,1289,174.62,Grocery,0,1,FR,mobile,26.4,0,0,0,1,1,1
13640,4876,36.0,Travel,3,6,AU,desktop,193.6,1,0,1,1,0,0
13667,4169,573.12,Food Delivery,10,6,US,tablet,52.6,3,0,1,0,0,0
13838,2121,251.94,Grocery,0,1,US,mobile,77.1,1,1,0,1,1,0
13901,4933,182.46,Online,12,5,US,mobile,83.0,4,0,1,0,0,0
14184,3295,50.42,Travel,4,6,DE,desktop,140.5,2,0,1,1,0,0
14394,1522,88.37,Retail,20,6,FR,tablet,193.7,3,0,1,0,1,0
14418,1694,198.02,Travel,15,2,US,desktop,13.3,1,1,0,0,0,1
14474,2458,171.29,Food Delivery,4,5,DE,desktop,117.4,0,0,1,1,0,0
14974,2057,64.37,Food Delivery,23,6,JP,desktop,38.7,2,0,1,1,0,1
15048,1667,11.71,Travel,20,0,US,desktop,14.1,0,1,0,0,0,0
15101,2265,5.01,Travel,15,6,US,tablet,167.2,3,0,1,0,0,0
15246,1425,131.76,Travel,15,5,US,mobile,230.5,3,0,1,0,0,0
15259,2523,75.0,Travel,22,5,US,tablet,266.1,3,0,1,0,0,0
15278,3290,201.31,Food Delivery,15,6,US,mobile,30.1,3,0,1,0,0,0
15480,2762,122.05,Online,14,6,US,tablet,60.3,3,0,1,0,0,0
15842,3606,122.79,Travel,4,5,BR,desktop,295.7,0,0,1,1,0,0
15884,2450,60.03,Food Delivery,2,6,CA,desktop,172.5,0,0,1,1,0,0
15900,4617,52.07,Online,0,6,JP,desktop,216.6,1,0,1,1,0,1
16044,2054,93.02,Food Delivery,3,5,DE,desktop,72.9,1,0,1,1,0,0
16093,3725,25.25,Food Delivery,6,5,US,tablet,33.6,3,0,1,0,0,1
16115,2578,493.28,Travel,17,5,US,mobile,203.8,3,0,1,0,0,0
16164,3461,329.98,Online,1,6,AU,desktop,79.4,1,0,1,1,0,0
16369,3139,153.29,Food Delivery,4,5,GB,desktop,54.5,0,0,1,1,0,0
16495,4159,31.82,Travel,19,5,US,mobile,122.6,4,0,1,0,0,0
16551,3646,162.69,Grocery,0,4,FR,mobile,12.3,1,0,0,1,1,0
16610,4009,7.91,Travel,3,5,DE,desktop,67.8,2,0,1,1,0,1
16674,4312,39.09,Travel,5,5,AU,desktop,192.0,2,0,1,1,0,0
16678,2601,86.83,Travel,5,6,GB,desktop,408.5,1,0,1,1,0,1
16841,1924,277.88,Online,22,5,US,mobile,637.7,4,0,1,0,0,1
16859,3315,415.47,Health,4,2,US,mobile,89.1,2,1,0,1,1,0
16913,2262,93.28,Travel,7,5,US,mobile,102.0,3,0,1,0,0,0
16960,4242,51.68,Entertainment,12,2,US,desktop,4.1,1,1,0,0,0,1
17192,4091,44.98,Health,4,3,US,mobile,95.7,0,1,0,1,1,0
17247,3571,32.86,Retail,23,2,GB,mobile,11.9,1,0,0,1,1,0
17469,4839,152.03,Food Delivery,23,6,DE,desktop,61.2,2,0,1,1,0,0
17510,1549,142.06,Travel,13,3,US,desktop,17.8,1,1,0,0,0,0
17528,3662,97.71,Travel,5,5,AU,desktop,439.8,2,0,1,1,0,1
17830,2725,91.7,Travel,2,6,GB,desktop,266.1,0,0,1,1,0,1
17911,3890,442.6,Travel,5,5,FR,desktop,322.8,0,0,1,1,0,0
18006,2955,38.99,Travel,12,2,US,desktop,6.3,0,1,0,0,0,0
18061,2440,242.58,Travel,6,6,US,mobile,508.9,4,0,1,0,0,0
18114,3546,453.87,Food Delivery,16,6,US,tablet,33.8,3,0,1,0,0,1
18313,3978,85.6,Online,12,6,US,mobile,149.4,3,0,1,0,0,1
18333,4747,44.12,Entertainment,22,6,US,mobile,246.4,3,0,1,0,0,1
18443,4530,13.66,Online,23,5,CA,desktop,48.3,0,0,1,1,0,0
18514,3157,40.58,Grocery,23,3,US,mobile,91.7,2,1,0,1,1,0
18525,3921,251.49,Food Delivery,13,0,US,desktop,7.8,0,1,0,0,0,0
18579,1731,52.74,Online,16,6,US,mobile,54.9,4,0,1,0,0,0
18659,4500,1557.11,Travel,9,5,US,desktop,224.5,0,0,1,0,0,1
18775,2345,324.59,Grocery,10,5,GB,mobile,158.7,3,0,1,0,1,0
18854,1552,25.74,Online,23,5,DE,desktop,639.9,1,0,1,1,0,1
19004,3546,81.5,Travel,18,5,US,mobile,264.9,3,0,1,0,0,1
19134,1983,227.95,Food Delivery,11,5,US,mobile,316.3,3,0,1,0,0,0
19145,2591,14.1,Food Delivery,0,5,AU,desktop,84.1,1,0,1,1,0,1
19396,2699,15.4,Online,20,6,US,mobile,260.4,3,0,1,0,0,0
19529,4741,349.94,Travel,12,6,US,tablet,185.5,3,0,1,0,0,1
19553,2643,125.89,Online,17,0,US,desktop,5.7,1,1,0,0,0,0
22,2483,140.05,Entertainment,12,2,GB,desktop,377.7,4,0,0,0,0,0
41,1660,17.36,Travel,4,3,US,tablet,22.0,1,0,0,1,0,1
60,3732,21.68,Travel,1,0,US,mobile,14.8,2,0,0,1,0,0
65,2643,74.34,Travel,21,4,CA,desktop,61.6,5,0,0,0,0,0
148,1935,17.36,Travel,5,3,US,mobile,19.7,1,0,0,1,0,0
221,1510,355.34,Online,9,0,GB,desktop,66.9,3,0,0,0,0,0
427,4457,152.59,Travel,6,3,DE,desktop,31.2,3,0,0,0,0,0
765,2443,10.76,Travel,3,3,US,mobile,15.2,1,0,0,1,0,0
773,1019,24.65,Entertainment,23,2,US,tablet,27.8,0,0,0,1,0,0
831,1983,164.3,Online,21,3,DE,desktop,121.7,3,0,0,0,0,1
838,1792,238.2,Food Delivery,19,3,DE,desktop,192.4,3,0,0,0,0,1
858,1228,236.55,Food Delivery,16,0,AU,desktop,202.5,3,0,0,0,0,0
871,2824,367.76,Online,23,2,US,mobile,9.4,0,0,0,1,0,0
954,2711,136.47,Retail,6,1,DE,desktop,14.5,1,1,0,0,1,0
1049,3673,31.21,Online,20,1,FR,desktop,124.2,3,0,0,0,0,0
1118,3345,52.56,Travel,6,2,CA,desktop,93.7,3,0,0,0,0,0
1137,3899,39.47,Online,10,2,CA,desktop,265.2,3,0,0,0,0,0
1208,3882,299.32,Food Delivery,11,4,FR,desktop,34.3,3,0,0,0,0,0
1249,2301,75.56,Online,5,0,US,mobile,9.9,0,0,0,1,0,0
1394,3969,36.05,Online,11,0,JP,desktop,47.8,4,0,0,0,0,0
2175,1932,81.68,Travel,19,2,CA,desktop,345.9,3,0,0,0,0,0
2199,3283,169.69,Travel,3,3,US,mobile,1.0,2,0,0,1,0,0
2403,3983,17.07,Food Delivery,23,4,US,mobile,3.3,1,0,0,1,0,0
2480,1538,48.17,Online,23,0,US,mobile,6.7,1,0,0,1,0,1
2637,2342,81.63,Entertainment,15,4,GB,desktop,249.8,3,0,0,0,0,0
2655,4403,46.3,Grocery,21,2,FR,desktop,9.8,2,1,0,0,1,0
2780,1180,64.3,Food Delivery,11,3,NG,desktop,35.6,3,0,0,0,0,1
2890,1780,34.85,Entertainment,22,4,AU,desktop,122.5,3,0,0,0,0,0
2914,1903,136.48,Online,10,1,CA,desktop,37.1,5,0,0,0,0,0
2942,4746,25.76,Food Delivery,23,0,US,mobile,6.3,1,0,0,1,0,0
2983,4204,181.91,Travel,1,1,US,mobile,15.6,0,0,0,1,0,0
3171,3515,19.04,Food Delivery,3,4,US,mobile,3.9,1,0,0,1,0,0
3172,4755,95.38,Travel,17,3,FR,desktop,339.4,3,0,0,0,0,0
3605,4698,154.55,Online,1,0,US,tablet,26.1,0,0,0,1,0,0
3683,1861,42.56,Travel,22,3,CA,desktop,79.6,5,0,0,0,0,0
3728,3107,152.5,Travel,4,4,US,mobile,29.0,1,0,0,1,0,1
3991,4017,165.63,Food Delivery,10,0,BR,desktop,224.2,3,0,0,0,0,0
4038,3457,44.97,Food Delivery,17,3,GB,desktop,80.5,3,0,0,0,0,1
4205,2186,61.77,Health,4,0,US,desktop,13.4,3,0,0,1,1,0
4268,4714,21.13,Travel,15,2,DE,desktop,51.0,3,0,0,0,0,0
4374,4272,7.36,Travel,6,3,CA,desktop,330.9,3,0,0,0,0,1
4446,2664,19.41,Food Delivery,10,3,FR,desktop,151.7,4,0,0,0,0,0
4575,3845,135.43,Online,17,3,DE,desktop,64.9,3,0,0,0,0,0
4594,3913,144.07,Food Delivery,5,3,US,mobile,1.0,1,0,0,1,0,1
4782,3368,61.41,Online,9,1,FR,desktop,203.7,3,0,0,0,0,0
4821,3157,541.7,Travel,2,4,US,mobile,3.8,0,0,0,1,0,0
4992,3088,289.03,Travel,2,4,US,mobile,27.5,1,0,0,1,0,0
4996,1846,126.87,Online,21,1,DE,desktop,126.0,4,0,0,0,0,0
5038,3194,27.38,Travel,18,2,CA,desktop,433.7,3,0,0,0,0,1
5198,4770,20.92,Retail,14,3,JP,desktop,6.3,1,1,0,0,1,0
5219,1206,567.23,Entertainment,0,0,US,tablet,1.0,1,0,0,1,0,0
5270,3083,385.11,Travel,1,4,US,mobile,9.7,1,0,0,1,0,0
5372,3956,29.91,Entertainment,13,1,BR,desktop,630.3,3,0,0,0,0,1
5394,4278,338.66,Entertainment,12,0,CA,desktop,40.8,4,0,0,0,0,0
5408,4249,50.37,Travel,8,0,GB,desktop,182.7,4,0,0,0,0,1
5440,3225,24.13,Food Delivery,18,0,CA,desktop,416.3,3,0,0,0,0,0
5575,3853,92.32,Travel,14,2,CA,desktop,166.6,3,0,0,0,0,0
5633,3085,32.26,Entertainment,16,1,CA,desktop,207.2,3,0,0,0,0,0
5682,4147,115.39,Entertainment,2,2,US,mobile,17.7,1,0,0,1,0,1
5702,2520,527.05,Entertainment,2,0,US,tablet,9.9,0,0,0,1,0,1
6098,4674,17.58,Travel,16,4,BR,desktop,47.6,3,0,0,0,0,0
6189,1516,120.12,Entertainment,18,1,NG,desktop,454.5,3,0,0,0,0,0
6665,3772,135.89,Online,14,2,NG,desktop,90.3,4,0,0,0,0,0
6684,4287,15.76,Food Delivery,16,2,CA,desktop,197.5,5,0,0,0,0,0
6884,1751,507.34,Online,2,2,US,mobile,6.6,1,0,0,1,0,1
7252,3242,180.24,Online,0,2,US,mobile,5.9,1,0,0,1,0,1
7511,2490,34.24,Food Delivery,4,4,US,mobile,7.7,1,0,0,1,0,1
7538,3648,98.71,Travel,23,4,US,mobile,10.0,0,0,0,1,0,0
7882,1292,68.5,Online,12,1,AU,desktop,78.0,3,0,0,0,0,1
7937,1754,117.75,Food Delivery,12,4,FR,desktop,51.3,3,0,0,0,0,0
8246,4548,68.07,Travel,9,0,JP,desktop,55.6,3,0,0,0,0,0
8570,4586,15.68,Travel,23,2,US,mobile,10.6,1,0,0,1,0,0
8649,4269,24.91,Travel,2,4,US,mobile,18.1,2,0,0,1,0,1
8801,3721,289.6,Food Delivery,14,0,DE,desktop,465.9,3,0,0,0,0,0
8989,1024,293.94,Online,14,0,FR,desktop,543.9,5,0,0,0,0,0
9014,2646,55.3,Online,12,2,NG,desktop,353.5,3,0,0,0,0,1
9048,4402,551.89,Online,13,3,CA,desktop,282.4,3,0,0,0,0,1
9261,2463,66.98,Food Delivery,3,4,US,tablet,10.1,0,0,0,1,0,0
9373,1097,149.43,Entertainment,19,2,CA,desktop,146.9,6,0,0,0,0,0
9731,4641,204.49,Travel,23,0,US,mobile,10.2,0,0,0,1,0,1
10081,1515,362.01,Entertainment,16,4,DE,desktop,55.8,5,0,0,0,0,0
10219,3745,160.72,Food Delivery,21,2,GB,desktop,101.1,5,0,0,0,0,1
10315,3107,162.81,Travel,19,4,NG,desktop,51.1,3,0,0,0,0,1
10319,1312,90.68,Travel,23,3,US,tablet,28.2,2,0,0,1,0,0
10501,1370,557.99,Online,2,0,US,mobile,14.6,1,0,0,1,0,0
10547,4408,48.0,Entertainment,1,1,US,tablet,12.6,2,0,0,1,0,0
10770,1951,91.03,Travel,12,2,GB,desktop,37.0,3,0,0,0,0,0
10800,1163,16.98,Travel,14,2,DE,desktop,61.9,3,0,0,0,0,1
10955,1387,289.67,Travel,6,2,BR,desktop,222.2,4,0,0,0,0,0
11081,1368,31.16,Food Delivery,18,2,JP,desktop,70.3,4,0,0,0,0,0
11112,4516,133.06,Entertainment,7,3,AU,desktop,296.9,3,0,0,0,0,0
11129,4697,71.15,Online,2,1,US,mobile,7.6,2,0,0,1,0,1
11193,3711,39.87,Online,13,1,AU,desktop,42.3,4,0,0,0,0,1
11243,2109,156.89,Online,23,2,US,mobile,11.9,2,0,0,1,0,0
11296,1325,93.02,Travel,18,3,GB,desktop,284.2,4,0,0,0,0,1
11345,3738,106.81,Online,18,2,AU,desktop,42.0,4,0,0,0,0,0
11414,4615,182.27,Entertainment,1,2,US,mobile,5.7,1,0,0,1,0,0
11445,2233,43.41,Travel,21,0,FR,desktop,137.2,6,0,0,0,0,1
11556,3195,126.55,Entertainment,22,1,FR,desktop,80.4,3,0,0,0,0,0
11728,3937,178.65,Travel,2,2,US,tablet,28.4,1,0,0,1,0,0
11859,1999,41.86,Food Delivery,2,1,US,mobile,12.6,1,0,0,1,0,1
11889,4568,32.74,Online,16,1,FR,desktop,199.3,4,0,0,0,0,1
12022,4040,227.59,Entertainment,1,2,US,tablet,22.4,2,0,0,1,0,0
12160,4424,78.99,Travel,22,4,AU,desktop,118.6,3,0,0,0,0,0
12453,4415,89.66,Travel,4,0,US,mobile,10.1,0,0,0,1,0,0
12796,1622,40.39,Travel,3,3,US,mobile,29.7,2,0,0,1,0,1
12871,3574,141.39,Travel,8,1,JP,desktop,599.3,4,0,0,0,0,0
13077,1138,79.18,Travel,3,4,US,tablet,18.7,0,0,0,1,0,1
13345,3555,64.57,Online,10,0,GB,desktop,141.7,4,0,0,0,0,0
13680,4583,63.51,Travel,3,3,US,mobile,9.2,0,0,0,1,0,0
14090,4847,358.66,Online,14,0,GB,desktop,303.1,3,0,0,0,0,1
14101,4919,279.05,Entertainment,15,3,CA,desktop,143.0,3,0,0,0,0,0
14131,1502,18.88,Online,14,1,AU,desktop,113.7,4,0,0,0,0,1
14354,1461,18.79,Grocery,6,3,JP,desktop,26.0,1,1,0,0,1,1
14458,1767,463.39,Travel,8,0,AU,desktop,37.5,5,0,0,0,0,0
14695,3940,236.63,Online,1,3,US,tablet,22.1,1,0,0,1,0,1
14855,3160,310.89,Travel,10,0,DE,desktop,193.5,4,0,0,0,0,0
14942,1709,249.15,Online,17,0,CA,desktop,107.1,4,0,0,0,0,1
15175,3401,249.64,Online,1,2,US,tablet,21.2,2,0,0,1,0,1
15189,1874,29.64,Travel,17,1,DE,desktop,68.2,3,0,0,0,0,0
15216,1260,116.15,Online,2,3,US,mobile,19.0,1,0,0,1,0,0
15363,3639,39.25,Travel,22,4,CA,desktop,167.5,3,0,0,0,0,0
15466,2337,108.81,Entertainment,23,3,US,tablet,13.3,2,0,0,1,0,1
15478,1367,61.74,Entertainment,4,1,US,mobile,3.2,2,0,0,1,0,0
15751,4817,628.25,Food Delivery,14,0,DE,desktop,324.6,3,0,0,0,0,1
15855,3894,149.81,Online,2,1,US,mobile,5.1,1,0,0,1,0,0
15932,4256,63.83,Entertainment,12,4,DE,desktop,41.0,3,0,0,0,0,1
16144,3134,187.95,Travel,8,2,CA,desktop,32.1,3,0,0,0,0,0
16249,4752,91.65,Online,20,3,BR,desktop,470.6,3,0,0,0,0,0
16371,1454,241.65,Online,23,2,US,mobile,22.0,2,0,0,1,0,1
16468,3431,11.59,Entertainment,20,0,GB,desktop,447.8,3,0,0,0,0,1
16897,2185,227.5,Travel,0,3,US,tablet,23.4,0,0,0,1,0,1
17137,4311,139.2,Online,5,0,US,mobile,3.1,0,0,0,1,0,1
17374,4124,133.6,Online,8,2,CA,desktop,148.2,4,0,0,0,0,0
17598,1542,14.81,Travel,14,2,DE,desktop,87.6,3,0,0,0,0,0
17818,2771,865.07,Online,19,3,CA,desktop,93.4,4,0,0,0,0,0
18172,1372,55.62,Travel,2,2,US,mobile,14.4,1,0,0,1,0,0
18248,2394,43.52,Food Delivery,4,1,US,mobile,13.1,2,0,0,1,0,0
18559,4931,101.48,Travel,14,1,GB,desktop,72.3,3,0,0,0,0,0
18673,2680,206.15,Travel,9,1,CA,desktop,191.0,4,0,0,0,0,0
18765,4882,42.3,Food Delivery,10,1,CA,desktop,230.6,4,0,0,0,0,1
18771,3992,9.91,Travel,16,4,GB,desktop,143.3,3,0,0,0,0,0
18776,4271,50.22,Entertainment,2,3,US,tablet,3.4,2,0,0,1,0,1
18818,3807,23.29,Entertainment,11,1,FR,desktop,518.8,4,0,0,0,0,0
18902,4768,152.17,Travel,23,4,US,tablet,5.6,0,0,0,1,0,0
19150,1208,235.14,Food Delivery,16,0,DE,desktop,119.5,3,0,0,0,0,0
19372,1021,243.09,Travel,22,3,DE,desktop,334.3,5,0,0,0,0,1
19634,1106,198.54,Travel,22,3,DE,desktop,287.9,3,0,0,0,0,0
19639,1378,116.0,Travel,17,1,AU,desktop,69.1,5,0,0,0,0,1
19824,3536,31.6,Food Delivery,4,1,US,mobile,16.6,1,0,0,1,0,0
4957,1642,59.31,Entertainment,7,5,US,desktop,130.0,0,1,1,0,1,0
7714,4217,177.44,Entertainment,10,5,US,desktop,210.6,2,1,1,0,1,0
13409,2367,120.99,Travel,11,6,US,desktop,219.1,1,1,1,0,1,0
149,4286,117.03,Grocery,3,6,US,desktop,4.9,0,1,1,1,0,0
317,3921,15.52,Grocery,4,6,CA,desktop,132.8,3,0,1,1,0,0
345,4622,43.65,Travel,20,1,US,mobile,61.4,4,0,0,0,1,0
433,4303,253.86,Retail,10,1,US,desktop,17.8,3,1,0,0,0,0
487,2336,131.73,Food Delivery,3,5,US,mobile,133.5,0,0,1,1,1,1
769,1559,76.77,Grocery,0,5,FR,desktop,62.2,3,0,1,1,0,0
873,1454,315.46,Travel,1,5,US,tablet,65.6,1,0,1,1,1,0
1138,2466,269.19,Grocery,2,5,US,desktop,4.1,0,1,1,1,0,1
1160,2362,93.49,Health,0,6,FR,desktop,54.5,4,0,1,1,0,1
1459,2055,73.32,Food Delivery,0,0,DE,desktop,182.6,0,0,0,1,1,0
1537,1614,143.29,Online,9,2,US,mobile,31.5,3,0,0,0,1,0
1696,3730,15.13,Online,1,5,US,mobile,156.9,0,0,1,1,1,1
2477,3085,308.56,Entertainment,1,5,US,mobile,216.7,1,0,1,1,1,0
3058,1589,14.34,Food Delivery,15,2,US,tablet,53.1,3,0,0,0,1,0
3221,3798,55.39,Entertainment,23,5,US,tablet,197.1,2,0,1,1,1,0
3258,1781,33.64,Food Delivery,22,4,US,mobile,130.8,3,0,0,0,1,1
3295,1768,55.5,Travel,4,3,FR,desktop,340.1,1,0,0,1,1,1
3507,4348,67.46,Online,22,3,US,mobile,293.9,3,0,0,0,1,0
3719,3728,306.16,Retail,23,6,FR,desktop,82.4,3,0,1,1,0,1
3734,4731,110.48,Grocery,5,6,US,desktop,1.0,2,1,1,1,0,0
4086,3529,133.98,Travel,5,6,US,mobile,727.8,1,0,1,1,1,0
4378,2053,105.67,Online,5,4,FR,desktop,286.3,0,0,0,1,1,0
4627,1012,31.01,Food Delivery,3,6,US,mobile,116.5,2,0,1,1,1,0
4644,1267,207.17,Travel,5,6,US,mobile,143.5,0,0,1,1,1,1
4850,4601,29.98,Travel,4,6,US,mobile,307.8,0,0,1,1,1,0
5027,2016,48.07,Food Delivery,3,5,US,tablet,102.0,0,0,1,1,1,1
5089,1551,245.45,Entertainment,2,0,CA,desktop,243.2,1,0,0,1,1,0
5278,4291,50.97,Online,3,5,US,tablet,250.1,2,0,1,1,1,0
5585,2837,51.75,Travel,6,1,US,mobile,138.4,5,0,0,0,1,0
6000,1392,17.16,Grocery,5,6,FR,desktop,122.9,3,0,1,1,0,0
6199,1634,525.48,Entertainment,18,1,US,mobile,194.6,3,0,0,0,1,1
6273,3284,155.81,Travel,1,1,DE,desktop,73.0,1,0,0,1,1,0
6482,4593,871.48,Entertainment,5,3,DE,desktop,56.3,2,0,0,1,1,0
6937,2932,67.9,Travel,14,4,US,mobile,138.9,5,0,0,0,1,0
6989,2476,306.94,Food Delivery,5,5,US,mobile,133.8,1,0,1,1,1,1
7010,3872,97.56,Food Delivery,3,1,JP,desktop,297.7,0,0,0,1,1,1
7450,4278,138.19,Online,1,2,NG,desktop,61.6,2,0,0,1,1,1
7950,1305,100.15,Travel,3,6,US,mobile,90.0,1,0,1,1,1,0
8010,3153,10.81,Entertainment,2,4,CA,desktop,140.2,2,0,0,1,1,0
8089,4002,14.65,Travel,23,4,CA,desktop,142.5,2,0,0,1,1,0
8186,4343,1799.26,Retail,22,6,CA,tablet,106.2,1,0,1,0,0,1
8188,1745,951.59,Utilities,16,6,CA,tablet,313.5,1,0,1,0,0,1
9145,4304,114.72,Travel,5,6,US,mobile,590.1,2,0,1,1,1,0
9240,3048,505.08,Entertainment,17,6,CA,desktop,23.6,2,0,1,0,1,1
9312,4480,66.88,Grocery,23,6,US,desktop,2.0,0,1,1,1,0,1
9379,4095,85.88,Online,23,6,US,mobile,131.3,2,0,1,1,1,1
9445,3984,365.53,Retail,0,5,FR,desktop,493.0,4,0,1,1,0,1
9587,4724,390.89,Utilities,2,5,JP,desktop,530.9,3,0,1,1,0,0
9606,1184,78.48,Grocery,5,5,AU,desktop,192.7,4,0,1,1,0,0
9797,3490,40.73,Food Delivery,5,5,US,tablet,212.7,1,0,1,1,1,1
9888,4935,33.11,Food Delivery,3,2,CA,desktop,166.2,1,0,0,1,1,0
10942,3530,118.93,Grocery,5,6,CA,desktop,30.3,3,0,1,1,0,0
10985,4542,487.0,Retail,5,6,CA,desktop,42.9,4,0,1,1,0,0
11046,2717,37.62,Food Delivery,13,1,US,mobile,317.6,4,0,0,0,1,1
11059,4533,41.25,Online,3,5,US,mobile,53.4,1,0,1,1,1,0
11071,2505,19.08,Online,3,5,US,mobile,586.9,2,0,1,1,1,0
11336,4567,31.19,Food Delivery,3,5,US,mobile,357.6,1,0,1,1,1,1
11733,2481,1445.37,Retail,8,6,AU,mobile,30.2,1,0,1,0,0,0
11848,2209,322.35,Food Delivery,5,3,GB,desktop,73.0,2,0,0,1,1,1
11969,3498,19.49,Entertainment,20,0,US,mobile,139.8,3,0,0,0,1,1
12477,1340,55.98,Travel,4,1,BR,desktop,53.1,2,0,0,1,1,1
12916,3895,48.16,Travel,7,3,US,tablet,30.5,3,0,0,0,1,1
13247,1056,969.72,Health,20,6,CA,mobile,155.1,0,0,1,0,0,1
13268,3317,19.01,Retail,13,2,US,desktop,2.0,3,1,0,0,0,0
13455,2001,219.28,Food Delivery,15,3,US,mobile,670.0,3,0,0,0,1,1
13564,2536,362.19,Travel,15,4,US,mobile,31.8,3,0,0,0,1,1
13899,4347,39.36,Food Delivery,23,3,AU,desktop,758.0,0,0,0,1,1,0
13944,2446,97.61,Grocery,4,5,BR,desktop,425.2,3,0,1,1,0,0
14045,4228,92.53,Retail,3,6,JP,desktop,55.3,3,0,1,1,0,0
14228,3125,33.49,Online,5,1,JP,desktop,505.2,2,0,0,1,1,0
14263,2726,362.69,Grocery,4,5,FR,desktop,222.6,3,0,1,1,0,1
14901,3146,143.67,Food Delivery,5,0,DE,desktop,419.5,0,0,0,1,1,0
14950,2549,145.93,Food Delivery,5,0,FR,desktop,136.9,1,0,0,1,1,1
15460,1608,108.7,Travel,0,5,US,mobile,128.9,1,0,1,1,1,1
15504,2068,93.2,Entertainment,14,4,US,tablet,127.6,3,0,0,0,1,1
15844,2577,77.56,Retail,4,5,DE,desktop,103.8,5,0,1,1,0,0
16312,4894,68.49,Grocery,8,1,US,desktop,20.9,8,1,0,0,0,0
16377,2987,29.86,Online,4,4,GB,desktop,99.0,1,0,0,1,1,0
16481,4559,60.33,Travel,0,6,US,tablet,342.4,1,0,1,1,1,0
16583,4784,196.08,Food Delivery,9,1,US,mobile,119.7,3,0,0,0,1,0
16697,1749,275.39,Food Delivery,4,6,US,tablet,41.7,1,0,1,1,1,0
16702,4615,212.82,Online,0,5,US,mobile,214.7,2,0,1,1,1,0
16737,3182,26.68,Food Delivery,3,5,US,mobile,345.8,1,0,1,1,1,0
17133,3695,73.3,Grocery,0,6,NG,desktop,119.0,3,0,1,1,0,0
17753,4911,187.2,Entertainment,1,6,US,mobile,81.4,0,0,1,1,1,1
17967,4772,2020.35,Health,10,6,JP,mobile,215.8,1,0,1,0,0,0
17971,4903,187.56,Travel,6,3,US,mobile,125.3,5,0,0,0,1,0
18720,1279,11.44,Food Delivery,9,1,US,mobile,480.1,3,0,0,0,1,1
18753,3223,36.48,Retail,15,4,US,desktop,13.3,3,1,0,0,0,0
18754,4995,16.6,Online,0,5,US,mobile,71.5,0,0,1,1,1,0
18879,3211,378.24,Retail,8,2,US,desktop,1.5,4,1,0,0,0,1
19188,3549,71.89,Retail,23,6,US,desktop,16.5,1,1,1,1,0,0
19222,4772,344.79,Travel,5,5,US,tablet,173.3,1,0,1,1,1,0
19270,3579,65.58,Travel,23,4,JP,desktop,163.4,1,0,0,1,1,1
19363,2080,251.92,Online,6,1,US,mobile,59.2,3,0,0,0,1,0
19546,3886,39.25,Food Delivery,20,2,US,mobile,336.3,3,0,0,0,1,0
19713,4766,107.69,Entertainment,22,3,US,mobile,766.2,3,0,0,0,1,0
171,1424,21.01,Retail,18,1,GB,mobile,22.8,0,1,0,0,0,0
495,2159,21.56,Health,5,3,US,mobile,26.5,3,0,0,1,0,1
1093,4371,103.44,Retail,1,3,US,mobile,3.2,4,0,0,1,0,1
1622,1016,103.69,Grocery,3,3,US,tablet,4.3,3,0,0,1,0,1
3332,4403,107.23,Health,8,0,GB,mobile,29.2,1,1,0,0,0,1
4077,4919,229.08,Health,1,0,US,mobile,24.7,3,0,0,1,0,0
6036,1366,32.16,Grocery,4,1,US,mobile,14.9,3,0,0,1,0,1
7211,4089,35.57,Retail,22,4,JP,mobile,8.9,2,1,0,0,0,0
7562,1339,48.29,Health,13,4,JP,tablet,14.9,1,1,0,0,0,1
7777,4321,91.93,Retail,7,2,FR,mobile,17.6,2,1,0,0,0,0
8248,2540,104.91,Retail,3,3,US,mobile,7.3,4,0,0,1,0,0
8285,4183,75.53,Retail,23,3,US,mobile,9.6,3,0,0,1,0,1
8413,1922,113.0,Grocery,11,2,AU,mobile,3.4,1,1,0,0,0,0
8420,1809,155.16,Grocery,22,2,AU,mobile,4.6,1,1,0,0,0,1
9176,4650,236.37,Grocery,23,4,US,tablet,7.4,3,0,0,1,0,0
11172,4802,165.78,Grocery,6,4,DE,mobile,18.2,0,1,0,0,0,1
11373,4033,87.92,Retail,2,3,US,mobile,29.0,3,0,0,1,0,1
11416,4357,86.74,Retail,3,4,US,mobile,25.8,5,0,0,1,0,1
11945,3950,10.09,Grocery,11,2,DE,tablet,1.9,1,1,0,0,0,0
12210,2718,106.83,Grocery,15,2,CA,mobile,19.6,0,1,0,0,0,1
12315,3045,306.75,Retail,18,2,GB,mobile,5.8,1,1,0,0,0,1
13224,2026,33.0,Grocery,5,3,US,tablet,19.4,3,0,0,1,0,1
13752,3000,65.35,Grocery,19,1,GB,mobile,22.0,1,1,0,0,0,1
14390,4183,404.23,Retail,5,3,US,mobile,27.5,5,0,0,1,0,0
16020,3351,140.62,Grocery,13,0,GB,mobile,19.0,1,1,0,0,0,1
16346,3369,454.42,Grocery,21,4,GB,tablet,18.0,1,1,0,0,0,1
16442,2242,87.48,Retail,23,1,US,mobile,29.5,3,0,0,1,0,1
16614,3767,561.98,Retail,19,2,CA,mobile,11.0,1,1,0,0,0,0
17731,3024,167.54,Grocery,18,2,GB,mobile,27.7,1,1,0,0,0,0
18541,2001,107.21,Grocery,12,1,AU,mobile,23.8,0,1,0,0,0,0
18712,2242,90.23,Retail,10,4,AU,tablet,12.1,0,1,0,0,0,1
19336,4983,673.01,Grocery,23,0,US,mobile,8.2,5,0,0,1,0,0
19709,2890,35.9,Grocery,0,4,US,mobile,7.8,3,0,0,1,0,1
19971,4019,182.28,Utilities,20,2,GB,tablet,1.2,1,1,0,0,0,0
623,1660,73.89,Online,14,6,US,mobile,248.0,1,1,1,0,0,0
1550,1018,65.21,Travel,12,5,US,mobile,79.7,2,1,1,0,0,1
1654,3382,415.45,Travel,22,6,US,mobile,278.7,1,1,1,0,0,1
1697,2875,29.49,Online,18,6,US,tablet,231.5,1,1,1,0,0,0
2291,2578,68.93,Entertainment,20,6,US,mobile,48.4,1,1,1,0,0,0
2469,1107,104.12,Travel,14,5,US,tablet,191.2,2,1,1,0,0,1
3043,2312,190.4,Travel,16,5,US,mobile,157.7,0,1,1,0,0,1
3232,1852,198.82,Entertainment,15,6,US,mobile,39.5,1,1,1,0,0,0
3247,4070,58.68,Food Delivery,20,5,US,mobile,326.1,2,1,1,0,0,1
3568,1614,27.29,Travel,15,5,US,mobile,111.4,1,1,1,0,0,0
4055,1023,398.34,Entertainment,20,5,US,mobile,298.3,1,1,1,0,0,0
4167,2849,424.95,Travel,18,5,US,mobile,241.8,2,1,1,0,0,0
4699,2203,501.89,Entertainment,19,6,US,tablet,193.1,0,1,1,0,0,1
5498,2988,89.21,Online,9,5,US,mobile,501.2,1,1,1,0,0,1
6326,1570,89.68,Online,14,5,US,mobile,351.8,2,1,1,0,0,1
6885,1188,115.65,Entertainment,16,5,US,mobile,322.9,1,1,1,0,0,0
7743,4371,290.04,Travel,22,5,US,mobile,275.3,1,1,1,0,0,0
8216,3911,112.28,Travel,11,6,US,mobile,403.3,1,1,1,0,0,0
8769,1423,25.5,Food Delivery,18,5,US,mobile,178.1,1,1,1,0,0,0
9486,4116,56.74,Food Delivery,7,6,US,mobile,324.1,0,1,1,0,0,0
9571,4800,161.07,Travel,6,6,US,mobile,959.2,2,1,1,0,0,0
9909,3504,226.96,Entertainment,6,5,US,mobile,41.5,2,1,1,0,0,1
10296,2933,55.68,Entertainment,11,6,US,mobile,428.0,0,1,1,0,0,0
10436,1151,222.84,Online,8,5,US,tablet,182.3,0,1,1,0,0,1
10997,1910,81.87,Entertainment,22,6,US,mobile,157.3,0,1,1,0,0,0
14157,2598,43.25,Entertainment,13,5,US,mobile,341.5,1,1,1,0,0,0
14523,2958,1011.45,Grocery,23,5,US,desktop,366.6,0,0,1,1,1,0
14668,3631,55.86,Grocery,19,5,US,desktop,125.8,3,1,1,0,1,1
15251,2367,40.36,Online,13,5,US,mobile,197.8,2,1,1,0,0,0
15266,4547,10.14,Food Delivery,10,6,US,tablet,528.8,1,1,1,0,0,1
15555,2710,119.71,Food Delivery,15,6,US,mobile,87.4,1,1,1,0,0,0
16221,3228,22.69,Entertainment,7,6,US,mobile,309.0,1,1,1,0,0,1
16357,3992,175.98,Health,14,6,US,desktop,60.1,4,1,1,0,1,1
17135,4668,117.39,Food Delivery,11,6,US,mobile,150.3,0,1,1,0,0,0
17321,2274,421.25,Travel,18,6,US,mobile,137.9,1,1,1,0,0,1
18050,3891,207.25,Travel,8,6,US,mobile,118.9,1,1,1,0,0,0
18161,4173,128.22,Online,17,6,US,tablet,84.3,1,1,1,0,0,0
18437,1063,1100.75,Retail,5,6,US,desktop,129.6,2,0,1,1,1,1
18458,4126,279.93,Online,12,5,US,tablet,218.8,2,1,1,0,0,1
19038,2220,315.16,Food Delivery,8,5,US,mobile,557.4,2,1,1,0,0,1
19195,4243,123.89,Entertainment,20,5,US,mobile,42.9,1,1,1,0,0,0
19219,1803,44.64,Food Delivery,22,6,US,mobile,44.7,0,1,1,0,0,1
19883,4218,270.81,Food Delivery,16,5,US,mobile,577.3,2,1,1,0,0,1
19903,3308,7.54,Online,7,6,US,tablet,97.5,0,1,1,0,0,0
46,4882,157.64,Travel,3,0,GB,mobile,183.6,2,0,0,1,0,1
57,3186,1928.94,Travel,9,2,US,mobile,513.1,0,0,0,0,0,0
72,1757,71.19,Travel,6,5,US,desktop,4.2,3,0,1,0,0,0
168,1667,85.99,Online,4,0,GB,mobile,293.6,2,0,0,1,0,0
411,1697,21.02,Food Delivery,5,3,DE,mobile,200.1,2,0,0,1,0,0
423,4064,1333.75,Retail,21,4,CA,tablet,188.1,0,0,0,0,1,0
424,3324,59.58,Food Delivery,7,5,CA,mobile,3.3,0,0,1,0,0,0
459,4363,25.54,Entertainment,0,3,JP,mobile,39.4,0,0,0,1,0,0
519,2901,147.56,Online,5,1,GB,mobile,1353.7,2,0,0,1,0,0
543,1779,46.8,Online,1,1,CA,mobile,124.7,2,0,0,1,0,1
615,3744,600.58,Online,8,6,DE,mobile,26.1,1,0,1,0,0,0
626,1930,154.01,Travel,0,3,JP,tablet,200.8,0,0,0,1,0,1
685,1677,71.29,Online,2,3,JP,mobile,105.1,1,0,0,1,0,0
746,2456,18.74,Online,4,1,CA,mobile,197.1,2,0,0,1,0,0
917,3172,179.45,Online,12,6,US,desktop,18.7,5,0,1,0,0,0
952,2218,198.64,Food Delivery,4,0,DE,tablet,157.5,1,0,0,1,0,0
991,2370,97.13,Travel,6,5,CA,mobile,16.5,2,0,1,0,0,1
1037,4611,25.42,Travel,12,6,US,desktop,12.7,3,0,1,0,0,1
1056,4981,151.48,Online,4,2,BR,mobile,96.4,1,0,0,1,0,0
1133,4177,218.78,Online,17,5,US,desktop,19.6,3,0,1,0,0,0
1151,2479,236.33,Entertainment,2,3,BR,mobile,98.4,1,0,0,1,0,0
1224,3616,19.51,Travel,20,6,AU,mobile,15.9,2,0,1,0,0,0
1303,3799,60.84,Travel,10,5,US,desktop,10.9,4,0,1,0,0,1
1328,1339,112.53,Travel,19,6,DE,mobile,20.2,0,0,1,0,0,0
1390,4636,821.56,Online,3,1,CA,mobile,64.0,1,0,0,1,0,0
1430,4150,60.18,Online,10,5,NG,mobile,22.7,1,0,1,0,0,1
1532,1037,200.06,Food Delivery,2,4,GB,mobile,384.0,2,0,0,1,0,0
1736,4192,131.36,Food Delivery,17,5,JP,mobile,20.9,2,0,1,0,0,1
1744,1092,53.28,Travel,5,0,AU,tablet,91.7,0,0,0,1,0,0
1812,3610,36.09,Online,5,3,GB,tablet,43.9,1,0,0,1,0,0
1832,4811,99.57,Online,0,3,AU,mobile,348.6,0,0,0,1,0,0
1839,1889,30.53,Entertainment,5,4,FR,mobile,129.4,0,0,0,1,0,0
1906,1979,78.52,Travel,4,1,FR,mobile,106.9,1,0,0,1,0,0
1946,1475,148.26,Travel,3,0,FR,mobile,209.9,2,0,0,1,0,1
2080,1503,118.13,Health,0,4,FR,desktop,244.5,3,0,0,1,1,0
2098,4442,252.75,Online,0,1,AU,mobile,305.7,0,0,0,1,0,1
2104,1517,467.57,Online,4,0,AU,mobile,66.5,0,0,0,1,0,0
2163,2611,45.32,Food Delivery,3,1,FR,mobile,292.9,2,0,0,1,0,1
2170,4912,109.62,Travel,6,6,CA,mobile,16.0,1,0,1,0,0,1
2207,1537,39.77,Grocery,15,6,CA,mobile,279.0,1,1,1,0,1,0
2227,4510,119.42,Food Delivery,1,1,GB,mobile,38.9,0,0,0,1,0,1
2266,1380,11.21,Online,2,4,GB,tablet,123.4,2,0,0,1,0,0
2406,4314,31.42,Entertainment,0,2,AU,mobile,78.9,1,0,0,1,0,0
2484,2281,204.9,Online,0,1,DE,mobile,100.0,1,0,0,1,0,1
2495,2674,76.31,Food Delivery,4,0,GB,tablet,104.4,2,0,0,1,0,1
2554,1772,91.17,Entertainment,2,4,FR,mobile,477.0,1,0,0,1,0,0
2571,4208,328.97,Entertainment,4,1,JP,tablet,437.7,1,0,0,1,0,0
2573,3922,22.31,Travel,5,1,AU,mobile,44.1,0,0,0,1,0,1
2599,4873,65.64,Travel,5,4,AU,tablet,137.9,1,0,0,1,0,0
2622,2569,14.33,Entertainment,2,2,AU,tablet,141.1,2,0,0,1,0,0
2831,4691,1675.13,Health,22,3,AU,tablet,210.2,1,0,0,0,1,1
2915,2628,92.55,Online,1,2,GB,mobile,35.2,2,0,0,1,0,0
2925,2692,25.02,Travel,5,3,GB,mobile,232.9,2,0,0,1,0,0
3004,4842,673.12,Online,1,4,GB,mobile,40.3,1,0,0,1,0,0
3026,3507,139.07,Food Delivery,13,6,CA,tablet,20.2,1,0,1,0,0,0
3067,4317,85.37,Online,3,1,CA,mobile,114.0,2,0,0,1,0,1
3183,3986,59.21,Online,4,1,GB,mobile,33.7,1,0,0,1,0,1
3200,2058,136.26,Travel,3,1,AU,mobile,98.4,1,0,0,1,0,0
3254,2486,41.92,Online,5,1,DE,tablet,258.4,2,0,0,1,0,0
3468,2030,120.81,Travel,1,1,FR,mobile,80.0,1,0,0,1,0,0
3473,3939,24.07,Online,5,2,JP,mobile,128.2,1,0,0,1,0,0
3629,4381,114.34,Online,4,1,FR,mobile,58.5,1,0,0,1,0,1
3766,2633,53.66,Travel,15,5,JP,mobile,20.5,1,0,1,0,0,1
3821,1504,39.8,Entertainment,21,5,FR,tablet,13.7,1,0,1,0,0,0
3959,1391,105.03,Online,3,3,AU,mobile,139.8,2,0,0,1,0,1
3992,4015,116.81,Online,8,5,FR,mobile,16.8,2,0,1,0,0,1
4072,4131,418.93,Online,5,0,CA,mobile,54.2,1,0,0,1,0,0
4146,2117,35.15,Online,0,4,NG,mobile,59.6,1,0,0,1,0,0
4194,1155,558.68,Entertainment,23,4,AU,mobile,76.7,1,0,0,1,0,0
4264,4026,20.18,Travel,2,1,BR,mobile,235.9,1,0,0,1,0,1
4311,3077,18.22,Utilities,7,6,CA,desktop,27.9,3,0,1,0,1,0
4346,3010,94.7,Online,5,2,GB,mobile,446.1,2,0,0,1,0,1
4382,1460,119.37,Food Delivery,4,0,GB,mobile,189.0,2,0,0,1,0,1
4424,2821,240.93,Grocery,0,5,US,tablet,258.1,7,0,1,1,1,1
4429,4083,134.64,Travel,5,2,CA,mobile,226.7,2,0,0,1,0,0
4453,2910,216.28,Travel,1,3,GB,mobile,45.2,0,0,0,1,0,1
4483,4342,387.93,Retail,1,3,CA,desktop,325.6,4,0,0,1,1,1
4576,4056,57.48,Online,17,6,DE,mobile,8.8,1,0,1,0,0,0
4659,2682,42.83,Travel,2,3,CA,mobile,110.9,1,0,0,1,0,0
4713,4545,49.76,Entertainment,1,1,AU,mobile,76.7,0,0,0,1,0,1
4715,1112,36.45,Travel,5,2,JP,mobile,88.2,2,0,0,1,0,0
4765,2746,920.4,Grocery,13,4,CA,tablet,109.0,2,0,0,0,1,1
4901,2381,105.26,Food Delivery,3,4,CA,tablet,96.8,2,0,0,1,0,0
5016,4748,240.09,Entertainment,23,3,FR,mobile,134.2,1,0,0,1,0,0
5035,1083,146.0,Travel,4,0,CA,mobile,44.6,1,0,0,1,0,0
5064,3556,1073.99,Food Delivery,8,2,US,mobile,583.3,2,0,0,0,0,1
5140,4982,43.3,Health,15,6,JP,mobile,257.9,1,1,1,0,1,1
5316,3261,222.6,Entertainment,1,1,BR,mobile,46.1,0,0,0,1,0,1
5491,2895,75.77,Online,5,4,CA,tablet,68.7,2,0,0,1,0,0
5533,3022,175.93,Food Delivery,5,1,GB,mobile,63.9,0,0,0,1,0,1
5590,4386,10.7,Travel,23,2,GB,mobile,171.1,0,0,0,1,0,0
5592,3318,227.63,Travel,5,2,AU,mobile,214.3,2,0,0,1,0,0
5612,1979,76.44,Travel,3,1,CA,tablet,43.2,1,0,0,1,0,0
5644,3716,39.71,Online,23,3,GB,tablet,201.2,1,0,0,1,0,1
5657,4322,42.13,Travel,9,5,CA,tablet,3.3,2,0,1,0,0,1
5671,2412,212.97,Travel,3,0,GB,tablet,246.4,1,0,0,1,0,0
5696,1256,13.07,Travel,3,3,AU,tablet,40.8,1,0,0,1,0,1
5721,4919,52.22,Entertainment,2,3,BR,mobile,93.8,1,0,0,1,0,1
5876,1343,82.1,Food Delivery,5,3,BR,mobile,195.9,2,0,0,1,0,1
5910,3071,53.8,Food Delivery,0,3,JP,mobile,74.0,1,0,0,1,0,1
5919,3724,315.09,Food Delivery,2,1,BR,mobile,570.5,0,0,0,1,0,0
5940,1733,297.12,Entertainment,3,0,BR,tablet,233.4,2,0,0,1,0,0
5953,1777,151.75,Online,0,3,BR,mobile,96.0,0,0,0,1,0,1
6057,1018,107.5,Food Delivery,0,2,FR,mobile,183.3,1,0,0,1,0,1
6218,1746,30.91,Food Delivery,5,1,FR,tablet,32.8,1,0,0,1,0,0
6227,3381,71.16,Travel,0,0,GB,mobile,91.6,0,0,0,1,0,0
6493,2185,30.09,Entertainment,2,1,AU,mobile,311.9,2,0,0,1,0,0
6574,3513,80.62,Online,4,2,AU,mobile,456.4,1,0,0,1,0,0
6645,4189,70.88,Online,6,6,CA,tablet,21.8,1,0,1,0,0,1
6658,3025,99.98,Online,4,4,FR,mobile,208.2,1,0,0,1,0,1
6669,2802,60.7,Food Delivery,4,3,CA,mobile,90.4,2,0,0,1,0,0
6710,2981,1253.38,Online,7,1,US,mobile,148.0,1,0,0,0,0,0
6715,4739,96.32,Online,23,4,JP,tablet,38.3,1,0,0,1,0,0
6733,3345,368.09,Entertainment,5,3,CA,mobile,239.0,2,0,0,1,0,1
6822,3635,30.11,Retail,23,0,US,desktop,27.8,1,1,0,1,1,1
6849,2383,57.34,Entertainment,1,0,GB,mobile,35.3,0,0,0,1,0,0
6897,2052,140.9,Travel,5,3,GB,mobile,156.9,0,0,0,1,0,1
6908,1140,72.94,Food Delivery,16,6,US,desktop,21.6,4,0,1,0,0,1
6928,2152,21.28,Travel,23,1,CA,mobile,115.0,1,0,0,1,0,0
6983,4970,59.71,Travel,0,3,CA,tablet,51.5,1,0,0,1,0,1
7045,4367,144.09,Travel,4,2,FR,tablet,227.3,0,0,0,1,0,1
7135,1064,73.9,Travel,3,0,AU,mobile,108.8,1,0,0,1,0,0
7192,4990,39.31,Food Delivery,3,2,AU,mobile,41.6,1,0,0,1,0,0
7269,2889,24.47,Entertainment,1,2,JP,mobile,189.0,1,0,0,1,0,1
7278,4218,78.5,Online,2,4,CA,tablet,242.3,1,0,0,1,0,0
7292,4023,163.27,Online,3,4,DE,mobile,230.4,1,0,0,1,0,1
7447,1594,43.45,Travel,2,2,GB,mobile,81.9,2,0,0,1,0,0
7462,4745,114.55,Entertainment,2,3,FR,mobile,118.2,1,0,0,1,0,0
7522,4952,7.52,Travel,5,2,BR,mobile,57.0,0,0,0,1,0,0
7585,1037,217.32,Online,2,3,AU,mobile,176.2,1,0,0,1,0,1
7606,2249,195.31,Food Delivery,0,3,CA,tablet,66.8,0,0,0,1,0,1
7636,2119,110.69,Grocery,6,6,CA,mobile,218.5,1,1,1,0,1,1
7678,4180,165.62,Entertainment,5,1,DE,mobile,96.5,1,0,0,1,0,0
7801,2717,51.81,Food Delivery,5,1,GB,mobile,404.2,0,0,0,1,0,1
7873,2794,131.62,Online,1,2,GB,tablet,251.8,2,0,0,1,0,0
7875,2160,95.71,Online,5,4,DE,tablet,67.9,2,0,0,1,0,0
7930,2379,139.09,Travel,1,4,BR,mobile,100.4,1,0,0,1,0,1
7956,1557,88.61,Online,23,2,GB,tablet,51.4,2,0,0,1,0,1
7973,2737,121.77,Travel,2,1,BR,tablet,251.4,1,0,0,1,0,0
7987,4360,61.5,Entertainment,23,2,BR,mobile,145.1,1,0,0,1,0,1
7996,2812,74.41,Online,0,0,NG,tablet,1003.8,1,0,0,1,0,0
8019,1968,119.77,Travel,6,6,CA,mobile,5.0,2,0,1,0,0,0
8041,4579,271.74,Food Delivery,23,2,GB,mobile,31.6,1,0,0,1,0,0
8170,3160,19.43,Retail,0,4,CA,desktop,49.5,4,0,0,1,1,0
8266,2709,63.98,Grocery,3,5,US,tablet,306.3,3,0,1,1,1,0
8280,4182,12.9,Entertainment,1,2,CA,mobile,288.0,1,0,0,1,0,0
8352,3222,76.42,Online,3,4,GB,mobile,48.9,2,0,0,1,0,1
8361,1733,103.18,Online,5,4,CA,mobile,78.6,1,0,0,1,0,1
8377,1667,185.3,Online,2,2,DE,mobile,65.7,1,0,0,1,0,0
8381,1943,1163.9,Online,12,2,US,mobile,31.0,1,0,0,0,0,1
8535,2990,64.85,Food Delivery,3,4,DE,mobile,154.9,2,0,0,1,0,1
8572,1625,33.82,Food Delivery,23,3,JP,mobile,225.6,0,0,0,1,0,0
8610,1048,19.42,Food Delivery,1,0,AU,mobile,106.3,0,0,0,1,0,0
8669,1108,371.19,Online,16,5,GB,mobile,28.5,1,0,1,0,0,0
8711,1958,93.52,Online,4,0,DE,mobile,308.8,0,0,0,1,0,1
8748,1662,30.83,Travel,18,6,CA,mobile,23.9,2,0,1,0,0,0
8771,3044,199.12,Travel,12,6,BR,mobile,5.5,0,0,1,0,0,0
8794,1721,42.37,Travel,23,2,NG,mobile,43.2,1,0,0,1,0,0
8797,2334,81.73,Retail,23,1,DE,desktop,313.7,3,0,0,1,1,1
9031,1915,308.81,Travel,23,1,GB,tablet,214.0,2,0,0,1,0,0
9146,1650,162.3,Food Delivery,0,3,BR,tablet,100.1,2,0,0,1,0,0
9154,4285,149.8,Entertainment,0,2,JP,mobile,94.0,2,0,0,1,0,0
9335,4753,933.6,Health,16,4,CA,mobile,454.4,2,0,0,0,1,0
9380,3914,163.23,Online,3,3,JP,mobile,59.3,0,0,0,1,0,0
9387,4178,93.22,Food Delivery,3,4,AU,tablet,131.3,0,0,0,1,0,1
9412,2187,56.34,Grocery,18,5,CA,tablet,104.2,1,1,1,0,1,0
9436,3361,324.71,Online,1,4,GB,mobile,127.4,0,0,0,1,0,1
9443,1745,36.4,Online,0,0,FR,mobile,1209.2,0,0,0,1,0,0
9523,4450,65.62,Travel,5,4,DE,tablet,89.3,2,0,0,1,0,0
9531,3705,86.97,Entertainment,2,3,JP,tablet,252.8,1,0,0,1,0,0
9549,4799,166.88,Grocery,10,5,CA,desktop,10.0,4,0,1,0,1,1
9556,1327,30.96,Entertainment,16,6,DE,mobile,3.8,1,0,1,0,0,1
9559,4084,11.11,Travel,5,1,FR,mobile,408.2,2,0,0,1,0,0
9578,1547,174.28,Grocery,4,6,US,tablet,76.2,4,0,1,1,1,0
9582,2964,60.61,Entertainment,1,1,AU,mobile,199.3,0,0,0,1,0,0
9615,3919,80.2,Retail,3,3,CA,desktop,267.9,3,0,0,1,1,1
9702,1806,39.02,Travel,3,1,JP,mobile,105.6,2,0,0,1,0,0
9737,1820,113.53,Food Delivery,23,3,CA,mobile,393.6,1,0,0,1,0,0
9750,3077,24.11,Online,23,2,NG,mobile,45.2,1,0,0,1,0,1
9752,3217,68.34,Online,5,4,DE,tablet,399.5,0,0,0,1,0,1
9765,4041,18.85,Food Delivery,3,2,DE,mobile,380.0,1,0,0,1,0,1
9808,4513,28.64,Entertainment,1,3,GB,mobile,116.0,0,0,0,1,0,1
10014,4096,818.18,Travel,5,1,DE,mobile,283.3,0,0,0,1,0,1
10140,3012,1309.83,Retail,14,0,US,desktop,177.3,3,0,0,0,1,0
10147,4769,13.37,Retail,15,6,GB,tablet,365.5,2,1,1,0,1,0
10281,3853,542.84,Online,23,0,CA,mobile,237.1,1,0,0,1,0,1
10308,1869,109.19,Online,23,0,DE,mobile,132.1,1,0,0,1,0,1
10323,2943,453.61,Travel,4,4,DE,mobile,95.6,1,0,0,1,0,1
10341,3564,138.49,Food Delivery,16,6,GB,mobile,9.6,2,0,1,0,0,0
10342,3865,89.24,Online,16,6,FR,mobile,3.7,2,0,1,0,0,0
10358,3016,91.8,Online,23,2,DE,mobile,299.2,2,0,0,1,0,1
10445,4495,43.83,Online,1,1,CA,tablet,208.9,2,0,0,1,0,1
10509,2778,49.46,Travel,23,0,DE,tablet,476.6,1,0,0,1,0,1
10625,4891,473.46,Online,3,0,BR,mobile,34.6,1,0,0,1,0,0
10717,3606,497.29,Food Delivery,23,1,CA,mobile,86.8,1,0,0,1,0,1
10727,4183,185.02,Online,15,5,US,desktop,1.4,3,0,1,0,0,0
10807,3944,86.52,Online,1,4,DE,mobile,148.5,1,0,0,1,0,0
11013,1123,94.27,Entertainment,4,3,AU,mobile,186.6,0,0,0,1,0,0
11055,1548,169.05,Travel,23,4,CA,mobile,89.0,1,0,0,1,0,1
11123,2037,69.6,Food Delivery,0,0,BR,mobile,61.0,1,0,0,1,0,0
11204,1269,95.04,Travel,5,2,AU,mobile,34.6,1,0,0,1,0,0
11212,3226,56.58,Online,10,6,DE,tablet,18.3,1,0,1,0,0,0
11228,3606,87.29,Travel,4,4,FR,tablet,41.9,1,0,0,1,0,0
11305,3934,31.84,Food Delivery,3,0,FR,mobile,180.4,0,0,0,1,0,1
11362,4470,405.36,Entertainment,23,3,FR,tablet,125.5,1,0,0,1,0,0
11485,4457,24.74,Food Delivery,2,3,CA,tablet,353.3,1,0,0,1,0,0
11713,4366,50.27,Entertainment,2,2,JP,mobile,254.3,1,0,0,1,0,0
11772,1168,687.05,Travel,18,6,CA,tablet,1.3,2,0,1,0,0,1
11825,3213,54.62,Travel,16,6,CA,mobile,22.0,1,0,1,0,0,1
11853,3001,139.53,Entertainment,10,5,AU,tablet,10.3,1,0,1,0,0,0
12100,3008,22.98,Travel,10,5,DE,mobile,21.7,0,0,1,0,0,1
12102,2727,260.99,Entertainment,5,2,GB,mobile,101.7,2,0,0,1,0,0
12109,2052,31.82,Online,0,4,JP,mobile,58.6,2,0,0,1,0,0
12161,1273,10.81,Retail,12,6,AU,desktop,19.3,3,0,1,0,1,0
12272,1987,89.14,Online,18,6,CA,mobile,4.0,1,0,1,0,0,0
12517,4797,67.56,Grocery,6,6,GB,mobile,68.0,2,1,1,0,1,1
12572,3242,31.3,Online,21,5,DE,tablet,7.0,0,0,1,0,0,0
12605,4375,116.67,Retail,18,5,DE,tablet,229.7,1,1,1,0,1,0
12673,2060,67.66,Travel,14,5,US,desktop,15.1,3,0,1,0,0,0
12713,2396,367.67,Online,1,3,JP,mobile,257.7,2,0,0,1,0,0
12741,2831,5.49,Food Delivery,0,2,BR,mobile,201.1,0,0,0,1,0,0
12840,3763,148.47,Food Delivery,1,1,CA,tablet,104.2,0,0,0,1,0,0
12932,4421,9.22,Online,4,4,FR,mobile,384.9,1,0,0,1,0,0
12949,3302,29.93,Retail,3,6,US,mobile,410.3,3,0,1,1,1,0
12970,4896,151.99,Entertainment,21,5,US,desktop,11.7,3,0,1,0,0,1
13013,4596,90.79,Travel,1,4,DE,mobile,188.3,0,0,0,1,0,0
13184,3771,82.48,Entertainment,3,1,BR,mobile,89.2,1,0,0,1,0,0
13214,4463,83.16,Online,2,3,FR,tablet,106.7,2,0,0,1,0,0
13317,3168,220.42,Travel,22,6,CA,tablet,13.8,1,0,1,0,0,0
13494,3443,192.68,Grocery,13,6,NG,mobile,212.9,2,1,1,0,1,1
13626,2352,283.38,Travel,3,3,FR,mobile,118.7,1,0,0,1,0,0
13656,4444,32.22,Travel,0,3,GB,tablet,138.2,0,0,0,1,0,0
13697,3325,200.1,Online,5,1,CA,mobile,117.9,0,0,0,1,0,0
13732,2418,342.34,Food Delivery,0,3,CA,tablet,38.2,1,0,0,1,0,0
13782,3489,69.01,Food Delivery,3,3,GB,mobile,614.1,0,0,0,1,0,1
13785,4902,178.78,Travel,23,0,JP,mobile,168.8,2,0,0,1,0,0
13814,3981,740.86,Online,23,4,CA,mobile,115.7,1,0,0,1,0,0
13855,3064,125.41,Online,4,2,BR,mobile,195.5,2,0,0,1,0,1
13954,4282,215.81,Travel,7,6,US,desktop,10.0,4,0,1,0,0,1
14006,3394,146.19,Entertainment,0,4,DE,mobile,76.4,1,0,0,1,0,0
14110,1500,42.2,Food Delivery,1,1,DE,mobile,572.4,2,0,0,1,0,1
14116,1561,72.32,Online,21,5,FR,mobile,10.1,1,0,1,0,0,0
14144,1868,324.43,Travel,23,0,DE,tablet,464.1,1,0,0,1,0,1
14165,2573,79.87,Online,1,1,GB,mobile,352.4,2,0,0,1,0,0
14185,3144,76.56,Online,5,1,NG,tablet,75.6,1,0,0,1,0,1
14360,2300,105.72,Food Delivery,5,4,AU,mobile,100.6,1,0,0,1,0,1
14362,2035,127.83,Travel,4,1,CA,mobile,37.6,0,0,0,1,0,0
14445,1632,31.74,Online,4,1,FR,mobile,156.9,2,0,0,1,0,0
14494,4516,42.18,Food Delivery,2,2,DE,mobile,512.9,1,0,0,1,0,0
14499,4891,109.61,Online,5,4,FR,mobile,201.2,2,0,0,1,0,0
14551,1927,143.47,Entertainment,11,5,GB,mobile,23.2,2,0,1,0,0,0
14555,2426,436.52,Online,2,4,AU,tablet,212.4,0,0,0,1,0,0
14568,1530,55.16,Grocery,17,5,FR,mobile,137.7,2,1,1,0,1,0
14577,2321,301.58,Travel,14,6,GB,mobile,25.3,1,0,1,0,0,0
14601,1840,144.75,Entertainment,22,6,FR,tablet,4.4,2,0,1,0,0,0
14614,1290,136.74,Entertainment,23,4,FR,mobile,172.2,1,0,0,1,0,0
14895,2474,21.48,Entertainment,5,2,GB,mobile,70.3,1,0,0,1,0,1
14923,1692,73.17,Online,8,5,AU,mobile,26.8,1,0,1,0,0,0
14981,1748,324.17,Entertainment,2,0,BR,mobile,440.2,0,0,0,1,0,1
15007,2467,212.4,Retail,1,2,JP,desktop,178.1,3,0,0,1,1,1
15082,4786,73.12,Food Delivery,3,3,FR,mobile,172.5,1,0,0,1,0,1
15084,2534,106.65,Online,6,6,GB,mobile,29.2,2,0,1,0,0,0
15106,2193,82.54,Entertainment,2,1,AU,mobile,263.8,0,0,0,1,0,0
15123,1294,122.62,Travel,1,2,GB,mobile,347.9,0,0,0,1,0,1
15128,2759,139.35,Entertainment,0,4,FR,mobile,93.3,1,0,0,1,0,0
15152,4924,89.77,Travel,22,6,BR,tablet,29.3,1,0,1,0,0,0
15181,1153,47.28,Online,17,5,CA,mobile,18.8,2,0,1,0,0,0
15233,2361,41.93,Travel,3,0,BR,mobile,87.0,1,0,0,1,0,1
15273,3792,261.05,Food Delivery,2,1,AU,mobile,151.2,0,0,0,1,0,0
15279,2949,14.09,Travel,0,4,CA,mobile,332.3,2,0,0,1,0,0
15410,2709,279.09,Travel,3,3,JP,mobile,30.1,1,0,0,1,0,0
15429,1845,56.26,Online,5,2,GB,mobile,811.2,1,0,0,1,0,1
15493,1014,400.21,Food Delivery,23,0,GB,tablet,57.0,1,0,0,1,0,0
15620,1122,92.87,Online,1,0,DE,tablet,161.9,0,0,0,1,0,1
15730,3985,114.97,Entertainment,4,3,FR,mobile,134.9,2,0,0,1,0,1
15740,3776,30.73,Online,1,1,CA,mobile,76.7,0,0,0,1,0,0
15870,3491,39.45,Travel,23,4,JP,tablet,166.8,1,0,0,1,0,0
15890,3389,32.49,Travel,18,5,CA,mobile,6.6,2,0,1,0,0,1
15941,2539,325.63,Health,9,6,GB,mobile,85.9,1,1,1,0,1,1
15948,1056,69.04,Health,1,3,CA,desktop,283.7,3,0,0,1,1,1
15961,3742,1388.97,Online,18,1,US,tablet,175.7,1,0,0,0,0,1
16029,1889,218.63,Online,23,4,FR,tablet,76.2,1,0,0,1,0,0
16063,3763,61.41,Entertainment,4,4,GB,tablet,308.8,0,0,0,1,0,0
16107,4011,36.88,Travel,3,1,DE,tablet,421.0,2,0,0,1,0,1
16194,1309,93.31,Entertainment,2,2,AU,mobile,98.9,1,0,0,1,0,1
16227,1663,122.18,Travel,1,2,GB,mobile,62.6,2,0,0,1,0,1
16347,1737,127.2,Travel,2,0,DE,tablet,129.3,0,0,0,1,0,0
16360,2567,127.35,Entertainment,1,0,JP,tablet,187.8,1,0,0,1,0,1
16454,3792,111.16,Online,7,6,GB,mobile,8.0,0,0,1,0,0,0
16480,2491,116.47,Travel,3,4,DE,tablet,39.5,0,0,0,1,0,1
16562,2890,435.27,Online,2,0,FR,mobile,105.9,2,0,0,1,0,0
16569,3316,35.28,Online,0,1,DE,mobile,133.0,0,0,0,1,0,0
16592,2660,64.2,Grocery,4,6,US,mobile,230.4,8,0,1,1,1,0
16647,4111,789.04,Food Delivery,7,6,AU,mobile,16.0,2,0,1,0,0,1
16746,1823,247.51,Online,4,4,BR,mobile,205.1,0,0,0,1,0,0
16801,2723,161.2,Online,14,5,CA,mobile,21.2,1,0,1,0,0,0
16903,3372,43.26,Entertainment,2,0,CA,mobile,111.3,0,0,0,1,0,0
16935,1190,212.81,Grocery,1,5,US,mobile,247.5,3,0,1,1,1,0
16938,3089,74.3,Travel,2,1,CA,mobile,468.0,1,0,0,1,0,0
16968,3202,621.21,Grocery,4,4,US,desktop,23.7,1,1,0,1,1,0
16969,2506,45.88,Travel,5,2,JP,tablet,1654.0,1,0,0,1,0,1
17106,4196,117.75,Online,2,4,FR,mobile,35.0,0,0,0,1,0,0
17122,2218,29.75,Food Delivery,1,3,GB,tablet,115.1,2,0,0,1,0,1
17136,2820,57.07,Online,2,3,JP,mobile,521.2,0,0,0,1,0,0
17140,4176,112.45,Grocery,18,6,GB,mobile,309.8,1,1,1,0,1,0
17218,2041,155.87,Travel,22,6,DE,mobile,18.0,1,0,1,0,0,1
17547,2974,210.43,Travel,1,3,AU,mobile,352.3,1,0,0,1,0,0
17585,1703,216.95,Online,3,3,FR,tablet,187.7,2,0,0,1,0,1
17592,3370,41.4,Travel,1,2,GB,mobile,212.0,1,0,0,1,0,1
17649,4968,215.29,Food Delivery,12,6,FR,mobile,21.0,1,0,1,0,0,0
17665,3194,215.54,Travel,1,1,FR,tablet,314.1,2,0,0,1,0,0
17723,4162,73.27,Online,5,4,GB,mobile,35.2,0,0,0,1,0,1
17861,4491,53.78,Travel,4,0,CA,mobile,389.1,0,0,0,1,0,0
17876,1071,220.64,Entertainment,2,0,CA,mobile,49.1,2,0,0,1,0,0
17878,2749,363.71,Online,4,4,FR,mobile,39.3,0,0,0,1,0,0
17909,3714,293.02,Online,4,0,CA,mobile,374.5,0,0,0,1,0,0
17979,1460,47.03,Online,5,4,CA,mobile,54.8,2,0,0,1,0,1
17999,4161,138.54,Food Delivery,23,3,BR,mobile,107.9,1,0,0,1,0,1
18055,1119,142.32,Entertainment,23,0,JP,tablet,212.3,0,0,0,1,0,0
18099,3646,73.1,Food Delivery,5,1,CA,tablet,152.9,1,0,0,1,0,0
18176,4279,262.91,Online,3,0,NG,mobile,85.3,0,0,0,1,0,0
18254,2028,50.21,Travel,2,2,DE,tablet,119.3,1,0,0,1,0,0
18400,2996,115.97,Travel,0,3,FR,mobile,392.6,0,0,0,1,0,0
18403,3178,24.86,Entertainment,1,2,DE,mobile,416.1,1,0,0,1,0,1
18404,4849,403.34,Online,3,0,AU,mobile,96.9,2,0,0,1,0,1
18436,4971,435.61,Online,0,2,AU,tablet,106.5,1,0,0,1,0,0
18474,2442,96.81,Online,2,0,FR,tablet,153.5,1,0,0,1,0,1
18481,1026,17.21,Entertainment,1,0,JP,mobile,385.6,2,0,0,1,0,0
18509,2284,168.98,Online,4,4,CA,mobile,502.7,1,0,0,1,0,0
18533,1864,56.66,Online,4,2,DE,mobile,348.5,2,0,0,1,0,0
18679,3583,33.53,Online,3,3,CA,mobile,63.7,2,0,0,1,0,1
18803,3544,80.55,Travel,17,5,AU,tablet,11.2,1,0,1,0,0,1
18829,2983,272.78,Online,23,2,DE,mobile,400.5,0,0,0,1,0,0
18848,1813,535.4,Online,11,5,DE,mobile,16.3,1,0,1,0,0,1
18955,4555,163.72,Travel,15,6,US,desktop,8.0,3,0,1,0,0,1
18969,3409,87.43,Travel,1,0,FR,tablet,384.7,1,0,0,1,0,0
18990,1328,200.02,Travel,2,0,CA,tablet,66.7,0,0,0,1,0,0
19045,4422,50.09,Retail,23,5,US,mobile,375.7,3,0,1,1,1,0
19047,4269,111.02,Food Delivery,4,0,DE,mobile,341.1,1,0,0,1,0,1
19131,4978,128.76,Grocery,11,6,AU,tablet,35.4,2,1,1,0,1,1
19173,1050,25.81,Travel,3,1,CA,mobile,168.9,1,0,0,1,0,0
19243,3961,629.67,Entertainment,1,1,AU,tablet,95.2,1,0,0,1,0,0
19268,2286,53.53,Online,3,0,BR,tablet,178.9,1,0,0,1,0,0
19328,4338,37.67,Entertainment,2,3,CA,mobile,251.9,0,0,0,1,0,0
19449,2231,82.03,Online,13,6,US,desktop,27.7,3,0,1,0,0,0
19577,2553,40.87,Entertainment,1,1,GB,mobile,163.7,2,0,0,1,0,0
19614,3761,20.34,Entertainment,3,2,CA,mobile,994.7,1,0,0,1,0,1
19619,2305,97.44,Entertainment,3,0,FR,mobile,473.0,0,0,0,1,0,0
19815,4999,139.52,Online,9,6,US,desktop,16.0,3,0,1,0,0,0
19905,2337,155.35,Online,0,3,JP,mobile,60.6,0,0,0,1,0,0
19965,2427,702.55,Entertainment,23,4,DE,mobile,176.8,0,0,0,1,0,1
106,4147,205.52,Online,18,0,FR,desktop,153.3,1,1,0,0,0,0
188,2524,170.1,Online,1,4,US,desktop,241.6,4,0,0,1,0,0
464,2676,203.02,Food Delivery,5,0,US,desktop,48.4,3,0,0,1,0,0
485,2852,247.14,Online,14,2,CA,desktop,61.6,1,1,0,0,0,1
513,4363,37.86,Entertainment,23,1,US,desktop,67.8,3,0,0,1,0,0
901,1017,271.52,Online,23,1,US,desktop,387.2,3,0,0,1,0,0
1461,4160,19.8,Travel,14,1,CA,desktop,156.4,1,1,0,0,0,0
1753,3514,59.63,Food Delivery,4,1,US,desktop,38.6,4,0,0,1,0,1
1866,2619,287.97,Online,15,3,JP,desktop,608.3,2,1,0,0,0,0
1893,4515,43.36,Online,22,0,DE,desktop,111.5,2,1,0,0,0,1
1895,1536,709.95,Food Delivery,10,0,NG,desktop,167.4,1,1,0,0,0,0
2359,3501,103.75,Online,2,2,US,desktop,215.4,3,0,0,1,0,0
2518,3104,43.5,Travel,4,0,US,desktop,135.0,5,0,0,1,0,0
2596,1664,104.58,Online,11,0,CA,desktop,153.7,2,1,0,0,0,1
2662,4099,37.8,Entertainment,23,4,US,desktop,83.2,4,0,0,1,0,1
2784,4349,152.89,Food Delivery,23,0,US,desktop,57.8,3,0,0,1,0,0
2806,4875,69.88,Food Delivery,13,1,DE,desktop,87.6,1,1,0,0,0,0
2932,3691,250.53,Travel,0,2,US,desktop,196.2,4,0,0,1,0,0
3030,4578,19.19,Food Delivery,11,0,FR,desktop,226.4,1,1,0,0,0,1
3482,1982,223.38,Entertainment,9,0,CA,desktop,274.9,1,1,0,0,0,0
3539,3111,71.86,Food Delivery,8,2,CA,desktop,220.1,1,1,0,0,0,1
3652,1287,89.76,Online,5,2,US,desktop,223.1,4,0,0,1,0,0
3669,2703,111.12,Travel,7,4,BR,desktop,117.1,1,1,0,0,0,1
3826,4615,69.04,Online,19,4,CA,desktop,246.8,0,1,0,0,0,0
4364,4870,51.83,Entertainment,4,1,US,desktop,55.3,3,0,0,1,0,1
4478,2473,32.01,Travel,5,2,US,desktop,149.8,3,0,0,1,0,0
4566,2356,11.63,Entertainment,0,0,US,desktop,95.5,3,0,0,1,0,1
4691,1006,102.22,Travel,17,2,JP,desktop,406.4,2,1,0,0,0,0
4818,2319,54.56,Travel,11,2,GB,desktop,106.5,2,1,0,0,0,1
5150,3180,24.24,Food Delivery,19,3,BR,desktop,50.2,0,1,0,0,0,1
5155,4204,294.65,Travel,16,0,DE,desktop,61.2,1,1,0,0,0,0
5190,2181,85.68,Entertainment,7,2,GB,desktop,555.8,2,1,0,0,0,0
5210,1126,126.66,Food Delivery,4,3,US,desktop,365.0,3,0,0,1,0,0
5384,2525,166.58,Travel,4,3,US,desktop,100.0,3,0,0,1,0,0
5478,3826,158.14,Food Delivery,20,1,CA,desktop,37.1,2,1,0,0,0,0
5486,1699,93.42,Travel,0,2,US,desktop,246.8,4,0,0,1,0,1
5860,3789,184.48,Online,4,4,US,desktop,109.2,3,0,0,1,0,1
5986,2238,25.81,Travel,4,2,US,desktop,141.8,3,0,0,1,0,0
6512,4216,78.53,Entertainment,13,3,GB,desktop,70.3,0,1,0,0,0,0
6791,4452,100.38,Entertainment,13,1,FR,desktop,212.0,2,1,0,0,0,1
6906,1003,63.64,Online,11,2,DE,desktop,113.8,1,1,0,0,0,0
7012,3268,67.68,Entertainment,15,3,GB,desktop,162.6,1,1,0,0,0,0
7359,4509,164.84,Online,18,2,DE,desktop,344.6,2,1,0,0,0,0
7724,1112,29.84,Entertainment,18,2,FR,desktop,52.5,2,1,0,0,0,0
7880,1372,89.63,Food Delivery,9,0,AU,desktop,88.3,1,1,0,0,0,0
7959,4869,95.66,Entertainment,13,4,JP,desktop,318.5,0,1,0,0,0,0
7995,4386,60.85,Food Delivery,11,0,DE,desktop,615.7,1,1,0,0,0,0
8067,1844,54.14,Entertainment,5,0,US,desktop,31.1,3,0,0,1,0,1
8088,4698,60.31,Travel,0,1,US,desktop,158.6,3,0,0,1,0,1
8173,2189,241.35,Food Delivery,9,4,AU,desktop,101.7,2,1,0,0,0,0
8660,4681,151.38,Online,10,1,GB,desktop,98.8,0,1,0,0,0,0
8925,2433,67.32,Entertainment,21,1,AU,desktop,220.5,0,1,0,0,0,0
9327,1653,81.34,Food Delivery,3,2,US,desktop,167.8,4,0,0,1,0,0
9352,1569,43.2,Entertainment,1,2,US,desktop,79.1,4,0,0,1,0,0
9367,2358,132.69,Travel,20,4,CA,desktop,164.5,0,1,0,0,0,1
9594,1750,92.16,Entertainment,23,4,US,desktop,237.1,5,0,0,1,0,1
9675,2610,325.74,Travel,5,1,US,desktop,308.3,4,0,0,1,0,0
9985,2069,328.7,Travel,23,2,US,desktop,124.6,3,0,0,1,0,1
10087,3222,81.62,Online,12,4,DE,desktop,58.5,1,1,0,0,0,0
10139,1964,123.57,Online,2,1,US,desktop,203.0,4,0,0,1,0,1
10314,2299,163.63,Online,5,3,US,desktop,79.0,3,0,0,1,0,1
10544,4500,188.3,Food Delivery,3,4,US,desktop,188.1,3,0,0,1,0,0
10577,4426,56.96,Food Delivery,3,0,US,desktop,185.0,3,0,0,1,0,0
10675,3881,88.56,Online,8,1,DE,desktop,38.9,1,1,0,0,0,0
11028,2308,39.24,Food Delivery,2,1,US,desktop,192.4,3,0,0,1,0,0
11141,1248,253.99,Food Delivery,11,4,DE,desktop,109.4,2,1,0,0,0,0
11155,3387,118.17,Travel,3,3,US,desktop,132.8,3,0,0,1,0,0
11552,1150,293.36,Online,1,3,US,desktop,70.0,3,0,0,1,0,0
11747,2891,213.12,Travel,8,2,NG,desktop,54.9,1,1,0,0,0,0
11770,2969,44.62,Online,14,2,FR,desktop,169.3,2,1,0,0,0,0
11906,2831,23.66,Online,15,3,CA,desktop,47.9,1,1,0,0,0,1
12231,1295,71.87,Online,4,4,US,desktop,294.6,3,0,0,1,0,0
12490,1668,270.19,Online,12,1,AU,desktop,32.8,2,1,0,0,0,1
12588,4964,34.73,Online,21,2,FR,desktop,263.8,0,1,0,0,0,0
13089,3671,40.0,Food Delivery,15,2,JP,desktop,575.9,0,1,0,0,0,1
13559,3007,18.36,Entertainment,15,3,GB,desktop,110.1,0,1,0,0,0,1
13569,3309,172.07,Entertainment,7,1,CA,desktop,238.5,1,1,0,0,0,1
13729,2853,245.45,Online,19,1,CA,desktop,165.9,0,1,0,0,0,0
13817,4232,61.35,Entertainment,18,1,BR,desktop,589.5,1,1,0,0,0,0
13978,1020,71.83,Food Delivery,20,0,FR,desktop,47.3,1,1,0,0,0,1
13983,1286,58.46,Travel,6,3,CA,desktop,96.8,2,1,0,0,0,0
14016,1215,45.64,Travel,19,3,GB,desktop,339.9,0,1,0,0,0,1
14201,4347,30.62,Entertainment,0,1,US,desktop,298.9,5,0,0,1,0,0
14401,1361,22.26,Travel,16,4,BR,desktop,149.3,1,1,0,0,0,1
14413,3445,87.47,Food Delivery,0,2,US,desktop,167.2,4,0,0,1,0,1
14420,3493,83.21,Travel,19,3,GB,desktop,412.4,1,1,0,0,0,0
14427,4916,9.59,Online,3,4,US,desktop,150.2,3,0,0,1,0,1
14538,4651,29.07,Online,23,3,US,desktop,132.4,3,0,0,1,0,1
15067,3777,26.56,Online,4,4,US,desktop,104.2,3,0,0,1,0,1
15472,2586,30.88,Food Delivery,4,4,US,desktop,147.5,3,0,0,1,0,1
16081,3272,156.3,Food Delivery,17,1,CA,desktop,92.7,0,1,0,0,0,1
16231,3958,97.14,Online,19,0,CA,desktop,421.3,2,1,0,0,0,0
16253,2653,112.29,Food Delivery,14,1,GB,desktop,185.6,0,1,0,0,0,1
16400,1810,108.49,Online,23,2,US,desktop,44.5,4,0,0,1,0,1
16548,3904,78.22,Online,6,0,GB,desktop,50.3,2,1,0,0,0,1
16598,1009,646.13,Online,17,1,JP,desktop,192.1,0,1,0,0,0,1
16822,3743,92.38,Entertainment,18,3,AU,desktop,39.9,0,1,0,0,0,0
17033,3484,205.25,Online,10,3,JP,desktop,809.3,1,1,0,0,0,0
17209,2847,206.41,Food Delivery,17,1,GB,desktop,283.5,1,1,0,0,0,0
17417,3413,130.31,Travel,17,2,GB,desktop,205.6,2,1,0,0,0,1
17549,1325,130.53,Entertainment,21,4,AU,desktop,121.2,0,1,0,0,0,0
18066,2593,54.11,Travel,7,0,CA,desktop,355.4,1,1,0,0,0,0
18106,4678,82.37,Travel,0,2,US,desktop,162.1,4,0,0,1,0,1
18251,2891,142.32,Entertainment,20,4,CA,desktop,36.8,2,1,0,0,0,0
18353,1450,29.01,Online,9,3,DE,desktop,268.4,0,1,0,0,0,0
18457,4150,25.21,Travel,23,3,US,desktop,60.3,4,0,0,1,0,1
18836,3947,45.01,Food Delivery,17,4,AU,desktop,81.4,1,1,0,0,0,0
18951,2153,7.28,Travel,16,4,AU,desktop,403.4,1,1,0,0,0,1
19116,3558,29.97,Online,3,3,US,desktop,65.5,3,0,0,1,0,1
19345,3009,84.47,Travel,21,3,CA,desktop,43.4,1,1,0,0,0,1
19375,3902,23.55,Food Delivery,7,1,AU,desktop,164.3,2,1,0,0,0,1
19408,2119,64.55,Entertainment,1,1,US,desktop,95.4,3,0,0,1,0,0
19774,3993,230.69,Online,6,4,CA,desktop,324.4,2,1,0,0,0,1
19852,4886,57.83,Travel,3,0,US,desktop,178.6,4,0,0,1,0,0
666,3779,14.57,Retail,15,6,US,mobile,34.2,3,1,1,0,0,1
733,4686,69.87,Travel,15,1,US,mobile,49.5,2,1,0,0,1,0
1061,4082,50.03,Retail,9,4,CA,desktop,138.9,5,1,0,0,0,0
2153,4426,36.59,Online,10,4,US,mobile,336.4,2,1,0,0,1,0
2158,3528,78.2,Retail,10,6,US,tablet,59.0,4,1,1,0,0,0
3170,3425,215.99,Grocery,15,3,AU,desktop,43.6,4,1,0,0,0,0
3817,2807,20.6,Grocery,15,6,US,mobile,62.4,3,1,1,0,0,0
3943,4711,44.11,Grocery,6,6,US,mobile,38.5,3,1,1,0,0,1
4961,2526,394.05,Retail,10,1,DE,desktop,138.2,3,1,0,0,0,1
5051,2736,51.18,Retail,7,6,US,tablet,531.8,5,1,1,0,0,0
5578,4739,36.98,Retail,10,5,US,tablet,210.6,3,1,1,0,0,0
5811,3667,193.6,Health,10,1,FR,desktop,159.3,3,1,0,0,0,1
6143,3124,179.68,Retail,8,0,AU,desktop,57.7,3,1,0,0,0,0
6337,3163,446.4,Health,6,6,US,tablet,48.8,5,1,1,0,0,1
7150,2289,75.06,Grocery,16,6,US,mobile,211.3,3,1,1,0,0,1
7170,4660,137.36,Travel,6,1,US,mobile,799.8,0,1,0,0,1,1
7797,4486,117.35,Health,22,6,US,mobile,172.2,3,1,1,0,0,0
8166,3917,71.62,Retail,9,6,US,tablet,176.2,3,1,1,0,0,1
8898,3218,72.28,Food Delivery,16,4,US,mobile,309.2,1,1,0,0,1,0
9217,3871,47.48,Food Delivery,12,0,US,mobile,53.2,2,1,0,0,1,1
9790,3767,19.78,Food Delivery,7,3,US,tablet,134.4,0,1,0,0,1,0
10113,1225,38.91,Online,20,2,US,mobile,62.0,2,1,0,0,1,1
10122,1674,136.87,Travel,15,4,US,mobile,52.5,0,1,0,0,1,0
10192,3222,118.44,Retail,15,1,DE,desktop,86.6,3,1,0,0,0,0
11418,1230,82.56,Retail,22,2,DE,desktop,612.9,3,1,0,0,0,1
11507,2332,71.06,Grocery,18,6,US,mobile,279.4,3,1,1,0,0,1
12432,1621,396.32,Food Delivery,11,1,US,mobile,532.2,1,1,0,0,1,1
12979,2083,79.9,Grocery,7,4,GB,desktop,51.2,4,1,0,0,0,1
13209,4297,22.05,Grocery,10,6,US,mobile,136.5,3,1,1,0,0,0
13244,2093,149.7,Entertainment,9,0,US,mobile,487.9,2,1,0,0,1,0
13981,4728,1027.55,Retail,2,1,GB,desktop,151.5,2,0,0,1,0,0
14166,4179,1462.16,Retail,4,6,US,tablet,75.2,2,0,1,1,0,0
14364,2745,1423.7,Retail,23,3,DE,desktop,92.4,1,0,0,1,0,1
15280,2491,35.64,Grocery,17,5,US,tablet,54.6,3,1,1,0,0,0
16352,4573,238.95,Online,18,4,US,mobile,147.1,1,1,0,0,1,1
17673,3267,181.03,Utilities,15,1,DE,desktop,119.3,3,1,0,0,0,0
18475,1879,103.31,Online,16,4,US,mobile,146.3,1,1,0,0,1,1
18743,4914,18.01,Utilities,22,6,US,mobile,524.8,3,1,1,0,0,0
19333,2067,259.48,Grocery,12,3,CA,desktop,163.6,3,1,0,0,0,0
19853,3920,83.76,Utilities,19,5,US,tablet,320.7,3,1,1,0,0,1
18,1512,113.62,Retail,3,6,FR,desktop,276.3,1,1,1,1,0,0
73,2851,69.95,Entertainment,11,4,GB,tablet,3.2,2,0,0,0,1,1
349,1722,55.25,Utilities,5,0,BR,mobile,141.2,3,0,0,1,0,0
461,3893,117.09,Retail,2,4,DE,mobile,304.2,3,0,0,1,0,0
657,4065,32.52,Grocery,4,1,NG,mobile,404.0,3,0,0,1,0,1
715,4680,40.94,Travel,12,1,GB,mobile,21.5,2,0,0,0,1,1
820,4996,64.94,Retail,1,4,AU,tablet,84.2,3,0,0,1,0,0
1022,1288,193.03,Grocery,5,3,DE,tablet,133.7,3,0,0,1,0,0
1194,3812,23.01,Retail,1,4,AU,mobile,77.9,5,0,0,1,0,1
1285,2527,277.03,Retail,2,3,AU,mobile,676.2,3,0,0,1,0,1
1511,2333,342.2,Grocery,0,3,US,mobile,27.9,2,1,0,1,0,0
1535,4266,6.41,Grocery,2,2,DE,mobile,626.7,3,0,0,1,0,1
1713,4519,30.52,Online,10,3,DE,tablet,25.4,1,0,0,0,1,0
1901,3139,66.12,Retail,1,2,FR,tablet,230.8,4,0,0,1,0,0
2056,2465,68.18,Retail,23,2,NG,mobile,64.2,6,0,0,1,0,1
2204,2344,137.67,Grocery,0,2,CA,tablet,229.2,3,0,0,1,0,1
2222,1615,77.84,Grocery,2,4,NG,mobile,212.1,3,0,0,1,0,0
2538,2994,26.44,Grocery,4,4,FR,mobile,44.7,3,0,0,1,0,0
2635,1333,165.34,Health,6,5,CA,tablet,13.1,3,0,1,0,0,1
2699,1515,23.49,Retail,4,0,US,mobile,9.9,2,1,0,1,0,1
2747,1898,202.71,Grocery,3,2,AU,mobile,198.8,3,0,0,1,0,0
2837,4861,107.59,Retail,0,6,FR,desktop,351.8,0,1,1,1,0,1
2879,4484,96.86,Retail,4,2,AU,mobile,50.0,5,0,0,1,0,1
3027,1453,126.4,Retail,4,0,GB,mobile,532.4,3,0,0,1,0,1
3178,2185,287.67,Grocery,0,2,GB,mobile,116.5,3,0,0,1,0,0
3374,3011,183.19,Grocery,0,4,CA,tablet,133.7,4,0,0,1,0,1
3580,1310,40.79,Retail,2,3,JP,tablet,220.9,4,0,0,1,0,1
3610,3699,46.59,Grocery,1,6,GB,desktop,151.9,1,1,1,1,0,0
3715,3902,31.29,Utilities,5,1,GB,tablet,42.4,3,0,0,1,0,1
3752,4193,76.38,Food Delivery,6,3,FR,mobile,2.0,1,0,0,0,1,0
4177,2213,80.79,Grocery,5,3,CA,mobile,96.3,5,0,0,1,0,0
4605,1843,39.49,Retail,4,1,US,mobile,8.4,0,1,0,1,0,0
4866,3344,159.37,Online,15,3,US,desktop,8.9,3,0,0,0,1,0
5001,1791,146.49,Entertainment,10,3,US,desktop,5.9,3,0,0,0,1,0
5153,2046,71.1,Retail,0,4,CA,mobile,395.8,3,0,0,1,0,0
5242,4509,32.17,Grocery,1,2,GB,mobile,123.8,4,0,0,1,0,0
5387,1940,220.6,Health,23,4,US,mobile,9.7,0,1,0,1,0,1
5507,1433,286.55,Grocery,23,4,CA,mobile,71.9,3,0,0,1,0,0
5810,2516,470.84,Food Delivery,18,4,CA,mobile,6.9,1,0,0,0,1,0
5818,4691,34.93,Health,0,2,JP,tablet,85.7,3,0,0,1,0,0
5850,1239,343.15,Online,12,3,CA,mobile,28.8,2,0,0,0,1,1
5851,1677,144.68,Grocery,0,1,US,mobile,29.9,0,1,0,1,0,0
6127,1658,29.08,Retail,4,4,GB,mobile,198.7,3,0,0,1,0,0
6164,1455,30.47,Grocery,2,1,FR,mobile,104.6,4,0,0,1,0,0
6277,1285,52.7,Retail,0,6,AU,desktop,229.5,1,1,1,1,0,1
6280,2506,208.05,Grocery,4,1,DE,mobile,60.2,3,0,0,1,0,0
6370,1230,150.45,Health,1,0,DE,tablet,61.5,6,0,0,1,0,1
6561,3541,232.46,Retail,0,4,CA,tablet,715.9,3,0,0,1,0,0
6904,3236,47.33,Retail,23,5,GB,desktop,368.2,1,1,1,1,0,1
7014,2986,491.74,Retail,2,3,FR,tablet,54.2,4,0,0,1,0,0
7037,1281,285.87,Health,2,2,NG,mobile,401.9,3,0,0,1,0,1
7058,4350,82.5,Grocery,4,2,US,mobile,2.9,0,1,0,1,0,1
7103,3587,214.69,Grocery,4,3,AU,mobile,41.8,4,0,0,1,0,0
7105,2126,119.79,Retail,23,1,DE,tablet,53.2,4,0,0,1,0,1
7149,2127,121.67,Utilities,0,3,FR,tablet,228.0,4,0,0,1,0,1
7378,3460,74.57,Grocery,3,4,AU,mobile,339.2,4,0,0,1,0,0
7824,2898,93.89,Grocery,1,4,AU,tablet,83.1,5,0,0,1,0,0
7844,4467,236.97,Grocery,3,1,NG,mobile,331.6,5,0,0,1,0,0
8087,3689,358.09,Grocery,2,2,JP,mobile,394.3,3,0,0,1,0,0
8462,4904,16.32,Retail,2,1,US,mobile,15.1,0,1,0,1,0,1
8484,4312,254.14,Retail,4,1,GB,mobile,49.4,4,0,0,1,0,0
8560,3800,157.54,Grocery,1,3,JP,tablet,88.6,3,0,0,1,0,0
8627,4134,69.37,Grocery,5,1,GB,mobile,429.1,3,0,0,1,0,1
8753,2702,24.4,Online,22,3,CA,tablet,10.7,2,0,0,0,1,0
8764,2280,9.29,Grocery,1,6,JP,desktop,79.8,1,1,1,1,0,0
8799,4390,22.8,Grocery,0,2,CA,mobile,200.8,3,0,0,1,0,1
8931,4460,181.48,Retail,23,3,FR,mobile,276.7,4,0,0,1,0,0
9541,1177,99.62,Online,9,0,US,desktop,10.6,4,0,0,0,1,1
9564,4990,71.68,Grocery,23,2,CA,mobile,137.4,4,0,0,1,0,0
9574,2275,67.5,Grocery,0,4,FR,mobile,470.0,4,0,0,1,0,1
9663,1396,256.96,Grocery,2,5,CA,desktop,287.2,0,1,1,1,0,1
9914,4434,99.8,Grocery,4,4,FR,mobile,494.3,3,0,0,1,0,1
10086,2264,47.22,Travel,10,1,US,desktop,28.5,3,0,0,0,1,0
10158,2399,195.36,Utilities,3,0,US,mobile,18.5,1,1,0,1,0,1
10250,3210,199.5,Online,8,3,BR,mobile,12.5,1,0,0,0,1,1
10462,4200,166.41,Grocery,1,2,NG,mobile,336.8,4,0,0,1,0,1
10830,3909,178.73,Retail,1,4,CA,mobile,82.3,3,0,0,1,0,1
11198,3297,92.78,Grocery,0,2,JP,mobile,174.8,3,0,0,1,0,0
11417,4106,141.33,Grocery,1,0,FR,mobile,433.6,4,0,0,1,0,1
11615,4088,28.16,Retail,1,2,BR,tablet,222.5,3,0,0,1,0,1
11802,4332,43.32,Utilities,4,1,AU,mobile,51.6,3,0,0,1,0,1
12027,1682,26.34,Retail,23,3,US,mobile,11.7,1,1,0,1,0,1
12167,3644,169.04,Entertainment,17,4,AU,tablet,11.2,1,0,0,0,1,0
12629,1555,183.31,Grocery,16,5,FR,mobile,18.9,3,0,1,0,0,1
13051,1575,156.85,Online,15,4,DE,tablet,6.0,0,0,0,0,1,0
13061,2165,19.29,Grocery,3,1,BR,mobile,178.3,3,0,0,1,0,0
13196,2069,90.26,Grocery,2,3,CA,mobile,302.8,4,0,0,1,0,1
13319,2001,114.74,Retail,4,2,US,tablet,28.1,2,1,0,1,0,1
13368,4297,83.66,Retail,1,3,JP,mobile,140.7,3,0,0,1,0,0
13381,3355,22.44,Retail,1,2,FR,mobile,264.8,3,0,0,1,0,0
13485,2220,93.05,Utilities,5,1,US,tablet,12.3,0,1,0,1,0,1
13552,2540,549.48,Food Delivery,8,3,US,desktop,9.4,5,0,0,0,1,0
13784,2287,511.92,Retail,7,6,GB,mobile,23.2,4,0,1,0,0,1
13868,3787,8.07,Grocery,2,5,NG,desktop,278.8,1,1,1,1,0,0
13869,3742,97.84,Retail,4,3,JP,mobile,158.8,4,0,0,1,0,0
14080,4706,83.34,Food Delivery,16,1,AU,mobile,11.2,1,0,0,0,1,1
14098,3040,124.29,Retail,23,0,US,mobile,8.6,1,1,0,1,0,0
14173,1673,68.87,Grocery,5,0,US,tablet,15.5,1,1,0,1,0,0
14279,4213,1497.33,Health,12,5,AU,desktop,11.6,0,0,1,0,0,0
14368,2427,249.66,Health,0,2,FR,tablet,159.3,3,0,0,1,0,0
14844,1791,34.32,Retail,0,3,GB,tablet,33.4,3,0,0,1,0,1
14975,4377,131.98,Health,1,1,GB,tablet,77.0,4,0,0,1,0,0
15248,1552,36.03,Retail,0,3,US,mobile,8.9,1,1,0,1,0,0
15618,4780,606.76,Retail,23,1,GB,tablet,138.0,4,0,0,1,0,1
16147,2481,69.49,Grocery,23,2,US,mobile,13.6,0,1,0,1,0,0
16576,4659,161.5,Travel,22,1,FR,mobile,25.4,2,0,0,0,1,1
16581,4926,366.43,Entertainment,14,3,DE,tablet,12.3,0,0,0,0,1,0
16595,1181,182.98,Grocery,1,0,JP,mobile,157.4,3,0,0,1,0,1
16705,3918,191.14,Travel,9,1,GB,tablet,24.0,1,0,0,0,1,1
16752,3305,11.82,Travel,8,1,US,desktop,17.4,6,0,0,0,1,0
16812,4301,54.3,Retail,23,4,GB,mobile,141.4,3,0,0,1,0,0
17075,1994,92.33,Travel,17,0,DE,mobile,1.0,2,0,0,0,1,1
17527,1609,236.05,Retail,5,3,GB,mobile,259.8,3,0,0,1,0,0
17706,1541,23.16,Health,4,1,US,mobile,23.3,0,1,0,1,0,0
17820,1938,172.64,Retail,23,6,AU,desktop,639.2,1,1,1,1,0,0
17919,3551,152.23,Grocery,7,5,FR,tablet,26.2,3,0,1,0,0,1
17946,4309,174.89,Entertainment,0,6,US,desktop,17.9,2,0,1,1,1,1
17993,1484,64.82,Grocery,1,4,FR,mobile,61.7,3,0,0,1,0,0
18116,4979,23.53,Food Delivery,4,5,US,desktop,23.7,1,0,1,1,1,1
18199,2077,50.54,Grocery,2,1,US,tablet,6.9,2,1,0,1,0,0
18236,3270,99.91,Retail,2,3,CA,mobile,290.8,3,0,0,1,0,1
18328,3313,36.41,Retail,1,0,DE,mobile,283.5,3,0,0,1,0,0
18347,2056,851.58,Grocery,0,3,FR,tablet,404.9,4,0,0,1,0,1
18423,4099,148.17,Food Delivery,17,1,GB,tablet,21.2,0,0,0,0,1,0
18426,1539,793.55,Retail,4,2,CA,tablet,304.0,3,0,0,1,0,1
18804,3648,183.02,Grocery,2,6,CA,desktop,155.1,0,1,1,1,0,1
18948,1329,249.9,Retail,1,0,US,mobile,2.4,0,1,0,1,0,0
19030,1703,183.83,Utilities,2,2,DE,tablet,177.8,5,0,0,1,0,0
19080,1354,153.16,Health,2,1,US,tablet,22.2,2,1,0,1,0,0
19112,1082,206.67,Grocery,1,3,FR,mobile,116.4,4,0,0,1,0,0
19214,3027,61.69,Health,3,1,DE,tablet,61.6,4,0,0,1,0,0
19305,2203,260.5,Health,14,6,CA,mobile,16.9,4,0,1,0,0,0
19415,3351,20.83,Travel,11,4,NG,mobile,2.8,0,0,0,0,1,1
19513,4917,59.92,Grocery,2,2,US,mobile,12.6,0,1,0,1,0,0
19744,4283,50.67,Grocery,23,1,CA,tablet,163.1,3,0,0,1,0,1
19795,4845,111.34,Grocery,0,1,DE,tablet,127.5,3,0,0,1,0,0
19814,3189,82.1,Retail,5,1,US,tablet,17.0,2,1,0,1,0,1
182,1609,76.29,Grocery,4,6,US,mobile,49.3,2,1,1,1,1,0
727,3884,54.65,Travel,5,2,US,desktop,711.1,1,1,0,1,0,0
1175,1034,127.46,Travel,11,5,US,desktop,27.0,2,1,1,0,0,0
1326,1750,52.49,Online,0,1,US,desktop,69.0,0,1,0,1,0,1
1463,1190,100.0,Food Delivery,16,5,US,desktop,7.4,0,1,1,0,0,0
2528,4794,43.98,Online,3,1,US,desktop,70.8,0,1,0,1,0,1
3115,2459,94.81,Entertainment,17,5,US,desktop,18.7,0,1,1,0,0,0
4053,4059,617.04,Online,22,6,US,desktop,15.6,0,1,1,0,0,1
4089,4932,23.71,Entertainment,0,2,US,desktop,105.6,2,1,0,1,0,1
4618,3392,283.54,Travel,1,0,US,desktop,59.9,1,1,0,1,0,0
4634,1698,26.75,Travel,16,5,US,desktop,23.0,1,1,1,0,0,0
5165,2419,76.52,Retail,17,0,US,mobile,248.3,3,1,0,0,1,0
6150,4476,205.52,Online,4,0,US,desktop,427.8,0,1,0,1,0,0
6694,4182,74.95,Online,3,0,US,desktop,466.8,2,1,0,1,0,1
6985,4827,142.97,Travel,3,2,US,desktop,423.8,1,1,0,1,0,0
7392,2694,127.96,Entertainment,13,6,US,desktop,14.1,1,1,1,0,0,1
7771,1907,70.92,Grocery,1,5,US,mobile,36.1,2,1,1,1,1,1
8015,4189,136.48,Grocery,22,2,US,mobile,112.6,3,1,0,0,1,1
8363,4088,42.0,Food Delivery,23,0,US,desktop,42.4,2,1,0,1,0,1
8549,1370,50.65,Travel,1,2,US,desktop,459.6,2,1,0,1,0,0
8664,4758,182.58,Food Delivery,1,3,US,desktop,40.5,2,1,0,1,0,0
8667,4501,131.9,Travel,23,4,US,desktop,120.4,2,1,0,1,0,1
9277,1686,189.86,Travel,2,3,US,desktop,169.1,2,1,0,1,0,1
9328,1332,20.31,Retail,10,1,US,tablet,188.7,3,1,0,0,1,0
10285,3243,392.23,Retail,4,6,US,tablet,152.7,0,1,1,1,1,1
10736,4136,239.54,Travel,0,0,US,desktop,104.3,2,1,0,1,0,0
11175,1277,54.21,Entertainment,6,5,US,desktop,13.9,1,1,1,0,0,0
11315,4179,183.33,Online,15,5,US,desktop,24.7,1,1,1,0,0,0
11338,3628,69.82,Online,3,2,US,desktop,38.9,0,1,0,1,0,1
11456,2290,44.54,Entertainment,23,1,US,desktop,57.7,1,1,0,1,0,0
11557,2450,73.08,Online,1,3,US,desktop,214.3,2,1,0,1,0,1
12202,3211,42.66,Grocery,11,0,US,tablet,287.3,5,1,0,0,1,0
12263,2332,145.2,Online,3,2,US,desktop,249.4,1,1,0,1,0,1
12439,3159,107.19,Travel,4,2,US,desktop,62.6,2,1,0,1,0,0
12907,2758,68.43,Grocery,5,6,CA,mobile,1.0,2,0,1,1,1,1
13191,4085,84.85,Online,20,5,US,desktop,27.3,1,1,1,0,0,1
13423,3474,135.7,Online,3,1,US,desktop,186.1,1,1,0,1,0,0
13431,2532,56.34,Travel,2,2,US,desktop,51.3,1,1,0,1,0,1
14575,4757,207.6,Online,14,6,US,desktop,10.8,0,1,1,0,0,0
14865,3935,49.61,Health,9,0,US,mobile,89.9,3,1,0,0,1,1
15061,3799,28.25,Retail,1,5,BR,tablet,8.1,1,0,1,1,1,1
15081,2846,122.69,Travel,5,4,US,desktop,182.4,2,1,0,1,0,0
15149,1051,120.42,Online,23,0,US,desktop,104.4,1,1,0,1,0,0
15234,2175,90.66,Online,4,0,US,desktop,79.6,0,1,0,1,0,0
15257,4823,25.71,Travel,4,4,US,desktop,87.7,1,1,0,1,0,0
15350,2871,15.9,Food Delivery,3,0,US,desktop,74.7,1,1,0,1,0,0
16747,4550,88.26,Entertainment,0,3,US,desktop,144.9,1,1,0,1,0,1
16959,4229,64.73,Travel,0,4,US,desktop,1330.1,0,1,0,1,0,0
17100,3646,1405.84,Grocery,4,3,US,mobile,60.7,2,0,0,1,1,0
17714,4528,157.05,Entertainment,0,4,US,desktop,348.8,1,1,0,1,0,1
18075,2315,129.26,Food Delivery,3,4,US,desktop,279.4,0,1,0,1,0,0
18220,2526,43.82,Online,3,3,US,desktop,332.4,1,1,0,1,0,1
18243,1972,55.09,Travel,5,1,US,desktop,144.1,2,1,0,1,0,0
18431,4183,40.82,Entertainment,20,6,US,desktop,9.1,0,1,1,0,0,1
18453,4618,221.08,Entertainment,2,2,US,desktop,209.6,0,1,0,1,0,1
18562,4798,29.81,Travel,1,4,US,desktop,80.2,2,1,0,1,0,1
126,3260,165.33,Travel,19,2,US,tablet,4.2,3,0,0,0,0,0
136,2215,81.69,Food Delivery,15,6,DE,desktop,34.4,4,0,1,0,0,0
386,1491,111.6,Food Delivery,6,4,US,mobile,6.5,3,0,0,0,0,1
524,4298,243.91,Online,3,5,US,tablet,6.0,0,0,1,1,0,1
911,4081,83.65,Food Delivery,23,0,GB,desktop,17.5,0,0,0,1,0,1
1026,1222,579.59,Food Delivery,2,6,US,mobile,15.0,1,0,1,1,0,1
1027,1310,26.16,Travel,8,0,US,mobile,11.2,4,0,0,0,0,0
1190,1029,99.38,Entertainment,18,4,US,mobile,9.9,4,0,0,0,0,0
1300,1118,737.41,Online,9,2,US,mobile,17.7,4,0,0,0,0,1
1922,3146,383.14,Food Delivery,23,5,US,mobile,6.9,0,0,1,1,0,0
2038,1161,111.09,Travel,3,4,GB,desktop,3.5,1,0,0,1,0,0
2057,3938,26.71,Food Delivery,8,1,US,mobile,12.0,3,0,0,0,0,1
2084,3669,36.57,Travel,0,6,US,mobile,15.5,2,0,1,1,0,0
2265,1423,176.85,Retail,16,1,FR,mobile,9.6,3,0,0,0,1,0
2459,2898,60.32,Food Delivery,12,0,US,mobile,28.1,3,0,0,0,0,1
2623,1415,183.94,Travel,1,6,US,mobile,19.4,0,0,1,1,0,1
2672,4422,22.0,Entertainment,19,4,US,mobile,3.4,3,0,0,0,0,0
2884,1196,67.46,Retail,12,4,AU,mobile,3.4,3,0,0,0,1,1
3742,2212,50.29,Grocery,0,2,CA,desktop,391.0,1,1,0,1,1,1
4179,2840,21.42,Travel,10,4,US,tablet,28.9,3,0,0,0,0,1
4516,4174,53.75,Retail,5,0,BR,desktop,362.4,0,1,0,1,1,0
4542,3515,73.0,Food Delivery,13,2,US,mobile,1.3,4,0,0,0,0,0
4751,1162,76.92,Online,5,6,US,tablet,14.7,0,0,1,1,0,0
4770,1189,614.18,Travel,8,5,JP,desktop,610.1,3,0,1,0,0,1
4986,1203,36.06,Food Delivery,17,2,US,mobile,22.1,4,0,0,0,0,1
5235,2505,139.79,Entertainment,10,1,US,mobile,8.6,3,0,0,0,0,0
5298,3658,257.68,Travel,8,5,GB,desktop,194.0,3,0,1,0,0,1
5582,4343,148.95,Online,22,6,CA,desktop,574.2,3,0,1,0,0,0
5686,2752,327.26,Travel,21,5,CA,desktop,203.3,3,0,1,0,0,0
5961,1697,99.99,Retail,0,1,BR,desktop,65.1,0,1,0,1,1,1
6049,1700,99.03,Online,10,4,US,mobile,20.3,3,0,0,0,0,0
6454,3708,138.2,Travel,23,6,US,mobile,18.7,1,0,1,1,0,1
6662,4776,25.71,Food Delivery,23,2,GB,desktop,8.6,2,0,0,1,0,0
6837,3862,70.1,Food Delivery,3,3,AU,desktop,21.5,1,0,0,1,0,0
7496,4505,73.64,Online,1,5,US,tablet,6.5,1,0,1,1,0,1
7669,2142,57.35,Online,9,2,US,mobile,27.1,3,0,0,0,0,0
7684,3570,35.89,Food Delivery,3,2,JP,desktop,19.2,0,0,0,1,0,1
7896,1364,28.41,Online,3,4,GB,desktop,26.7,2,0,0,1,0,1
7916,4787,81.94,Online,23,1,GB,desktop,11.7,0,0,0,1,0,0
8030,3260,45.45,Online,8,5,GB,desktop,63.5,4,0,1,0,0,1
8058,2920,67.35,Food Delivery,13,1,US,mobile,2.0,3,0,0,0,0,0
8132,4156,48.5,Food Delivery,22,5,GB,desktop,114.4,4,0,1,0,0,0
8243,3194,78.0,Online,19,6,BR,desktop,46.4,3,0,1,0,0,0
8406,1423,17.98,Food Delivery,6,6,FR,desktop,387.2,5,0,1,0,0,0
8538,4172,173.28,Travel,9,4,US,tablet,19.2,3,0,0,0,0,0
8555,4757,13.52,Food Delivery,3,3,BR,desktop,11.7,0,0,0,1,0,0
8622,3081,128.11,Retail,2,0,CA,desktop,325.3,1,1,0,1,1,1
9040,1981,48.78,Travel,2,5,US,mobile,22.0,1,0,1,1,0,1
9065,3445,108.65,Entertainment,13,5,DE,desktop,174.0,3,0,1,0,0,1
9246,3554,33.21,Retail,1,2,CA,desktop,130.3,0,1,0,1,1,1
9249,3025,35.39,Online,4,6,US,tablet,17.2,2,0,1,1,0,1
9292,4979,16.64,Travel,4,2,GB,desktop,2.6,1,0,0,1,0,1
9728,4100,113.88,Online,7,5,GB,desktop,40.1,4,0,1,0,0,0
10173,3071,151.39,Online,23,6,US,mobile,16.8,0,0,1,1,0,1
10286,2275,57.78,Food Delivery,18,1,US,mobile,29.4,4,0,0,0,0,1
10522,3603,107.81,Entertainment,22,2,US,mobile,8.4,3,0,0,0,0,1
10626,2387,389.47,Entertainment,7,2,US,tablet,27.5,4,0,0,0,0,1
10721,2661,412.65,Grocery,6,6,GB,desktop,1.0,1,1,1,0,1,1
10851,1530,79.36,Online,21,5,DE,desktop,132.2,3,0,1,0,0,0
11056,1792,92.17,Food Delivery,21,3,US,mobile,19.6,3,0,0,0,0,1
11104,1257,94.99,Entertainment,1,2,DE,desktop,28.8,2,0,0,1,0,1
11148,4450,49.24,Travel,17,0,US,mobile,18.6,3,0,0,0,0,0
11515,3996,196.89,Entertainment,15,2,US,mobile,19.9,3,0,0,0,0,0
11599,3284,18.72,Grocery,4,4,JP,desktop,166.9,0,1,0,1,1,0
11794,1466,29.33,Online,13,2,US,mobile,28.9,3,0,0,0,0,1
11980,2933,102.59,Travel,20,6,CA,desktop,214.3,3,0,1,0,0,1
12087,4284,22.77,Travel,23,6,US,tablet,21.2,1,0,1,1,0,0
12770,1693,279.98,Retail,23,1,FR,desktop,73.6,2,1,0,1,1,0
12786,2275,114.55,Travel,5,6,US,mobile,18.3,1,0,1,1,0,0
12890,1902,57.1,Grocery,23,0,JP,desktop,199.9,0,1,0,1,1,0
12984,3659,471.71,Travel,17,6,GB,desktop,304.0,3,0,1,0,0,0
13175,1123,30.01,Food Delivery,1,3,DE,desktop,7.5,1,0,0,1,0,0
13259,2503,86.23,Online,18,6,JP,desktop,34.6,3,0,1,0,0,1
13361,3348,17.62,Travel,2,6,US,mobile,14.2,0,0,1,1,0,1
13429,1153,258.42,Entertainment,6,4,US,mobile,12.6,5,0,0,0,0,0
13594,4090,32.67,Retail,3,4,DE,desktop,70.7,2,1,0,1,1,0
13694,1886,23.76,Food Delivery,6,5,GB,desktop,145.4,4,0,1,0,0,1
13777,4180,402.61,Grocery,13,0,JP,mobile,8.4,5,0,0,0,1,0
13910,3867,139.97,Food Delivery,2,5,US,mobile,9.2,2,0,1,1,0,0
13973,1768,138.26,Entertainment,18,6,GB,desktop,237.8,3,0,1,0,0,0
14038,1107,62.91,Food Delivery,8,0,US,mobile,14.9,3,0,0,0,0,0
14208,1249,20.44,Food Delivery,23,1,BR,desktop,22.5,0,0,0,1,0,1
14405,4515,152.82,Online,23,5,US,mobile,14.9,0,0,1,1,0,0
14491,3804,139.4,Travel,1,2,FR,desktop,1.0,0,0,0,1,0,1
15358,4645,92.6,Online,12,5,CA,desktop,132.7,6,0,1,0,0,1
15368,4402,26.75,Travel,1,4,JP,desktop,14.7,1,0,0,1,0,1
15420,3664,198.25,Online,2,3,GB,desktop,22.4,2,0,0,1,0,0
15522,2405,76.51,Online,5,4,AU,desktop,18.2,2,0,0,1,0,0
15681,4696,218.45,Travel,6,5,NG,desktop,169.6,4,0,1,0,0,1
16187,4494,93.62,Food Delivery,13,6,CA,desktop,32.2,3,0,1,0,0,1
16197,2399,222.43,Food Delivery,8,0,US,tablet,2.0,4,0,0,0,0,1
16422,2714,149.23,Entertainment,7,6,NG,desktop,167.0,3,0,1,0,0,0
16924,3622,54.94,Online,0,1,JP,desktop,10.6,2,0,0,1,0,1
16980,3835,31.7,Travel,1,0,GB,desktop,5.5,2,0,0,1,0,0
17041,2901,83.56,Food Delivery,20,5,DE,desktop,187.9,3,0,1,0,0,1
17454,4960,50.88,Online,7,6,CA,desktop,177.9,3,0,1,0,0,1
17550,3703,50.63,Travel,16,6,BR,desktop,268.7,5,0,1,0,0,1
17732,2891,156.74,Food Delivery,21,5,BR,desktop,137.1,3,0,1,0,0,1
17951,4045,173.82,Online,13,5,CA,desktop,319.8,3,0,1,0,0,1
18119,2759,101.57,Entertainment,2,3,CA,desktop,18.0,1,0,0,1,0,1
18227,4167,34.01,Food Delivery,3,1,FR,desktop,13.5,1,0,0,1,0,1
18270,1103,51.46,Travel,8,5,FR,desktop,108.2,4,0,1,0,0,1
18380,3636,54.55,Entertainment,23,2,DE,desktop,26.9,1,0,0,1,0,1
18439,3892,315.15,Online,15,6,GB,desktop,227.6,3,0,1,0,0,0
18529,2567,98.15,Food Delivery,18,6,DE,desktop,106.3,3,0,1,0,0,0
18578,2618,88.47,Online,1,3,AU,desktop,4.1,0,0,0,1,0,1
18580,1318,568.83,Online,4,2,DE,desktop,16.3,0,0,0,1,0,0
18823,3803,152.32,Travel,3,3,AU,desktop,21.5,1,0,0,1,0,1
19207,4927,33.3,Travel,2,3,BR,desktop,24.3,2,0,0,1,0,0
19617,1152,163.07,Online,13,4,US,tablet,27.3,3,0,0,0,0,1
19675,2663,15.35,Travel,14,6,JP,desktop,148.9,4,0,1,0,0,1
19680,4860,203.11,Travel,13,2,US,tablet,18.5,3,0,0,0,0,0
19749,3858,287.98,Travel,9,2,US,tablet,10.1,4,0,0,0,0,0
19830,2307,258.36,Food Delivery,23,3,CA,desktop,18.0,1,0,0,1,0,0
19970,3430,139.94,Food Delivery,6,5,DE,desktop,940.3,5,0,1,0,0,1
250,1166,28.05,Utilities,4,0,US,desktop,237.1,3,1,0,1,0,0
289,3168,25.85,Travel,18,6,US,mobile,381.3,3,0,1,0,1,0
4520,2716,27.4,Retail,1,3,US,desktop,128.7,4,1,0,1,0,0
4720,1600,52.19,Health,23,3,US,desktop,164.4,3,1,0,1,0,0
4762,4390,220.07,Food Delivery,3,5,GB,desktop,64.8,1,0,1,1,1,1
6014,3359,251.24,Travel,0,5,CA,desktop,54.4,2,0,1,1,1,0
7453,4420,314.49,Grocery,23,1,US,desktop,151.3,3,1,0,1,0,1
7581,1053,73.12,Grocery,15,5,US,desktop,6.2,3,1,1,0,0,1
8407,1372,24.64,Health,1,0,US,desktop,153.7,3,1,0,1,0,0
9250,1437,356.85,Food Delivery,3,6,DE,desktop,128.9,0,0,1,1,1,1
10150,4937,33.26,Food Delivery,2,5,DE,desktop,560.0,0,0,1,1,1,1
10494,3037,15.58,Food Delivery,21,5,US,mobile,483.4,3,0,1,0,1,0
11286,4135,71.84,Travel,15,6,US,mobile,281.8,4,0,1,0,1,1
11761,1818,89.31,Grocery,4,1,US,desktop,30.2,3,1,0,1,0,1
12067,2104,39.04,Food Delivery,21,5,US,mobile,136.5,3,0,1,0,1,0
12239,2855,65.97,Travel,10,6,US,mobile,93.5,3,0,1,0,1,0
12463,4836,38.45,Grocery,14,5,US,desktop,1.0,3,1,1,0,0,1
14343,2041,62.19,Grocery,2,4,US,desktop,40.2,4,1,0,1,0,0
14461,4839,1782.18,Travel,11,5,US,desktop,95.3,0,0,1,0,1,1
14487,3679,85.57,Retail,1,0,US,desktop,380.0,4,1,0,1,0,0
14884,4275,428.07,Grocery,23,0,US,desktop,174.2,4,1,0,1,0,0
15196,3814,188.76,Utilities,17,6,US,desktop,10.6,3,1,1,0,0,0
16202,1796,11.84,Retail,5,2,US,desktop,148.0,3,1,0,1,0,1
16879,1746,115.31,Retail,7,6,US,desktop,11.1,4,1,1,0,0,0
18052,3096,161.89,Online,6,6,US,mobile,221.3,4,0,1,0,1,1
18350,4610,140.43,Travel,13,6,US,mobile,184.0,3,0,1,0,1,1
18919,2527,193.61,Travel,11,6,US,mobile,199.8,3,0,1,0,1,1
313,1475,72.29,Retail,2,0,AU,mobile,59.7,1,1,0,1,0,1
335,2840,16.13,Travel,23,4,US,mobile,5.7,1,0,0,1,1,0
510,1946,5.0,Retail,11,5,CA,mobile,16.2,1,1,1,0,0,1
722,4724,137.48,Travel,20,0,FR,desktop,109.5,5,0,0,0,1,0
1179,2036,84.65,Grocery,4,0,CA,mobile,455.1,1,1,0,1,0,1
1201,4516,628.06,Grocery,1,0,FR,mobile,76.1,1,1,0,1,0,0
1694,2580,91.54,Grocery,2,0,FR,mobile,179.7,1,1,0,1,0,0
1718,2516,29.73,Grocery,12,5,DE,tablet,16.2,2,1,1,0,0,0
1740,1817,49.63,Health,2,3,NG,mobile,72.3,1,1,0,1,0,1
1749,4219,160.12,Grocery,10,5,BR,tablet,21.5,2,1,1,0,0,1
1759,3285,131.19,Retail,19,6,AU,mobile,2.7,2,1,1,0,0,0
1900,2357,263.48,Grocery,4,0,CA,mobile,314.3,1,1,0,1,0,1
2434,2258,544.03,Grocery,23,0,GB,mobile,84.7,0,1,0,1,0,0
2460,1237,35.39,Grocery,18,5,CA,mobile,10.8,0,1,1,0,0,0
2520,4986,62.77,Health,1,0,DE,desktop,10.4,3,0,0,1,0,0
2543,4825,131.47,Retail,5,2,FR,mobile,486.9,2,1,0,1,0,1
2578,2804,105.5,Online,15,1,CA,desktop,582.7,3,0,0,0,1,1
2911,1448,70.29,Grocery,3,1,AU,desktop,7.2,3,0,0,1,0,0
3153,1787,5.0,Grocery,23,3,GB,mobile,602.9,0,1,0,1,0,0
3184,1231,41.75,Grocery,0,3,CA,mobile,98.0,1,1,0,1,0,0
3650,3950,1022.8,Grocery,21,4,DE,mobile,9.8,2,0,0,0,0,0
3871,1183,45.2,Retail,0,3,BR,mobile,201.4,0,1,0,1,0,1
3945,1521,619.56,Retail,9,5,CA,mobile,28.5,0,1,1,0,0,1
4168,1725,219.71,Grocery,2,1,JP,mobile,72.4,0,1,0,1,0,0
4180,2866,104.52,Grocery,13,5,GB,mobile,14.1,1,1,1,0,0,1
4603,2252,743.85,Health,3,2,AU,mobile,423.2,1,1,0,1,0,0
5143,3634,40.8,Retail,23,2,DE,mobile,49.0,0,1,0,1,0,1
5393,4204,31.62,Food Delivery,16,1,NG,desktop,172.6,4,0,0,0,1,1
5497,4083,77.08,Online,15,4,GB,desktop,66.9,3,0,0,0,1,0
5745,1067,296.54,Retail,1,4,NG,mobile,102.1,0,1,0,1,0,0
5783,4534,87.65,Grocery,2,4,CA,mobile,31.0,1,1,0,1,0,1
5792,1353,32.2,Utilities,2,4,CA,tablet,369.3,2,1,0,1,0,1
5814,4871,65.25,Grocery,23,2,CA,desktop,23.1,5,0,0,1,0,1
6358,1017,68.03,Utilities,3,3,AU,desktop,7.7,3,0,0,1,0,0
6996,4033,88.06,Retail,5,1,FR,mobile,38.4,2,1,0,1,0,0
7323,4656,47.38,Grocery,1,0,CA,mobile,130.2,2,1,0,1,0,1
7878,2990,72.13,Grocery,3,2,GB,mobile,57.6,2,1,0,1,0,0
8092,2039,14.57,Grocery,1,6,US,tablet,18.7,4,0,1,1,0,0
8103,1723,98.51,Food Delivery,4,1,US,mobile,7.0,2,0,0,1,1,1
8179,3686,38.37,Grocery,3,6,US,mobile,1.0,4,0,1,1,0,0
8192,2292,90.02,Grocery,2,3,CA,tablet,40.8,0,1,0,1,0,0
8217,3358,41.48,Health,1,0,DE,mobile,30.4,1,1,0,1,0,1
8374,1416,30.75,Food Delivery,8,1,BR,desktop,194.3,3,0,0,0,1,1
8593,1827,23.46,Grocery,23,6,US,mobile,21.4,3,0,1,1,0,0
8611,1811,29.31,Food Delivery,8,2,NG,desktop,71.0,3,0,0,0,1,0
8851,2017,21.5,Entertainment,7,3,FR,desktop,110.3,4,0,0,0,1,1
9268,2085,790.31,Grocery,23,2,CA,mobile,527.5,0,1,0,1,0,1
9775,1432,83.45,Online,21,3,CA,desktop,51.9,3,0,0,0,1,0
9937,3323,59.72,Food Delivery,14,3,CA,desktop,452.3,4,0,0,0,1,0
10050,3540,620.31,Grocery,1,3,DE,mobile,43.9,2,1,0,1,0,0
10345,3831,29.14,Retail,2,1,CA,tablet,65.9,2,1,0,1,0,1
10652,1585,84.93,Retail,4,1,JP,tablet,173.3,1,1,0,1,0,1
10693,3793,168.49,Entertainment,21,1,BR,desktop,117.9,4,0,0,0,1,0
10792,2646,19.33,Grocery,3,1,DE,mobile,231.9,2,1,0,1,0,0
10885,1639,105.04,Retail,3,4,BR,mobile,58.5,1,1,0,1,0,0
11100,2819,325.0,Health,2,3,CA,mobile,171.2,1,1,0,1,0,0
11106,2400,35.5,Health,23,0,CA,mobile,40.5,1,1,0,1,0,0
11360,2480,46.72,Retail,23,1,DE,desktop,17.0,4,0,0,1,0,1
11617,2469,80.12,Utilities,5,3,AU,mobile,148.6,2,1,0,1,0,1
11815,1546,44.05,Grocery,1,2,CA,desktop,1.0,4,0,0,1,0,0
12001,3031,32.19,Retail,3,0,BR,mobile,98.6,0,1,0,1,0,0
12708,2732,63.73,Retail,2,4,CA,mobile,220.3,1,1,0,1,0,0
12790,3404,80.05,Travel,23,4,US,mobile,5.3,0,0,0,1,1,0
12846,3677,78.14,Online,18,3,DE,desktop,177.9,3,0,0,0,1,0
13185,2629,287.34,Grocery,23,2,DE,mobile,122.7,2,1,0,1,0,1
13840,3378,124.19,Retail,0,0,JP,desktop,12.5,3,0,0,1,0,0
13893,4403,30.25,Utilities,8,6,GB,mobile,21.5,1,1,1,0,0,0
14015,1476,73.45,Grocery,3,6,US,tablet,13.6,4,0,1,1,0,1
14259,2739,28.93,Retail,3,3,CA,mobile,120.3,2,1,0,1,0,0
14630,2245,223.15,Retail,8,6,GB,mobile,18.5,1,1,1,0,0,1
14786,1864,281.43,Health,0,0,CA,mobile,72.6,2,1,0,1,0,1
15140,4906,106.27,Grocery,4,1,FR,mobile,276.9,2,1,0,1,0,0
15349,2394,104.77,Retail,2,2,CA,tablet,133.1,1,1,0,1,0,0
15452,2572,96.5,Grocery,0,1,GB,mobile,360.5,2,1,0,1,0,1
15479,1143,21.85,Retail,3,1,BR,mobile,253.4,2,1,0,1,0,0
15503,4183,36.03,Health,23,4,JP,mobile,104.8,1,1,0,1,0,0
15512,4636,13.5,Grocery,14,6,JP,tablet,15.6,1,1,1,0,0,0
15682,4504,94.95,Entertainment,2,3,US,mobile,16.5,1,0,0,1,1,1
15699,1175,37.48,Grocery,4,0,DE,mobile,83.3,0,1,0,1,0,0
16011,1082,372.9,Grocery,23,0,FR,mobile,683.1,1,1,0,1,0,1
16032,1963,331.78,Grocery,5,4,JP,mobile,35.5,0,1,0,1,0,1
16034,4055,92.74,Health,3,4,CA,mobile,132.0,0,1,0,1,0,0
16140,4921,42.34,Grocery,2,2,AU,mobile,79.9,2,1,0,1,0,1
16415,3686,441.63,Retail,4,3,GB,mobile,194.9,1,1,0,1,0,1
16459,2743,2266.5,Utilities,9,3,US,mobile,41.5,2,1,0,0,0,0
16466,4695,238.19,Grocery,0,1,GB,mobile,386.4,1,1,0,1,0,0
16579,3938,129.87,Retail,2,2,BR,mobile,53.8,0,1,0,1,0,1
16729,2520,51.56,Food Delivery,11,2,DE,desktop,254.9,3,0,0,0,1,0
16740,1468,81.41,Utilities,4,4,JP,desktop,27.3,4,0,0,1,0,0
16831,2173,22.63,Grocery,23,2,GB,desktop,26.5,5,0,0,1,0,1
17116,3948,1320.99,Grocery,6,4,GB,mobile,20.9,1,0,0,0,0,1
17421,3458,36.36,Grocery,2,2,CA,mobile,41.7,2,1,0,1,0,0
17430,1015,170.78,Grocery,23,5,US,tablet,1.0,4,0,1,1,0,0
17484,3640,192.17,Retail,23,0,NG,tablet,268.9,1,1,0,1,0,0
17538,3260,344.39,Online,15,3,DE,desktop,80.0,3,0,0,0,1,0
17845,2103,77.84,Entertainment,0,3,US,mobile,21.8,1,0,0,1,1,1
17984,1722,30.61,Retail,4,3,FR,mobile,34.8,0,1,0,1,0,1
18222,4937,450.58,Health,2,1,BR,tablet,1270.2,2,1,0,1,0,0
18288,3703,1215.88,Health,10,1,FR,mobile,1.3,2,0,0,0,0,1
18520,2719,38.55,Grocery,4,0,GB,mobile,106.9,1,1,0,1,0,1
19591,1848,272.06,Food Delivery,2,3,US,mobile,1.0,1,0,0,1,1,0
19798,3771,15.52,Retail,4,0,CA,desktop,15.1,3,0,0,1,0,0
108,3659,31.74,Online,3,6,DE,mobile,66.2,1,0,1,1,0,0
150,1233,54.28,Entertainment,10,4,US,tablet,4.1,2,1,0,0,0,0
231,2852,74.97,Entertainment,0,5,CA,mobile,222.4,2,0,1,1,0,1
264,4700,156.18,Travel,0,5,AU,mobile,70.6,1,0,1,1,0,0
281,2103,151.43,Travel,0,5,GB,mobile,146.6,2,0,1,1,0,1
542,1221,76.6,Food Delivery,23,6,AU,tablet,65.1,1,0,1,1,0,0
567,1912,50.76,Entertainment,1,5,JP,tablet,356.7,1,0,1,1,0,1
842,3625,69.9,Online,4,6,AU,mobile,159.9,1,0,1,1,0,1
1051,3033,60.43,Online,7,1,US,mobile,28.5,2,1,0,0,0,1
1265,1953,1230.17,Travel,17,5,US,mobile,36.7,2,0,1,0,0,0
1363,2403,19.36,Entertainment,21,1,US,mobile,12.1,2,1,0,0,0,1
1404,2289,124.82,Online,23,5,FR,tablet,41.7,0,0,1,1,0,1
1527,2276,112.8,Online,7,2,US,tablet,12.4,1,1,0,0,0,0
1593,2533,152.36,Travel,0,5,AU,mobile,752.8,0,0,1,1,0,0
1727,4799,250.86,Travel,5,5,GB,mobile,145.4,2,0,1,1,0,0
1858,3336,66.64,Travel,0,6,AU,mobile,89.0,2,0,1,1,0,1
1929,1730,89.69,Food Delivery,5,6,GB,mobile,166.2,0,0,1,1,0,1
1942,2012,82.63,Travel,21,0,US,mobile,3.5,1,1,0,0,0,0
2646,1021,29.06,Entertainment,9,1,US,tablet,10.3,0,1,0,0,0,0
2651,4522,107.62,Online,4,6,FR,tablet,377.4,2,0,1,1,0,1
2868,1630,36.84,Online,23,6,AU,mobile,52.2,0,0,1,1,0,0
2875,2534,72.33,Entertainment,0,6,JP,mobile,209.4,0,0,1,1,0,1
3145,4053,50.21,Travel,1,5,CA,mobile,257.2,1,0,1,1,0,1
3201,4685,18.05,Travel,2,6,CA,mobile,87.7,2,0,1,1,0,0
3230,4340,73.5,Online,4,5,CA,tablet,288.1,2,0,1,1,0,1
3367,3483,61.87,Travel,15,3,US,tablet,20.3,0,1,0,0,0,0
3546,3523,107.35,Travel,0,5,JP,mobile,181.9,1,0,1,1,0,0
3564,4186,228.77,Online,5,5,GB,mobile,128.9,1,0,1,1,0,0
3882,1894,357.84,Food Delivery,4,5,BR,mobile,571.3,2,0,1,1,0,1
3887,1332,88.0,Food Delivery,2,6,CA,mobile,188.7,0,0,1,1,0,1
3966,4406,97.33,Online,0,6,GB,mobile,301.9,2,0,1,1,0,0
4004,2785,612.12,Food Delivery,4,6,GB,tablet,478.3,0,0,1,1,0,0
4075,2298,24.29,Travel,1,5,JP,mobile,148.4,0,0,1,1,0,0
4134,3009,185.61,Travel,12,3,US,tablet,11.9,2,1,0,0,0,1
4258,1358,1074.28,Food Delivery,15,1,FR,desktop,121.5,1,0,0,0,0,1
4377,2266,64.1,Travel,4,6,CA,mobile,127.5,0,0,1,1,0,0
4511,2197,40.66,Online,0,6,FR,mobile,65.0,0,0,1,1,0,1
4517,2406,65.67,Travel,5,6,FR,tablet,396.8,1,0,1,1,0,0
4725,2162,11.32,Food Delivery,7,1,US,mobile,1.4,1,1,0,0,0,1
5020,3569,444.72,Food Delivery,8,2,US,mobile,26.1,1,1,0,0,0,0
5306,4255,405.83,Travel,23,5,NG,mobile,328.7,0,0,1,1,0,1
5396,1128,54.26,Travel,5,5,DE,mobile,177.8,2,0,1,1,0,0
5500,1131,369.12,Food Delivery,5,5,JP,tablet,201.6,1,0,1,1,0,0
5543,2198,130.99,Entertainment,0,6,GB,mobile,163.4,0,0,1,1,0,0
5569,2257,63.36,Travel,15,1,US,mobile,1.7,1,1,0,0,0,0
6086,4058,196.91,Travel,5,5,DE,tablet,64.4,1,0,1,1,0,0
6225,2503,294.84,Online,23,5,BR,mobile,80.9,0,0,1,1,0,0
6247,4163,220.99,Travel,5,6,CA,mobile,110.5,0,0,1,1,0,1
6373,4757,164.51,Entertainment,5,6,CA,tablet,228.3,1,0,1,1,0,1
6535,4913,66.35,Food Delivery,17,4,US,tablet,21.5,0,1,0,0,0,1
6547,3760,135.96,Travel,0,5,FR,tablet,198.2,2,0,1,1,0,0
6781,4516,129.6,Travel,1,6,BR,mobile,443.2,0,0,1,1,0,0
6971,1796,309.93,Food Delivery,0,6,CA,mobile,224.9,1,0,1,1,0,0
6980,2993,51.92,Food Delivery,23,5,FR,tablet,58.5,0,0,1,1,0,1
7030,4675,37.31,Travel,3,6,GB,tablet,256.3,1,0,1,1,0,1
7373,3378,265.35,Online,4,5,AU,mobile,31.5,0,0,1,1,0,1
7400,2720,164.51,Travel,0,5,NG,mobile,418.0,2,0,1,1,0,1
7432,4329,55.94,Online,3,6,FR,mobile,558.0,0,0,1,1,0,0
7439,3353,65.21,Food Delivery,2,5,AU,mobile,91.3,1,0,1,1,0,0
7491,1447,250.08,Food Delivery,23,5,NG,mobile,264.1,1,0,1,1,0,1
7593,3176,195.61,Online,4,5,DE,tablet,35.1,0,0,1,1,0,0
7697,3062,95.31,Entertainment,1,5,DE,mobile,100.9,2,0,1,1,0,0
7735,1020,149.02,Online,2,5,FR,mobile,87.6,0,0,1,1,0,0
7747,4266,521.17,Entertainment,5,5,JP,tablet,531.6,0,0,1,1,0,0
8011,3267,80.1,Travel,4,5,DE,tablet,139.2,0,0,1,1,0,0
8148,1699,161.5,Entertainment,12,3,US,tablet,12.3,1,1,0,0,0,0
8342,4848,469.01,Food Delivery,4,5,JP,mobile,249.1,1,0,1,1,0,1
8502,2361,26.21,Travel,13,0,US,mobile,24.2,0,1,0,0,0,1
8628,4278,249.6,Food Delivery,23,6,JP,tablet,251.8,0,0,1,1,0,1
8983,4469,118.12,Entertainment,1,6,BR,tablet,420.4,1,0,1,1,0,1
8984,4401,136.62,Entertainment,5,6,JP,mobile,103.3,0,0,1,1,0,0
9300,2854,25.49,Food Delivery,0,6,GB,mobile,504.6,0,0,1,1,0,0
9446,2069,264.2,Online,0,6,CA,mobile,72.5,1,0,1,1,0,0
9566,4665,1016.29,Online,15,2,BR,desktop,484.6,1,0,0,0,0,0
9834,3995,62.01,Food Delivery,1,6,CA,tablet,98.6,0,0,1,1,0,0
9838,4681,191.09,Online,8,2,US,mobile,5.3,0,1,0,0,0,0
9848,4519,32.64,Online,5,5,FR,mobile,633.5,2,0,1,1,0,0
9950,3328,70.14,Online,23,6,BR,tablet,182.3,2,0,1,1,0,0
10055,2716,64.8,Travel,3,6,CA,tablet,154.4,1,0,1,1,0,0
10530,2473,42.74,Travel,1,6,FR,tablet,390.2,2,0,1,1,0,0
10546,4300,51.98,Entertainment,2,6,FR,mobile,62.0,2,0,1,1,0,1
10994,4857,148.71,Travel,4,6,FR,tablet,407.9,1,0,1,1,0,1
11014,1673,18.5,Online,23,5,DE,tablet,606.1,2,0,1,1,0,0
11334,2028,199.74,Entertainment,0,5,GB,mobile,40.7,2,0,1,1,0,0
11487,2227,63.23,Food Delivery,16,0,US,mobile,5.3,2,1,0,0,0,1
11577,4145,136.73,Entertainment,1,5,DE,mobile,100.9,0,0,1,1,0,0
11630,3094,15.69,Online,3,6,GB,mobile,313.5,2,0,1,1,0,0
11688,3269,59.51,Entertainment,5,5,CA,mobile,168.9,2,0,1,1,0,0
11781,1470,86.21,Online,1,6,AU,mobile,511.6,1,0,1,1,0,0
11973,3282,82.84,Travel,5,5,GB,tablet,304.4,1,0,1,1,0,0
12615,2788,175.69,Travel,16,3,US,mobile,4.4,2,1,0,0,0,0
12825,3106,984.0,Food Delivery,22,3,FR,desktop,62.6,0,0,0,0,0,1
12889,4409,37.2,Travel,5,5,CA,mobile,350.3,0,0,1,1,0,1
12896,2874,65.83,Travel,2,6,GB,mobile,133.3,2,0,1,1,0,1
13000,3345,42.6,Travel,23,6,DE,mobile,38.2,0,0,1,1,0,1
13039,2361,58.58,Food Delivery,2,6,FR,mobile,598.4,2,0,1,1,0,0
13359,1402,130.84,Entertainment,23,6,AU,tablet,247.9,1,0,1,1,0,0
13679,4566,69.57,Entertainment,23,5,CA,tablet,138.7,2,0,1,1,0,0
13845,3346,70.63,Travel,20,3,US,mobile,27.7,1,1,0,0,0,1
13898,3861,25.71,Travel,5,6,CA,mobile,51.1,1,0,1,1,0,1
13924,1702,173.66,Online,21,1,US,tablet,26.2,1,1,0,0,0,1
14196,2341,104.7,Travel,4,6,FR,tablet,218.8,2,0,1,1,0,0
14326,3282,48.12,Online,23,5,FR,mobile,51.6,0,0,1,1,0,0
14398,3819,37.83,Food Delivery,5,5,GB,tablet,372.9,1,0,1,1,0,0
14769,3106,176.35,Travel,10,2,US,mobile,15.3,1,1,0,0,0,0
14788,3953,23.64,Entertainment,2,6,BR,mobile,523.5,2,0,1,1,0,1
14793,2821,241.15,Online,21,4,US,mobile,16.1,1,1,0,0,0,1
14849,1614,95.25,Food Delivery,1,5,CA,tablet,83.4,0,0,1,1,0,0
14965,1092,378.89,Travel,23,5,CA,mobile,185.4,0,0,1,1,0,1
15046,2848,163.32,Travel,11,2,US,mobile,1.0,2,1,0,0,0,0
15338,3530,80.88,Entertainment,5,6,DE,mobile,58.9,1,0,1,1,0,0
15346,4741,24.94,Food Delivery,6,2,US,tablet,3.1,1,1,0,0,0,0
15425,3913,618.06,Food Delivery,0,6,CA,mobile,628.2,2,0,1,1,0,0
15510,2697,76.76,Travel,5,5,DE,mobile,88.0,1,0,1,1,0,1
15663,2788,352.85,Online,4,6,AU,mobile,53.7,2,0,1,1,0,1
15691,1011,362.61,Entertainment,0,5,GB,tablet,68.9,0,0,1,1,0,0
15867,4182,42.95,Travel,4,5,CA,mobile,221.2,1,0,1,1,0,0
15877,1173,165.69,Entertainment,0,6,CA,mobile,110.7,1,0,1,1,0,1
16103,2538,70.44,Online,23,5,GB,tablet,635.4,0,0,1,1,0,1
16732,4925,96.73,Travel,4,6,GB,mobile,73.6,1,0,1,1,0,0
16925,3215,387.14,Online,5,5,GB,mobile,680.5,1,0,1,1,0,0
16983,3159,65.06,Travel,14,3,US,mobile,19.6,0,1,0,0,0,0
17119,4639,180.67,Online,3,5,CA,mobile,121.7,2,0,1,1,0,0
17176,2751,114.05,Food Delivery,23,6,DE,mobile,105.5,2,0,1,1,0,0
17353,1142,21.11,Online,4,5,GB,mobile,49.9,2,0,1,1,0,0
17451,2764,32.12,Travel,17,1,US,mobile,13.6,2,1,0,0,0,0
17506,4156,94.13,Grocery,1,5,CA,desktop,190.1,3,0,1,1,1,0
17710,3188,300.66,Travel,21,3,US,tablet,4.8,1,1,0,0,0,0
17781,2173,575.34,Food Delivery,8,4,US,mobile,1.9,1,1,0,0,0,0
17788,1978,115.54,Online,2,5,NG,mobile,47.3,0,0,1,1,0,1
17877,3370,135.69,Food Delivery,2,5,GB,mobile,429.3,0,0,1,1,0,1
17954,1126,524.68,Travel,2,6,NG,mobile,513.2,2,0,1,1,0,0
18086,2459,1475.74,Food Delivery,16,6,US,mobile,183.4,2,0,1,0,0,1
18573,3420,50.1,Travel,3,6,FR,mobile,341.3,1,0,1,1,0,0
18642,3961,49.12,Online,3,6,NG,tablet,433.7,0,0,1,1,0,0
18794,3260,189.18,Travel,1,5,BR,mobile,272.5,1,0,1,1,0,1
18913,3367,42.59,Travel,23,6,CA,tablet,184.0,0,0,1,1,0,0
18968,3553,37.09,Online,23,5,CA,mobile,160.9,0,0,1,1,0,0
19356,3802,320.86,Entertainment,21,2,US,mobile,27.9,1,1,0,0,0,0
19548,3178,22.93,Travel,1,6,GB,mobile,434.5,0,0,1,1,0,0
19618,2763,144.65,Travel,5,6,CA,mobile,79.4,0,0,1,1,0,1
19831,2833,491.56,Travel,11,3,US,mobile,27.4,0,1,0,0,0,0
78,1907,335.77,Food Delivery,22,5,CA,desktop,166.1,0,1,1,0,0,0
226,2223,48.08,Food Delivery,11,0,CA,mobile,107.8,3,0,0,0,0,1
409,4737,56.32,Food Delivery,9,6,CA,desktop,45.5,2,1,1,0,0,0
452,4699,647.85,Travel,21,1,DE,mobile,111.0,4,0,0,0,0,1
782,3548,34.75,Entertainment,10,0,DE,mobile,71.3,3,0,0,0,0,0
822,3662,15.36,Travel,8,3,GB,mobile,479.1,3,0,0,0,0,0
950,2112,35.59,Online,20,4,DE,mobile,549.6,3,0,0,0,0,0
1018,2976,60.32,Entertainment,11,2,AU,mobile,674.3,3,0,0,0,0,0
1075,2866,39.56,Travel,8,3,CA,mobile,234.4,4,0,0,0,0,0
1125,4362,827.28,Online,14,0,AU,tablet,81.9,3,0,0,0,0,0
1215,1296,34.33,Entertainment,22,1,CA,mobile,38.8,5,0,0,0,0,0
1226,4879,154.32,Travel,15,3,GB,mobile,436.8,3,0,0,0,0,0
1439,2275,192.47,Food Delivery,12,2,DE,mobile,44.2,3,0,0,0,0,0
1484,1448,153.18,Travel,20,6,CA,desktop,914.4,1,1,1,0,0,1
1636,3144,142.9,Travel,23,6,US,desktop,276.6,3,0,1,1,0,0
1991,3124,269.7,Online,9,1,DE,tablet,114.2,3,0,0,0,0,0
2061,4577,208.81,Food Delivery,15,1,CA,mobile,435.8,3,0,0,0,0,0
2231,3530,22.26,Online,10,1,CA,tablet,38.4,7,0,0,0,0,0
2252,3208,113.82,Entertainment,18,6,FR,desktop,225.8,0,1,1,0,0,0
2258,3610,63.41,Online,9,1,GB,tablet,343.3,3,0,0,0,0,1
2344,3951,141.32,Entertainment,1,5,US,desktop,156.7,3,0,1,1,0,1
2377,4414,256.06,Travel,18,5,CA,desktop,422.6,2,1,1,0,0,0
2567,4202,23.29,Entertainment,6,2,NG,mobile,77.5,4,0,0,0,0,0
2760,2716,142.24,Travel,20,3,CA,mobile,300.0,3,0,0,0,0,1
2839,1862,23.42,Food Delivery,6,1,BR,mobile,162.0,3,0,0,0,0,1
2844,2931,40.68,Travel,22,2,DE,mobile,226.5,6,0,0,0,0,0
3054,2430,203.62,Online,14,1,CA,mobile,35.7,3,0,0,0,0,0
3326,4131,350.42,Food Delivery,16,6,AU,desktop,226.4,1,1,1,0,0,1
3382,4147,74.85,Entertainment,20,3,NG,mobile,34.3,4,0,0,0,0,0
3418,4502,100.18,Travel,20,0,JP,tablet,309.7,3,0,0,0,0,0
3616,2787,288.59,Food Delivery,7,5,DE,desktop,101.8,1,1,1,0,0,0
3643,4719,69.95,Grocery,0,2,US,mobile,4.6,3,0,0,1,1,0
4026,1559,156.21,Travel,18,4,GB,mobile,78.9,4,0,0,0,0,0
4064,3060,561.11,Travel,20,3,DE,tablet,125.0,3,0,0,0,0,1
4123,4941,241.86,Online,14,1,GB,mobile,618.3,3,0,0,0,0,0
4147,2654,49.1,Online,20,3,GB,mobile,281.0,3,0,0,0,0,0
4412,3350,29.21,Travel,12,4,BR,mobile,149.8,4,0,0,0,0,0
4413,2333,30.94,Online,5,6,US,desktop,55.9,3,0,1,1,0,1
4636,4056,75.37,Online,11,0,GB,mobile,153.4,3,0,0,0,0,0
4700,1095,106.86,Food Delivery,17,1,JP,tablet,323.0,3,0,0,0,0,1
4735,4309,17.5,Food Delivery,6,3,AU,tablet,34.2,3,0,0,0,0,1
4756,3408,80.75,Entertainment,22,0,GB,mobile,330.4,3,0,0,0,0,1
4784,4024,99.51,Travel,19,1,BR,mobile,59.1,3,0,0,0,0,1
5045,4232,234.47,Online,16,3,AU,mobile,162.6,3,0,0,0,0,1
5127,1992,383.36,Online,21,4,DE,mobile,136.3,5,0,0,0,0,1
5248,4727,247.82,Online,18,4,FR,tablet,418.2,4,0,0,0,0,0
5341,2207,302.29,Entertainment,14,3,DE,mobile,186.6,5,0,0,0,0,0
5446,2421,50.3,Travel,20,2,DE,mobile,154.4,3,0,0,0,0,0
5617,4189,317.14,Travel,18,2,CA,mobile,87.9,3,0,0,0,0,0
5695,3349,139.42,Travel,21,2,GB,mobile,134.8,3,0,0,0,0,1
5775,2970,142.45,Food Delivery,11,4,JP,tablet,41.1,5,0,0,0,0,0
5795,2614,113.55,Travel,7,3,CA,mobile,125.2,3,0,0,0,0,1
5798,3492,37.52,Online,17,5,FR,desktop,287.5,1,1,1,0,0,1
6012,4097,362.37,Online,16,4,AU,tablet,110.5,3,0,0,0,0,0
6146,4263,70.52,Travel,22,5,AU,desktop,30.9,2,1,1,0,0,0
6546,3566,550.13,Food Delivery,0,5,US,desktop,147.6,3,0,1,1,0,0
6607,4482,63.41,Online,12,2,BR,tablet,218.9,5,0,0,0,0,0
6759,2188,336.57,Entertainment,10,6,CA,desktop,45.4,1,1,1,0,0,0
7033,4665,27.86,Food Delivery,17,3,FR,mobile,106.7,3,0,0,0,0,1
7079,1923,35.82,Online,14,4,CA,mobile,71.7,3,0,0,0,0,0
7213,3002,322.07,Online,11,2,DE,mobile,144.3,4,0,0,0,0,0
7237,4364,102.26,Online,13,3,CA,mobile,38.9,3,0,0,0,0,0
7294,2400,63.58,Travel,6,1,CA,mobile,130.7,5,0,0,0,0,1
7366,2702,54.92,Online,0,5,US,desktop,431.3,3,0,1,1,0,0
7425,4830,271.26,Food Delivery,7,2,DE,mobile,333.2,4,0,0,0,0,0
7434,3921,49.74,Travel,11,6,CA,desktop,67.7,1,1,1,0,0,1
7571,3752,164.57,Entertainment,5,6,US,desktop,99.5,3,0,1,1,0,0
7575,3110,190.08,Food Delivery,10,2,FR,mobile,263.2,3,0,0,0,0,1
7802,1573,312.11,Travel,19,1,DE,tablet,187.7,3,0,0,0,0,0
7932,1361,32.57,Food Delivery,22,1,GB,mobile,386.8,3,0,0,0,0,1
7952,1809,30.15,Travel,15,5,DE,desktop,99.4,1,1,1,0,0,0
7955,3610,59.69,Travel,14,2,GB,mobile,111.0,3,0,0,0,0,0
7965,1210,57.77,Online,9,4,AU,mobile,228.3,3,0,0,0,0,0
7974,1880,179.92,Food Delivery,17,3,DE,mobile,376.6,3,0,0,0,0,0
8099,1331,151.35,Online,21,3,DE,mobile,66.8,3,0,0,0,0,1
8106,3188,60.29,Online,8,0,GB,tablet,439.5,3,0,0,0,0,0
8286,1133,364.1,Food Delivery,10,6,CA,desktop,276.1,1,1,1,0,0,0
8298,2740,294.75,Online,21,1,AU,mobile,82.0,4,0,0,0,0,0
8300,2662,84.7,Entertainment,11,1,FR,mobile,355.6,4,0,0,0,0,1
8382,1323,42.15,Travel,5,5,US,desktop,37.6,4,0,1,1,0,0
8383,2647,112.91,Entertainment,13,0,JP,tablet,113.6,3,0,0,0,0,1
8403,1282,65.32,Travel,3,5,US,desktop,119.8,3,0,1,1,0,1
8419,3978,179.37,Food Delivery,10,2,JP,mobile,267.1,4,0,0,0,0,1
8475,4227,11.73,Online,13,1,GB,mobile,37.0,4,0,0,0,0,0
8493,2830,92.25,Online,22,5,GB,desktop,128.9,0,1,1,0,0,0
8648,1235,220.9,Online,10,2,BR,mobile,134.0,4,0,0,0,0,0
8726,3637,62.77,Online,15,1,AU,mobile,177.4,3,0,0,0,0,0
8728,4915,48.38,Online,11,4,CA,mobile,509.4,7,0,0,0,0,0
8792,2756,349.38,Entertainment,7,3,CA,tablet,86.5,3,0,0,0,0,1
8883,2100,5.5,Grocery,17,1,DE,mobile,1.8,0,1,0,0,1,0
8939,4582,144.39,Online,17,2,GB,mobile,483.5,3,0,0,0,0,0
9097,1504,355.93,Food Delivery,12,2,CA,mobile,157.0,3,0,0,0,0,1
9127,4504,240.09,Food Delivery,22,6,AU,desktop,60.0,1,1,1,0,0,1
9169,3698,66.25,Travel,6,5,CA,desktop,535.6,0,1,1,0,0,1
9223,2723,32.18,Travel,17,6,FR,desktop,202.5,1,1,1,0,0,1
9248,4598,21.22,Travel,0,5,US,desktop,103.2,4,0,1,1,0,0
9329,2751,11.51,Online,12,4,JP,mobile,289.8,3,0,0,0,0,1
9410,1535,93.83,Travel,14,6,NG,desktop,108.8,1,1,1,0,0,1
9421,2880,98.94,Travel,11,2,DE,mobile,200.7,4,0,0,0,0,0
9444,3172,49.05,Online,9,1,GB,tablet,459.8,3,0,0,0,0,0
9464,4664,128.97,Food Delivery,17,2,GB,mobile,82.8,3,0,0,0,0,1
9511,1848,115.97,Online,13,0,DE,mobile,124.5,3,0,0,0,0,0
9550,1024,130.48,Online,4,6,US,desktop,127.8,4,0,1,1,0,0
9573,1650,16.87,Entertainment,10,4,DE,mobile,120.0,3,0,0,0,0,0
9683,2755,228.43,Food Delivery,17,3,CA,mobile,532.7,4,0,0,0,0,0
9874,2455,262.5,Online,15,4,GB,mobile,103.1,3,0,0,0,0,0
9994,1673,38.25,Travel,7,1,FR,mobile,53.5,3,0,0,0,0,1
10020,2611,19.96,Food Delivery,19,5,AU,desktop,87.0,1,1,1,0,0,0
10065,1271,69.67,Travel,18,1,CA,mobile,115.6,3,0,0,0,0,1
10265,3637,62.43,Online,14,5,JP,desktop,104.9,1,1,1,0,0,0
10326,1502,154.26,Entertainment,6,5,JP,desktop,135.6,2,1,1,0,0,0
10446,1395,58.35,Food Delivery,5,5,US,desktop,250.4,3,0,1,1,0,0
10483,4891,68.17,Food Delivery,15,1,GB,tablet,36.6,6,0,0,0,0,1
10524,3340,15.3,Online,21,6,CA,desktop,104.5,1,1,1,0,0,1
10612,3528,231.92,Online,8,6,NG,desktop,313.1,2,1,1,0,0,1
10723,1124,72.69,Travel,6,1,CA,mobile,226.5,4,0,0,0,0,1
10975,4278,78.79,Travel,5,5,US,desktop,180.8,3,0,1,1,0,0
11062,2372,44.13,Online,20,3,CA,mobile,137.5,6,0,0,0,0,0
11130,4730,36.43,Food Delivery,6,1,FR,mobile,125.1,4,0,0,0,0,1
11137,3945,57.92,Travel,13,1,GB,mobile,48.1,4,0,0,0,0,1
11196,2654,67.82,Online,19,5,GB,desktop,438.4,0,1,1,0,0,0
11438,1393,219.13,Online,15,2,NG,tablet,787.8,4,0,0,0,0,1
11508,4011,31.05,Online,14,4,GB,tablet,79.1,4,0,0,0,0,0
11536,3465,30.16,Online,18,4,GB,mobile,67.7,5,0,0,0,0,0
11760,2124,250.17,Entertainment,7,1,CA,tablet,130.1,3,0,0,0,0,1
11963,1539,324.34,Travel,7,1,FR,mobile,105.2,3,0,0,0,0,0
11965,2007,112.88,Entertainment,17,0,DE,mobile,163.2,3,0,0,0,0,1
12003,1289,112.19,Online,11,1,DE,mobile,248.4,3,0,0,0,0,0
12088,4986,19.48,Entertainment,9,5,CA,desktop,503.7,1,1,1,0,0,0
12112,1152,160.07,Online,19,3,DE,mobile,286.3,3,0,0,0,0,0
12148,1731,52.01,Food Delivery,19,4,DE,mobile,58.8,4,0,0,0,0,0
12176,1966,32.82,Entertainment,18,5,DE,desktop,611.0,2,1,1,0,0,1
12296,2305,106.22,Entertainment,10,4,BR,mobile,340.5,3,0,0,0,0,1
12414,2583,127.54,Online,15,3,JP,mobile,99.2,5,0,0,0,0,1
12467,4279,71.77,Online,6,5,JP,desktop,584.7,0,1,1,0,0,0
12560,1237,101.93,Retail,7,3,GB,tablet,1.4,2,1,0,0,1,1
12648,1439,34.87,Food Delivery,21,6,GB,desktop,104.1,0,1,1,0,0,1
12828,4787,184.9,Online,10,1,CA,mobile,31.3,3,0,0,0,0,0
13133,3871,17.53,Entertainment,12,6,FR,desktop,76.9,2,1,1,0,0,1
13192,2396,39.11,Retail,9,4,CA,mobile,11.8,2,1,0,0,1,1
13283,3834,54.53,Food Delivery,6,0,FR,mobile,278.4,5,0,0,0,0,1
13440,2797,360.36,Online,8,2,CA,mobile,172.1,3,0,0,0,0,0
13490,1379,52.07,Food Delivery,18,0,DE,mobile,244.5,3,0,0,0,0,1
13658,3479,31.98,Online,9,2,GB,mobile,168.2,4,0,0,0,0,0
13685,1381,132.59,Travel,16,0,GB,mobile,330.0,4,0,0,0,0,0
13755,4594,30.42,Food Delivery,10,1,GB,mobile,376.3,4,0,0,0,0,1
13760,1434,81.09,Entertainment,8,5,CA,desktop,310.7,1,1,1,0,0,0
13774,2702,54.29,Retail,2,3,US,tablet,2.1,3,0,0,1,1,0
14135,3088,154.09,Entertainment,16,6,CA,desktop,219.2,0,1,1,0,0,0
14152,2847,433.2,Food Delivery,20,4,AU,mobile,66.7,3,0,0,0,0,0
14168,1832,130.69,Entertainment,20,3,AU,mobile,960.3,3,0,0,0,0,0
14282,2688,78.01,Travel,20,2,JP,mobile,124.6,4,0,0,0,0,0
14289,4168,729.45,Entertainment,13,0,NG,mobile,32.3,3,0,0,0,0,0
14291,3252,33.17,Travel,16,0,DE,mobile,72.4,3,0,0,0,0,1
14459,4129,93.03,Entertainment,19,3,JP,mobile,46.6,5,0,0,0,0,0
14470,3423,44.18,Entertainment,19,0,GB,mobile,361.5,3,0,0,0,0,0
14529,4027,55.49,Travel,13,0,CA,tablet,55.9,3,0,0,0,0,0
14822,4059,29.78,Online,9,4,DE,tablet,297.5,3,0,0,0,0,1
14861,4732,114.58,Travel,14,4,DE,mobile,136.3,3,0,0,0,0,0
14867,3554,74.06,Food Delivery,16,1,GB,mobile,316.5,5,0,0,0,0,0
14969,2513,73.04,Food Delivery,20,0,BR,mobile,106.4,3,0,0,0,0,0
15171,4855,158.87,Online,18,3,CA,mobile,294.4,6,0,0,0,0,1
15227,2528,293.26,Food Delivery,9,1,CA,mobile,218.3,3,0,0,0,0,0
15239,4794,148.21,Food Delivery,9,0,BR,mobile,102.3,3,0,0,0,0,0
15272,1010,640.93,Entertainment,7,4,GB,tablet,31.5,3,0,0,0,0,0
15366,2806,12.95,Online,13,2,CA,tablet,119.9,3,0,0,0,0,0
15407,4697,182.78,Entertainment,18,5,DE,desktop,590.9,1,1,1,0,0,1
15496,3578,29.89,Entertainment,17,1,CA,mobile,280.7,3,0,0,0,0,0
15603,3565,185.76,Food Delivery,21,3,FR,mobile,197.4,4,0,0,0,0,0
15625,3751,27.86,Food Delivery,18,3,BR,mobile,247.6,4,0,0,0,0,1
15678,3965,64.24,Entertainment,22,1,FR,mobile,172.2,3,0,0,0,0,1
15776,1877,103.54,Travel,9,2,NG,mobile,584.3,3,0,0,0,0,0
16022,4863,229.36,Food Delivery,17,4,GB,mobile,122.1,3,0,0,0,0,0
16096,4911,53.7,Food Delivery,16,4,DE,mobile,148.4,4,0,0,0,0,0
16171,3154,52.01,Online,14,5,GB,desktop,74.5,1,1,1,0,0,1
16384,4400,119.02,Entertainment,17,6,CA,desktop,106.8,0,1,1,0,0,0
16385,1182,35.57,Food Delivery,16,0,DE,mobile,177.7,3,0,0,0,0,0
16661,2195,59.05,Travel,6,4,CA,tablet,247.1,3,0,0,0,0,0
16692,3042,55.03,Food Delivery,15,0,CA,mobile,89.4,3,0,0,0,0,0
16714,3698,47.14,Travel,15,3,AU,mobile,328.4,4,0,0,0,0,0
16816,3850,103.69,Food Delivery,2,5,US,desktop,196.7,3,0,1,1,0,0
16955,2824,64.71,Food Delivery,14,0,DE,mobile,178.0,4,0,0,0,0,0
16957,1239,44.93,Entertainment,9,1,JP,tablet,102.5,3,0,0,0,0,0
17076,4795,40.76,Online,11,6,BR,desktop,282.4,1,1,1,0,0,1
17270,1431,112.12,Food Delivery,21,5,CA,desktop,41.8,1,1,1,0,0,0
17453,4497,138.82,Travel,21,2,AU,mobile,289.9,3,0,0,0,0,0
17615,1101,156.81,Food Delivery,11,2,GB,mobile,66.1,3,0,0,0,0,1
17701,2095,95.85,Food Delivery,18,0,BR,mobile,173.8,3,0,0,0,0,1
17745,2138,41.87,Entertainment,17,2,CA,mobile,438.6,4,0,0,0,0,1
17756,3761,154.66,Grocery,16,0,BR,mobile,4.4,1,1,0,0,1,0
17815,1318,58.0,Travel,11,0,GB,mobile,35.4,3,0,0,0,0,0
17973,3010,105.31,Entertainment,20,2,CA,mobile,57.2,3,0,0,0,0,0
18190,1890,114.59,Online,8,2,CA,mobile,101.2,3,0,0,0,0,1
18193,4279,188.68,Entertainment,14,2,BR,mobile,55.1,3,0,0,0,0,1
18547,1408,145.06,Entertainment,22,1,BR,tablet,150.5,4,0,0,0,0,1
19132,3226,88.95,Food Delivery,17,2,GB,tablet,140.3,5,0,0,0,0,1
19282,3896,32.28,Entertainment,8,4,FR,mobile,338.4,4,0,0,0,0,1
19300,2830,46.11,Online,11,3,GB,mobile,43.4,3,0,0,0,0,0
19523,2969,63.22,Entertainment,1,6,US,desktop,30.7,3,0,1,1,0,0
19541,4483,26.45,Entertainment,21,3,CA,tablet,72.3,4,0,0,0,0,0
19695,2931,24.53,Food Delivery,20,2,JP,mobile,44.0,5,0,0,0,0,0
19920,2342,63.13,Food Delivery,6,4,CA,tablet,36.3,3,0,0,0,0,1
5502,1901,27.89,Food Delivery,10,6,US,mobile,123.7,1,1,1,0,1,1
5602,4992,204.41,Travel,12,6,US,tablet,145.5,0,1,1,0,1,0
8590,4238,40.01,Utilities,12,5,JP,desktop,232.7,3,1,1,0,0,0
9394,2600,949.27,Retail,4,5,BR,desktop,191.5,2,0,1,1,0,1
10598,2049,279.63,Entertainment,6,6,US,tablet,73.3,0,1,1,0,1,0
11550,1893,220.24,Retail,18,6,CA,desktop,300.9,3,1,1,0,0,0
12392,2662,45.06,Retail,15,6,GB,desktop,111.3,5,1,1,0,0,0
13570,3621,99.8,Online,8,6,US,tablet,370.7,0,1,1,0,1,0
16604,2572,90.33,Online,16,5,US,mobile,181.5,0,1,1,0,1,0
17068,4729,1060.66,Retail,4,6,DE,desktop,101.6,2,0,1,1,0,1
17702,2563,138.38,Grocery,9,6,AU,desktop,130.1,3,1,1,0,0,1
18786,3211,272.21,Retail,18,6,CA,desktop,67.8,3,1,1,0,0,0
19194,1725,352.59,Retail,10,6,AU,desktop,87.5,3,1,1,0,0,1
337,4852,13.39,Grocery,0,5,BR,mobile,194.6,3,0,1,1,0,1
539,3161,58.57,Retail,5,6,BR,tablet,136.7,3,0,1,1,0,1
613,4136,51.48,Food Delivery,2,1,GB,mobile,212.5,0,0,0,1,1,1
625,3416,44.67,Grocery,4,6,FR,mobile,62.6,5,0,1,1,0,0
875,3789,105.91,Retail,3,6,DE,tablet,36.9,3,0,1,1,0,0
891,1399,121.78,Retail,4,6,CA,mobile,82.0,3,0,1,1,0,1
977,1380,93.34,Health,1,6,FR,mobile,177.2,3,0,1,1,0,0
1671,4052,199.15,Grocery,0,6,DE,tablet,44.8,3,0,1,1,0,0
1755,3506,40.68,Food Delivery,14,6,CA,mobile,7.9,1,0,1,0,1,1
2225,2604,59.29,Utilities,1,5,AU,mobile,801.4,3,0,1,1,0,0
2300,4572,50.82,Entertainment,4,4,AU,tablet,91.1,1,0,0,1,1,1
2456,2904,79.59,Grocery,3,5,CA,mobile,312.4,4,0,1,1,0,0
3600,3487,359.41,Retail,23,6,CA,mobile,79.7,3,0,1,1,0,1
4216,4971,960.67,Grocery,5,2,US,mobile,9.9,2,0,0,1,0,0
4302,3624,717.79,Retail,2,5,US,mobile,16.3,2,1,1,1,0,1
4723,4780,473.21,Online,5,0,DE,mobile,565.2,0,0,0,1,1,1
4840,4725,125.47,Retail,10,4,US,tablet,1.0,3,1,0,0,0,1
5469,3208,89.68,Utilities,23,6,CA,mobile,112.2,3,0,1,1,0,1
5581,3156,1210.79,Travel,13,0,US,tablet,209.1,1,0,0,0,1,1
5718,3991,347.86,Utilities,0,5,US,mobile,8.2,2,1,1,1,0,0
5753,1477,90.93,Travel,22,6,DE,tablet,9.9,1,0,1,0,1,0
5841,4112,330.78,Grocery,1,6,DE,mobile,282.2,3,0,1,1,0,1
5916,1047,40.8,Retail,1,5,US,mobile,3.8,2,1,1,1,0,1
5933,2353,22.71,Food Delivery,13,5,JP,tablet,26.2,1,0,1,0,1,0
6011,2586,132.6,Retail,9,1,US,mobile,16.7,3,1,0,0,0,1
6203,1885,51.53,Travel,3,3,CA,mobile,37.0,1,0,0,1,1,1
6623,4223,160.92,Entertainment,13,6,US,desktop,2.7,3,0,1,0,1,0
7036,1688,25.16,Travel,5,1,AU,mobile,453.3,1,0,0,1,1,1
7221,2427,21.32,Grocery,2,5,US,mobile,10.6,2,1,1,1,0,1
7337,4878,245.25,Travel,2,2,AU,mobile,219.8,1,0,0,1,1,1
7417,4261,181.51,Utilities,23,5,CA,tablet,109.4,4,0,1,1,0,0
7440,2900,248.15,Grocery,0,6,NG,tablet,442.1,3,0,1,1,0,1
7970,2488,67.4,Food Delivery,23,4,AU,mobile,284.6,1,0,0,1,1,0
8002,3864,528.03,Retail,0,5,US,mobile,3.2,2,1,1,1,0,0
8230,4071,16.27,Online,2,3,GB,mobile,46.1,2,0,0,1,1,0
8252,1610,339.82,Grocery,23,5,FR,mobile,65.1,3,0,1,1,0,0
8260,4634,393.31,Travel,23,2,DE,mobile,99.3,0,0,0,1,1,0
8351,1514,151.99,Retail,3,5,FR,mobile,245.5,6,0,1,1,0,0
8828,1602,285.21,Online,3,4,DE,mobile,262.3,2,0,0,1,1,0
8897,2138,113.29,Online,4,2,CA,mobile,267.7,2,0,0,1,1,0
9134,4020,112.67,Grocery,14,0,US,mobile,2.2,3,1,0,0,0,0
9315,1443,425.16,Online,3,4,GB,mobile,39.6,2,0,0,1,1,0
9400,4102,303.1,Grocery,0,5,FR,mobile,579.1,3,0,1,1,0,1
9560,3621,249.11,Online,5,1,CA,tablet,40.2,0,0,0,1,1,0
9619,2623,487.47,Food Delivery,3,1,JP,mobile,371.3,2,0,0,1,1,0
10189,1468,166.8,Retail,23,5,FR,tablet,298.1,3,0,1,1,0,1
10372,4464,151.2,Retail,0,6,GB,mobile,64.6,3,0,1,1,0,0
10455,1212,1063.76,Retail,7,0,GB,desktop,144.3,3,0,0,0,0,0
10531,2025,505.05,Retail,1,6,DE,tablet,162.9,5,0,1,1,0,1
10589,4767,90.79,Online,23,4,AU,mobile,59.3,0,0,0,1,1,0
10777,2611,33.35,Entertainment,3,4,AU,mobile,111.0,1,0,0,1,1,1
11090,3202,116.85,Travel,3,3,CA,tablet,295.4,2,0,0,1,1,0
11232,1907,73.95,Travel,3,2,NG,mobile,1090.5,2,0,0,1,1,0
11250,1041,17.98,Grocery,2,6,CA,tablet,277.4,3,0,1,1,0,1
11351,3494,31.26,Entertainment,1,2,CA,mobile,143.3,2,0,0,1,1,1
11512,3437,41.5,Utilities,1,6,GB,mobile,727.3,3,0,1,1,0,1
11531,3737,261.3,Grocery,1,6,NG,tablet,89.8,3,0,1,1,0,1
11755,2758,30.63,Entertainment,2,0,CA,mobile,262.7,2,0,0,1,1,0
12158,1274,172.86,Grocery,2,5,GB,mobile,311.1,3,0,1,1,0,1
12286,1383,66.17,Retail,3,6,CA,mobile,355.9,3,0,1,1,0,1
12435,2387,90.63,Retail,4,5,CA,tablet,107.2,3,0,1,1,0,0
12570,4354,70.4,Retail,5,6,JP,tablet,246.5,3,0,1,1,0,1
12817,2822,50.94,Travel,5,2,CA,mobile,235.9,2,0,0,1,1,1
12834,2799,78.32,Utilities,4,6,DE,tablet,307.4,3,0,1,1,0,1
12922,1899,97.09,Health,1,5,JP,mobile,73.3,3,0,1,1,0,1
13250,1050,1367.2,Travel,20,4,US,tablet,213.0,1,0,0,0,1,0
13436,4362,170.67,Health,2,5,GB,mobile,288.0,3,0,1,1,0,1
13895,4685,492.25,Grocery,5,6,FR,mobile,65.5,3,0,1,1,0,0
13917,1561,171.96,Online,23,2,GB,mobile,36.9,2,0,0,1,1,0
14376,2299,203.8,Entertainment,17,6,AU,mobile,16.1,2,0,1,0,1,1
14586,4315,269.83,Retail,0,6,GB,tablet,61.1,3,0,1,1,0,0
14710,2955,89.33,Grocery,2,5,DE,mobile,238.1,3,0,1,1,0,1
14839,1837,197.69,Online,18,6,US,desktop,12.4,4,0,1,0,1,1
14906,2673,16.71,Travel,5,3,AU,mobile,172.6,1,0,0,1,1,0
14961,3114,121.84,Retail,23,5,CA,mobile,56.0,4,0,1,1,0,1
15219,4131,20.9,Grocery,5,6,GB,tablet,177.2,5,0,1,1,0,1
15484,2831,58.62,Food Delivery,5,2,FR,mobile,123.1,1,0,0,1,1,1
15515,3119,39.03,Online,0,4,AU,mobile,355.3,1,0,0,1,1,0
15529,2911,70.47,Grocery,2,6,GB,tablet,180.1,3,0,1,1,0,0
15736,1737,324.49,Grocery,1,5,FR,mobile,132.2,4,0,1,1,0,0
16156,1970,64.44,Grocery,3,6,CA,mobile,86.3,4,0,1,1,0,1
16305,3743,28.27,Travel,3,0,DE,tablet,44.0,0,0,0,1,1,0
16501,3074,335.6,Entertainment,23,2,CA,mobile,112.4,0,0,0,1,1,0
16804,1677,187.51,Grocery,3,5,DE,mobile,75.3,3,0,1,1,0,0
17127,1693,150.4,Travel,10,6,BR,mobile,22.3,0,0,1,0,1,1
17297,2662,40.43,Online,4,1,AU,mobile,254.7,2,0,0,1,1,1
17493,3786,40.74,Travel,0,4,AU,mobile,101.0,1,0,0,1,1,1
17631,2411,70.07,Grocery,4,5,GB,mobile,368.9,4,0,1,1,0,0
17648,3951,19.53,Food Delivery,3,3,FR,mobile,395.6,2,0,0,1,1,1
17707,3931,14.91,Online,3,3,FR,mobile,497.9,0,0,0,1,1,0
17787,1868,143.04,Online,2,0,AU,mobile,56.6,1,0,0,1,1,0
17947,4384,111.63,Retail,2,6,BR,mobile,300.1,3,0,1,1,0,1
18182,3648,20.01,Entertainment,4,4,DE,mobile,134.1,2,0,0,1,1,1
18321,1186,115.9,Retail,3,5,BR,mobile,60.4,3,0,1,1,0,0
18334,3448,60.32,Travel,2,2,GB,mobile,152.5,2,0,0,1,1,0
18570,2951,96.07,Entertainment,23,4,CA,tablet,151.0,0,0,0,1,1,0
18572,1409,10.25,Grocery,1,6,CA,mobile,416.3,3,0,1,1,0,0
19020,1292,59.71,Health,2,5,GB,mobile,143.9,3,0,1,1,0,0
19069,1326,13.49,Food Delivery,3,0,DE,mobile,255.6,0,0,0,1,1,1
19229,2152,99.8,Food Delivery,4,3,JP,mobile,77.6,1,0,0,1,1,0
19459,3958,312.48,Travel,19,5,CA,mobile,3.2,0,0,1,0,1,1
19573,2759,46.05,Grocery,0,6,GB,tablet,110.1,3,0,1,1,0,1
19657,4363,267.17,Retail,4,5,FR,mobile,135.2,3,0,1,1,0,1
19726,1239,83.33,Grocery,1,5,AU,tablet,50.3,3,0,1,1,0,0
19821,2472,102.24,Travel,23,0,GB,mobile,64.2,2,0,0,1,1,1
19990,2423,194.24,Food Delivery,3,0,CA,mobile,68.5,0,0,0,1,1,1
645,4081,296.9,Retail,4,0,JP,desktop,16.5,1,1,0,1,0,0
835,4417,62.58,Travel,19,0,JP,desktop,90.7,1,1,0,0,1,0
877,3159,358.69,Entertainment,7,0,DE,desktop,146.9,0,1,0,0,1,0
1455,3288,12.6,Grocery,23,0,CA,desktop,19.2,2,1,0,1,0,0
1743,2823,333.43,Online,15,3,CA,desktop,96.1,0,1,0,0,1,0
3044,3117,50.86,Utilities,3,1,CA,desktop,13.1,0,1,0,1,0,0
3981,2803,354.96,Retail,2,4,CA,desktop,6.5,0,1,0,1,0,0
4830,2948,132.22,Grocery,3,3,FR,desktop,18.6,1,1,0,1,0,0
6262,2707,262.69,Travel,21,0,NG,desktop,77.0,0,1,0,0,1,1
6754,1040,172.45,Travel,8,0,GB,desktop,66.7,0,1,0,0,1,0
7642,4074,75.39,Travel,0,0,US,desktop,299.9,4,0,0,1,1,0
8491,2684,339.17,Retail,3,1,GB,desktop,25.0,0,1,0,1,0,1
8993,4985,46.57,Grocery,23,3,CA,desktop,7.2,1,1,0,1,0,1
9955,3051,214.1,Retail,1,2,AU,desktop,1.0,2,1,0,1,0,0
10193,1059,799.88,Retail,3,1,FR,desktop,4.6,2,1,0,1,0,1
12373,1087,155.3,Online,14,2,CA,desktop,72.1,1,1,0,0,1,0
12592,4184,16.19,Travel,3,3,US,desktop,108.8,3,0,0,1,1,1
13033,3547,439.79,Grocery,1,3,DE,desktop,2.9,2,1,0,1,0,1
13239,1066,241.56,Online,7,2,JP,desktop,100.0,2,1,0,0,1,0
13863,2656,30.22,Utilities,4,2,JP,desktop,10.1,2,1,0,1,0,0
13958,4144,114.84,Grocery,2,4,FR,desktop,10.6,0,1,0,1,0,0
14403,2392,79.92,Online,18,4,AU,desktop,161.0,2,1,0,0,1,1
14830,3632,111.17,Online,7,3,AU,desktop,187.1,1,1,0,0,1,0
15125,1496,196.41,Travel,13,2,FR,desktop,79.6,1,1,0,0,1,0
15182,2484,141.25,Online,3,1,US,desktop,152.7,3,0,0,1,1,0
16104,4005,64.23,Travel,12,4,CA,desktop,167.2,1,1,0,0,1,1
16392,3076,132.06,Entertainment,0,0,US,desktop,45.0,3,0,0,1,1,0
16407,3808,493.09,Travel,0,4,US,desktop,96.5,3,0,0,1,1,0
16475,2287,131.01,Entertainment,14,3,DE,desktop,69.0,2,1,0,0,1,1
17221,2003,814.51,Online,5,1,US,desktop,511.9,3,0,0,1,1,0
18218,4244,599.18,Food Delivery,22,3,AU,desktop,185.2,2,1,0,0,1,0
19511,3530,438.22,Travel,9,2,CA,desktop,168.0,1,1,0,0,1,0
19783,4012,281.47,Online,17,3,CA,desktop,181.8,2,1,0,0,1,1
350,1658,853.47,Online,1,6,US,desktop,332.2,1,1,1,1,0,0
5336,1280,39.7,Online,23,5,US,desktop,236.1,0,1,1,1,0,1
9086,4958,30.81,Online,5,6,US,desktop,392.6,1,1,1,1,0,1
9230,2292,10.71,Online,0,5,US,desktop,471.7,2,1,1,1,0,0
9275,1264,26.37,Online,5,6,US,desktop,228.6,0,1,1,1,0,1
10475,2582,60.09,Travel,23,5,US,desktop,347.3,2,1,1,1,0,0
11932,1962,47.53,Online,0,6,US,desktop,63.3,1,1,1,1,0,0
12474,2682,50.22,Food Delivery,0,6,US,desktop,219.2,0,1,1,1,0,0
13388,4272,51.23,Entertainment,0,6,US,desktop,215.1,2,1,1,1,0,0
13549,1215,177.34,Food Delivery,0,5,US,desktop,101.4,2,1,1,1,0,0
15835,3161,63.23,Health,16,4,AU,desktop,185.5,4,1,0,0,1,1
16142,2697,189.39,Health,10,4,GB,desktop,160.3,3,1,0,0,1,1
19505,2536,88.01,Entertainment,0,6,US,desktop,84.4,1,1,1,1,0,1
239,2234,18.62,Online,6,1,US,desktop,50.5,4,1,0,0,0,1
445,3033,129.39,Online,17,2,US,desktop,297.4,3,1,0,0,0,1
470,4732,152.92,Travel,18,6,US,mobile,19.2,4,0,1,0,0,0
1013,1983,148.49,Online,2,6,DE,desktop,29.9,1,0,1,1,0,0
1748,2508,37.14,Online,8,5,US,mobile,8.7,3,0,1,0,0,1
1822,4059,297.29,Food Delivery,6,1,US,desktop,89.2,4,1,0,0,0,0
2379,4950,9.31,Grocery,5,2,US,tablet,13.8,2,1,0,1,1,0
2643,1812,44.53,Entertainment,12,2,US,desktop,627.8,4,1,0,0,0,1
2681,1469,25.24,Travel,6,5,US,tablet,16.6,3,0,1,0,0,1
3241,1835,36.82,Entertainment,2,5,DE,desktop,3.9,0,0,1,1,0,0
3299,3155,84.49,Food Delivery,8,6,US,tablet,28.0,3,0,1,0,0,1
3646,3114,81.64,Travel,8,1,US,desktop,350.0,3,1,0,0,0,1
3674,1002,92.1,Online,6,6,US,tablet,8.2,4,0,1,0,0,0
4021,1530,33.24,Online,6,5,US,mobile,27.1,4,0,1,0,0,0
4874,3350,26.38,Travel,14,6,US,mobile,1.6,3,0,1,0,0,1
5129,3707,31.54,Entertainment,22,6,US,mobile,5.2,3,0,1,0,0,1
5133,2906,28.47,Utilities,4,1,GB,mobile,51.9,3,0,0,1,1,1
5220,2404,45.0,Retail,0,3,DE,mobile,94.4,3,0,0,1,1,0
6324,4857,329.05,Online,17,4,US,desktop,126.3,3,1,0,0,0,1
6490,1459,152.74,Entertainment,11,6,US,mobile,28.1,4,0,1,0,0,1
6940,4867,130.11,Grocery,1,5,DE,desktop,311.6,1,1,1,1,1,1
7005,2540,110.89,Online,9,5,US,mobile,14.7,3,0,1,0,0,1
7446,4404,103.51,Travel,9,4,US,desktop,44.5,3,1,0,0,0,0
7926,3779,25.15,Online,17,6,US,tablet,2.7,3,0,1,0,0,1
8636,4151,69.57,Travel,7,6,US,mobile,8.8,5,0,1,0,0,1
8721,3841,118.43,Food Delivery,9,5,US,mobile,29.1,3,0,1,0,0,0
9144,4505,118.88,Food Delivery,22,5,US,tablet,23.6,3,0,1,0,0,1
9209,2461,86.12,Food Delivery,12,1,US,desktop,273.8,4,1,0,0,0,0
9960,4656,215.39,Online,20,2,US,desktop,249.6,3,1,0,0,0,1
10431,3308,144.44,Travel,4,6,GB,desktop,2.6,0,0,1,1,0,0
10596,1965,459.11,Online,19,5,US,mobile,29.4,4,0,1,0,0,1
10919,1535,333.45,Food Delivery,1,6,DE,desktop,17.2,1,0,1,1,0,0
11168,3867,24.0,Food Delivery,3,6,BR,desktop,5.6,2,0,1,1,0,0
11317,1635,340.82,Online,21,6,US,tablet,27.8,3,0,1,0,0,1
11482,3878,54.0,Food Delivery,13,4,US,desktop,177.9,3,1,0,0,0,1
11675,4546,268.72,Food Delivery,10,2,US,desktop,89.1,3,1,0,0,0,1
12208,4340,32.1,Food Delivery,5,6,DE,desktop,9.3,1,0,1,1,0,1
12457,1909,54.14,Online,6,6,US,mobile,10.7,4,0,1,0,0,1
12749,4373,88.25,Retail,4,0,AU,mobile,172.6,3,0,0,1,1,0
14441,2008,48.31,Food Delivery,9,5,US,mobile,17.3,4,0,1,0,0,0
15111,4504,53.42,Food Delivery,10,4,US,desktop,127.9,3,1,0,0,0,1
15623,4444,27.39,Health,0,3,AU,tablet,610.0,4,0,0,1,1,1
15719,1186,493.68,Travel,11,4,US,desktop,482.7,4,1,0,0,0,1
16426,3671,46.47,Entertainment,16,2,US,desktop,475.1,3,1,0,0,0,0
16439,4162,9.95,Travel,5,5,CA,desktop,19.5,2,0,1,1,0,1
16458,4797,35.84,Retail,0,3,FR,mobile,42.9,4,0,0,1,1,1
17086,2256,749.84,Food Delivery,19,6,US,mobile,13.7,3,0,1,0,0,0
17206,2195,22.35,Online,2,5,BR,desktop,15.1,1,0,1,1,0,0
17455,3701,267.82,Entertainment,4,6,CA,desktop,1.0,2,0,1,1,0,0
17575,1329,29.13,Food Delivery,1,5,GB,desktop,2.9,0,0,1,1,0,0
17588,3977,156.68,Travel,9,2,US,desktop,49.6,3,1,0,0,0,0
17664,3222,166.86,Retail,5,6,FR,desktop,105.9,0,1,1,1,1,1
17681,1073,31.47,Travel,6,2,US,desktop,117.2,4,1,0,0,0,1
17900,1631,124.15,Online,13,3,US,desktop,123.9,3,1,0,0,0,1
18015,4481,70.2,Health,1,4,GB,mobile,204.7,3,0,0,1,1,1
18191,4292,139.74,Travel,21,5,US,mobile,19.0,3,0,1,0,0,0
18343,2500,24.13,Travel,16,5,US,tablet,12.4,3,0,1,0,0,1
18376,3432,136.14,Online,22,2,US,desktop,254.5,4,1,0,0,0,0
18524,1452,720.88,Grocery,0,0,NG,mobile,237.2,6,0,0,1,1,0
18589,1875,115.43,Grocery,2,0,GB,mobile,81.1,4,0,0,1,1,1
18719,4147,69.59,Grocery,5,3,BR,mobile,437.1,3,0,0,1,1,1
19109,3593,239.15,Entertainment,11,2,US,desktop,81.9,3,1,0,0,0,0
19235,3770,1264.04,Entertainment,23,1,US,desktop,30.9,0,0,0,1,0,0
19793,3162,30.57,Utilities,1,1,FR,tablet,207.4,3,0,0,1,1,1
19902,1017,25.92,Travel,23,5,BR,desktop,19.1,1,0,1,1,0,1
19938,1718,75.3,Food Delivery,14,1,US,desktop,623.2,3,1,0,0,0,1
135,4179,129.16,Travel,4,1,US,tablet,64.8,3,0,0,1,0,0
262,1682,124.04,Online,2,0,US,mobile,398.3,3,0,0,1,0,0
394,3397,85.34,Online,3,3,US,tablet,216.3,5,0,0,1,0,0
419,2186,27.09,Travel,7,0,AU,mobile,757.0,0,1,0,0,0,0
614,2540,635.55,Travel,10,1,CA,tablet,35.4,2,1,0,0,0,0
636,3742,59.93,Travel,3,1,US,mobile,444.6,3,0,0,1,0,0
743,3537,147.59,Food Delivery,0,1,US,tablet,72.2,4,0,0,1,0,0
816,4347,335.74,Travel,3,3,US,mobile,287.8,3,0,0,1,0,1
839,1058,364.47,Food Delivery,16,3,FR,mobile,174.3,1,1,0,0,0,1
913,2505,656.07,Travel,13,4,GB,mobile,347.9,2,1,0,0,0,1
936,4762,278.49,Entertainment,4,4,US,tablet,203.0,3,0,0,1,0,1
1122,1336,61.49,Entertainment,18,2,FR,tablet,30.1,1,1,0,0,0,0
1195,3103,457.76,Travel,12,4,NG,mobile,211.2,2,1,0,0,0,0
1273,4726,123.0,Entertainment,1,1,US,mobile,117.9,3,0,0,1,0,1
1288,1938,102.58,Food Delivery,0,1,US,mobile,134.7,3,0,0,1,0,0
1374,2681,138.29,Entertainment,17,1,GB,mobile,995.4,1,1,0,0,0,0
1386,1940,18.1,Travel,23,2,US,tablet,742.7,3,0,0,1,0,0
1489,1444,65.53,Travel,7,1,AU,tablet,299.3,1,1,0,0,0,0
1500,4364,9.18,Entertainment,1,1,US,tablet,90.3,3,0,0,1,0,0
1685,2433,33.2,Entertainment,15,3,GB,mobile,519.7,1,1,0,0,0,0
1725,3135,54.4,Online,7,3,FR,mobile,146.3,1,1,0,0,0,1
2194,1875,332.09,Online,4,4,US,tablet,146.4,3,0,0,1,0,1
2211,3799,15.17,Online,22,3,NG,mobile,394.0,1,1,0,0,0,1
2322,1139,111.0,Travel,14,1,GB,mobile,199.8,1,1,0,0,0,1
2613,1725,47.08,Travel,5,3,US,tablet,478.3,3,0,0,1,0,1
2800,2588,116.21,Travel,19,3,GB,tablet,44.2,1,1,0,0,0,0
2856,1309,500.44,Online,15,0,GB,mobile,35.8,1,1,0,0,0,1
2982,1241,50.36,Travel,4,1,US,mobile,120.8,5,0,0,1,0,0
3021,2398,52.33,Entertainment,9,4,GB,mobile,48.5,2,1,0,0,0,1
3036,4824,39.83,Travel,8,3,GB,mobile,162.9,1,1,0,0,0,0
3041,2580,34.12,Travel,11,4,AU,desktop,22.6,3,0,0,0,0,0
3123,2886,68.84,Online,7,0,CA,tablet,130.1,1,1,0,0,0,0
3282,4018,17.06,Travel,15,3,GB,mobile,144.0,1,1,0,0,0,1
3584,2230,28.58,Online,22,3,GB,desktop,20.7,3,0,0,0,0,0
3637,3162,24.15,Travel,4,2,US,mobile,421.0,3,0,0,1,0,0
3762,3022,125.07,Food Delivery,0,0,US,mobile,145.7,3,0,0,1,0,0
3763,3302,237.73,Travel,11,0,FR,desktop,18.6,3,0,0,0,0,0
3771,2696,249.16,Travel,6,0,DE,mobile,381.8,0,1,0,0,0,1
3802,3326,106.98,Online,13,4,CA,mobile,49.8,0,1,0,0,0,0
3895,3434,98.84,Travel,10,2,GB,mobile,89.1,0,1,0,0,0,1
4011,2412,591.22,Travel,5,1,US,mobile,385.3,3,0,0,1,0,0
4020,3750,133.12,Online,23,3,US,tablet,348.5,4,0,0,1,0,0
4137,4895,106.29,Travel,3,3,US,tablet,192.7,3,0,0,1,0,0
4210,3426,79.75,Travel,1,1,US,mobile,216.6,4,0,0,1,0,0
4648,1321,103.99,Entertainment,1,0,US,mobile,196.5,4,0,0,1,0,0
4660,2991,36.86,Online,23,1,US,mobile,291.7,3,0,0,1,0,1
4727,1393,237.99,Food Delivery,18,4,CA,mobile,129.3,1,1,0,0,0,0
4772,4049,157.27,Online,15,0,FR,desktop,27.7,3,0,0,0,0,1
5105,1436,33.64,Online,1,0,US,tablet,40.7,3,0,0,1,0,1
5187,4452,77.15,Online,23,4,US,mobile,59.8,4,0,0,1,0,0
5267,3173,27.49,Food Delivery,20,0,AU,mobile,112.9,0,1,0,0,0,1
5289,2059,177.22,Food Delivery,10,1,GB,mobile,136.2,2,1,0,0,0,0
5344,2789,125.9,Travel,12,2,FR,mobile,76.5,0,1,0,0,0,1
5601,2347,70.7,Online,22,0,JP,mobile,132.2,0,1,0,0,0,0
5732,1495,258.89,Food Delivery,11,1,FR,mobile,76.6,2,1,0,0,0,0
5871,4148,91.57,Online,6,3,FR,mobile,102.8,0,1,0,0,0,0
5926,1403,101.96,Travel,1,3,US,mobile,299.3,3,0,0,1,0,0
5939,4970,72.4,Online,12,4,AU,mobile,1211.6,0,1,0,0,0,1
6001,3476,132.54,Online,4,1,US,mobile,56.1,3,0,0,1,0,1
6106,3593,72.95,Travel,5,2,US,mobile,1194.6,3,0,0,1,0,0
6121,1921,19.06,Travel,1,2,US,mobile,32.0,3,0,0,1,0,1
6290,4308,61.85,Online,15,0,DE,tablet,200.2,0,1,0,0,0,1
6455,2863,24.55,Online,12,3,BR,mobile,42.3,2,1,0,0,0,0
6572,3554,272.17,Travel,19,3,FR,tablet,77.3,1,1,0,0,0,1
6573,1121,68.61,Travel,4,0,US,tablet,144.0,3,0,0,1,0,1
6631,2942,43.59,Online,20,0,JP,mobile,129.0,1,1,0,0,0,0
6730,2258,112.98,Travel,0,4,US,tablet,108.9,5,0,0,1,0,1
6909,1635,90.17,Online,20,4,GB,tablet,135.2,0,1,0,0,0,0
6925,2394,153.52,Food Delivery,20,2,DE,tablet,526.7,1,1,0,0,0,1
6963,2360,35.6,Travel,5,0,US,tablet,311.2,3,0,0,1,0,1
7089,1547,374.54,Online,6,2,CA,mobile,130.1,2,1,0,0,0,0
7254,4540,370.01,Entertainment,8,2,FR,tablet,103.9,2,1,0,0,0,0
7316,2668,62.14,Food Delivery,21,4,GB,mobile,370.1,1,1,0,0,0,0
7386,1369,113.18,Online,4,0,US,mobile,248.4,5,0,0,1,0,0
7421,3865,124.94,Online,9,1,CA,tablet,39.8,2,1,0,0,0,1
7452,4197,29.02,Travel,13,2,CA,desktop,6.8,3,0,0,0,0,1
7487,4218,139.1,Travel,2,0,US,mobile,96.9,3,0,0,1,0,0
7508,4005,51.48,Travel,3,4,US,mobile,53.4,3,0,0,1,0,1
7626,3256,82.58,Entertainment,1,2,US,mobile,185.8,3,0,0,1,0,0
7657,4212,162.47,Travel,5,2,US,mobile,140.1,3,0,0,1,0,1
7703,3025,170.43,Travel,2,3,US,mobile,234.2,3,0,0,1,0,1
7933,2693,703.14,Online,4,3,US,mobile,201.4,4,0,0,1,0,1
7968,1936,146.49,Travel,22,3,DE,tablet,395.7,2,1,0,0,0,0
7988,2294,153.33,Entertainment,21,4,JP,tablet,82.8,2,1,0,0,0,0
8009,2205,115.39,Travel,7,0,GB,tablet,148.4,1,1,0,0,0,1
8199,3051,49.94,Food Delivery,9,0,CA,mobile,173.8,1,1,0,0,0,1
8385,4978,34.38,Travel,20,3,JP,mobile,207.9,1,1,0,0,0,1
8388,4343,192.38,Travel,18,4,CA,mobile,77.5,1,1,0,0,0,1
8654,1235,751.05,Entertainment,14,0,AU,desktop,10.6,4,0,0,0,0,0
8719,3508,27.78,Online,22,1,AU,tablet,48.1,2,1,0,0,0,1
8788,3613,807.02,Travel,15,2,DE,mobile,371.2,1,1,0,0,0,0
9001,2783,24.65,Food Delivery,18,3,GB,desktop,29.7,3,0,0,0,0,0
9263,1606,211.22,Travel,1,1,US,mobile,78.7,4,0,0,1,0,0
9308,1497,43.14,Entertainment,3,3,US,mobile,56.3,3,0,0,1,0,0
9390,2599,130.65,Entertainment,22,0,GB,tablet,33.1,1,1,0,0,0,1
9767,2421,312.88,Online,8,3,AU,mobile,100.9,2,1,0,0,0,1
9823,1876,207.97,Food Delivery,1,0,US,mobile,363.8,4,0,0,1,0,0
9936,2273,359.48,Travel,4,0,US,mobile,123.8,3,0,0,1,0,0
9970,2228,73.54,Travel,15,4,AU,tablet,609.5,1,1,0,0,0,0
10110,4267,62.82,Food Delivery,0,3,US,mobile,135.9,4,0,0,1,0,0
10137,2547,54.04,Travel,23,1,US,mobile,403.0,5,0,0,1,0,0
10236,4066,70.05,Entertainment,16,2,CA,tablet,92.2,0,1,0,0,0,0
10275,1936,204.34,Online,8,2,GB,mobile,116.6,1,1,0,0,0,0
10306,2895,26.18,Travel,9,0,AU,mobile,459.1,1,1,0,0,0,0
10347,4773,83.69,Entertainment,13,3,CA,desktop,28.8,5,0,0,0,0,0
10533,3926,60.36,Travel,2,3,US,mobile,30.5,3,0,0,1,0,1
10548,4438,54.57,Food Delivery,16,4,CA,desktop,1.5,4,0,0,0,0,0
10559,3267,105.03,Entertainment,16,1,GB,mobile,318.0,2,1,0,0,0,0
10590,4049,142.76,Travel,4,2,US,tablet,166.7,3,0,0,1,0,0
10657,4078,36.98,Online,14,2,CA,mobile,35.7,2,1,0,0,0,0
10944,1251,37.94,Food Delivery,5,2,US,mobile,365.8,3,0,0,1,0,0
10987,4353,847.42,Travel,1,4,US,tablet,207.2,3,0,0,1,0,0
11162,3792,83.54,Travel,19,2,GB,mobile,38.1,1,1,0,0,0,1
11277,2961,212.94,Travel,1,0,US,mobile,632.9,3,0,0,1,0,1
11379,1418,139.49,Food Delivery,14,0,FR,desktop,16.7,4,0,0,0,0,0
11640,2640,49.85,Food Delivery,3,3,US,mobile,180.6,5,0,0,1,0,0
11773,2553,131.42,Food Delivery,22,2,GB,tablet,87.7,0,1,0,0,0,1
11797,2790,152.92,Food Delivery,2,3,US,mobile,34.5,3,0,0,1,0,0
11869,1379,87.81,Travel,8,3,FR,mobile,137.3,2,1,0,0,0,0
11982,1432,372.31,Food Delivery,3,2,US,mobile,113.6,3,0,0,1,0,1
11989,4914,60.15,Travel,22,1,BR,desktop,29.1,3,0,0,0,0,1
11998,4444,268.38,Online,4,0,US,mobile,725.3,5,0,0,1,0,1
12097,2269,148.64,Food Delivery,23,3,US,tablet,271.3,3,0,0,1,0,0
12122,3540,219.78,Travel,3,1,US,mobile,38.9,4,0,0,1,0,0
12163,1692,113.55,Travel,12,2,DE,mobile,45.2,2,1,0,0,0,0
12314,2805,115.53,Entertainment,23,1,US,mobile,67.0,4,0,0,1,0,0
12445,2103,248.88,Entertainment,3,3,US,tablet,55.2,4,0,0,1,0,1
12476,3674,11.69,Food Delivery,12,2,FR,mobile,391.2,1,1,0,0,0,0
12542,2845,63.21,Entertainment,23,1,US,tablet,470.8,4,0,0,1,0,0
12985,2328,235.14,Entertainment,7,1,CA,tablet,108.1,0,1,0,0,0,1
12990,4391,52.38,Online,16,2,CA,desktop,4.3,3,0,0,0,0,0
13010,4091,22.98,Travel,7,2,DE,mobile,110.8,0,1,0,0,0,0
13088,3071,365.23,Entertainment,6,2,FR,tablet,155.3,2,1,0,0,0,0
13285,3376,244.46,Travel,23,0,US,mobile,114.1,3,0,0,1,0,1
13488,1033,269.25,Travel,6,1,DE,mobile,53.2,2,1,0,0,0,1
13576,3877,101.74,Food Delivery,3,0,US,tablet,34.7,3,0,0,1,0,0
13880,2083,27.51,Travel,19,2,JP,mobile,558.2,2,1,0,0,0,1
13922,2427,86.44,Entertainment,15,0,FR,mobile,101.7,0,1,0,0,0,1
14799,1792,30.74,Travel,16,4,DE,mobile,658.9,1,1,0,0,0,1
14868,1536,333.39,Online,11,2,GB,mobile,58.5,0,1,0,0,0,0
14890,1193,34.32,Entertainment,19,0,DE,mobile,397.9,2,1,0,0,0,1
14894,3569,12.37,Entertainment,21,3,GB,mobile,82.1,0,1,0,0,0,0
14964,4665,52.71,Food Delivery,1,1,US,mobile,371.3,3,0,0,1,0,0
15057,3862,128.47,Food Delivery,9,3,CA,tablet,91.9,1,1,0,0,0,1
15066,2565,108.47,Travel,15,3,GB,tablet,138.4,2,1,0,0,0,1
15087,2012,205.45,Travel,12,3,GB,mobile,347.4,0,1,0,0,0,0
15413,1779,107.97,Travel,15,1,GB,tablet,36.5,1,1,0,0,0,0
15435,1893,153.03,Travel,3,0,US,mobile,74.7,3,0,0,1,0,1
15637,2458,82.9,Online,1,0,US,mobile,118.1,4,0,0,1,0,1
15959,2567,31.82,Online,10,1,CA,desktop,5.2,3,0,0,0,0,0
15980,4429,30.83,Travel,12,4,BR,tablet,197.6,1,1,0,0,0,0
16090,4724,64.5,Travel,22,4,GB,mobile,323.1,0,1,0,0,0,0
16113,1136,145.21,Travel,17,2,GB,mobile,260.5,2,1,0,0,0,1
16146,1908,109.04,Travel,4,2,US,mobile,318.0,4,0,0,1,0,0
16177,3304,21.13,Travel,21,0,CA,desktop,9.5,4,0,0,0,0,0
16229,4717,193.52,Online,21,1,JP,mobile,156.1,2,1,0,0,0,1
16321,3726,520.41,Food Delivery,6,2,BR,mobile,36.6,1,1,0,0,0,1
16326,1930,159.47,Food Delivery,1,1,US,mobile,331.8,3,0,0,1,0,0
16345,1934,183.67,Travel,23,1,US,mobile,116.6,4,0,0,1,0,0
16467,2220,58.93,Food Delivery,4,3,US,mobile,88.8,3,0,0,1,0,0
16509,1277,205.93,Travel,22,0,GB,mobile,208.1,1,1,0,0,0,0
16662,1767,494.16,Food Delivery,10,4,DE,mobile,467.5,1,1,0,0,0,1
16680,3934,268.16,Online,12,1,FR,mobile,273.3,2,1,0,0,0,1
16731,4582,49.14,Online,2,1,US,mobile,159.4,6,0,0,1,0,0
16978,4196,61.37,Food Delivery,8,2,FR,mobile,174.9,0,1,0,0,0,0
16986,2616,83.64,Online,21,0,AU,mobile,65.3,1,1,0,0,0,0
17025,4116,57.53,Travel,7,3,NG,mobile,339.6,2,1,0,0,0,0
17030,2576,23.07,Entertainment,2,2,US,tablet,244.0,3,0,0,1,0,0
17179,4851,153.62,Travel,18,4,CA,mobile,143.6,0,1,0,0,0,0
17352,3915,415.83,Food Delivery,21,2,JP,mobile,275.9,0,1,0,0,0,1
17762,3887,35.17,Food Delivery,10,4,JP,mobile,147.1,2,1,0,0,0,0
17791,3095,119.48,Online,11,3,GB,mobile,90.6,2,1,0,0,0,1
17895,4618,144.15,Entertainment,16,1,DE,tablet,564.3,2,1,0,0,0,0
18026,4558,135.48,Online,7,1,GB,mobile,454.3,2,1,0,0,0,1
18094,2059,292.1,Entertainment,12,3,BR,tablet,168.3,1,1,0,0,0,0
18171,1055,168.03,Food Delivery,21,1,CA,tablet,73.9,0,1,0,0,0,0
18255,2419,49.22,Entertainment,7,0,FR,mobile,127.2,2,1,0,0,0,1
18266,2679,57.84,Food Delivery,17,3,DE,mobile,97.9,2,1,0,0,0,1
18427,2725,47.36,Online,6,3,JP,tablet,235.7,0,1,0,0,0,1
18442,4910,57.6,Food Delivery,0,1,US,mobile,142.1,3,0,0,1,0,0
18499,1681,57.51,Food Delivery,17,2,DE,mobile,428.2,1,1,0,0,0,0
18527,1875,168.36,Travel,3,1,US,mobile,45.4,3,0,0,1,0,0
18646,1542,132.52,Entertainment,2,1,US,mobile,81.2,4,0,0,1,0,0
18764,2675,75.65,Food Delivery,2,2,US,mobile,142.4,3,0,0,1,0,0
18842,1220,863.96,Entertainment,5,4,US,mobile,86.2,3,0,0,1,0,0
18906,4204,187.74,Entertainment,3,1,US,mobile,72.6,4,0,0,1,0,1
18995,3443,159.75,Travel,1,4,US,mobile,582.9,3,0,0,1,0,1
19137,2283,206.11,Entertainment,20,2,GB,tablet,101.6,1,1,0,0,0,0
19312,4279,126.17,Food Delivery,13,3,DE,mobile,188.9,2,1,0,0,0,0
19348,3137,191.63,Travel,7,1,FR,desktop,8.2,3,0,0,0,0,1
19355,1992,128.45,Entertainment,12,4,AU,tablet,378.6,1,1,0,0,0,1
19423,3004,116.96,Travel,15,4,NG,desktop,20.6,3,0,0,0,0,1
19444,4952,39.94,Food Delivery,7,1,NG,mobile,698.8,1,1,0,0,0,1
19812,3834,156.44,Online,9,1,CA,tablet,77.8,1,1,0,0,0,1
708,3289,23.98,Grocery,18,3,GB,tablet,59.6,4,1,0,0,0,1
1214,4467,75.13,Grocery,16,0,JP,tablet,192.3,3,1,0,0,0,1
2644,2863,32.14,Retail,6,0,FR,mobile,189.1,6,1,0,0,0,1
2945,4288,908.75,Retail,1,3,CA,tablet,103.9,2,0,0,1,0,0
3800,1219,104.36,Grocery,12,1,DE,tablet,81.5,4,1,0,0,0,1
4773,1709,45.56,Retail,21,3,AU,mobile,35.4,3,1,0,0,0,1
5076,2509,69.44,Retail,15,4,DE,mobile,169.4,3,1,0,0,0,1
5218,3664,355.15,Grocery,9,0,BR,tablet,178.1,3,1,0,0,0,1
5305,1936,103.94,Grocery,3,6,US,desktop,167.7,3,1,1,1,0,1
5483,2207,115.33,Retail,15,1,CA,mobile,138.2,3,1,0,0,0,0
5883,4333,22.89,Grocery,0,6,US,desktop,85.4,3,1,1,1,0,0
6117,4375,109.13,Grocery,20,3,CA,mobile,267.6,3,1,0,0,0,1
6162,1887,1146.84,Retail,23,3,CA,mobile,54.5,1,0,0,1,0,0
6221,2125,524.65,Grocery,7,0,GB,mobile,240.8,3,1,0,0,0,1
7436,4207,134.5,Grocery,20,1,CA,mobile,108.4,3,1,0,0,0,1
7506,2802,31.66,Retail,8,2,GB,mobile,64.8,3,1,0,0,0,0
7786,3063,232.61,Retail,12,2,JP,mobile,40.2,3,1,0,0,0,0
8354,3447,519.37,Grocery,22,2,FR,tablet,36.6,5,1,0,0,0,0
8369,2958,66.48,Retail,11,4,GB,mobile,213.5,3,1,0,0,0,1
8575,4989,296.01,Grocery,22,3,CA,mobile,187.4,4,1,0,0,0,1
8625,1930,55.52,Food Delivery,7,5,US,desktop,1.0,1,1,1,0,1,0
8890,1438,28.26,Health,1,5,US,desktop,34.4,3,1,1,1,0,1
9000,4082,104.36,Grocery,22,4,CA,mobile,100.1,3,1,0,0,0,0
9125,1038,40.81,Grocery,17,2,CA,tablet,119.9,4,1,0,0,0,0
9234,1544,436.88,Retail,7,0,GB,mobile,695.8,5,1,0,0,0,1
9332,2634,761.18,Grocery,22,1,GB,tablet,140.9,3,1,0,0,0,0
9942,3506,12.49,Retail,19,1,CA,mobile,55.8,4,1,0,0,0,0
10550,2527,24.2,Online,5,3,US,desktop,102.0,2,1,0,1,1,0
10668,1643,1109.23,Grocery,0,3,GB,tablet,177.9,1,0,0,1,0,1
11316,4197,98.99,Utilities,12,0,CA,tablet,39.6,3,1,0,0,0,0
11337,2408,114.31,Food Delivery,2,0,US,desktop,50.5,2,1,0,1,1,0
11642,3783,79.04,Retail,8,0,FR,mobile,433.7,4,1,0,0,0,0
11709,2705,95.18,Food Delivery,0,3,US,desktop,118.8,1,1,0,1,1,0
12217,1172,85.17,Retail,19,0,CA,mobile,141.8,4,1,0,0,0,1
12221,3466,151.14,Retail,22,3,GB,mobile,112.1,3,1,0,0,0,0
12593,2264,81.08,Utilities,20,4,DE,tablet,122.3,3,1,0,0,0,0
12938,4815,41.09,Retail,5,6,US,desktop,512.5,3,1,1,1,0,0
13131,4725,993.96,Grocery,3,2,GB,tablet,63.6,0,0,0,1,0,1
14402,2497,83.85,Entertainment,4,2,US,desktop,150.0,1,1,0,1,1,1
15157,3857,172.9,Grocery,4,6,US,desktop,71.2,3,1,1,1,0,0
15883,3915,277.01,Retail,22,2,CA,tablet,139.7,3,1,0,0,0,1
15931,1571,51.34,Retail,18,3,BR,mobile,36.6,3,1,0,0,0,1
15974,4779,965.28,Grocery,3,3,GB,tablet,76.7,1,0,0,1,0,0
17782,4134,1065.25,Retail,0,3,CA,mobile,147.6,1,0,0,1,0,1
17839,4604,59.87,Grocery,18,4,BR,mobile,369.9,3,1,0,0,0,0
18959,4944,114.82,Utilities,14,4,GB,mobile,437.1,3,1,0,0,0,1
19959,4163,53.01,Online,0,3,US,desktop,395.5,1,1,0,1,1,0
338,2268,105.81,Food Delivery,9,3,US,mobile,5.2,4,0,0,0,1,0
390,1613,80.27,Utilities,3,6,JP,desktop,12.3,3,0,1,1,0,1
1084,3223,83.61,Retail,2,6,AU,mobile,35.9,1,1,1,1,0,0
2092,2306,16.56,Grocery,2,5,BR,desktop,9.8,4,0,1,1,0,0
2588,2282,105.12,Food Delivery,15,3,US,mobile,6.7,3,0,0,0,1,0
3014,3946,1078.61,Grocery,18,5,AU,mobile,13.6,2,0,1,0,0,0
3978,4949,311.29,Grocery,4,5,GB,mobile,346.4,1,1,1,1,0,0
4043,4038,67.43,Retail,3,6,JP,mobile,150.7,1,1,1,1,0,0
4214,3854,116.59,Grocery,4,5,CA,tablet,77.2,0,1,1,1,0,0
4501,3771,132.79,Retail,5,5,JP,mobile,44.3,2,1,1,1,0,1
4795,2585,62.61,Grocery,1,5,AU,mobile,306.3,1,1,1,1,0,1
5373,2440,91.08,Retail,23,5,AU,mobile,64.6,2,1,1,1,0,1
7140,2227,71.38,Grocery,0,5,JP,mobile,157.7,1,1,1,1,0,0
7165,3505,124.62,Online,20,5,GB,desktop,128.9,3,0,1,0,1,0
7183,1242,420.56,Online,14,3,US,mobile,3.8,3,0,0,0,1,0
7315,4555,103.26,Travel,13,3,US,mobile,2.4,4,0,0,0,1,1
7407,4948,21.38,Entertainment,16,5,DE,desktop,34.4,3,0,1,0,1,1
8330,3555,32.32,Retail,3,6,GB,mobile,482.9,2,1,1,1,0,0
8460,2023,108.22,Retail,1,6,CA,mobile,337.2,0,1,1,1,0,1
8500,4200,43.31,Utilities,5,6,CA,mobile,324.0,1,1,1,1,0,1
8601,4280,266.59,Retail,5,5,JP,mobile,525.5,1,1,1,1,0,0
8835,4753,186.38,Retail,4,5,GB,tablet,338.3,2,1,1,1,0,1
8876,1945,41.15,Retail,1,5,NG,desktop,6.6,4,0,1,1,0,0
9433,4400,47.61,Retail,3,5,JP,mobile,210.0,2,1,1,1,0,1
10337,1997,958.1,Grocery,18,6,US,mobile,276.9,2,1,1,0,0,0
10827,3374,53.56,Food Delivery,16,6,CA,desktop,58.6,3,0,1,0,1,1
11366,1693,34.86,Online,9,6,JP,desktop,660.7,3,0,1,0,1,0
11545,4367,59.39,Travel,13,6,CA,desktop,204.9,3,0,1,0,1,0
11554,3831,712.8,Grocery,23,5,JP,desktop,5.9,3,0,1,1,0,0
13661,4002,1774.63,Grocery,18,6,BR,mobile,1.9,0,0,1,0,0,0
14335,3632,351.85,Food Delivery,7,5,GB,desktop,249.0,3,0,1,0,1,0
14664,4542,32.42,Retail,3,6,DE,mobile,291.4,1,1,1,1,0,0
14851,2958,120.62,Travel,5,3,CA,desktop,28.8,1,0,0,1,1,1
15253,1670,166.04,Entertainment,20,4,US,tablet,10.7,3,0,0,0,1,1
15943,1833,220.72,Grocery,23,5,CA,mobile,381.2,0,1,1,1,0,1
17032,3248,5.9,Retail,0,6,CA,desktop,14.0,3,0,1,1,0,1
17294,3739,144.13,Utilities,5,6,GB,desktop,5.2,3,0,1,1,0,1
19065,2991,38.02,Grocery,23,6,DE,mobile,158.6,2,1,1,1,0,1
19304,4203,76.97,Grocery,3,6,NG,mobile,39.3,2,1,1,1,0,1
19470,1307,183.81,Online,15,2,US,mobile,20.7,4,0,0,0,1,1
19625,3700,697.5,Retail,1,6,CA,mobile,42.5,0,1,1,1,0,1
189,1955,1055.19,Travel,11,5,DE,desktop,69.8,1,0,1,0,0,0
273,1605,419.75,Online,5,0,GB,tablet,15.3,1,0,0,1,0,0
371,2342,115.37,Food Delivery,6,5,CA,tablet,84.9,4,0,1,0,0,0
376,1377,100.26,Food Delivery,2,4,CA,mobile,4.3,0,0,0,1,0,0
410,1055,136.84,Online,2,4,US,mobile,144.8,0,1,0,1,0,0
420,3025,83.21,Online,19,5,GB,tablet,511.0,4,0,1,0,0,1
529,4661,28.94,Travel,15,6,FR,tablet,106.6,4,0,1,0,0,0
591,4202,456.16,Entertainment,6,6,DE,mobile,285.2,3,0,1,0,0,0
595,2282,104.14,Online,19,5,BR,tablet,59.5,5,0,1,0,0,1
742,4050,52.13,Online,5,0,GB,mobile,8.7,1,0,0,1,0,1
777,2695,33.11,Travel,18,6,CA,mobile,124.0,4,0,1,0,0,1
784,1487,118.58,Travel,4,3,US,mobile,495.3,2,1,0,1,0,0
824,3600,326.18,Travel,3,1,US,desktop,24.9,3,0,0,1,0,0
905,2835,182.18,Grocery,1,3,CA,mobile,43.3,2,1,0,1,1,0
925,1993,410.45,Entertainment,1,2,FR,mobile,11.3,1,0,0,1,0,0
997,3105,55.36,Travel,11,6,JP,mobile,99.9,3,0,1,0,0,1
1030,2336,32.0,Food Delivery,0,2,US,desktop,3.0,4,0,0,1,0,0
1090,1566,28.81,Health,2,2,DE,desktop,23.5,5,0,0,1,1,0
1250,4911,279.51,Food Delivery,16,5,CA,mobile,102.5,3,0,1,0,0,0
1352,2569,36.61,Travel,4,1,US,mobile,63.1,1,1,0,1,0,1
1568,3413,33.79,Online,3,1,US,desktop,20.5,3,0,0,1,0,1
1589,4447,54.04,Travel,2,2,US,desktop,27.4,3,0,0,1,0,1
1699,2438,11.63,Food Delivery,2,0,US,tablet,232.4,1,1,0,1,0,0
1798,1743,108.7,Utilities,3,4,CA,desktop,3.8,3,0,0,1,1,0
1911,1297,229.66,Entertainment,0,0,US,tablet,252.0,0,1,0,1,0,0
1951,4661,118.94,Travel,7,5,JP,mobile,50.8,3,0,1,0,0,0
2042,4569,1155.99,Food Delivery,9,0,US,mobile,5.1,1,0,0,0,0,0
2096,4112,164.98,Online,15,1,GB,desktop,27.2,0,1,0,0,0,0
2346,2029,119.57,Online,3,0,US,mobile,85.5,0,1,0,1,0,1
2363,4847,58.24,Travel,19,6,AU,mobile,340.5,3,0,1,0,0,1
2426,3244,846.85,Food Delivery,1,2,US,mobile,228.8,1,1,0,1,0,1
2431,1529,19.94,Online,0,2,CA,mobile,6.6,0,0,0,1,0,0
2608,2029,232.23,Food Delivery,0,3,CA,mobile,16.0,0,0,0,1,0,1
2676,3377,23.78,Retail,2,0,GB,tablet,194.0,2,1,0,1,1,0
2832,4183,501.6,Food Delivery,1,3,US,mobile,100.4,1,1,0,1,0,0
3011,2477,273.96,Food Delivery,3,1,US,tablet,130.0,1,1,0,1,0,0
3131,2435,74.78,Entertainment,17,5,AU,mobile,62.7,3,0,1,0,0,1
3165,1512,27.22,Food Delivery,10,6,AU,mobile,269.4,4,0,1,0,0,0
3505,1069,1139.68,Online,16,5,DE,desktop,216.8,0,0,1,0,0,0
3526,1847,590.24,Entertainment,23,1,FR,mobile,24.6,1,0,0,1,0,1
3642,4711,236.3,Entertainment,0,4,US,mobile,291.2,0,1,0,1,0,0
3767,3714,245.31,Travel,3,3,FR,tablet,5.9,0,0,0,1,0,0
4006,4811,48.15,Online,17,4,CA,desktop,8.1,0,1,0,0,0,1
4037,3741,68.7,Food Delivery,3,0,FR,mobile,15.9,0,0,0,1,0,1
4056,2511,8.31,Online,3,1,FR,tablet,27.7,0,0,0,1,0,1
4084,4150,130.65,Entertainment,22,2,CA,desktop,23.3,1,1,0,0,0,1
4122,4781,66.6,Food Delivery,11,6,JP,tablet,213.0,5,0,1,0,0,0
4339,3961,134.05,Travel,23,0,US,tablet,246.7,1,1,0,1,0,0
4423,4055,316.13,Grocery,3,5,US,tablet,8.0,3,0,1,1,1,0
4454,3821,7.3,Travel,17,6,CA,mobile,365.7,3,0,1,0,0,0
4471,2608,47.35,Travel,2,3,US,tablet,566.0,1,1,0,1,0,0
4843,1393,248.55,Online,23,2,US,desktop,6.5,3,0,0,1,0,0
5296,4194,197.03,Food Delivery,20,5,US,tablet,7.3,0,1,1,0,0,0
5310,2811,19.33,Online,3,2,AU,mobile,9.0,2,0,0,1,0,1
5354,2888,172.27,Travel,8,5,DE,tablet,295.1,3,0,1,0,0,0
5530,1289,9.83,Entertainment,23,4,CA,tablet,29.0,0,0,0,1,0,1
5545,1875,68.61,Utilities,4,3,BR,tablet,63.6,1,1,0,1,1,0
5561,2903,91.57,Food Delivery,3,3,US,mobile,253.2,1,1,0,1,0,1
5946,1512,94.67,Online,0,3,CA,mobile,13.0,1,0,0,1,0,0
6008,3982,38.44,Food Delivery,5,1,US,mobile,231.8,1,1,0,1,0,1
6133,4655,79.53,Food Delivery,5,0,US,desktop,16.8,4,0,0,1,0,1
6204,1781,118.73,Food Delivery,0,0,GB,tablet,17.4,0,0,0,1,0,0
6399,3275,159.86,Entertainment,3,2,GB,mobile,18.7,2,0,0,1,0,1
6735,2316,79.42,Entertainment,20,2,CA,desktop,8.4,0,1,0,0,0,0
6773,4861,309.05,Online,21,5,CA,mobile,138.9,4,0,1,0,0,1
6774,3195,65.89,Travel,21,3,FR,desktop,29.4,0,1,0,0,0,1
6846,3636,13.15,Entertainment,22,5,GB,mobile,39.4,3,0,1,0,0,0
6852,3114,70.15,Food Delivery,0,1,US,mobile,558.1,2,1,0,1,0,0
6974,3705,390.03,Online,4,2,AU,mobile,13.9,0,0,0,1,0,0
7154,4280,68.95,Entertainment,6,5,US,mobile,7.8,1,1,1,0,0,0
7270,3356,73.92,Entertainment,21,6,GB,mobile,180.5,4,0,1,0,0,1
7371,4044,106.74,Travel,11,4,CA,desktop,26.8,2,1,0,0,0,1
7653,2144,103.2,Travel,5,4,US,mobile,53.3,0,1,0,1,0,0
7746,1446,127.96,Travel,13,0,AU,desktop,11.4,2,1,0,0,0,1
7772,1157,51.8,Online,2,4,US,desktop,1.0,3,0,0,1,0,0
7853,1995,33.33,Travel,17,5,US,tablet,19.0,2,1,1,0,0,1
7941,3516,50.48,Entertainment,4,2,US,mobile,55.2,1,1,0,1,0,0
7964,2764,39.39,Travel,5,4,CA,mobile,6.2,2,0,0,1,0,1
7990,1950,29.93,Travel,0,4,FR,mobile,28.4,1,0,0,1,0,1
8220,3074,42.46,Online,17,6,FR,mobile,225.9,4,0,1,0,0,1
8241,3806,133.87,Travel,19,6,CA,mobile,120.0,3,0,1,0,0,0
8512,1282,24.23,Travel,21,6,JP,mobile,107.2,3,0,1,0,0,1
8674,1072,87.74,Travel,4,4,US,tablet,58.5,2,1,0,1,0,1
8739,3863,85.6,Online,3,2,JP,tablet,9.8,2,0,0,1,0,0
8755,3921,90.01,Travel,8,0,AU,desktop,2.0,1,1,0,0,0,1
8803,4115,83.46,Online,14,6,DE,tablet,141.4,3,0,1,0,0,1
8863,4218,32.17,Food Delivery,23,2,US,mobile,243.2,1,1,0,1,0,1
9063,3558,104.51,Online,5,0,GB,mobile,17.3,0,0,0,1,0,1
9066,3615,87.92,Travel,23,3,US,tablet,109.2,2,1,0,1,0,1
9456,2037,32.21,Online,4,2,US,mobile,155.5,1,1,0,1,0,1
9878,3526,38.39,Online,0,4,US,mobile,30.1,2,1,0,1,0,0
9898,3622,38.96,Online,7,5,US,tablet,22.7,0,1,1,0,0,0
9975,3215,68.74,Travel,22,2,AU,desktop,6.0,1,1,0,0,0,0
10021,1811,92.04,Travel,0,2,BR,mobile,1.0,0,0,0,1,0,0
10121,3234,44.8,Online,0,1,AU,mobile,19.1,2,0,0,1,0,0
10199,4896,108.4,Online,0,2,US,mobile,107.6,2,1,0,1,0,0
10458,1771,17.1,Grocery,4,3,DE,tablet,86.1,0,1,0,1,1,0
10538,4667,45.08,Entertainment,2,3,US,mobile,280.5,2,1,0,1,0,1
10619,4830,11.81,Travel,5,4,US,mobile,104.6,0,1,0,1,0,1
10759,3345,57.3,Food Delivery,7,5,US,mobile,8.3,2,1,1,0,0,1
10823,1438,23.53,Travel,23,2,CA,tablet,1.8,1,0,0,1,0,1
10838,1591,53.98,Health,4,1,NG,desktop,15.1,3,0,0,1,1,0
11131,4022,162.24,Travel,3,2,CA,mobile,27.5,2,0,0,1,0,1
11223,2809,20.59,Entertainment,11,6,CA,mobile,85.4,3,0,1,0,0,1
11432,1793,146.52,Entertainment,7,6,CA,mobile,36.7,3,0,1,0,0,1
11767,3849,7.89,Travel,22,3,DE,desktop,22.6,0,1,0,0,0,0
11852,1677,41.21,Grocery,0,1,AU,mobile,81.7,2,1,0,1,1,1
11904,2822,31.41,Grocery,2,5,US,tablet,3.2,5,0,1,1,1,1
11923,1318,39.45,Travel,1,0,US,mobile,74.4,0,1,0,1,0,1
12020,4428,32.45,Online,10,5,US,mobile,16.1,1,1,1,0,0,1
12205,3189,81.58,Entertainment,23,4,US,tablet,47.3,1,1,0,1,0,1
12268,2053,283.72,Entertainment,7,6,BR,mobile,261.5,3,0,1,0,0,0
12416,2159,116.41,Food Delivery,5,0,BR,tablet,17.8,0,0,0,1,0,1
12647,2112,21.61,Food Delivery,0,2,US,tablet,186.0,1,1,0,1,0,0
12743,2115,96.84,Travel,23,0,JP,tablet,10.1,0,0,0,1,0,0
12841,1472,376.52,Food Delivery,2,3,DE,mobile,29.4,1,0,0,1,0,1
12849,2038,100.15,Grocery,4,1,CA,mobile,39.2,2,1,0,1,1,1
12852,1090,19.57,Food Delivery,23,0,US,mobile,403.4,1,1,0,1,0,0
13022,4145,80.55,Travel,2,4,US,mobile,125.7,2,1,0,1,0,1
13155,4756,80.9,Travel,3,2,US,mobile,103.9,0,1,0,1,0,0
13258,1806,222.01,Entertainment,1,3,US,desktop,1.0,3,0,0,1,0,1
13615,1351,72.65,Travel,16,6,CA,tablet,76.7,3,0,1,0,0,1
13634,3536,14.42,Travel,7,6,AU,mobile,354.1,3,0,1,0,0,1
13638,1494,315.42,Food Delivery,2,2,US,mobile,93.8,1,1,0,1,0,1
13688,2357,552.71,Food Delivery,20,5,US,tablet,9.8,2,1,1,0,0,1
13746,2751,98.45,Food Delivery,23,0,BR,mobile,11.7,1,0,0,1,0,1
13815,4328,58.03,Retail,23,0,AU,mobile,230.8,0,1,0,1,1,1
14113,2266,31.78,Food Delivery,3,3,AU,tablet,1.0,1,0,0,1,0,0
14114,4426,51.77,Travel,2,3,US,mobile,294.2,1,1,0,1,0,1
14130,2507,47.8,Health,3,4,FR,mobile,189.3,1,1,0,1,1,0
14253,4507,81.4,Travel,0,4,US,desktop,7.9,3,0,0,1,0,1
14373,4981,116.18,Food Delivery,3,3,GB,mobile,3.2,2,0,0,1,0,0
14517,4588,283.78,Travel,1,3,US,mobile,195.8,1,1,0,1,0,0
14558,3448,58.85,Online,3,4,US,mobile,38.0,0,1,0,1,0,0
14567,4080,60.74,Online,14,5,CA,mobile,164.7,3,0,1,0,0,0
14653,1666,154.37,Entertainment,8,5,JP,mobile,339.9,3,0,1,0,0,1
14756,4828,415.72,Food Delivery,5,1,GB,mobile,17.6,2,0,0,1,0,1
14860,4715,14.42,Online,23,4,FR,tablet,23.0,1,0,0,1,0,0
14919,2420,30.74,Entertainment,13,5,FR,mobile,236.3,3,0,1,0,0,0
15193,3657,76.58,Online,9,6,DE,mobile,284.7,3,0,1,0,0,1
15286,2308,28.65,Travel,1,0,CA,mobile,14.6,1,0,0,1,0,0
15330,1581,197.71,Online,13,3,FR,desktop,24.8,2,1,0,0,0,0
15404,3112,1244.47,Online,18,5,CA,desktop,203.9,2,0,1,0,0,0
15408,3569,32.64,Travel,18,5,AU,tablet,767.3,3,0,1,0,0,1
15465,1599,54.17,Online,22,5,AU,mobile,269.3,3,0,1,0,0,0
15576,4386,96.72,Entertainment,23,0,CA,tablet,28.3,0,0,0,1,0,1
15710,2045,23.49,Entertainment,2,0,US,tablet,237.9,0,1,0,1,0,0
15970,4073,47.45,Entertainment,17,2,GB,desktop,5.3,2,1,0,0,0,1
16016,4261,81.14,Online,15,5,DE,mobile,129.3,3,0,1,0,0,0
16025,1344,39.7,Entertainment,21,2,AU,desktop,9.3,2,1,0,0,0,0
16235,4191,79.87,Food Delivery,0,4,US,mobile,382.4,1,1,0,1,0,0
16528,4758,93.32,Travel,1,4,US,tablet,38.4,0,1,0,1,0,0
16584,4796,149.73,Entertainment,23,3,US,mobile,177.6,1,1,0,1,0,1
16876,4194,31.14,Travel,6,5,US,mobile,7.9,2,1,1,0,0,1
16972,4352,438.93,Food Delivery,19,5,JP,mobile,34.6,3,0,1,0,0,0
17132,2471,65.02,Travel,19,5,AU,tablet,251.4,3,0,1,0,0,1
17184,1174,118.34,Food Delivery,3,3,US,mobile,113.6,2,1,0,1,0,0
17488,3897,349.02,Entertainment,23,2,US,mobile,85.8,1,1,0,1,0,0
17563,2604,94.55,Travel,0,2,US,mobile,142.6,2,1,0,1,0,1
17609,2575,52.07,Online,19,6,JP,mobile,120.2,6,0,1,0,0,0
17630,4795,77.4,Travel,4,3,GB,mobile,1.3,0,0,0,1,0,0
17874,1871,151.64,Food Delivery,2,1,BR,mobile,24.1,0,0,0,1,0,1
18396,1981,258.74,Online,0,3,US,desktop,4.2,3,0,0,1,0,0
18489,4852,105.04,Entertainment,5,2,CA,mobile,25.4,2,0,0,1,0,1
19032,4731,67.38,Entertainment,1,4,US,tablet,39.3,1,1,0,1,0,1
19034,4538,347.04,Entertainment,22,5,CA,mobile,83.0,3,0,1,0,0,0
19046,1127,107.86,Travel,0,1,DE,mobile,9.1,1,0,0,1,0,0
19148,3872,405.18,Travel,5,2,US,tablet,146.6,2,1,0,1,0,1
19316,1192,105.8,Travel,0,2,US,mobile,53.7,2,1,0,1,0,1
19378,1381,218.6,Online,4,4,US,mobile,87.5,1,1,0,1,0,0
19398,1612,290.46,Grocery,2,0,CA,mobile,98.6,2,1,0,1,1,0
19563,4024,86.22,Online,3,3,DE,tablet,18.4,1,0,0,1,0,0
19796,4186,245.7,Travel,8,5,AU,tablet,167.5,5,0,1,0,0,0
19879,2517,238.52,Travel,18,3,CA,desktop,2.4,2,1,0,0,0,1
19925,3228,88.0,Online,9,6,GB,tablet,659.0,3,0,1,0,0,0
5711,2094,34.29,Grocery,9,2,CA,desktop,8.1,3,1,0,0,0,1
10937,4735,101.75,Grocery,10,1,CA,desktop,17.6,3,1,0,0,0,1
11872,3210,146.85,Retail,13,0,AU,desktop,15.4,3,1,0,0,0,1
14137,2402,115.8,Grocery,14,2,NG,desktop,7.7,3,1,0,0,0,1
16109,4074,1094.25,Grocery,1,2,CA,desktop,8.3,2,0,0,1,0,1
209,2054,46.01,Food Delivery,9,1,CA,mobile,70.7,3,0,0,0,1,0
272,1091,315.03,Travel,8,3,GB,mobile,388.6,3,0,0,0,1,1
676,3902,40.79,Retail,11,5,US,mobile,22.5,6,1,1,0,0,0
985,3348,25.82,Food Delivery,23,5,AU,mobile,72.0,0,0,1,1,1,1
1191,2662,96.48,Food Delivery,7,1,CA,mobile,114.7,3,0,0,0,1,1
1246,4942,426.06,Retail,1,3,US,mobile,218.5,3,1,0,1,0,0
1419,4443,51.23,Online,13,2,US,mobile,26.3,1,1,0,0,1,0
1658,4495,37.3,Grocery,23,2,US,mobile,35.8,3,1,0,1,0,1
1682,1049,719.11,Travel,12,1,FR,mobile,334.0,3,0,0,0,1,0
2423,1415,137.3,Online,3,6,CA,mobile,760.1,2,0,1,1,1,1
2790,4338,137.89,Grocery,4,1,US,tablet,158.7,4,1,0,1,0,1
2809,4165,68.59,Grocery,3,3,DE,mobile,11.9,3,0,0,1,0,1
3213,2368,63.84,Grocery,5,4,FR,mobile,29.3,4,0,0,1,0,1
3383,4844,437.36,Entertainment,1,6,AU,mobile,334.8,1,0,1,1,1,0
3466,3998,156.01,Online,1,5,US,desktop,207.5,3,0,1,1,1,0
4088,4716,148.03,Utilities,2,3,GB,mobile,1.0,3,0,0,1,0,1
4203,2375,446.84,Grocery,3,4,US,mobile,46.5,3,1,0,1,0,1
4449,3204,79.58,Utilities,5,0,US,mobile,485.3,4,1,0,1,0,0
4457,3364,1029.05,Retail,5,2,US,desktop,37.1,2,1,0,1,0,0
4614,3086,42.95,Travel,4,5,CA,tablet,71.3,0,0,1,1,1,1
4757,3297,56.93,Grocery,5,4,AU,mobile,7.8,3,0,0,1,0,0
4771,2181,34.22,Food Delivery,15,1,BR,tablet,412.2,3,0,0,0,1,1
5044,3253,19.71,Online,11,0,DE,mobile,101.7,5,0,0,0,1,0
5090,3110,124.29,Online,1,5,US,desktop,299.3,5,0,1,1,1,1
5209,2962,41.17,Utilities,3,2,US,mobile,277.2,3,1,0,1,0,1
5797,4473,96.79,Travel,4,5,CA,mobile,250.3,0,0,1,1,1,0
6459,2384,395.27,Entertainment,13,1,AU,mobile,31.7,3,0,0,0,1,0
6903,4250,62.85,Health,2,0,GB,mobile,22.8,3,0,0,1,0,0
6990,1516,940.03,Retail,14,2,US,mobile,9.2,3,0,0,0,0,0
7548,4271,92.44,Retail,4,2,US,mobile,105.7,4,1,0,1,0,0
7612,1629,23.0,Travel,15,5,GB,desktop,519.9,1,1,1,0,1,0
7985,3879,240.7,Travel,17,2,CA,tablet,101.0,4,0,0,0,1,1
8372,4227,196.84,Retail,3,2,US,mobile,270.0,4,1,0,1,0,1
8770,4368,118.24,Entertainment,10,1,GB,mobile,170.9,3,0,0,0,1,1
9714,2852,170.61,Online,1,6,FR,mobile,156.5,2,0,1,1,1,0
9934,2481,174.42,Entertainment,14,3,GB,mobile,251.7,3,0,0,0,1,0
10047,2871,48.14,Online,18,5,BR,desktop,182.6,2,1,1,0,1,0
10758,1865,33.61,Online,19,3,GB,mobile,208.4,5,0,0,0,1,1
10914,1712,50.81,Food Delivery,7,4,CA,mobile,248.9,4,0,0,0,1,0
11368,3336,1007.92,Entertainment,21,1,JP,desktop,389.5,1,0,0,0,1,1
11589,4590,72.55,Travel,23,6,FR,tablet,186.1,1,0,1,1,1,1
11918,3672,124.25,Entertainment,19,6,BR,desktop,122.1,1,1,1,0,1,1
11961,4626,20.97,Travel,3,6,AU,tablet,173.6,2,0,1,1,1,1
12200,1558,20.54,Utilities,3,3,US,mobile,296.4,4,1,0,1,0,0
12243,3000,13.92,Grocery,2,6,GB,desktop,11.4,2,1,1,1,0,1
12257,4792,86.52,Travel,4,6,DE,mobile,391.5,1,0,1,1,1,1
12696,3908,31.29,Entertainment,23,6,BR,tablet,348.5,1,0,1,1,1,0
12710,2094,58.56,Food Delivery,2,5,AU,tablet,46.6,1,0,1,1,1,1
12806,1009,7.55,Grocery,23,5,CA,desktop,22.4,2,1,1,1,0,0
12838,4512,109.98,Travel,7,1,AU,tablet,134.7,3,0,0,0,1,1
12894,3760,54.73,Grocery,3,3,US,mobile,579.1,3,1,0,1,0,1
13955,4484,66.41,Travel,7,5,CA,desktop,69.5,1,1,1,0,1,1
14075,4225,18.47,Utilities,1,3,US,tablet,462.8,3,1,0,1,0,0
14188,4076,185.1,Online,5,5,FR,mobile,71.5,1,0,1,1,1,0
14329,1084,17.68,Grocery,23,4,US,mobile,375.4,3,1,0,1,0,0
14622,2547,25.2,Travel,21,6,AU,desktop,159.3,1,1,1,0,1,0
14767,1823,207.62,Food Delivery,9,2,DE,mobile,294.8,3,0,0,0,1,0
14771,1925,20.48,Entertainment,2,5,GB,tablet,157.8,1,0,1,1,1,0
15665,2442,831.39,Food Delivery,8,3,FR,mobile,150.1,4,0,0,0,1,0
15750,3167,997.44,Grocery,13,6,FR,desktop,220.3,3,0,1,0,0,1
15804,3494,166.46,Entertainment,21,3,US,mobile,15.5,2,1,0,0,1,0
16042,1781,99.72,Entertainment,9,1,AU,tablet,236.3,3,0,0,0,1,0
16069,2825,70.61,Retail,3,3,AU,mobile,19.5,5,0,0,1,0,1
16484,4831,66.19,Travel,9,2,JP,mobile,144.4,3,0,0,0,1,0
16570,1422,235.58,Online,11,0,FR,mobile,69.6,3,0,0,0,1,1
16887,2866,94.75,Travel,22,2,CA,tablet,609.9,3,0,0,0,1,0
17371,3941,52.26,Food Delivery,10,5,AU,desktop,153.7,0,1,1,0,1,1
17405,2989,161.4,Online,22,4,FR,mobile,414.7,5,0,0,0,1,1
17441,2842,24.51,Entertainment,7,2,FR,mobile,211.4,3,0,0,0,1,1
17880,4734,151.32,Grocery,5,0,CA,mobile,17.5,3,0,0,1,0,1
19055,1148,9.33,Online,18,4,US,mobile,29.7,2,1,0,0,1,0
19234,1040,78.26,Food Delivery,22,5,CA,desktop,164.8,1,1,1,0,1,0
19539,2603,984.22,Grocery,2,0,US,desktop,144.7,2,1,0,1,0,1
2066,3035,64.78,Food Delivery,4,3,US,desktop,14.3,1,1,0,1,0,1
5347,2991,106.64,Food Delivery,1,4,US,desktop,16.8,0,1,0,1,0,0
7406,3296,20.82,Travel,3,2,US,desktop,19.3,2,1,0,1,0,1
9273,4412,310.95,Travel,1,0,US,desktop,10.0,1,1,0,1,0,1
9948,4491,36.46,Online,1,2,US,desktop,12.2,1,1,0,1,0,0
19630,4867,59.08,Grocery,14,5,JP,desktop,509.2,4,1,1,0,1,1
123,3617,119.48,Online,14,5,AU,mobile,441.1,2,1,1,0,0,0
621,2734,198.26,Online,5,6,US,mobile,126.9,3,0,1,1,0,0
629,3020,131.43,Travel,19,6,GB,mobile,55.7,1,1,1,0,0,0
1361,1329,42.01,Travel,18,6,DE,mobile,35.4,1,1,1,0,0,1
1551,2122,967.89,Entertainment,13,4,BR,tablet,397.3,0,0,0,0,0,0
1730,1418,442.04,Travel,13,6,GB,tablet,407.4,1,1,1,0,0,0
1750,3877,136.72,Travel,23,6,US,mobile,114.9,4,0,1,1,0,1
1840,3211,160.4,Entertainment,23,5,US,tablet,137.0,3,0,1,1,0,1
1954,2860,47.56,Travel,2,6,US,tablet,104.3,3,0,1,1,0,1
1967,2483,1067.44,Food Delivery,9,0,US,desktop,61.2,4,0,0,0,0,1
2022,3639,50.13,Entertainment,23,5,US,tablet,154.6,3,0,1,1,0,0
2425,2394,201.28,Online,9,5,BR,tablet,238.1,1,1,1,0,0,0
2812,2144,73.95,Travel,20,6,DE,mobile,175.8,1,1,1,0,0,1
2966,3371,266.22,Online,23,1,CA,desktop,113.7,3,0,0,1,0,1
3024,1794,144.19,Travel,2,5,US,mobile,114.1,3,0,1,1,0,0
3267,3954,988.22,Travel,21,3,GB,tablet,250.3,2,0,0,0,0,1
3501,1244,100.04,Travel,9,6,JP,mobile,204.6,1,1,1,0,0,1
3809,3075,127.89,Travel,23,0,AU,desktop,131.3,3,0,0,1,0,0
4045,2653,73.79,Travel,8,5,AU,mobile,31.4,0,1,1,0,0,1
4578,1799,29.7,Food Delivery,4,0,CA,desktop,48.5,4,0,0,1,0,0
4728,4545,58.66,Online,23,6,US,mobile,49.7,4,0,1,1,0,1
5007,2989,270.43,Travel,10,5,US,desktop,93.7,3,1,1,0,0,0
5010,2108,150.82,Online,12,6,US,desktop,287.6,3,1,1,0,0,1
5164,4344,39.81,Travel,2,5,US,mobile,177.7,4,0,1,1,0,1
5375,3969,332.47,Online,3,5,US,mobile,98.1,3,0,1,1,0,0
5501,4783,59.16,Online,1,3,FR,desktop,113.1,4,0,0,1,0,1
5508,1323,8.45,Travel,2,6,US,tablet,714.9,4,0,1,1,0,0
5587,1895,40.92,Travel,23,3,CA,desktop,67.9,3,0,0,1,0,1
5707,2646,26.36,Online,0,5,US,mobile,54.9,3,0,1,1,0,0
5920,4656,10.31,Travel,13,5,GB,mobile,214.3,0,1,1,0,0,0
6048,3282,25.33,Online,19,5,CA,mobile,123.9,1,1,1,0,0,1
6100,1994,55.91,Travel,23,6,US,tablet,61.7,4,0,1,1,0,1
6140,2793,268.27,Travel,0,6,US,mobile,358.7,3,0,1,1,0,0
6222,2207,9.85,Entertainment,23,5,US,tablet,120.1,3,0,1,1,0,1
6292,3557,18.16,Entertainment,13,6,US,desktop,46.8,4,1,1,0,0,0
6303,1660,282.17,Food Delivery,16,6,CA,mobile,51.0,1,1,1,0,0,1
6916,4609,119.31,Retail,23,6,JP,mobile,43.9,4,0,1,1,1,1
6950,3210,388.07,Online,0,5,US,mobile,35.9,3,0,1,1,0,1
6954,4306,43.16,Online,17,5,DE,mobile,76.6,1,1,1,0,0,1
6975,2222,86.41,Health,7,4,US,mobile,5.9,3,1,0,0,1,0
7197,2244,67.55,Entertainment,0,2,FR,desktop,163.8,3,0,0,1,0,0
7720,1325,27.28,Travel,1,5,US,mobile,802.0,3,0,1,1,0,1
7756,4811,127.42,Online,4,0,CA,desktop,623.0,3,0,0,1,0,1
7819,3770,1081.36,Travel,19,1,DE,mobile,137.1,1,0,0,0,0,0
7960,3607,118.75,Travel,16,5,US,desktop,508.6,4,1,1,0,0,0
7994,1380,114.66,Travel,22,5,AU,mobile,129.3,0,1,1,0,0,0
8020,3448,74.1,Grocery,3,6,GB,tablet,75.7,3,0,1,1,1,1
8053,2742,38.96,Entertainment,16,6,GB,mobile,166.7,1,1,1,0,0,0
8485,1538,106.29,Entertainment,9,5,CA,tablet,82.6,0,1,1,0,0,1
8857,1570,129.75,Food Delivery,0,2,CA,desktop,63.6,3,0,0,1,0,1
8911,1942,153.4,Travel,2,0,CA,desktop,401.7,4,0,0,1,0,1
9116,3896,241.84,Online,17,5,AU,mobile,113.3,2,1,1,0,0,0
9479,2169,55.41,Online,5,1,GB,desktop,225.2,3,0,0,1,0,0
9539,3193,33.28,Food Delivery,13,6,BR,tablet,41.3,1,1,1,0,0,0
9567,1878,244.69,Travel,5,5,US,tablet,364.1,3,0,1,1,0,0
9813,2361,132.91,Entertainment,19,6,GB,tablet,227.6,1,1,1,0,0,1
9885,1980,14.07,Food Delivery,11,6,DE,desktop,18.5,3,0,1,0,0,1
10093,3395,424.82,Entertainment,2,1,CA,desktop,182.6,3,0,0,1,0,0
10333,3005,1673.72,Travel,14,4,CA,tablet,103.2,0,0,0,0,0,0
10373,2318,41.44,Travel,1,0,JP,desktop,181.1,3,0,0,1,0,0
10398,4013,176.02,Entertainment,4,2,NG,desktop,362.9,3,0,0,1,0,0
10737,1174,118.28,Travel,6,6,DE,tablet,424.3,1,1,1,0,0,0
10808,1586,134.15,Online,1,5,US,mobile,345.1,3,0,1,1,0,1
11216,3391,464.08,Entertainment,12,5,GB,mobile,139.4,1,1,1,0,0,0
11307,1756,45.8,Travel,2,0,CA,desktop,533.5,5,0,0,1,0,1
11354,1659,39.92,Food Delivery,1,4,CA,desktop,60.4,3,0,0,1,0,1
11553,3762,421.05,Food Delivery,5,2,DE,desktop,233.0,4,0,0,1,0,0
11639,2256,71.82,Travel,2,4,FR,desktop,265.9,3,0,0,1,0,0
11661,2561,44.83,Food Delivery,16,6,US,desktop,31.5,3,1,1,0,0,0
11663,4535,126.22,Food Delivery,23,0,JP,desktop,54.9,3,0,0,1,0,1
11706,1094,42.63,Food Delivery,6,6,GB,mobile,89.4,0,1,1,0,0,0
11726,3584,78.14,Food Delivery,0,5,US,tablet,126.6,3,0,1,1,0,1
11824,1419,228.25,Food Delivery,15,5,JP,mobile,40.0,1,1,1,0,0,0
11985,3731,57.75,Food Delivery,1,2,BR,desktop,148.7,3,0,0,1,0,1
12034,1625,43.62,Food Delivery,21,5,US,desktop,253.9,3,1,1,0,0,0
12293,2587,66.86,Travel,5,1,NG,desktop,59.4,3,0,0,1,0,1
12342,4923,49.72,Entertainment,5,6,US,mobile,235.6,3,0,1,1,0,0
12403,2688,50.87,Online,23,2,CA,desktop,453.0,4,0,0,1,0,1
12511,3321,26.96,Online,0,5,US,mobile,296.0,3,0,1,1,0,0
12579,2486,184.07,Entertainment,23,0,DE,desktop,80.4,5,0,0,1,0,1
12758,2165,95.57,Online,1,4,CA,desktop,76.1,3,0,0,1,0,1
12899,2456,43.48,Food Delivery,20,5,CA,mobile,193.6,2,1,1,0,0,0
12901,1451,74.8,Food Delivery,1,6,US,mobile,81.4,3,0,1,1,0,1
13125,1437,21.13,Travel,0,0,CA,desktop,79.3,3,0,0,1,0,1
13333,4160,42.8,Food Delivery,9,6,DE,tablet,284.6,2,1,1,0,0,0
13366,3375,521.38,Entertainment,15,5,CA,mobile,477.9,2,1,1,0,0,0
13407,1238,175.06,Travel,12,5,NG,mobile,111.0,1,1,1,0,0,0
13563,1271,83.23,Food Delivery,14,6,DE,mobile,196.9,2,1,1,0,0,0
14227,1250,60.59,Food Delivery,13,5,CA,mobile,378.8,0,1,1,0,0,0
14338,3138,47.5,Entertainment,5,0,NG,desktop,52.7,3,0,0,1,0,0
14598,4631,194.36,Entertainment,23,6,US,mobile,150.5,3,0,1,1,0,1
14615,4246,32.22,Food Delivery,18,6,JP,mobile,44.8,0,1,1,0,0,0
15039,3487,97.7,Entertainment,2,4,BR,desktop,351.4,3,0,0,1,0,1
15162,2034,53.22,Entertainment,4,0,DE,desktop,42.4,3,0,0,1,0,0
15292,2015,87.69,Online,5,6,US,mobile,263.3,3,0,1,1,0,1
15354,2061,97.64,Entertainment,14,6,US,desktop,264.6,3,1,1,0,0,0
15447,3258,73.62,Travel,13,5,GB,tablet,73.4,2,1,1,0,0,1
15548,4810,22.1,Travel,13,6,GB,mobile,37.3,0,1,1,0,0,0
15659,3308,112.05,Entertainment,20,6,NG,mobile,145.0,1,1,1,0,0,0
16038,2324,264.69,Online,22,6,GB,mobile,102.9,2,1,1,0,0,1
16095,1935,171.21,Online,7,5,CA,tablet,48.8,1,1,1,0,0,0
16145,4894,180.75,Grocery,5,5,US,mobile,9.8,2,1,1,1,1,1
16395,4108,168.87,Entertainment,4,2,CA,desktop,30.2,3,0,0,1,0,0
16995,1573,32.0,Travel,19,5,JP,tablet,333.9,1,1,1,0,0,1
17064,1152,956.46,Travel,16,2,DE,mobile,94.1,2,0,0,0,0,0
17165,2230,105.9,Travel,18,6,CA,mobile,120.9,2,1,1,0,0,0
17195,4323,199.54,Food Delivery,6,5,FR,mobile,309.1,0,1,1,0,0,1
17459,4804,189.12,Online,0,6,US,mobile,127.2,3,0,1,1,0,0
17561,2187,16.55,Food Delivery,2,1,FR,desktop,117.3,3,0,0,1,0,1
17622,4292,148.17,Online,2,4,CA,desktop,87.4,3,0,0,1,0,0
17749,2547,25.05,Entertainment,8,5,CA,mobile,199.2,1,1,1,0,0,0
17838,4470,134.32,Food Delivery,11,5,CA,tablet,137.8,2,1,1,0,0,1
17982,4528,1299.88,Entertainment,17,4,GB,mobile,140.7,2,0,0,0,0,0
18011,4171,121.39,Online,5,3,CA,desktop,246.2,3,0,0,1,0,1
18267,1485,131.04,Travel,15,6,AU,desktop,17.8,3,0,1,0,0,1
18656,1237,261.08,Entertainment,3,0,GB,desktop,118.6,3,0,0,1,0,0
18703,2712,1428.06,Online,13,4,CA,mobile,188.2,1,0,0,0,0,1
19369,3410,202.48,Travel,9,6,US,desktop,216.2,3,1,1,0,0,1
344,3060,77.45,Entertainment,4,5,US,desktop,110.1,1,1,1,1,1,0
506,2815,67.99,Grocery,19,6,AU,tablet,275.6,3,1,1,0,0,1
865,4384,2051.18,Utilities,2,5,AU,mobile,147.1,0,0,1,1,0,1
1020,1463,64.82,Retail,3,0,US,desktop,27.9,3,1,0,1,0,0
2903,4452,1214.36,Grocery,5,6,GB,mobile,82.3,1,0,1,1,0,0
6258,3755,946.34,Retail,3,5,DE,mobile,78.2,2,0,1,1,0,0
8994,2915,12.4,Retail,11,6,CA,mobile,192.3,6,1,1,0,0,0
11236,4342,133.34,Grocery,22,6,DE,mobile,87.5,3,1,1,0,0,0
12037,3056,35.39,Grocery,15,5,GB,mobile,191.9,3,1,1,0,0,0
12318,1015,73.77,Travel,23,5,US,desktop,101.1,0,1,1,1,1,0
15299,4885,84.28,Grocery,13,5,DE,mobile,380.6,3,1,1,0,0,1
15449,4189,2213.49,Retail,2,5,CA,mobile,491.1,1,0,1,1,0,0
17885,2216,173.28,Retail,13,6,AU,mobile,107.5,3,1,1,0,0,1
18035,1361,1299.05,Retail,23,6,GB,mobile,436.8,0,0,1,1,0,1
19838,1431,50.35,Grocery,23,4,US,desktop,28.0,4,1,0,1,0,1
19973,3468,33.49,Retail,17,6,DE,mobile,94.9,3,1,1,0,0,0
137,3411,21.15,Retail,4,4,NG,tablet,28.7,2,1,0,1,0,1
721,1556,59.69,Retail,4,3,DE,tablet,1.3,1,1,0,1,0,1
2309,2231,108.63,Entertainment,3,0,US,tablet,185.4,3,0,0,1,1,0
2615,1418,53.1,Food Delivery,17,2,DE,mobile,80.6,0,1,0,0,1,0
3297,1847,70.71,Travel,22,0,AU,mobile,106.4,1,1,0,0,1,0
3362,3979,94.83,Grocery,0,1,AU,mobile,11.1,1,1,0,1,0,0
3493,2486,53.03,Online,3,4,US,mobile,33.8,4,0,0,1,1,1
4058,3121,38.18,Grocery,3,4,GB,mobile,18.7,1,1,0,1,0,0
4092,1169,124.08,Travel,10,1,BR,mobile,336.1,1,1,0,0,1,1
4188,1855,70.8,Online,3,1,US,tablet,60.9,4,0,0,1,1,1
5822,3817,21.25,Travel,2,6,NG,desktop,14.0,0,0,1,1,1,1
6197,3475,81.07,Food Delivery,4,5,FR,desktop,28.3,1,0,1,1,1,0
6353,1511,313.09,Entertainment,12,2,BR,mobile,83.5,1,1,0,0,1,0
7808,3121,24.12,Entertainment,7,2,GB,desktop,26.2,4,0,0,0,1,0
8105,1716,327.55,Travel,10,2,CA,mobile,100.4,1,1,0,0,1,1
8118,2580,307.64,Food Delivery,6,3,FR,mobile,174.9,0,1,0,0,1,1
8533,2278,80.81,Online,23,1,US,tablet,52.8,3,0,0,1,1,0
9344,2225,58.73,Grocery,1,3,CA,tablet,18.9,2,1,0,1,0,0
10405,4336,1202.25,Grocery,17,5,NG,desktop,35.3,0,1,1,0,0,0
10451,4197,72.46,Travel,19,1,CA,desktop,28.5,4,0,0,0,1,0
11207,2806,198.49,Travel,21,3,CA,tablet,51.5,1,1,0,0,1,0
11392,2164,260.6,Retail,3,0,FR,mobile,28.8,0,1,0,1,0,0
11795,1568,1412.37,Grocery,18,2,NG,mobile,232.6,3,0,0,0,0,1
13861,3803,67.05,Travel,14,0,CA,mobile,313.4,0,1,0,0,1,1
14058,3448,2508.58,Health,22,0,AU,mobile,138.5,3,0,0,0,0,1
14267,4937,35.66,Retail,4,4,DE,mobile,28.4,0,1,0,1,0,0
14379,3253,150.6,Food Delivery,16,1,GB,mobile,87.0,1,1,0,0,1,1
15223,1238,123.87,Grocery,0,1,AU,mobile,27.0,1,1,0,1,0,0
16074,2717,75.24,Travel,19,4,FR,mobile,405.9,1,1,0,0,1,1
16138,1502,58.01,Travel,9,3,AU,desktop,25.2,6,0,0,0,1,0
17162,3336,151.07,Travel,14,3,DE,mobile,83.4,0,1,0,0,1,0
17319,4369,24.16,Health,0,2,GB,tablet,6.1,1,1,0,1,0,1
17363,2525,16.36,Food Delivery,1,0,US,mobile,150.5,3,0,0,1,1,1
17998,4891,66.61,Travel,9,1,CA,desktop,5.5,5,0,0,0,1,1
18132,3412,109.65,Food Delivery,20,3,DE,mobile,106.4,0,1,0,0,1,1
18369,1910,239.31,Entertainment,12,1,JP,mobile,87.1,1,1,0,0,1,1
18920,4893,313.74,Grocery,3,2,FR,mobile,19.2,0,1,0,1,0,0
19114,2453,193.27,Travel,6,0,FR,tablet,430.4,1,1,0,0,1,0
4533,3817,626.22,Retail,10,0,DE,mobile,257.5,4,1,0,0,1,1
9441,2673,99.35,Retail,20,3,AU,mobile,404.1,5,1,0,0,1,1
12789,2508,120.84,Grocery,11,3,AU,mobile,139.1,3,1,0,0,1,1
16419,2155,238.83,Grocery,16,0,CA,mobile,106.1,3,1,0,0,1,1
16821,4807,295.81,Grocery,19,1,CA,mobile,145.5,5,1,0,0,1,0
18433,4571,1372.25,Food Delivery,6,4,FR,desktop,16.1,1,0,0,0,0,1
18636,2347,17.25,Retail,22,4,FR,mobile,274.1,4,1,0,0,1,0
19768,2383,972.95,Online,9,3,AU,desktop,9.6,1,0,0,0,0,0
26,3575,83.42,Online,21,4,US,mobile,226.2,5,1,0,0,0,0
47,2782,139.85,Travel,14,2,US,mobile,180.5,3,1,0,0,0,0
97,1958,101.23,Travel,1,5,CA,tablet,29.0,1,0,1,1,0,0
175,3787,32.39,Travel,3,2,FR,desktop,108.1,2,1,0,1,0,0
298,2755,42.26,Online,17,4,CA,mobile,28.5,4,0,0,0,0,1
383,4790,249.65,Food Delivery,2,0,GB,desktop,74.6,1,1,0,1,0,1
468,3384,109.43,Travel,10,2,US,mobile,38.1,3,1,0,0,0,1
914,4920,90.61,Food Delivery,16,0,AU,mobile,13.5,3,0,0,0,0,0
918,4136,21.0,Travel,1,5,US,tablet,243.4,1,1,1,1,0,0
1062,3750,55.81,Entertainment,0,6,US,tablet,111.1,0,1,1,1,0,0
1758,3434,316.49,Online,3,6,US,tablet,170.7,2,1,1,1,0,1
1787,1792,24.12,Food Delivery,6,0,CA,tablet,3.9,3,0,0,0,0,1
2144,3440,11.39,Food Delivery,3,6,US,mobile,49.3,2,1,1,1,0,1
2343,3182,27.74,Food Delivery,22,0,US,mobile,1129.0,5,1,0,0,0,1
2349,1805,63.78,Food Delivery,5,5,CA,mobile,7.4,1,0,1,1,0,1
2413,4723,20.61,Online,2,6,BR,mobile,18.9,1,0,1,1,0,1
2515,1413,508.01,Food Delivery,7,0,GB,tablet,22.0,4,0,0,0,0,0
2544,2522,305.02,Food Delivery,23,6,AU,mobile,8.6,1,0,1,1,0,1
2817,3695,953.5,Food Delivery,4,3,US,mobile,80.4,0,0,0,1,0,0
2829,3505,39.8,Entertainment,4,1,CA,desktop,192.9,1,1,0,1,0,0
2865,1347,748.77,Travel,16,5,CA,desktop,24.7,0,1,1,0,0,0
2878,4744,128.39,Entertainment,1,6,GB,mobile,1.3,1,0,1,1,0,0
2999,2739,790.53,Online,12,1,US,tablet,106.6,4,1,0,0,0,0
3008,2700,49.7,Online,4,1,DE,desktop,496.1,2,1,0,1,0,1
3059,2556,68.68,Online,21,4,US,mobile,68.0,3,1,0,0,0,0
3260,2640,59.79,Online,5,6,CA,mobile,1.0,0,0,1,1,0,1
3338,1202,108.38,Online,1,0,DE,desktop,234.7,0,1,0,1,0,0
3339,4433,36.25,Food Delivery,0,3,JP,desktop,372.1,1,1,0,1,0,1
3455,4273,63.75,Online,23,3,JP,desktop,73.4,2,1,0,1,0,0
3479,2638,56.66,Food Delivery,1,1,BR,desktop,582.5,2,1,0,1,0,0
3602,3441,38.77,Entertainment,12,0,AU,mobile,1.4,4,0,0,0,0,1
4121,3903,228.49,Food Delivery,13,0,US,mobile,327.2,3,1,0,0,0,0
4140,3018,605.06,Online,18,1,US,tablet,301.2,3,1,0,0,0,1
4220,1651,31.94,Online,7,4,CA,mobile,18.4,3,0,0,0,0,1
4236,1158,89.43,Online,12,0,US,mobile,665.4,4,1,0,0,0,0
4257,2307,45.86,Food Delivery,5,5,FR,mobile,1.0,1,0,1,1,0,0
4414,3872,118.01,Travel,19,1,BR,mobile,13.2,3,0,0,0,0,0
4892,3286,141.07,Entertainment,5,6,US,mobile,226.7,1,1,1,1,0,0
5012,1213,17.3,Food Delivery,6,6,CA,desktop,9.4,1,1,1,0,0,1
5352,3003,78.02,Online,18,4,US,mobile,68.3,3,1,0,0,0,1
5495,4097,92.22,Food Delivery,11,4,GB,mobile,25.0,3,0,0,0,0,0
5566,3551,613.26,Entertainment,10,1,US,mobile,89.3,3,1,0,0,0,1
5881,1622,30.23,Travel,3,6,US,tablet,256.7,1,1,1,1,0,1
5890,2134,121.71,Travel,1,5,US,tablet,106.1,0,1,1,1,0,0
6244,2329,170.85,Travel,4,0,FR,desktop,182.2,0,1,0,1,0,1
6736,3589,429.95,Travel,0,5,US,mobile,33.8,0,1,1,1,0,0
6790,3961,34.58,Entertainment,15,3,US,mobile,61.5,3,1,0,0,0,1
7067,1014,146.9,Travel,23,6,FR,mobile,17.4,2,0,1,1,0,1
7115,3144,66.57,Online,14,2,GB,tablet,27.9,4,0,0,0,0,1
7348,2383,123.44,Online,6,2,US,tablet,630.9,3,1,0,0,0,0
7384,3401,168.46,Entertainment,4,1,CA,desktop,150.9,0,1,0,1,0,0
7592,3612,24.03,Food Delivery,0,3,DE,desktop,95.3,2,1,0,1,0,0
7670,2161,790.25,Travel,6,4,US,mobile,153.0,3,1,0,0,0,0
7723,4240,31.86,Travel,18,4,DE,mobile,12.4,3,0,0,0,0,0
7892,4526,279.55,Online,5,6,DE,mobile,13.3,1,0,1,1,0,1
7913,1806,129.8,Entertainment,1,6,DE,tablet,4.6,1,0,1,1,0,1
8125,4011,28.78,Travel,5,5,US,mobile,97.8,2,1,1,1,0,1
8309,3870,309.04,Entertainment,19,3,FR,mobile,16.9,3,0,0,0,0,0
8320,1829,158.87,Travel,23,5,US,mobile,175.4,2,1,1,1,0,1
8384,3894,196.64,Travel,13,1,GB,mobile,20.5,4,0,0,0,0,0
8824,1209,89.92,Entertainment,15,4,US,mobile,48.4,3,1,0,0,0,0
9005,4086,131.04,Travel,12,4,US,mobile,31.4,3,1,0,0,0,0
9044,2655,69.21,Food Delivery,16,0,US,mobile,311.8,3,1,0,0,0,1
9402,4910,38.24,Travel,21,1,DE,mobile,9.4,3,0,0,0,0,0
9690,2579,315.86,Travel,23,6,US,mobile,685.3,2,1,1,1,0,1
9772,4381,151.24,Food Delivery,19,0,CA,tablet,18.3,3,0,0,0,0,1
9862,4030,64.35,Food Delivery,3,6,JP,mobile,16.2,0,0,1,1,0,1
9871,3583,327.41,Travel,1,6,GB,tablet,29.9,1,0,1,1,0,0
10057,3921,64.89,Online,1,5,US,mobile,54.8,1,1,1,1,0,1
10075,4068,136.93,Online,4,5,US,tablet,103.4,2,1,1,1,0,1
10170,4732,1117.93,Travel,5,0,US,tablet,476.7,0,0,0,1,0,0
10210,4301,173.06,Travel,19,1,FR,mobile,3.0,3,0,0,0,0,0
10399,1834,45.89,Food Delivery,10,3,FR,mobile,26.5,4,0,0,0,0,0
10703,2659,413.56,Travel,5,5,US,tablet,79.3,0,1,1,1,0,0
10729,2925,127.06,Online,19,4,US,mobile,274.9,3,1,0,0,0,0
10775,1792,115.26,Online,5,2,DE,desktop,311.9,1,1,0,1,0,1
10923,3526,96.53,Online,4,6,US,mobile,222.7,0,1,1,1,0,0
10979,3515,326.62,Online,8,1,US,mobile,386.5,3,1,0,0,0,0
11052,4660,94.64,Food Delivery,3,2,GB,desktop,592.9,2,1,0,1,0,0
11143,4252,391.9,Travel,19,1,US,mobile,216.3,4,1,0,0,0,1
11150,2303,260.12,Travel,4,5,US,mobile,85.0,1,1,1,1,0,0
11156,3706,30.43,Travel,1,6,CA,tablet,9.8,1,0,1,1,0,1
11235,1335,108.68,Online,1,5,US,mobile,438.1,1,1,1,1,0,0
11451,4098,113.6,Travel,8,0,CA,tablet,9.3,3,0,0,0,0,1
11677,4538,70.89,Food Delivery,10,0,US,mobile,78.5,3,1,0,0,0,0
11769,2429,206.35,Entertainment,6,2,DE,mobile,22.9,4,0,0,0,0,0
11775,2914,147.62,Travel,2,0,CA,desktop,328.2,1,1,0,1,0,0
12123,4518,40.59,Online,23,5,AU,tablet,8.7,0,0,1,1,0,1
12134,2946,120.7,Online,4,5,US,desktop,5.3,4,0,1,1,0,1
12193,2714,117.59,Entertainment,5,2,DE,desktop,88.0,1,1,0,1,0,1
12260,1466,27.57,Food Delivery,0,5,US,mobile,53.2,2,1,1,1,0,0
12573,4121,329.53,Food Delivery,16,0,US,tablet,73.8,3,1,0,0,0,1
12631,1040,271.4,Food Delivery,7,0,NG,mobile,17.4,3,0,0,0,0,1
12832,1629,83.7,Travel,19,4,US,mobile,73.9,3,1,0,0,0,0
13016,1186,49.53,Online,21,4,US,mobile,223.3,5,1,0,0,0,1
13087,3867,143.44,Entertainment,3,0,CA,desktop,99.9,1,1,0,1,0,1
13171,3971,77.27,Entertainment,23,6,AU,tablet,28.6,2,0,1,1,0,1
13329,4739,230.93,Online,8,2,BR,mobile,16.8,3,0,0,0,0,0
13441,4360,65.89,Travel,6,3,CA,mobile,18.5,3,0,0,0,0,0
13518,2654,75.68,Online,11,3,US,tablet,240.1,3,1,0,0,0,1
13588,3327,212.32,Entertainment,3,0,GB,desktop,129.1,2,1,0,1,0,0
13692,1319,633.56,Food Delivery,9,4,FR,mobile,11.9,3,0,0,0,0,1
14097,2666,200.63,Online,19,1,CA,mobile,20.8,3,0,0,0,0,1
14388,2970,1628.17,Online,0,0,US,mobile,170.6,1,0,0,1,0,0
14460,4954,414.84,Entertainment,3,2,JP,desktop,305.7,1,1,0,1,0,0
14520,1203,810.53,Food Delivery,15,3,US,mobile,46.1,3,1,0,0,0,0
14541,2066,15.11,Food Delivery,20,3,GB,mobile,6.3,3,0,0,0,0,1
14562,3874,146.1,Food Delivery,3,0,GB,desktop,186.2,0,1,0,1,0,1
14888,1616,37.4,Online,13,2,DE,mobile,23.9,3,0,0,0,0,1
15571,4429,996.73,Travel,23,1,US,tablet,144.4,0,0,0,1,0,0
15573,2817,44.46,Retail,1,5,CA,mobile,31.5,1,1,1,1,1,1
15587,4212,272.78,Travel,21,2,US,mobile,33.6,3,1,0,0,0,0
15777,2066,44.64,Grocery,23,5,US,desktop,420.8,3,1,1,1,1,1
15781,1314,39.11,Travel,23,3,BR,desktop,189.1,0,1,0,1,0,1
15897,4525,407.33,Online,18,4,FR,mobile,18.2,4,0,0,0,0,0
16027,1404,491.89,Food Delivery,18,2,CA,mobile,26.2,3,0,0,0,0,1
16054,2548,38.62,Travel,5,6,AU,tablet,1.0,1,0,1,1,0,1
16238,2588,213.27,Food Delivery,20,2,AU,mobile,26.7,3,0,0,0,0,0
16431,1316,45.8,Online,8,3,DE,tablet,2.9,3,0,0,0,0,1
16486,4978,34.38,Travel,4,6,FR,mobile,21.6,1,0,1,1,0,1
16872,4136,34.65,Travel,6,2,GB,tablet,13.2,3,0,0,0,0,0
16962,1076,72.93,Entertainment,1,3,AU,desktop,95.7,0,1,0,1,0,0
16976,1253,50.66,Online,1,6,US,tablet,445.3,0,1,1,1,0,1
17154,1090,28.45,Food Delivery,1,5,AU,mobile,27.5,1,0,1,1,0,0
17343,1150,80.47,Retail,1,5,AU,mobile,181.0,1,1,1,1,1,1
18102,1356,61.32,Food Delivery,19,4,US,mobile,35.4,3,1,0,0,0,0
18424,2523,232.65,Food Delivery,17,5,FR,desktop,5.2,1,1,1,0,0,0
18583,1420,21.34,Food Delivery,22,2,JP,mobile,16.0,3,0,0,0,0,0
19060,2049,336.94,Online,11,3,US,mobile,144.5,3,1,0,0,0,1
19078,3829,112.35,Online,7,3,FR,mobile,1.2,3,0,0,0,0,1
19342,2115,86.52,Online,1,6,US,mobile,162.5,1,1,1,1,0,0
19507,4224,277.62,Online,1,5,US,desktop,19.0,3,0,1,1,0,1
19673,3316,261.79,Food Delivery,20,1,US,mobile,324.0,3,1,0,0,0,1
19753,1601,528.14,Travel,4,5,US,mobile,350.3,1,1,1,1,0,1
197,2370,70.76,Retail,0,4,FR,desktop,120.9,3,1,0,1,0,1
3875,3483,55.17,Grocery,4,0,JP,desktop,101.3,3,1,0,1,0,0
3934,3919,340.68,Health,4,0,GB,desktop,74.0,3,1,0,1,0,0
4703,3176,374.43,Utilities,12,5,GB,desktop,23.1,3,1,1,0,0,0
5651,4715,291.72,Retail,23,3,AU,desktop,118.3,3,1,0,1,0,1
11395,3338,125.26,Grocery,2,4,CA,desktop,242.1,3,1,0,1,0,1
12698,2979,243.16,Retail,1,2,JP,desktop,172.3,3,1,0,1,0,0
17157,2122,1212.87,Retail,23,6,GB,desktop,5.6,0,0,1,1,0,1
17160,1627,141.26,Grocery,4,4,CA,desktop,205.1,3,1,0,1,0,1
476,4139,289.44,Entertainment,2,2,US,mobile,614.0,1,1,0,1,1,1
518,1266,324.93,Retail,2,6,DE,tablet,27.4,3,0,1,1,0,0
724,1478,28.3,Grocery,3,5,US,mobile,427.4,3,1,1,1,0,1
2995,4082,89.5,Travel,15,4,GB,desktop,27.8,2,1,0,0,1,0
3765,2650,1244.38,Grocery,8,6,US,tablet,15.7,3,0,1,0,0,0
4991,3595,120.95,Travel,2,4,DE,mobile,17.1,0,0,0,1,1,0
5131,2292,91.4,Entertainment,1,3,US,mobile,156.3,1,1,0,1,1,1
5684,2731,80.15,Travel,1,3,US,mobile,164.5,2,1,0,1,1,0
5760,1003,112.79,Food Delivery,1,4,CA,mobile,12.4,0,0,0,1,1,1
6058,3409,53.05,Entertainment,13,5,GB,mobile,103.6,3,0,1,0,1,0
6421,3507,1070.1,Grocery,23,3,US,tablet,281.6,3,0,0,1,0,0
7032,4021,218.57,Travel,13,5,CA,mobile,300.3,5,0,1,0,1,0
8080,4286,38.98,Online,14,5,DE,mobile,188.8,3,0,1,0,1,1
8093,3643,113.53,Online,3,2,US,mobile,236.3,1,1,0,1,1,1
9253,2109,78.58,Grocery,4,5,BR,tablet,23.6,3,0,1,1,0,0
9285,1064,38.02,Online,10,6,DE,tablet,533.2,3,0,1,0,1,1
9868,2003,1429.13,Grocery,5,4,US,tablet,237.4,4,0,0,1,0,1
9903,2138,1055.97,Grocery,11,3,CA,tablet,31.9,0,1,0,0,0,0
9935,1079,25.64,Online,2,4,US,tablet,323.2,1,1,0,1,1,1
10408,2836,94.73,Travel,5,3,US,tablet,217.6,1,1,0,1,1,1
11686,2082,37.28,Online,2,0,US,mobile,467.2,1,1,0,1,1,1
12008,1625,49.12,Entertainment,4,1,US,desktop,2.7,3,0,0,1,1,1
12191,3903,286.51,Travel,8,5,BR,tablet,252.9,3,0,1,0,1,1
12353,3105,138.75,Online,2,3,US,tablet,286.2,2,1,0,1,1,0
13226,3037,76.72,Entertainment,5,2,US,mobile,266.7,1,1,0,1,1,0
13373,1108,126.74,Retail,23,6,US,mobile,150.4,3,1,1,1,0,0
13374,4768,900.25,Retail,19,1,BR,mobile,152.9,2,1,0,0,0,1
13864,3892,73.15,Entertainment,2,0,US,desktop,4.0,3,0,0,1,1,1
15448,2596,300.05,Food Delivery,23,4,US,mobile,218.2,0,1,0,1,1,0
15579,4937,710.34,Health,4,5,US,mobile,300.6,4,1,1,1,0,1
15683,2602,481.2,Online,6,0,BR,desktop,1.0,1,1,0,0,1,0
15717,3963,1674.82,Grocery,4,3,US,mobile,345.2,3,0,0,1,0,0
15745,4996,413.92,Retail,0,5,AU,mobile,4.8,3,0,1,1,0,1
16563,1258,89.08,Grocery,5,5,GB,mobile,14.3,3,0,1,1,0,0
16722,1687,15.45,Retail,3,5,US,mobile,419.8,4,1,1,1,0,1
16854,4160,59.19,Travel,12,6,JP,mobile,41.0,3,0,1,0,1,0
16891,4100,1514.13,Retail,17,2,CA,mobile,63.4,1,1,0,0,0,0
16954,4174,977.55,Utilities,23,1,US,mobile,30.5,3,0,0,1,0,1
17013,2152,18.08,Online,10,5,AU,mobile,205.6,4,0,1,0,1,1
17174,1560,87.92,Travel,12,6,CA,mobile,142.6,5,0,1,0,1,1
17499,4169,173.9,Food Delivery,23,1,CA,mobile,18.9,2,0,0,1,1,0
17792,1479,49.34,Online,4,2,AU,mobile,10.7,2,0,0,1,1,1
18372,4940,121.5,Grocery,23,6,BR,mobile,21.1,3,0,1,1,0,1
18565,2787,66.0,Travel,17,5,US,mobile,5.8,1,1,1,0,1,1
18808,2855,183.43,Online,10,4,FR,desktop,12.8,2,1,0,0,1,0
18932,1942,43.38,Retail,23,5,US,mobile,44.3,3,1,1,1,0,1
19064,3556,322.4,Grocery,4,6,FR,tablet,9.0,3,0,1,1,0,1
19447,1192,101.24,Travel,12,6,JP,tablet,195.4,3,0,1,0,1,1
19715,1981,118.46,Retail,4,6,US,mobile,31.2,3,1,1,1,0,0
9487,2460,19.24,Food Delivery,19,1,US,desktop,19.4,3,1,0,0,0,0
10142,2177,150.79,Online,1,6,US,desktop,21.6,2,1,1,1,0,1
15641,3832,158.17,Travel,23,5,US,desktop,19.8,1,1,1,1,0,1
16424,4893,1303.85,Online,2,1,US,desktop,18.3,2,0,0,1,0,1
19751,2420,360.24,Entertainment,6,2,US,desktop,25.1,3,1,0,0,0,1
706,3259,56.66,Travel,12,4,AU,mobile,1.2,2,1,0,0,0,1
2259,1004,1514.92,Food Delivery,17,6,FR,mobile,196.5,2,0,1,0,0,1
3046,4531,134.54,Travel,3,2,US,mobile,6.8,7,0,0,1,0,0
3486,1108,128.17,Grocery,3,2,DE,mobile,6.8,3,0,0,1,1,1
4097,3144,28.56,Online,10,1,GB,mobile,15.0,1,1,0,0,0,0
4617,2171,82.25,Food Delivery,21,1,GB,tablet,19.1,1,1,0,0,0,0
4664,2506,368.31,Entertainment,2,0,US,tablet,29.4,3,0,0,1,0,1
4908,4160,132.18,Food Delivery,13,4,NG,tablet,3.3,1,1,0,0,0,1
4923,3219,73.09,Travel,0,6,FR,desktop,177.2,3,0,1,1,0,1
4974,4090,135.4,Online,4,5,JP,desktop,121.9,3,0,1,1,0,1
4985,1769,53.7,Travel,13,0,CA,mobile,17.1,1,1,0,0,0,1
5152,3479,492.85,Travel,5,5,GB,desktop,205.8,3,0,1,1,0,1
5202,2644,71.81,Health,5,3,FR,mobile,24.2,3,0,0,1,1,1
5534,2781,144.98,Travel,19,2,FR,mobile,26.8,0,1,0,0,0,1
5959,3447,58.93,Travel,23,3,US,mobile,1.0,3,0,0,1,0,1
6010,1337,47.74,Entertainment,17,3,AU,mobile,17.2,0,1,0,0,0,0
6479,3869,26.79,Online,23,6,AU,desktop,177.0,4,0,1,1,0,0
6943,3013,174.39,Travel,3,4,US,mobile,4.4,3,0,0,1,0,0
7159,1620,92.0,Travel,13,4,CA,mobile,3.2,0,1,0,0,0,0
7282,2106,56.57,Food Delivery,2,6,GB,desktop,486.3,3,0,1,1,0,0
7291,3687,973.32,Entertainment,12,5,AU,tablet,80.0,1,0,1,0,0,0
7297,2089,133.89,Health,5,3,FR,mobile,1.1,3,0,0,1,1,0
7590,3249,67.11,Entertainment,9,3,CA,tablet,12.6,0,1,0,0,0,1
7666,2654,42.7,Entertainment,11,1,JP,tablet,10.0,1,1,0,0,0,1
7721,1063,366.02,Food Delivery,3,0,US,mobile,5.3,3,0,0,1,0,0
7827,2134,244.58,Online,6,0,GB,tablet,22.5,0,1,0,0,0,0
7910,1275,99.59,Food Delivery,8,4,FR,tablet,13.2,0,1,0,0,0,1
8059,3590,66.21,Travel,4,1,US,tablet,25.1,3,0,0,1,0,1
8129,1833,138.49,Travel,16,0,DE,mobile,4.8,2,1,0,0,0,0
8563,4908,32.85,Travel,5,6,CA,desktop,329.8,3,0,1,1,0,1
8718,2944,172.69,Online,2,2,US,tablet,20.0,4,0,0,1,0,1
8879,2386,145.51,Online,23,5,GB,desktop,120.2,3,0,1,1,0,1
9668,3960,6.19,Entertainment,1,6,AU,desktop,236.1,3,0,1,1,0,0
10680,2108,256.96,Retail,23,2,DE,mobile,5.4,4,0,0,1,1,1
11526,3978,79.29,Online,21,2,FR,mobile,2.4,2,1,0,0,0,0
11890,1149,105.92,Food Delivery,11,0,GB,mobile,24.6,0,1,0,0,0,0
12124,2612,60.36,Online,3,6,DE,desktop,535.1,3,0,1,1,0,0
14250,2163,20.5,Travel,14,0,GB,tablet,25.9,2,1,0,0,0,1
14501,3463,251.09,Food Delivery,5,5,JP,desktop,140.4,5,0,1,1,0,1
14708,3301,16.83,Entertainment,5,1,US,mobile,11.1,3,0,0,1,0,0
14874,1358,52.04,Online,4,4,US,tablet,4.9,3,0,0,1,0,0
15262,3035,145.29,Online,5,4,US,mobile,28.8,4,0,0,1,0,1
15415,3654,69.92,Travel,1,5,BR,desktop,102.9,3,0,1,1,0,0
15446,1227,55.66,Food Delivery,15,4,GB,tablet,3.5,0,1,0,0,0,0
15525,3994,57.23,Online,9,2,CA,mobile,14.7,0,1,0,0,0,1
16417,4373,206.54,Travel,1,3,US,mobile,26.5,3,0,0,1,0,0
16515,3413,252.12,Travel,15,1,AU,tablet,18.8,0,1,0,0,0,0
16577,1270,41.8,Travel,3,5,AU,desktop,210.6,5,0,1,1,0,0
17542,1411,1337.71,Entertainment,15,6,US,desktop,168.3,3,0,1,0,0,1
18008,1118,43.5,Travel,12,3,DE,mobile,19.8,2,1,0,0,0,1
18302,2382,88.96,Travel,23,5,AU,desktop,47.3,3,0,1,1,0,1
18664,1188,180.37,Food Delivery,16,2,CA,mobile,20.9,0,1,0,0,0,0
19028,4229,120.31,Travel,4,6,DE,desktop,109.0,4,0,1,1,0,0
19462,2193,475.31,Online,23,4,US,mobile,21.1,3,0,0,1,0,1
19748,1998,118.23,Travel,5,3,US,mobile,3.6,3,0,0,1,0,0
2782,4743,43.08,Utilities,20,3,AU,mobile,29.6,3,1,0,0,0,1
10183,1070,62.78,Retail,10,3,DE,mobile,21.4,4,1,0,0,0,1
12144,1201,130.34,Grocery,17,0,JP,mobile,16.8,3,1,0,0,0,1
13839,3809,205.42,Retail,12,0,DE,mobile,29.7,4,1,0,0,0,0
2261,1095,53.1,Travel,2,4,US,desktop,1.0,0,1,0,1,1,1
6589,1951,126.23,Food Delivery,5,0,US,desktop,5.1,0,1,0,1,1,1
1796,1808,63.63,Online,1,1,AU,desktop,514.0,3,0,0,1,1,1
2202,1030,113.53,Entertainment,6,5,CA,desktop,4.0,4,0,1,0,1,0
2928,2282,42.23,Utilities,3,5,JP,mobile,16.4,0,1,1,1,0,0
3569,4020,14.76,Travel,9,5,FR,tablet,34.3,1,1,1,0,1,1
4599,4822,155.25,Travel,21,5,US,desktop,35.1,5,1,1,0,1,1
6868,1991,68.68,Food Delivery,23,0,BR,desktop,67.1,3,0,0,1,1,1
7263,4014,77.16,Travel,3,0,FR,desktop,151.6,6,0,0,1,1,1
7318,4517,214.31,Retail,23,5,AU,mobile,19.0,2,1,1,1,0,1
7776,4397,937.63,Grocery,22,5,FR,mobile,150.7,3,0,1,0,0,0
10615,3343,67.12,Travel,23,1,DE,desktop,74.4,4,0,0,1,1,0
12734,2730,1151.45,Grocery,2,3,US,mobile,47.9,2,1,0,1,0,0
13401,4658,963.96,Health,17,5,FR,mobile,57.6,3,0,1,0,0,1
13489,4838,76.93,Food Delivery,18,5,CA,mobile,30.3,2,1,1,0,1,1
14688,1217,1662.71,Food Delivery,1,5,US,desktop,40.6,1,0,1,1,1,0
14727,2438,132.52,Travel,5,5,US,tablet,143.7,3,0,1,1,1,1
14784,1056,71.3,Online,3,1,GB,desktop,559.2,4,0,0,1,1,1
15168,4162,989.24,Grocery,8,6,GB,mobile,45.9,4,0,1,0,0,0
16267,1756,30.32,Food Delivery,9,6,DE,tablet,135.5,0,1,1,0,1,1
18677,1005,96.01,Online,0,5,US,mobile,256.7,3,0,1,1,1,0
19123,1852,131.7,Health,2,6,CA,mobile,20.1,2,1,1,1,0,1
159,3020,323.49,Online,2,0,US,mobile,1.0,2,1,0,1,0,0
512,3984,63.95,Entertainment,23,0,US,mobile,5.7,0,1,0,1,0,1
1111,3528,27.74,Food Delivery,0,3,US,mobile,1.2,1,1,0,1,0,1
5952,4278,142.56,Online,1,1,US,mobile,1.4,0,1,0,1,0,0
7640,4363,139.41,Food Delivery,0,2,US,tablet,1.0,1,1,0,1,0,1
12462,4631,298.63,Online,2,2,US,mobile,7.8,2,1,0,1,0,0
14010,4560,118.8,Travel,3,4,US,mobile,11.9,2,1,0,1,0,1
15698,1859,596.2,Entertainment,4,2,US,mobile,21.1,1,1,0,1,0,1
17278,3148,59.89,Food Delivery,23,0,US,tablet,5.7,1,1,0,1,0,0
17440,1158,11.65,Food Delivery,3,4,US,mobile,28.2,0,1,0,1,0,0
18982,2586,63.63,Travel,23,3,US,mobile,11.4,1,1,0,1,0,0
19533,4894,97.57,Food Delivery,5,1,US,tablet,17.7,2,1,0,1,0,1
75,3745,154.43,Online,20,4,JP,desktop,280.9,4,1,0,0,0,0
872,1807,115.37,Food Delivery,18,2,NG,desktop,593.3,3,1,0,0,0,0
2157,2771,1013.38,Travel,3,1,BR,desktop,258.7,2,0,0,1,0,0
4145,1515,1201.18,Travel,4,3,DE,desktop,53.5,2,0,0,1,0,0
5271,1739,102.87,Entertainment,19,1,GB,desktop,400.9,3,1,0,0,0,1
5755,1576,52.5,Travel,21,1,CA,desktop,211.8,4,1,0,0,0,0
5831,2320,64.35,Entertainment,12,3,BR,desktop,196.2,4,1,0,0,0,0
8136,3780,96.03,Food Delivery,22,2,FR,desktop,113.5,3,1,0,0,0,1
8757,3902,1025.52,Online,23,1,GB,desktop,101.5,1,0,0,1,0,1
9132,3642,1682.13,Online,12,6,FR,desktop,20.2,1,0,1,0,0,0
10212,2802,1103.0,Travel,4,1,DE,desktop,320.9,1,0,0,1,0,1
10245,1425,1314.32,Online,8,5,CA,desktop,21.1,1,0,1,0,0,1
10925,1165,87.24,Retail,2,1,US,desktop,15.6,4,1,0,1,1,0
11537,3574,136.89,Food Delivery,18,0,FR,desktop,409.5,3,1,0,0,0,0
13167,1958,149.19,Entertainment,8,2,BR,desktop,247.1,3,1,0,0,0,1
13173,3259,128.84,Food Delivery,16,1,BR,desktop,372.8,3,1,0,0,0,1
17098,3974,70.47,Online,14,3,BR,desktop,46.6,3,1,0,0,0,1
18173,3191,59.09,Food Delivery,6,0,DE,desktop,52.2,4,1,0,0,0,1
18374,3984,1002.15,Retail,1,6,JP,mobile,53.8,1,0,1,1,1,1
18625,1420,79.74,Health,17,5,CA,mobile,436.5,3,1,1,0,1,0
152,2125,592.59,Travel,4,5,CA,desktop,186.3,2,1,1,1,0,1
191,3734,15.43,Food Delivery,15,6,US,mobile,238.5,3,1,1,0,0,0
242,3336,213.96,Travel,10,5,CA,mobile,18.0,3,0,1,0,0,0
775,4385,150.81,Online,4,1,CA,mobile,72.8,3,0,0,1,0,0
1042,4426,114.42,Travel,23,5,JP,desktop,79.2,1,1,1,1,0,0
1401,4418,66.18,Entertainment,0,0,DE,mobile,56.4,3,0,0,1,0,1
1838,2217,54.37,Food Delivery,4,3,JP,mobile,51.5,3,0,0,1,0,1
1981,3630,29.55,Travel,3,2,NG,mobile,82.6,3,0,0,1,0,0
2601,4453,189.54,Travel,2,3,DE,mobile,75.4,5,0,0,1,0,0
2695,4739,1318.67,Online,23,6,US,mobile,162.6,0,0,1,1,0,1
4285,1487,91.17,Entertainment,4,0,CA,mobile,73.6,3,0,0,1,0,0
4506,2515,1584.4,Food Delivery,3,5,US,mobile,69.4,1,0,1,1,0,1
4854,1274,37.17,Travel,18,6,BR,mobile,3.8,3,0,1,0,0,0
5168,1778,71.85,Travel,5,3,GB,tablet,215.8,3,0,0,1,0,1
5240,4608,22.1,Travel,21,6,US,mobile,94.7,4,1,1,0,0,0
5292,4526,36.18,Entertainment,1,6,DE,desktop,49.2,2,1,1,1,0,1
5647,4514,154.35,Travel,2,1,DE,mobile,128.7,3,0,0,1,0,0
5688,1981,137.75,Online,23,3,DE,mobile,191.5,3,0,0,1,0,1
5723,3736,63.12,Entertainment,4,0,BR,tablet,226.0,3,0,0,1,0,0
5847,1483,77.95,Retail,5,1,NG,mobile,3.3,1,1,0,1,1,0
5889,3655,27.95,Online,2,3,DE,mobile,177.7,4,0,0,1,0,1
5896,4193,118.22,Travel,4,3,CA,mobile,140.9,3,0,0,1,0,0
6251,3733,234.3,Travel,0,1,DE,mobile,143.1,3,0,0,1,0,0
6355,3952,8.06,Entertainment,12,5,US,mobile,39.1,3,1,1,0,0,1
6621,1464,109.53,Entertainment,4,2,NG,mobile,506.6,4,0,0,1,0,1
6628,3466,268.33,Food Delivery,1,1,AU,mobile,285.4,3,0,0,1,0,1
6760,4817,11.75,Entertainment,4,4,CA,tablet,210.5,3,0,0,1,0,1
6794,1299,113.65,Food Delivery,2,2,FR,mobile,186.9,5,0,0,1,0,0
7128,1737,141.81,Entertainment,0,0,JP,mobile,31.1,3,0,0,1,0,0
7312,1331,21.38,Online,3,0,FR,mobile,433.1,3,0,0,1,0,1
7600,2093,159.07,Food Delivery,1,4,DE,tablet,91.5,3,0,0,1,0,0
7841,2957,220.57,Food Delivery,23,5,GB,desktop,247.0,2,1,1,1,0,1
8018,1646,10.39,Online,0,1,DE,tablet,294.4,4,0,0,1,0,0
8023,4982,216.97,Entertainment,2,0,AU,tablet,114.5,4,0,0,1,0,1
8072,2570,151.63,Food Delivery,1,5,FR,desktop,89.1,0,1,1,1,0,0
8380,2972,82.18,Travel,9,6,US,mobile,509.6,3,1,1,0,0,0
8450,1873,72.74,Food Delivery,5,2,CA,tablet,51.3,5,0,0,1,0,1
8526,2132,365.66,Online,23,4,CA,tablet,96.6,4,0,0,1,0,1
8856,1552,12.22,Online,5,1,AU,mobile,426.9,3,0,0,1,0,1
8995,1095,30.84,Travel,0,4,BR,mobile,81.0,3,0,0,1,0,0
8997,1876,420.6,Grocery,3,3,AU,mobile,11.7,1,1,0,1,1,0
9648,3816,145.51,Online,17,6,US,mobile,123.7,3,1,1,0,0,1
9700,4101,50.37,Online,16,5,US,mobile,300.2,3,1,1,0,0,0
9806,1719,62.64,Food Delivery,4,6,FR,desktop,116.8,2,1,1,1,0,1
9850,2897,14.02,Travel,9,5,US,mobile,349.4,4,1,1,0,0,0
10095,4239,1086.2,Online,0,6,US,tablet,76.5,1,0,1,1,0,1
10169,4428,43.69,Food Delivery,6,6,US,mobile,113.9,6,1,1,0,0,0
10280,4371,247.66,Food Delivery,14,5,US,mobile,223.8,4,1,1,0,0,1
10331,2232,1752.98,Travel,2,5,US,tablet,79.0,0,0,1,1,0,0
10811,2569,312.46,Online,5,3,JP,mobile,496.5,3,0,0,1,0,0
10911,3463,22.99,Travel,4,2,GB,mobile,135.3,3,0,0,1,0,0
11009,2363,56.05,Online,4,4,AU,tablet,266.4,3,0,0,1,0,0
11421,3171,23.54,Food Delivery,1,0,CA,mobile,374.8,3,0,0,1,0,1
11777,3966,318.63,Travel,18,6,US,tablet,217.7,4,1,1,0,0,0
11999,2429,126.7,Entertainment,1,4,GB,mobile,93.9,4,0,0,1,0,1
12028,3504,170.12,Food Delivery,5,4,CA,mobile,320.3,4,0,0,1,0,1
12291,3754,221.44,Food Delivery,1,4,DE,mobile,617.9,3,0,0,1,0,0
12408,1744,756.03,Online,22,6,US,tablet,194.0,3,1,1,0,0,0
12433,3659,27.16,Online,23,3,GB,mobile,590.2,3,0,0,1,0,0
12936,3943,121.75,Entertainment,23,1,JP,mobile,79.1,3,0,0,1,0,0
13120,1918,39.43,Food Delivery,13,5,DE,mobile,3.4,4,0,1,0,0,0
13254,3567,57.25,Travel,13,6,US,tablet,369.8,3,1,1,0,0,0
13610,4539,60.59,Entertainment,3,1,JP,mobile,292.4,5,0,0,1,0,0
13738,3594,156.21,Food Delivery,13,5,DE,mobile,15.1,4,0,1,0,0,0
13875,4527,348.06,Food Delivery,1,0,JP,mobile,465.4,5,0,0,1,0,0
14046,2349,134.5,Food Delivery,0,3,DE,mobile,61.3,5,0,0,1,0,0
14163,2014,13.54,Online,10,6,US,mobile,157.6,5,1,1,0,0,1
14510,3150,44.4,Online,5,1,DE,mobile,48.1,3,0,0,1,0,1
14826,1380,497.48,Entertainment,3,0,FR,mobile,35.0,3,0,0,1,0,1
15207,2670,143.89,Food Delivery,15,6,US,mobile,41.1,3,1,1,0,0,0
15807,2569,97.41,Food Delivery,2,0,AU,mobile,310.1,3,0,0,1,0,1
16216,4359,215.6,Travel,5,5,BR,desktop,32.0,2,1,1,1,0,0
16329,4674,268.82,Food Delivery,2,1,CA,mobile,233.3,3,0,0,1,0,1
16476,3080,295.49,Entertainment,1,2,AU,mobile,70.1,4,0,0,1,0,1
16745,2091,263.84,Online,3,0,FR,mobile,522.1,4,0,0,1,0,0
17462,1893,97.81,Food Delivery,2,3,JP,mobile,112.7,3,0,0,1,0,1
17925,2088,106.12,Food Delivery,2,3,AU,mobile,147.5,3,0,0,1,0,1
18007,2976,67.04,Entertainment,2,3,GB,mobile,87.3,3,0,0,1,0,1
18051,1803,156.63,Travel,17,5,CA,mobile,12.6,3,0,1,0,0,0
18091,1016,220.39,Entertainment,1,6,DE,desktop,180.0,2,1,1,1,0,0
18291,4944,52.86,Travel,4,4,BR,mobile,51.9,3,0,0,1,0,1
18606,1979,161.54,Online,0,0,JP,mobile,96.1,4,0,0,1,0,0
18723,1617,107.35,Entertainment,2,3,BR,mobile,31.1,3,0,0,1,0,1
18893,1575,105.14,Entertainment,22,6,DE,tablet,19.2,3,0,1,0,0,1
19504,4566,34.21,Online,2,5,GB,desktop,137.3,1,1,1,1,0,0
19664,1897,128.78,Online,1,3,JP,mobile,307.1,3,0,0,1,0,0
19779,1084,135.83,Online,21,6,CA,mobile,9.5,3,0,1,0,0,0
6522,1317,61.93,Retail,2,0,US,mobile,23.5,3,1,0,1,0,1
6833,2740,29.0,Grocery,23,2,US,mobile,12.6,3,1,0,1,0,1
10716,2666,133.71,Grocery,23,0,US,mobile,2.6,3,1,0,1,0,1
14476,3503,42.98,Grocery,3,3,US,tablet,12.3,4,1,0,1,0,0
7610,1080,1475.89,Grocery,23,3,FR,desktop,202.3,3,0,0,1,0,1
342,2163,901.48,Retail,17,5,JP,tablet,130.8,2,1,1,0,0,0
1158,4401,126.55,Entertainment,23,6,FR,tablet,23.3,1,0,1,1,1,0
1815,4534,519.42,Food Delivery,3,2,JP,desktop,80.3,2,1,0,1,1,1
2174,4058,591.49,Travel,22,4,FR,mobile,12.3,4,0,0,0,1,1
4610,2744,1277.03,Grocery,3,5,US,mobile,143.8,4,0,1,1,0,1
5540,4964,81.36,Food Delivery,7,2,US,mobile,97.2,3,1,0,0,1,1
8122,4867,31.78,Food Delivery,14,4,US,mobile,822.8,3,1,0,0,1,1
9545,3592,133.5,Online,0,6,US,mobile,91.4,0,1,1,1,1,1
10077,3246,68.44,Online,4,5,US,mobile,193.4,1,1,1,1,1,0
11892,2056,1092.82,Online,12,0,US,desktop,39.7,1,1,0,0,1,0
12007,3219,60.61,Travel,10,6,GB,desktop,13.0,1,1,1,0,1,1
15099,3702,204.97,Food Delivery,18,2,US,mobile,50.2,3,1,0,0,1,1
15341,3127,416.39,Entertainment,5,5,US,mobile,205.3,1,1,1,1,1,0
19834,3257,212.79,Food Delivery,4,6,US,mobile,296.0,1,1,1,1,1,0
4964,1939,997.36,Travel,19,1,BR,mobile,28.6,2,0,0,0,0,1
7285,1454,1100.95,Online,9,0,JP,mobile,6.0,1,0,0,0,0,1
7731,3219,1005.34,Online,11,4,AU,mobile,5.8,1,0,0,0,0,0
15533,4348,1288.22,Travel,19,2,CA,tablet,3.1,1,0,0,0,0,0
1339,4101,79.74,Food Delivery,23,2,CA,desktop,17.7,3,0,0,1,0,1
2797,4484,66.98,Grocery,17,6,CA,desktop,24.8,3,1,1,0,1,1
3210,1941,36.28,Online,5,3,GB,desktop,18.8,5,0,0,1,0,1
3849,3961,54.53,Online,4,4,US,desktop,115.6,4,1,0,1,0,1
5667,1808,184.6,Travel,9,5,US,desktop,3.4,3,1,1,0,0,0
6349,2911,54.61,Entertainment,23,4,NG,desktop,18.5,3,0,0,1,0,1
7347,1147,24.13,Food Delivery,5,4,CA,desktop,27.1,5,0,0,1,0,0
7445,3705,172.62,Online,5,1,US,desktop,933.8,5,1,0,1,0,1
9795,4948,83.56,Food Delivery,23,3,NG,desktop,2.7,3,0,0,1,0,1
9916,1971,113.48,Travel,1,4,US,desktop,419.5,5,1,0,1,0,1
11146,3004,456.77,Online,5,0,US,desktop,491.2,3,1,0,1,0,0
11252,3430,13.61,Food Delivery,1,4,GB,desktop,22.2,4,0,0,1,0,1
11472,4809,408.23,Grocery,5,4,DE,desktop,134.3,3,1,0,1,1,1
11766,4140,384.5,Food Delivery,1,4,BR,desktop,1.0,3,0,0,1,0,1
14014,4246,81.75,Food Delivery,1,2,US,desktop,159.4,3,1,0,1,0,1
15166,1641,63.44,Travel,1,4,US,desktop,78.6,3,1,0,1,0,0
16100,3768,214.55,Travel,4,1,US,desktop,525.0,4,1,0,1,0,0
16982,1828,92.42,Travel,4,3,US,desktop,98.2,4,1,0,1,0,0
19258,4797,120.14,Entertainment,5,4,AU,desktop,22.1,4,0,0,1,0,1
27,2609,73.87,Online,5,3,DE,tablet,300.9,2,1,0,1,0,0
37,4433,20.72,Travel,2,4,BR,mobile,90.9,1,1,0,1,0,1
172,1360,159.01,Food Delivery,1,4,FR,mobile,67.1,1,1,0,1,0,1
1630,1507,35.51,Online,4,3,CA,mobile,132.4,1,1,0,1,0,1
2154,3178,117.65,Food Delivery,5,2,JP,mobile,47.4,2,1,0,1,0,1
2500,4718,248.18,Food Delivery,20,5,DE,mobile,10.7,1,1,1,0,0,1
2576,2317,13.09,Entertainment,2,6,US,mobile,7.1,3,0,1,1,0,1
3053,4005,80.26,Travel,3,3,FR,tablet,796.6,0,1,0,1,0,1
3325,2733,129.55,Food Delivery,4,0,GB,mobile,312.9,1,1,0,1,0,1
4125,4154,45.35,Travel,1,2,JP,mobile,52.2,2,1,0,1,0,0
4252,2540,129.45,Entertainment,15,6,GB,tablet,10.6,1,1,1,0,0,1
4738,2466,143.2,Food Delivery,3,6,US,tablet,5.5,3,0,1,1,0,0
4877,2650,126.21,Online,5,1,CA,tablet,186.6,1,1,0,1,0,1
5658,4250,114.95,Retail,4,6,NG,tablet,17.2,3,0,1,1,1,1
5736,3227,215.09,Food Delivery,2,1,JP,mobile,308.8,0,1,0,1,0,0
6013,3628,150.86,Travel,4,1,BR,mobile,73.2,2,1,0,1,0,0
6085,3691,108.28,Online,2,1,JP,mobile,101.7,0,1,0,1,0,1
6646,3830,89.87,Travel,4,3,CA,mobile,239.9,2,1,0,1,0,1
6923,2885,301.98,Food Delivery,3,0,FR,mobile,112.3,0,1,0,1,0,1
7268,2662,521.11,Travel,0,4,DE,tablet,164.1,2,1,0,1,0,1
7299,2720,89.08,Food Delivery,7,5,BR,mobile,29.0,1,1,1,0,0,1
7483,2852,68.1,Online,1,6,US,mobile,6.9,3,0,1,1,0,1
7902,2701,97.05,Travel,23,1,DE,mobile,414.6,1,1,0,1,0,1
8880,2207,9.61,Travel,4,3,CA,mobile,237.4,1,1,0,1,0,0
8946,3591,95.32,Entertainment,0,4,GB,mobile,64.5,0,1,0,1,0,1
8985,1847,21.21,Travel,3,3,FR,mobile,120.1,1,1,0,1,0,1
9186,3919,206.07,Online,13,5,JP,tablet,11.3,2,1,1,0,0,0
9516,4957,268.54,Travel,2,4,DE,mobile,48.8,2,1,0,1,0,1
9540,3837,217.77,Entertainment,0,3,NG,mobile,151.4,0,1,0,1,0,0
9807,4536,47.48,Food Delivery,21,6,CA,mobile,21.2,1,1,1,0,0,1
9981,2815,63.74,Travel,4,3,DE,tablet,94.2,0,1,0,1,0,1
10227,2359,525.75,Entertainment,1,1,CA,mobile,41.5,2,1,0,1,0,1
10583,3534,51.73,Travel,1,2,CA,mobile,120.4,0,1,0,1,0,0
11010,4499,155.36,Travel,3,1,AU,mobile,61.2,2,1,0,1,0,0
11215,2903,14.71,Entertainment,2,5,US,mobile,5.6,3,0,1,1,0,1
11782,4865,58.6,Travel,1,3,CA,mobile,419.2,1,1,0,1,0,0
11843,3808,60.1,Travel,3,2,CA,mobile,65.2,1,1,0,1,0,1
12120,4547,167.12,Entertainment,2,4,AU,mobile,508.7,1,1,0,1,0,1
12251,1990,85.84,Online,4,2,GB,mobile,368.2,0,1,0,1,0,1
12603,4745,67.92,Food Delivery,2,0,GB,mobile,38.4,1,1,0,1,0,0
12635,2400,190.82,Travel,23,1,JP,mobile,779.4,0,1,0,1,0,1
13257,2481,25.36,Online,1,2,JP,mobile,144.8,1,1,0,1,0,1
13286,1824,40.12,Travel,1,2,JP,mobile,156.4,2,1,0,1,0,1
13764,3608,109.93,Entertainment,0,1,BR,tablet,47.1,2,1,0,1,0,0
13802,2440,75.28,Online,0,2,JP,mobile,150.6,0,1,0,1,0,0
15474,3953,364.07,Entertainment,1,3,DE,tablet,251.0,2,1,0,1,0,1
15761,1506,88.13,Online,23,2,DE,mobile,181.3,2,1,0,1,0,0
15819,1636,233.91,Entertainment,23,1,CA,mobile,88.0,1,1,0,1,0,1
16457,1087,1220.65,Retail,4,2,US,tablet,189.4,3,0,0,1,1,1
17640,4585,92.11,Entertainment,2,5,US,tablet,7.4,3,0,1,1,0,1
17908,4878,24.29,Food Delivery,23,3,GB,tablet,341.6,1,1,0,1,0,1
18134,2434,79.13,Travel,17,5,CA,mobile,13.9,1,1,1,0,0,1
18389,3823,18.74,Travel,3,3,JP,mobile,266.8,1,1,0,1,0,1
18701,1255,133.04,Travel,4,4,CA,mobile,96.1,2,1,0,1,0,0
19246,4798,595.25,Online,2,1,AU,mobile,53.1,2,1,0,1,0,0
19659,3752,90.22,Travel,0,0,GB,mobile,35.4,0,1,0,1,0,1
19663,1770,45.5,Travel,2,1,NG,mobile,40.9,1,1,0,1,0,0
1785,3909,144.97,Grocery,1,3,CA,mobile,46.1,3,1,0,1,0,1
3006,2483,54.31,Grocery,3,3,DE,mobile,329.5,3,1,0,1,0,0
3830,1600,309.5,Utilities,4,0,GB,mobile,490.4,4,1,0,1,0,1
4867,2873,121.48,Grocery,19,6,DE,mobile,1.5,4,1,1,0,0,1
4915,4110,145.28,Retail,0,0,GB,tablet,284.8,3,1,0,1,0,1
5113,4969,61.64,Utilities,15,5,AU,mobile,6.1,3,1,1,0,0,1
7379,2401,223.23,Retail,23,1,GB,mobile,102.4,3,1,0,1,0,1
10243,3239,25.08,Health,21,5,JP,mobile,16.9,3,1,1,0,0,1
13132,3761,284.47,Grocery,2,1,GB,tablet,30.3,3,1,0,1,0,1
19730,1232,99.16,Grocery,4,2,NG,mobile,203.1,3,1,0,1,0,0
18931,1802,66.92,Travel,5,5,US,desktop,1.0,2,1,1,1,1,0
8531,3826,214.12,Food Delivery,1,6,FR,desktop,212.0,3,0,1,1,1,0
8773,3008,17.92,Entertainment,4,6,JP,desktop,251.5,4,0,1,1,1,1
9814,4517,937.19,Entertainment,17,5,FR,mobile,133.3,1,0,1,0,1,1
12140,1545,32.74,Travel,4,4,US,mobile,6.1,3,0,0,1,1,0
13140,4593,49.29,Travel,0,2,US,mobile,11.7,4,0,0,1,1,0
13779,2761,51.01,Food Delivery,4,6,AU,desktop,500.9,3,0,1,1,1,1
948,1536,152.07,Food Delivery,2,6,US,mobile,7.8,1,1,1,1,0,0
1393,4935,2206.01,Retail,1,1,FR,tablet,6.1,2,0,0,1,1,1
2530,3307,95.65,Food Delivery,0,5,US,tablet,12.9,0,1,1,1,0,0
3316,4386,19.81,Food Delivery,5,5,US,tablet,12.0,0,1,1,1,0,0
5403,3693,34.8,Entertainment,11,2,US,mobile,1.0,5,1,0,0,0,1
9141,3004,50.14,Retail,11,1,GB,tablet,7.0,4,1,0,0,1,0
10187,2803,147.63,Online,11,0,US,tablet,14.1,3,1,0,0,0,1
10849,4689,336.9,Entertainment,16,3,US,mobile,24.6,3,1,0,0,0,1
11415,2787,149.93,Online,18,0,US,mobile,8.0,4,1,0,0,0,1
15520,3261,25.51,Food Delivery,0,6,US,mobile,5.7,0,1,1,1,0,1
18523,2743,200.6,Online,20,0,US,tablet,14.4,4,1,0,0,0,1
19278,3441,8.96,Food Delivery,10,1,US,mobile,24.2,3,1,0,0,0,1
16,4144,593.29,Travel,4,1,JP,desktop,9.4,2,1,0,1,0,1
983,3188,13.86,Food Delivery,10,6,NG,desktop,331.1,5,1,1,0,0,1
4007,2005,925.85,Entertainment,10,4,CA,desktop,275.1,4,0,0,0,0,0
4175,2602,29.17,Travel,0,4,CA,desktop,25.3,2,1,0,1,0,0
4983,1748,47.86,Travel,22,5,GB,desktop,382.2,3,1,1,0,0,0
9884,1213,80.69,Travel,11,5,GB,desktop,52.1,5,1,1,0,0,0
10254,2757,3153.8,Entertainment,19,2,US,desktop,18.2,1,1,0,0,0,1
11111,2138,119.16,Travel,16,5,CA,desktop,190.8,3,1,1,0,0,0
11347,3520,33.56,Entertainment,10,6,DE,desktop,228.2,6,1,1,0,0,1
11546,1971,62.1,Travel,7,5,DE,desktop,252.0,4,1,1,0,0,0
13302,3642,67.13,Travel,19,6,AU,desktop,650.0,4,1,1,0,0,1
14761,3175,156.44,Online,1,0,NG,desktop,20.4,0,1,0,1,0,0
16996,4657,120.21,Travel,22,6,BR,desktop,655.1,3,1,1,0,0,1
17240,3906,152.99,Travel,9,6,GB,desktop,258.5,3,1,1,0,0,0
18286,1911,29.99,Travel,19,6,NG,desktop,237.4,5,1,1,0,0,1
19323,2439,46.23,Travel,16,5,FR,desktop,606.0,4,1,1,0,0,1
450,2145,142.62,Food Delivery,23,5,JP,tablet,207.9,3,0,1,1,0,0
508,1991,535.65,Travel,4,6,NG,mobile,477.8,3,0,1,1,0,0
533,1623,317.02,Entertainment,1,6,FR,mobile,170.0,3,0,1,1,0,1
2119,3183,38.75,Travel,1,6,AU,mobile,201.5,3,0,1,1,0,1
2664,2986,211.58,Travel,5,6,GB,mobile,59.4,3,0,1,1,0,0
3273,3610,326.59,Travel,3,6,AU,mobile,228.6,6,0,1,1,0,0
4441,2304,74.87,Food Delivery,5,6,BR,mobile,323.4,3,0,1,1,0,0
5985,1560,414.19,Travel,2,6,GB,tablet,123.1,4,0,1,1,0,0
6834,3480,72.92,Food Delivery,4,6,CA,mobile,161.6,3,0,1,1,0,1
6978,1834,95.87,Online,3,6,FR,mobile,44.2,3,0,1,1,0,0
7064,1065,227.85,Online,3,6,BR,tablet,249.6,3,0,1,1,0,0
7256,3689,37.09,Travel,2,5,JP,mobile,44.3,3,0,1,1,0,1
7474,2020,1283.72,Food Delivery,11,6,US,mobile,558.8,3,0,1,0,0,1
8207,2883,105.45,Entertainment,4,5,AU,mobile,169.9,5,0,1,1,0,1
8605,1749,88.95,Online,23,5,DE,mobile,198.6,4,0,1,1,0,0
9608,2850,77.94,Travel,5,5,GB,mobile,75.9,3,0,1,1,0,0
10728,4600,104.01,Online,0,5,GB,tablet,913.6,4,0,1,1,0,0
11544,4503,188.32,Travel,3,5,BR,mobile,103.0,3,0,1,1,0,1
11560,1350,151.28,Travel,1,5,CA,mobile,279.4,4,0,1,1,0,0
12676,2347,446.55,Food Delivery,4,6,GB,tablet,50.1,3,0,1,1,0,1
12865,2266,126.59,Online,23,6,JP,mobile,63.5,5,0,1,1,0,1
13507,3398,629.63,Entertainment,0,5,GB,tablet,70.6,3,0,1,1,0,1
15509,4688,127.12,Travel,0,6,GB,mobile,36.0,3,0,1,1,0,0
16386,1455,123.61,Online,1,6,CA,tablet,231.3,3,0,1,1,0,1
17409,2365,301.61,Travel,0,5,FR,mobile,40.8,3,0,1,1,0,0
330,3219,1891.88,Grocery,3,2,US,mobile,3.8,3,0,0,1,0,0
7754,1007,134.76,Entertainment,13,2,BR,desktop,253.7,4,1,0,0,1,1
11764,1893,22.35,Entertainment,19,1,FR,desktop,242.3,3,1,0,0,1,0
13624,2143,1081.26,Retail,2,6,AU,desktop,96.1,3,0,1,1,0,1
1209,2138,94.91,Online,6,5,DE,mobile,3.9,3,0,1,0,1,0
2319,4402,61.06,Online,17,6,CA,mobile,17.0,3,0,1,0,1,1
3447,2280,255.37,Entertainment,5,5,DE,desktop,166.6,0,1,1,1,1,0
5634,2130,106.68,Food Delivery,0,4,GB,tablet,238.5,3,0,0,1,1,0
7405,2686,49.88,Travel,3,1,AU,mobile,80.0,3,0,0,1,1,0
8992,2430,228.33,Travel,23,2,CA,tablet,42.1,4,0,0,1,1,1
10557,3970,45.35,Travel,4,5,JP,desktop,489.4,0,1,1,1,1,1
11581,4034,84.69,Entertainment,2,4,GB,mobile,115.7,3,0,0,1,1,0
14330,4726,201.94,Online,0,2,DE,mobile,218.5,4,0,0,1,1,1
15245,2819,88.36,Online,21,5,US,mobile,457.1,3,1,1,0,1,0
18709,1961,72.71,Travel,1,4,AU,mobile,118.4,3,0,0,1,1,0
19325,3363,87.02,Travel,5,1,CA,mobile,430.2,3,0,0,1,1,1
19912,2906,21.36,Online,2,3,GB,tablet,373.0,3,0,0,1,1,0
307,2208,7.31,Travel,22,2,DE,mobile,572.4,3,1,0,0,0,1
1308,1950,1013.27,Online,4,4,BR,mobile,95.4,2,0,0,1,0,0
1897,3297,59.21,Online,8,0,GB,mobile,66.0,3,1,0,0,0,1
2750,4897,75.1,Travel,22,1,BR,mobile,144.0,3,1,0,0,0,0
3070,1279,51.05,Online,19,3,CA,tablet,54.8,4,1,0,0,0,1
3834,3639,155.97,Entertainment,9,3,DE,tablet,51.2,3,1,0,0,0,0
5122,3470,1154.41,Travel,3,2,JP,mobile,246.5,1,0,0,1,0,0
5368,3330,425.25,Travel,14,4,FR,mobile,182.4,7,1,0,0,0,1
5864,1830,404.24,Online,16,3,FR,mobile,37.6,4,1,0,0,0,1
6977,4164,1077.36,Travel,5,1,CA,mobile,164.8,2,0,0,1,0,0
7621,4747,89.47,Entertainment,10,1,NG,tablet,175.8,3,1,0,0,0,0
8850,3368,42.22,Entertainment,10,4,CA,tablet,41.4,3,1,0,0,0,0
9161,3721,146.69,Travel,15,0,NG,mobile,73.1,3,1,0,0,0,1
9244,4754,347.51,Online,20,3,CA,mobile,50.0,3,1,0,0,0,1
10131,2134,1513.4,Online,1,2,JP,mobile,240.3,0,0,0,1,0,1
10526,1619,42.5,Travel,17,1,GB,mobile,128.7,3,1,0,0,0,1
10921,3563,16.88,Food Delivery,10,3,GB,tablet,364.1,3,1,0,0,0,0
12791,1266,82.74,Travel,7,4,CA,mobile,63.6,3,1,0,0,0,0
14083,1076,351.86,Entertainment,22,0,CA,mobile,345.2,3,1,0,0,0,1
14151,2578,50.72,Travel,20,4,NG,tablet,152.3,3,1,0,0,0,0
15199,2611,156.79,Online,9,3,GB,mobile,124.3,3,1,0,0,0,1
15342,4967,75.69,Entertainment,15,0,CA,mobile,343.0,5,1,0,0,0,0
15914,2439,93.92,Travel,7,0,GB,mobile,90.6,3,1,0,0,0,0
17597,2319,22.49,Entertainment,11,4,CA,mobile,120.8,5,1,0,0,0,1
17717,4857,264.27,Food Delivery,17,2,GB,tablet,31.6,3,1,0,0,0,0
18113,3088,9.77,Travel,16,3,GB,mobile,295.1,3,1,0,0,0,0
18693,1001,167.64,Food Delivery,10,1,GB,mobile,286.3,3,1,0,0,0,0
18923,2379,1019.74,Online,2,1,AU,tablet,120.7,1,0,0,1,0,1
2156,2959,76.23,Entertainment,0,6,US,desktop,295.3,3,1,1,1,0,1
16129,2762,1003.74,Entertainment,9,1,GB,desktop,67.5,2,1,0,0,0,1
17006,1647,991.64,Travel,21,2,FR,desktop,108.8,1,1,0,0,0,0
17903,1023,22.06,Online,4,6,US,desktop,198.7,3,1,1,1,0,1
18160,2342,23.0,Travel,4,5,US,desktop,66.9,3,1,1,1,0,1
19452,4218,33.0,Travel,5,6,US,desktop,293.6,3,1,1,1,0,1
10,1376,17.44,Online,5,5,GB,mobile,125.8,1,1,1,1,0,1
1519,2979,155.04,Travel,23,5,BR,mobile,37.2,2,1,1,1,0,1
2355,2236,152.86,Food Delivery,1,6,FR,mobile,688.1,1,1,1,1,0,1
6450,1556,83.65,Online,5,6,GB,mobile,320.1,0,1,1,1,0,1
6814,3063,35.0,Food Delivery,0,5,FR,mobile,51.4,1,1,1,1,0,0
7320,1229,45.65,Online,0,5,AU,tablet,209.2,0,1,1,1,0,1
8140,1724,20.06,Food Delivery,2,5,CA,mobile,399.6,0,1,1,1,0,1
8621,1102,219.03,Food Delivery,5,5,CA,tablet,124.1,2,1,1,1,0,0
8706,3623,85.97,Travel,5,5,DE,mobile,197.9,0,1,1,1,0,1
8708,1207,221.58,Food Delivery,2,6,CA,tablet,288.9,0,1,1,1,0,1
11504,2529,135.22,Food Delivery,1,6,DE,tablet,73.7,0,1,1,1,0,0
11672,1385,119.3,Food Delivery,5,6,FR,mobile,265.5,1,1,1,1,0,0
13269,1895,148.17,Travel,23,5,AU,mobile,33.2,1,1,1,1,0,1
14018,1005,127.16,Online,2,6,CA,tablet,237.5,2,1,1,1,0,0
14421,3302,184.54,Food Delivery,0,6,CA,mobile,62.8,1,1,1,1,0,1
14633,4334,132.3,Travel,2,5,CA,tablet,125.1,2,1,1,1,0,0
14683,2987,188.45,Entertainment,4,5,DE,mobile,49.1,2,1,1,1,0,1
18208,3866,30.76,Entertainment,1,6,GB,mobile,77.4,0,1,1,1,0,1
19767,2722,80.6,Online,23,5,CA,tablet,38.4,2,1,1,1,0,1
282,2946,81.26,Grocery,4,6,BR,mobile,63.5,3,1,1,1,0,0
888,1772,153.62,Utilities,3,6,AU,mobile,392.7,3,1,1,1,0,0
1083,4832,989.42,Utilities,21,6,FR,mobile,15.0,3,0,1,0,0,1
3396,4180,97.96,Retail,2,5,GB,mobile,66.4,3,1,1,1,0,1
3611,3238,1247.92,Utilities,18,6,CA,tablet,1.7,4,0,1,0,0,0
8049,3930,92.54,Utilities,3,5,GB,tablet,109.9,3,1,1,1,0,0
9142,2213,1162.97,Health,23,3,GB,tablet,156.2,3,0,0,1,0,1
9409,2033,33.22,Grocery,5,5,FR,mobile,175.5,4,1,1,1,0,0
849,4279,35.75,Online,23,0,DE,mobile,411.4,2,1,0,1,1,0
4438,4789,127.28,Online,8,6,JP,mobile,7.8,2,1,1,0,1,1
5661,1517,402.76,Online,4,2,GB,tablet,228.9,0,1,0,1,1,0
10722,3578,83.08,Online,0,2,JP,mobile,130.2,0,1,0,1,1,1
15156,1112,32.84,Food Delivery,2,4,FR,mobile,102.1,2,1,0,1,1,0
331,3187,51.19,Grocery,6,6,FR,mobile,1.2,3,1,1,0,1,0
947,4893,105.54,Food Delivery,3,0,DE,tablet,23.1,4,0,0,1,0,0
981,3358,172.3,Travel,4,3,US,mobile,413.9,5,1,0,1,0,0
984,3591,84.51,Online,5,4,US,mobile,158.6,3,1,0,1,0,1
1284,4203,106.27,Travel,3,4,BR,mobile,2.4,4,0,0,1,0,1
1294,1018,1862.8,Online,1,2,JP,desktop,14.4,0,0,0,1,0,1
1344,3299,39.1,Online,2,1,GB,mobile,10.2,3,0,0,1,0,1
2172,3979,190.75,Online,1,3,US,tablet,192.2,3,1,0,1,0,1
2509,2629,35.77,Entertainment,5,4,US,tablet,49.2,3,1,0,1,0,1
2694,2699,121.01,Entertainment,23,2,AU,mobile,7.6,3,0,0,1,0,0
3351,1636,25.02,Travel,3,1,US,mobile,184.5,3,1,0,1,0,1
3537,1120,113.54,Online,1,2,CA,tablet,28.2,4,0,0,1,0,0
3579,4525,87.76,Online,4,0,GB,mobile,23.1,3,0,0,1,0,0
3599,2138,99.14,Travel,4,3,US,mobile,511.6,3,1,0,1,0,1
4993,4965,20.53,Travel,16,0,CA,desktop,11.6,3,1,0,0,0,0
5791,3932,24.69,Entertainment,3,2,GB,mobile,24.0,3,0,0,1,0,0
6418,1437,15.46,Food Delivery,1,3,GB,mobile,28.3,3,0,0,1,0,1
6520,1171,84.0,Travel,5,1,CA,mobile,4.6,3,0,0,1,0,1
6550,3816,87.24,Entertainment,23,0,US,mobile,158.1,3,1,0,1,0,0
7482,1844,62.37,Online,2,4,US,mobile,436.2,3,1,0,1,0,0
7837,2548,17.38,Travel,4,0,US,mobile,335.0,4,1,0,1,0,1
8098,2466,236.71,Food Delivery,3,2,CA,mobile,28.0,4,0,0,1,0,0
8215,1200,359.48,Food Delivery,16,6,US,mobile,18.1,4,1,1,0,0,1
10208,3457,239.67,Online,5,2,CA,tablet,16.9,3,0,0,1,0,1
11564,4977,171.63,Online,23,4,US,mobile,295.1,5,1,0,1,0,1
11934,4091,103.17,Travel,0,2,US,mobile,201.9,3,1,0,1,0,0
12493,2022,67.87,Travel,8,5,US,mobile,5.7,5,1,1,0,0,1
12930,3223,59.98,Food Delivery,1,3,US,mobile,966.2,3,1,0,1,0,1
13222,3860,110.93,Travel,17,1,BR,desktop,19.9,3,1,0,0,0,1
13527,4839,36.16,Travel,2,4,US,mobile,268.8,3,1,0,1,0,0
13555,1220,99.19,Online,4,2,US,mobile,56.5,4,1,0,1,0,1
14033,3034,359.82,Online,3,1,GB,tablet,18.3,3,0,0,1,0,1
16047,1403,89.34,Travel,7,5,US,mobile,6.7,3,1,1,0,0,0
16108,3812,148.77,Food Delivery,23,2,DE,mobile,25.2,4,0,0,1,0,1
16316,1858,26.12,Food Delivery,2,2,US,mobile,206.8,4,1,0,1,0,1
16869,4422,17.76,Travel,1,3,US,tablet,503.6,3,1,0,1,0,0
17491,3926,113.99,Food Delivery,14,6,US,mobile,6.0,4,1,1,0,0,0
17811,3858,250.73,Travel,1,0,US,mobile,137.5,3,1,0,1,0,1
18054,4043,1379.33,Online,5,4,CA,desktop,4.2,0,0,0,1,0,1
18409,1107,65.37,Travel,4,3,CA,mobile,1.0,3,0,0,1,0,1
18947,4161,25.98,Food Delivery,16,5,US,mobile,17.9,3,1,1,0,0,1
696,2013,1216.06,Travel,5,4,US,desktop,286.6,1,1,0,1,0,0
5524,4676,80.54,Online,0,6,FR,desktop,26.1,0,1,1,1,0,1
5528,2263,34.39,Travel,2,5,JP,desktop,22.1,0,1,1,1,0,1
12942,2606,587.59,Travel,5,5,AU,desktop,1.2,0,1,1,1,0,1
16184,1260,947.05,Food Delivery,22,6,CA,desktop,223.2,3,0,1,0,0,0
17758,1687,1223.15,Food Delivery,23,4,US,desktop,149.7,1,1,0,1,0,0
379,2519,1234.19,Retail,3,3,DE,mobile,94.8,2,1,0,1,0,1
1074,3100,397.8,Travel,23,5,US,tablet,4.5,1,1,1,1,1,1
10230,1466,153.09,Entertainment,0,6,US,tablet,1.0,1,1,1,1,1,1
11875,3271,91.49,Utilities,0,5,CA,desktop,23.3,3,1,1,1,0,1
13537,2944,88.53,Food Delivery,7,0,US,mobile,25.6,3,1,0,0,1,0
15945,2963,871.83,Health,23,6,FR,desktop,16.6,4,1,1,1,0,0
12836,1811,222.77,Travel,3,4,CA,desktop,19.7,1,1,0,1,1,0
12897,1036,185.5,Travel,22,5,AU,desktop,213.5,3,1,1,0,1,1
5466,3220,104.8,Online,3,6,CA,mobile,31.5,4,0,1,1,1,1
12510,4650,47.2,Entertainment,2,6,GB,tablet,40.9,3,0,1,1,1,0
15930,1643,316.13,Travel,4,5,BR,mobile,484.1,3,0,1,1,1,1
16133,1146,177.66,Online,0,6,CA,tablet,123.6,3,0,1,1,1,0
17223,1744,32.48,Food Delivery,3,5,CA,mobile,109.3,4,0,1,1,1,0
4491,1752,39.47,Travel,12,6,FR,mobile,130.0,3,1,1,0,0,1
5283,4304,38.29,Travel,3,0,GB,mobile,4.4,1,1,0,1,0,0
7524,2307,553.44,Travel,15,5,DE,mobile,58.7,4,1,1,0,0,1
9180,4534,138.92,Travel,23,4,GB,mobile,9.2,0,1,0,1,0,1
9293,3766,11.95,Food Delivery,4,4,DE,mobile,16.6,2,1,0,1,0,1
10505,2557,167.16,Travel,7,5,GB,mobile,195.6,3,1,1,0,0,1
11740,1780,982.53,Online,3,5,CA,tablet,34.8,0,0,1,1,0,0
13160,4839,28.4,Online,23,2,US,desktop,8.8,3,1,0,1,0,1
13446,2673,40.87,Travel,4,0,US,desktop,28.6,4,1,0,1,0,0
16757,2696,956.81,Travel,14,1,CA,tablet,208.8,3,0,0,0,0,0
16835,4705,104.22,Travel,4,0,GB,mobile,9.8,2,1,0,1,0,1
16981,2362,28.32,Online,4,0,FR,tablet,24.5,1,1,0,1,0,1
17670,2560,40.6,Food Delivery,3,1,BR,tablet,6.7,0,1,0,1,0,0
19952,1442,74.2,Online,5,2,US,desktop,11.4,4,1,0,1,0,1
3532,1285,1734.26,Travel,23,6,US,desktop,124.2,3,0,1,1,0,0
2940,1675,1200.73,Travel,10,5,JP,tablet,6.2,0,0,1,0,1,1
4373,1906,132.6,Travel,17,0,JP,tablet,348.8,5,1,0,0,1,1
4464,3621,197.82,Travel,6,1,CA,mobile,528.8,3,1,0,0,1,1
7889,4325,235.8,Grocery,5,1,AU,tablet,13.9,3,1,0,1,0,0
14621,1923,134.14,Travel,10,2,JP,mobile,285.8,3,1,0,0,1,1
19042,4665,174.9,Grocery,0,3,BR,mobile,14.8,4,1,0,1,0,1
8650,1806,167.23,Online,0,5,JP,mobile,58.5,0,1,1,1,1,1
15964,4584,14.2,Travel,5,6,GB,mobile,68.3,0,1,1,1,1,1
2859,3897,341.9,Online,1,5,US,mobile,115.2,5,1,1,1,0,1
4129,3191,76.94,Travel,12,5,AU,desktop,6.4,3,1,1,0,0,1
5694,1930,330.96,Online,1,5,AU,mobile,7.2,3,0,1,1,0,1
7517,1050,75.01,Entertainment,1,6,US,mobile,180.1,3,1,1,1,0,0
7615,4153,74.66,Food Delivery,3,4,AU,desktop,96.7,4,1,0,1,0,1
7619,2022,7.47,Online,0,5,BR,mobile,8.6,3,0,1,1,0,1
9020,2285,128.3,Travel,16,5,DE,desktop,19.9,4,1,1,0,0,1
10141,2508,262.65,Food Delivery,4,2,AU,desktop,156.1,3,1,0,1,0,1
10394,2772,1102.47,Travel,3,4,US,mobile,233.5,3,0,0,1,0,1
12598,2115,43.17,Online,0,6,US,tablet,293.4,3,1,1,1,0,1
14294,2357,67.8,Online,4,0,BR,desktop,125.8,3,1,0,1,0,0
14758,2703,1030.65,Online,2,1,US,mobile,464.5,3,0,0,1,0,1
14823,2182,118.71,Travel,1,5,FR,mobile,19.1,4,0,1,1,0,1
15275,4145,45.09,Food Delivery,0,5,FR,mobile,17.7,4,0,1,1,0,1
15462,3619,1508.91,Food Delivery,1,0,US,mobile,77.4,3,0,0,1,0,1
18691,1059,116.96,Online,5,1,CA,desktop,526.4,4,1,0,1,0,1
8661,4766,36.0,Entertainment,4,2,US,mobile,46.0,3,1,0,1,1,0
9204,4692,44.94,Food Delivery,4,0,DE,mobile,23.4,5,0,0,1,1,1
15558,1806,61.53,Food Delivery,1,0,AU,tablet,27.0,3,0,0,1,1,1
731,3915,14.38,Online,16,4,CA,tablet,1.3,3,1,0,0,0,1
2264,3065,146.55,Online,10,1,CA,tablet,6.4,3,1,0,0,0,1
6209,2162,217.92,Entertainment,12,1,DE,mobile,17.0,3,1,0,0,0,1
7858,1555,99.94,Entertainment,2,6,AU,mobile,8.7,2,1,1,1,0,1
9340,2094,92.88,Online,1,6,JP,mobile,3.3,1,1,1,1,0,0
14192,2053,754.24,Entertainment,20,3,JP,mobile,8.9,3,1,0,0,0,1
14882,4520,1334.59,Travel,7,5,NG,mobile,606.8,5,0,1,0,0,1
17641,1230,1167.26,Online,20,5,CA,mobile,115.4,4,0,1,0,0,1
18200,4880,1133.42,Travel,19,5,GB,mobile,43.3,3,0,1,0,0,1
19667,4817,2454.06,Entertainment,4,3,GB,tablet,24.9,1,0,0,1,0,0
1145,2324,158.84,Travel,16,5,DE,mobile,315.1,3,1,1,0,1,0
2097,4758,73.56,Entertainment,14,5,DE,mobile,309.3,4,1,1,0,1,0
8682,1509,72.19,Entertainment,23,1,AU,tablet,1.0,0,1,0,1,1,1
13632,1769,73.37,Entertainment,1,1,JP,tablet,17.3,0,1,0,1,1,1
15686,1279,211.69,Food Delivery,12,6,CA,mobile,319.0,5,1,1,0,1,1
1317,3838,376.76,Travel,3,6,CA,desktop,199.1,3,1,1,1,0,0
1711,2370,1431.48,Food Delivery,1,0,JP,desktop,149.1,3,0,0,1,0,1
5123,3460,102.22,Food Delivery,5,5,GB,desktop,304.5,3,1,1,1,0,0
5527,3349,149.3,Online,1,6,FR,desktop,376.6,4,1,1,1,0,1
18401,2876,43.17,Online,3,6,NG,desktop,33.8,3,1,1,1,0,1
18465,4192,454.35,Online,1,2,US,mobile,17.5,3,1,0,1,0,1
9243,3590,2015.01,Food Delivery,2,6,DE,desktop,7.8,0,0,1,1,1,1
10433,1970,116.72,Online,23,4,DE,desktop,333.4,5,1,0,1,1,1
13293,1060,260.89,Travel,2,0,CA,desktop,52.0,3,1,0,1,1,1
1729,2777,80.08,Online,10,5,BR,mobile,12.2,3,1,1,0,0,1
1805,1511,1157.31,Online,3,5,US,mobile,108.7,2,1,1,1,0,0
3711,2439,49.67,Travel,3,0,JP,mobile,72.8,3,1,0,1,0,0
4259,3417,193.07,Entertainment,1,2,GB,mobile,150.0,4,1,0,1,0,0
5245,2404,10.29,Online,0,0,CA,tablet,263.1,5,1,0,1,0,1
5589,4232,51.8,Travel,5,1,FR,mobile,358.3,4,1,0,1,0,1
6068,1920,98.85,Travel,23,1,CA,mobile,85.9,4,1,0,1,0,1
6131,1284,105.15,Entertainment,20,5,CA,mobile,10.9,3,1,1,0,0,1
8679,3330,39.35,Online,23,0,CA,mobile,132.5,3,1,0,1,0,0
9272,1212,1325.58,Online,3,6,US,mobile,45.3,0,1,1,1,0,1
9922,1634,56.12,Travel,16,6,CA,tablet,1.3,4,1,1,0,0,0
11152,1512,15.18,Travel,14,6,CA,mobile,11.1,4,1,1,0,0,0
11153,1429,30.04,Online,23,4,DE,mobile,87.3,3,1,0,1,0,0
11771,2521,41.33,Online,0,3,FR,tablet,661.1,3,1,0,1,0,0
12282,1757,29.44,Travel,13,6,NG,mobile,24.0,3,1,1,0,0,1
15714,1787,17.55,Online,2,2,GB,tablet,131.2,5,1,0,1,0,1
16803,3464,1138.47,Travel,4,5,CA,mobile,16.9,0,0,1,1,0,1
17052,4335,114.06,Food Delivery,16,5,JP,mobile,7.5,3,1,1,0,0,1
18123,3212,19.23,Food Delivery,3,2,NG,mobile,60.1,3,1,0,1,0,1
18728,3051,25.54,Travel,23,4,GB,mobile,448.4,3,1,0,1,0,1
18895,3718,136.65,Travel,3,2,AU,mobile,308.4,3,1,0,1,0,1
18927,1746,152.93,Food Delivery,4,3,DE,mobile,353.7,4,1,0,1,0,1
19932,1040,14.37,Travel,0,1,CA,mobile,336.6,5,1,0,1,0,1
15311,1827,33.01,Travel,23,6,BR,mobile,20.0,0,1,1,1,1,1
11624,1298,110.16,Online,3,1,DE,desktop,26.4,3,1,0,1,0,1
15094,3127,1039.39,Travel,0,0,US,mobile,21.2,3,0,0,1,0,0
17196,3597,68.06,Travel,4,5,GB,desktop,77.7,3,1,1,1,1,1
3141,2967,36.08,Online,1,6,CA,mobile,33.9,3,1,1,1,0,1
9449,4092,60.18,Entertainment,23,6,JP,mobile,58.6,3,1,1,1,0,1
15355,3241,1119.26,Online,2,5,AU,desktop,281.4,2,1,1,1,0,1
15649,3278,55.88,Food Delivery,0,6,GB,mobile,116.3,4,1,1,1,0,1
13021,4041,167.84,Food Delivery,5,1,BR,mobile,677.8,4,1,0,1,1,0
19446,2928,966.31,Retail,0,5,JP,desktop,179.1,4,1,1,1,0,1
7229,4665,469.53,Food Delivery,2,2,JP,mobile,20.9,3,1,0,1,0,1
18322,2301,9.74,Entertainment,3,3,BR,mobile,7.1,3,1,0,1,0,1
4731,4674,1007.72,Travel,20,2,US,mobile,17.3,3,1,0,0,0,1
12327,1788,512.85,Food Delivery,1,5,GB,mobile,104.2,3,1,1,1,1,1
8310,3323,923.76,Utilities,4,6,GB,mobile,137.0,4,1,1,1,0,1
9569,2591,1618.34,Online,1,4,US,mobile,216.9,3,1,0,1,0,0
15055,3761,1220.68,Food Delivery,4,4,GB,desktop,158.4,3,1,0,1,0,1
19486,3304,1150.56,Food Delivery,3,3,US,mobile,25.4,4,1,0,1,1,1
