transaction_id,customer_id,amount,merchant_category,hour,day_of_week,country,device_type,card_age_days,velocity,is_international,is_weekend,is_night,is_new_card,is_fraud
17688,3396,5.0,Travel,9,5,US,mobile,75.5,1,0,1,0,0,0
17730,1270,5.0,Travel,17,5,US,mobile,50.1,0,0,1,0,0,0
17734,1361,5.0,Online,15,5,US,mobile,80.3,0,0,1,0,0,0
17789,1794,5.0,Online,12,2,CA,desktop,37.0,2,0,0,0,0,1
17801,1339,5.0,Online,16,2,CA,desktop,103.5,2,0,0,0,0,0
17817,4474,5.0,Entertainment,20,6,US,mobile,102.3,2,0,1,0,0,0
17873,4763,5.0,Online,6,6,US,mobile,121.5,1,0,1,0,0,0
17910,2898,5.0,Online,7,1,CA,desktop,145.2,0,0,0,0,0,0
18033,1888,5.0,Food Delivery,13,2,DE,desktop,76.0,0,0,0,0,0,0
18071,1369,5.0,Online,22,0,AU,desktop,53.5,1,0,0,0,0,0
18076,3242,5.0,Entertainment,12,5,US,mobile,211.8,1,0,1,0,0,0
18080,1177,5.0,Entertainment,17,5,US,mobile,182.3,1,0,1,0,0,0
18086,2459,19.64,Food Delivery,16,6,US,mobile,183.4,2,0,1,0,0,0
18110,4344,5.0,Entertainment,10,6,US,mobile,136.4,0,0,1,0,0,0
18115,1815,5.0,Online,7,3,GB,desktop,210.0,0,0,0,0,0,1
18155,2730,5.0,Online,9,5,US,mobile,60.5,2,0,1,0,0,1
18183,1138,5.0,Online,13,5,US,mobile,73.7,0,0,1,0,0,0
18187,4801,5.0,Travel,10,6,US,mobile,306.7,0,0,1,0,0,0
18189,1333,7.33,Food Delivery,13,5,US,mobile,73.5,2,0,1,0,0,0
18195,1467,5.0,Food Delivery,19,2,AU,desktop,34.5,1,0,0,0,0,0
18232,4382,5.0,Food Delivery,22,3,GB,desktop,72.0,0,0,0,0,0,0
18250,4439,5.0,Travel,20,3,JP,desktop,127.1,0,0,0,0,0,0
18299,1869,5.0,Grocery,23,1,US,desktop,24.0,2,0,0,1,1,0
18341,2114,5.0,Online,22,6,US,mobile,83.4,1,0,1,0,0,0
18352,4990,5.0,Travel,8,0,CA,desktop,145.0,1,0,0,0,0,0
18362,2708,5.0,Grocery,14,5,US,desktop,146.7,4,0,1,0,1,1
18441,1547,5.0,Food Delivery,10,6,US,mobile,290.6,1,0,1,0,0,0
18467,4067,5.0,Travel,10,6,US,tablet,66.1,2,0,1,0,0,0
18501,1919,5.0,Food Delivery,10,2,DE,desktop,425.0,1,0,0,0,0,0
18517,2081,5.0,Travel,22,1,JP,desktop,86.7,2,0,0,0,0,0
18564,4967,5.0,Food Delivery,14,0,CA,desktop,65.1,2,0,0,0,0,0
18566,2905,5.0,Travel,13,3,FR,desktop,74.6,0,0,0,0,0,0
18569,1777,5.0,Entertainment,12,6,US,mobile,55.1,2,0,1,0,0,0
18591,3127,5.0,Travel,13,5,US,tablet,52.2,2,0,1,0,0,1
18605,1426,5.0,Travel,13,6,US,tablet,96.8,1,0,1,0,0,0
18626,2016,5.0,Travel,17,0,JP,desktop,148.7,1,0,0,0,0,0
18645,2737,5.0,Grocery,21,5,US,desktop,81.7,3,0,1,0,1,0
18666,2513,5.0,Travel,18,5,US,mobile,650.0,1,0,1,0,0,1
18674,2682,5.0,Utilities,15,5,AU,mobile,74.9,1,0,1,0,1,0
18680,2248,6.85,Entertainment,22,3,CA,desktop,87.6,0,0,0,0,0,0
18710,3744,5.0,Food Delivery,6,5,US,tablet,348.5,2,0,1,0,0,1
18731,1140,5.0,Food Delivery,17,0,FR,desktop,866.8,0,0,0,0,0,0
18741,1824,5.0,Online,18,1,DE,desktop,144.0,0,0,0,0,0,1
18751,4441,5.0,Travel,9,5,US,tablet,203.4,2,0,1,0,0,0
18760,1688,5.0,Travel,9,6,US,mobile,52.2,0,0,1,0,0,0
18769,1149,5.0,Travel,13,0,FR,desktop,413.6,1,0,0,0,0,0
18785,2006,5.0,Food Delivery,10,5,US,mobile,92.2,0,0,1,0,0,0
18789,1694,5.0,Food Delivery,11,6,US,mobile,165.4,1,0,1,0,0,1
18791,1810,5.0,Online,12,5,US,mobile,102.1,1,0,1,0,0,0
18814,2959,5.0,Travel,12,0,AU,desktop,354.4,0,0,0,0,0,0
18828,4847,5.0,Travel,11,2,CA,desktop,274.9,2,0,0,0,0,1
18896,3106,5.0,Online,8,2,CA,desktop,119.2,0,0,0,0,0,0
18897,2019,5.0,Online,15,1,CA,desktop,311.1,0,0,0,0,0,0
18900,2391,5.0,Travel,6,3,GB,desktop,211.9,1,0,0,0,0,0
18917,4091,5.0,Travel,13,0,CA,desktop,102.8,1,0,0,0,0,1
18949,4661,5.0,Entertainment,22,6,US,tablet,368.3,1,0,1,0,0,0
19027,1071,5.0,Grocery,18,5,DE,mobile,85.0,1,0,1,0,1,0
19063,1002,5.0,Travel,8,2,AU,desktop,452.7,0,0,0,0,0,1
19124,1560,5.0,Travel,17,1,DE,desktop,457.0,0,0,0,0,0,0
19144,3617,5.0,Food Delivery,16,6,US,mobile,31.3,1,0,1,0,0,1
19158,1479,5.0,Online,16,1,BR,desktop,176.6,2,0,0,0,0,0
19182,3897,5.0,Food Delivery,16,4,GB,desktop,380.2,1,0,0,0,0,0
19185,1417,5.0,Travel,19,5,US,mobile,207.0,1,0,1,0,0,0
19250,4138,5.0,Food Delivery,15,4,DE,desktop,70.6,1,0,0,0,0,0
19254,1898,5.0,Online,18,2,DE,desktop,31.8,1,0,0,0,0,0
19275,3680,5.0,Entertainment,6,5,US,mobile,357.4,2,0,1,0,0,0
19293,3034,5.0,Entertainment,19,1,FR,desktop,169.1,2,0,0,0,0,0
19296,3002,5.0,Online,20,4,CA,desktop,207.7,0,0,0,0,0,1
19297,1948,5.0,Online,8,1,DE,desktop,152.0,1,0,0,0,0,0
19319,3162,5.0,Travel,6,1,CA,desktop,154.1,2,0,0,0,0,0
19359,1469,5.0,Entertainment,6,2,CA,desktop,184.3,2,0,0,0,0,0
19361,3168,5.0,Entertainment,15,6,US,tablet,117.3,0,0,1,0,0,1
19412,1508,5.0,Online,20,5,US,tablet,56.6,2,0,1,0,0,0
19479,2102,5.0,Entertainment,13,4,CA,desktop,53.2,0,0,0,0,0,1
19534,2000,5.0,Food Delivery,9,5,US,mobile,97.7,2,0,1,0,0,0
19561,2624,5.0,Entertainment,17,3,CA,desktop,316.0,2,0,0,0,0,1
19569,1469,5.0,Entertainment,22,6,US,mobile,176.8,0,0,1,0,0,0
19610,1897,5.0,Online,20,5,US,mobile,127.5,1,0,1,0,0,0
19615,1815,5.0,Online,20,6,US,mobile,608.3,2,0,1,0,0,0
19655,2679,5.0,Online,8,5,US,mobile,390.6,1,0,1,0,0,0
19681,2859,5.0,Food Delivery,11,0,NG,desktop,67.3,0,0,0,0,0,0
19683,4249,5.0,Travel,8,3,FR,desktop,589.1,2,0,0,0,0,0
19757,3095,5.0,Online,22,2,GB,desktop,410.5,0,0,0,0,0,0
19797,2663,5.0,Entertainment,18,1,FR,desktop,785.6,1,0,0,0,0,0
19799,2315,5.47,Travel,8,1,FR,desktop,434.8,1,0,0,0,0,0
19865,2614,5.0,Travel,21,6,US,tablet,826.9,2,0,1,0,0,1
19880,3824,5.0,Travel,11,5,US,mobile,659.2,1,0,1,0,0,0
19888,3292,5.0,Online,18,4,GB,desktop,436.7,2,0,0,0,0,0
19943,3677,5.0,Food Delivery,14,6,US,mobile,768.7,1,0,1,0,0,0
19955,2396,10.16,Travel,21,5,US,mobile,256.1,1,0,1,0,0,1
19969,4952,5.34,Entertainment,8,0,BR,desktop,36.8,2,0,0,0,0,0
19974,4328,5.0,Travel,12,6,US,mobile,40.7,2,0,1,0,0,1
19983,2964,5.0,Entertainment,17,2,FR,desktop,245.4,1,0,0,0,0,0
19996,1661,5.0,Entertainment,10,6,US,tablet,44.4,1,0,1,0,0,0
101,4330,5.0,Online,21,1,US,tablet,114.5,0,0,0,0,1,0
127,1316,9.65,Entertainment,14,1,US,tablet,47.2,0,0,0,0,1,0
164,2625,5.0,Grocery,3,6,DE,desktop,173.1,0,0,1,1,0,0
167,2284,5.0,Retail,21,6,US,mobile,36.3,4,0,1,0,0,1
184,3785,5.0,Travel,20,3,US,mobile,78.1,0,0,0,0,1,1
199,2355,5.0,Grocery,2,5,NG,desktop,47.9,1,0,1,1,0,0
232,4426,5.0,Grocery,7,1,US,desktop,4.6,2,1,0,0,0,0
237,3653,5.0,Entertainment,20,1,US,mobile,30.7,2,0,0,0,1,0
257,3710,5.0,Health,6,2,DE,desktop,798.9,3,0,0,0,0,0
279,1259,5.0,Grocery,1,6,DE,desktop,360.2,1,0,1,1,0,0
302,4305,5.0,Grocery,4,6,JP,desktop,216.5,1,0,1,1,0,0
385,1127,5.0,Grocery,22,4,CA,desktop,536.8,6,0,0,0,0,0
397,1179,5.0,Retail,3,1,US,mobile,17.1,0,0,0,1,0,0
507,3124,5.85,Online,9,3,US,mobile,91.1,2,0,0,0,1,0
525,2274,5.0,Food Delivery,14,4,US,mobile,310.9,1,0,0,0,1,1
580,1406,8.21,Grocery,14,3,GB,desktop,152.9,3,0,0,0,0,1
601,3465,5.0,Retail,22,5,US,tablet,402.1,3,0,1,0,0,0
633,2735,5.0,Grocery,4,6,CA,desktop,53.4,1,0,1,1,0,1
704,1685,5.0,Grocery,2,5,JP,desktop,430.9,2,0,1,1,0,1
718,2968,5.0,Retail,2,5,BR,desktop,195.4,0,0,1,1,0,0
803,3062,5.0,Grocery,5,0,US,mobile,12.8,2,0,0,1,0,1
867,4279,5.0,Online,6,0,US,mobile,43.1,1,0,0,0,1,0
896,3446,5.0,Retail,4,6,CA,desktop,219.5,2,0,1,1,0,0
1014,2257,6.15,Health,4,6,FR,desktop,188.1,2,0,1,1,0,0
1050,1478,5.0,Utilities,4,5,CA,desktop,32.8,2,0,1,1,0,0
1071,3699,5.0,Travel,14,0,US,mobile,158.3,1,0,0,0,1,0
1102,2877,5.0,Retail,1,1,US,mobile,1.0,1,0,0,1,0,0
1126,4374,5.0,Health,18,3,AU,desktop,150.7,3,0,0,0,0,0
1219,4236,5.0,Grocery,22,0,GB,desktop,180.1,3,0,0,0,0,0
1253,1296,5.0,Retail,12,3,DE,desktop,128.7,3,0,0,0,0,1
1254,4174,5.0,Grocery,2,5,CA,desktop,303.1,0,0,1,1,0,0
1275,4050,5.0,Grocery,21,0,GB,desktop,292.9,3,0,0,0,0,0
1302,2605,5.0,Health,18,0,BR,desktop,640.7,3,0,0,0,0,0
1315,4610,5.0,Grocery,5,3,US,mobile,3.4,0,0,0,1,0,0
1330,2367,8.7,Retail,2,0,US,tablet,18.0,2,0,0,1,0,0
1346,4990,5.0,Retail,10,1,JP,desktop,115.7,3,0,0,0,0,0
1388,2301,5.0,Grocery,14,6,US,mobile,33.3,3,0,1,0,0,0
1534,1753,5.0,Grocery,15,4,DE,desktop,582.2,3,0,0,0,0,0
1547,3749,5.0,Grocery,6,5,US,mobile,95.9,3,0,1,0,0,0
1562,2017,5.0,Retail,0,1,US,tablet,19.6,0,0,0,1,0,0
1578,4196,5.0,Retail,1,0,US,tablet,24.4,2,0,0,1,0,0
1585,3542,5.0,Retail,13,1,BR,desktop,111.9,3,0,0,0,0,0
1597,3636,5.0,Retail,4,4,US,tablet,8.4,2,0,0,1,0,1
1684,4184,5.0,Health,12,6,US,mobile,147.1,3,0,1,0,0,0
1738,1399,8.72,Grocery,9,2,JP,desktop,549.4,3,0,0,0,0,0
1768,2870,5.0,Grocery,14,4,FR,desktop,74.0,4,0,0,0,0,0
1776,1524,5.0,Retail,15,4,CA,desktop,98.9,4,0,0,0,0,0
1871,1172,5.0,Food Delivery,19,0,US,tablet,360.5,0,0,0,0,1,0
1907,2184,5.0,Grocery,6,0,US,desktop,4.7,0,1,0,0,0,0
2049,4003,6.68,Grocery,10,6,US,mobile,129.1,3,0,1,0,0,0
2189,2847,5.0,Food Delivery,21,4,US,mobile,237.0,1,0,0,0,1,1
2191,2450,5.0,Food Delivery,13,2,US,tablet,46.2,2,0,0,0,1,0
2287,4624,5.0,Grocery,23,3,US,tablet,17.3,1,0,0,1,0,1
2324,3609,5.0,Grocery,15,2,GB,desktop,465.6,3,0,0,0,0,0
2337,2819,5.0,Food Delivery,7,1,US,mobile,75.9,0,0,0,0,1,1
2384,2571,5.0,Retail,22,2,AU,desktop,201.6,3,0,0,0,0,1
2445,3392,5.0,Retail,15,0,BR,desktop,36.2,5,0,0,0,0,1
2458,4742,5.0,Travel,20,1,US,mobile,172.0,0,0,0,0,1,0
2560,3357,5.0,Health,6,2,CA,desktop,240.0,3,0,0,0,0,1
2574,2565,5.0,Retail,5,5,CA,desktop,504.2,0,0,1,1,0,0
2589,4880,5.0,Utilities,9,1,NG,desktop,139.1,3,0,0,0,0,0
2631,4742,5.0,Grocery,23,5,BR,desktop,367.4,1,0,1,1,0,1
2697,1511,5.0,Retail,0,0,US,mobile,15.2,0,0,0,1,0,1
2751,1980,5.0,Retail,13,0,BR,desktop,77.5,4,0,0,0,0,0
2769,2914,5.0,Health,10,6,US,mobile,144.0,6,0,1,0,0,0
2835,2552,5.0,Retail,1,0,US,tablet,27.5,0,0,0,1,0,1
2909,1510,5.0,Retail,15,0,CA,desktop,245.8,3,0,0,0,0,0
2960,2911,5.0,Grocery,18,4,FR,desktop,48.0,4,0,0,0,0,0
2971,3444,5.0,Retail,3,5,DE,desktop,61.1,2,0,1,1,0,0
3071,2691,5.0,Food Delivery,14,1,US,mobile,222.2,2,0,0,0,1,0
3099,1734,5.0,Utilities,2,2,US,mobile,8.5,1,0,0,1,0,0
3137,3322,5.0,Grocery,22,2,CA,desktop,130.3,4,0,0,0,0,0
3271,1659,12.45,Grocery,1,1,US,mobile,22.5,1,0,0,1,0,1
3286,2872,5.0,Grocery,19,6,US,mobile,279.6,4,0,1,0,0,0
3327,1643,5.0,Grocery,17,5,US,mobile,136.2,3,0,1,0,0,0
3352,4754,5.0,Retail,6,5,US,tablet,768.2,3,0,1,0,0,0
3365,1644,5.0,Grocery,21,5,US,mobile,333.6,4,0,1,0,0,0
3423,3402,5.0,Grocery,17,5,US,mobile,127.2,3,0,1,0,0,0
3463,4469,5.0,Retail,6,4,NG,desktop,38.0,3,0,0,0,0,0
3529,1749,5.0,Retail,2,2,US,mobile,3.9,2,0,0,1,0,0
3561,1272,5.0,Retail,6,5,US,mobile,565.4,4,0,1,0,0,0
3657,3058,5.79,Travel,12,4,US,mobile,97.4,0,0,0,0,1,0
3700,4038,5.0,Grocery,13,6,US,mobile,131.8,4,0,1,0,0,0
3714,1895,5.0,Grocery,0,1,US,mobile,24.7,0,0,0,1,0,1
3825,3375,9.86,Grocery,2,6,FR,desktop,72.0,2,0,1,1,0,1
3863,1990,5.0,Health,21,0,US,desktop,3.3,1,1,0,0,0,1
3923,2924,5.0,Entertainment,15,0,US,mobile,219.4,1,0,0,0,1,0
3930,3959,5.0,Food Delivery,18,1,US,mobile,884.4,2,0,0,0,1,1
3935,1733,5.0,Retail,23,5,FR,desktop,73.4,1,0,1,1,0,0
3941,3178,5.0,Grocery,10,2,GB,desktop,280.6,3,0,0,0,0,0
3942,2248,5.0,Entertainment,14,2,US,mobile,70.9,0,0,0,0,1,0
3960,1860,5.0,Retail,17,4,DE,desktop,78.3,3,0,0,0,0,0
3983,3683,5.0,Retail,4,2,US,mobile,1.0,1,0,0,1,0,0
4013,3757,5.0,Grocery,0,6,GB,desktop,79.9,2,0,1,1,0,0
4126,3016,5.37,Food Delivery,20,1,US,tablet,171.3,1,0,0,0,1,0
4139,4523,5.0,Travel,13,1,US,mobile,352.6,1,0,0,0,1,1
4158,2205,5.0,Grocery,5,5,BR,desktop,70.8,2,0,1,1,0,0
4184,4410,5.0,Retail,2,4,US,mobile,29.0,0,0,0,1,0,0
4216,4971,13.63,Grocery,5,2,US,mobile,9.9,2,0,0,1,0,0
4230,1056,5.0,Retail,17,3,DE,desktop,41.3,3,0,0,0,0,0
4239,4037,5.0,Grocery,21,0,GB,desktop,202.1,5,0,0,0,0,0
4246,2117,5.0,Grocery,14,6,US,mobile,711.5,7,0,1,0,0,0
4269,1179,5.0,Retail,1,6,BR,desktop,188.9,0,0,1,1,0,1
4330,4517,5.0,Online,10,0,US,tablet,193.4,1,0,0,0,1,0
4376,3336,5.0,Grocery,16,1,DE,desktop,107.3,3,0,0,0,0,0
4436,4718,5.0,Grocery,15,1,US,desktop,1.0,0,1,0,0,0,0
4439,2377,5.0,Retail,5,5,CA,desktop,151.1,2,0,1,1,0,0
4462,2356,5.0,Retail,22,0,CA,desktop,275.7,5,0,0,0,0,1
4531,1120,5.0,Health,21,4,FR,desktop,373.2,3,0,0,0,0,1
4544,3449,5.0,Grocery,4,2,US,mobile,5.0,2,0,0,1,0,1
4679,3613,9.13,Food Delivery,13,4,US,mobile,87.5,1,0,0,0,1,1
4686,3911,5.0,Retail,3,6,BR,desktop,109.3,0,0,1,1,0,0
4694,4450,5.0,Retail,18,4,GB,desktop,264.4,3,0,0,0,0,0
4730,3660,5.0,Grocery,11,2,DE,desktop,518.1,6,0,0,0,0,1
4834,1946,5.0,Grocery,0,6,BR,desktop,741.2,1,0,1,1,0,0
4855,1222,5.0,Health,23,5,GB,desktop,238.6,2,0,1,1,0,0
4886,1809,5.0,Retail,14,5,US,mobile,925.8,4,0,1,0,0,1
4947,2479,5.0,Retail,7,6,US,mobile,40.8,3,0,1,0,0,0
5063,3465,5.0,Grocery,3,1,US,mobile,4.1,1,0,0,1,0,0
5079,4228,5.0,Health,20,5,US,mobile,110.7,3,0,1,0,0,1
5125,1461,5.0,Grocery,1,6,CA,desktop,85.8,0,0,1,1,0,0
5157,4716,6.84,Food Delivery,15,3,US,tablet,109.5,0,0,0,0,1,1
5185,4120,5.0,Grocery,23,1,US,mobile,8.5,0,0,0,1,0,1
5196,2627,5.0,Online,17,1,US,mobile,343.3,1,0,0,0,1,1
5285,4967,5.0,Grocery,4,0,US,mobile,9.4,0,0,0,1,0,1
5333,2563,9.68,Grocery,14,2,JP,desktop,62.9,3,0,0,0,0,0
5345,2140,5.0,Utilities,13,0,DE,desktop,171.1,5,0,0,0,0,1
5349,2237,5.0,Retail,5,5,FR,desktop,178.1,1,0,1,1,0,1
5366,1613,5.92,Health,20,3,FR,desktop,404.7,4,0,0,0,0,1
5383,2554,5.0,Online,22,3,US,mobile,308.6,0,0,0,0,1,0
5386,4502,5.0,Grocery,23,2,US,mobile,17.5,1,0,0,1,0,0
5400,4482,5.0,Grocery,1,5,GB,desktop,44.4,1,0,1,1,0,0
5428,1557,5.0,Health,3,6,DE,desktop,108.1,1,0,1,1,0,1
5535,1354,5.0,Grocery,14,4,DE,desktop,168.5,3,0,0,0,0,0
5576,3156,5.0,Retail,0,0,US,mobile,4.8,0,0,0,1,0,0
5581,3156,16.6,Travel,13,0,US,tablet,209.1,1,0,0,0,1,1
5611,2110,5.0,Travel,10,1,US,tablet,73.2,2,0,0,0,1,0
5759,3148,5.0,Retail,6,2,AU,desktop,86.8,3,0,0,0,0,0
5762,1647,5.0,Grocery,19,6,US,mobile,189.6,3,0,1,0,0,1
5785,3278,5.0,Retail,19,6,US,mobile,307.9,4,0,1,0,0,1
5833,4289,5.0,Utilities,10,0,CA,desktop,159.0,3,0,0,0,0,0
5849,3415,5.0,Retail,23,0,US,mobile,16.6,1,0,0,1,0,0
5930,2028,5.0,Retail,0,5,DE,desktop,98.8,1,0,1,1,0,1
5943,1799,5.19,Travel,20,2,US,mobile,311.6,0,0,0,0,1,0
6017,2327,5.0,Retail,20,6,US,mobile,35.8,3,0,1,0,0,1
6042,2573,5.0,Retail,8,4,DE,desktop,62.1,6,0,0,0,0,0
6052,1565,5.0,Grocery,9,5,US,tablet,62.6,5,0,1,0,0,1
6063,2511,5.0,Grocery,4,6,AU,desktop,125.5,2,0,1,1,0,0
6153,3631,5.0,Retail,13,3,US,desktop,14.2,0,1,0,0,0,0
6154,2349,5.0,Retail,9,2,CA,desktop,252.1,3,0,0,0,0,0
6169,4277,5.0,Health,8,1,US,desktop,6.1,2,1,0,0,0,0
6194,1334,5.0,Grocery,11,6,US,mobile,83.0,3,0,1,0,0,0
6250,1761,5.0,Grocery,2,3,US,mobile,19.6,0,0,0,1,0,0
6295,1269,5.0,Online,11,1,US,mobile,101.5,2,0,0,0,1,0
6320,2248,5.24,Retail,8,0,FR,desktop,262.4,6,0,0,0,0,0
6334,1384,5.0,Grocery,5,2,US,tablet,27.8,2,0,0,1,0,0
6345,1695,5.0,Entertainment,7,3,US,mobile,135.9,1,0,0,0,1,0
6384,1107,5.0,Travel,15,4,US,mobile,165.6,2,0,0,0,1,0
6564,1134,5.0,Grocery,8,4,US,desktop,1.3,0,1,0,0,0,0
6619,2282,5.0,Retail,8,1,GB,desktop,106.9,3,0,0,0,0,0
6734,3776,5.0,Food Delivery,12,0,US,mobile,205.2,2,0,0,0,1,0
6869,3990,5.0,Online,11,3,US,mobile,115.8,0,0,0,0,1,0
6882,2056,5.0,Grocery,1,1,US,mobile,2.1,0,0,0,1,0,0
6895,3797,7.38,Grocery,6,3,GB,desktop,52.7,3,0,0,0,0,0
6898,2312,5.0,Grocery,0,1,US,mobile,2.6,0,0,0,1,0,0
6927,2545,12.09,Food Delivery,16,3,US,mobile,192.9,2,0,0,0,1,0
6953,4226,5.0,Travel,6,0,US,mobile,155.4,2,0,0,0,1,1
6986,4423,5.0,Grocery,19,0,CA,desktop,693.2,4,0,0,0,0,1
6993,1924,5.0,Grocery,12,4,AU,desktop,143.3,3,0,0,0,0,1
7016,4239,5.0,Retail,0,5,CA,desktop,381.5,2,0,1,1,0,0
7038,3173,7.22,Food Delivery,15,4,US,mobile,161.4,1,0,0,0,1,0
7066,2893,5.0,Health,0,5,BR,desktop,312.5,0,0,1,1,0,0
7185,1919,5.0,Grocery,0,3,US,mobile,17.4,2,0,0,1,0,0
7203,2057,5.0,Online,18,3,US,mobile,366.1,1,0,0,0,1,0
7232,3778,5.0,Retail,16,2,GB,desktop,224.8,3,0,0,0,0,1
7240,4857,7.18,Grocery,4,5,JP,desktop,99.7,0,0,1,1,0,1
7340,3303,6.75,Retail,19,0,US,desktop,20.7,1,1,0,0,0,0
7352,4513,5.0,Grocery,0,5,JP,desktop,39.7,1,0,1,1,0,0
7355,4700,5.0,Retail,12,4,FR,desktop,220.0,3,0,0,0,0,0
7393,2133,5.05,Retail,7,5,US,tablet,72.0,3,0,1,0,0,0
7398,1099,5.0,Retail,9,2,CA,desktop,73.1,3,0,0,0,0,1
7461,3176,5.0,Grocery,10,1,DE,desktop,77.2,3,0,0,0,0,0
7488,3043,5.0,Travel,12,2,US,mobile,720.5,2,0,0,0,1,0
7520,1660,5.0,Grocery,5,6,DE,desktop,155.7,0,0,1,1,0,0
7589,1401,5.0,Online,13,1,US,mobile,61.5,2,0,0,0,1,0
7605,1306,7.16,Grocery,4,5,DE,desktop,384.2,1,0,1,1,0,0
7611,1201,5.0,Retail,5,5,FR,desktop,107.0,1,0,1,1,0,0
7654,2082,5.0,Grocery,19,3,US,desktop,28.8,0,1,0,0,0,0
7676,1159,5.0,Grocery,13,2,CA,desktop,48.4,4,0,0,0,0,0
7838,3641,5.0,Grocery,5,6,FR,desktop,323.2,2,0,1,1,0,1
7855,3988,5.0,Grocery,8,5,US,mobile,76.1,3,0,1,0,0,0
7867,3812,5.0,Retail,16,5,US,tablet,70.6,5,0,1,0,0,1
7876,3596,5.0,Retail,5,0,US,mobile,1.0,0,0,0,1,0,1
7903,2338,8.76,Retail,9,0,JP,desktop,294.1,3,0,0,0,0,0
7911,1185,5.0,Online,7,4,US,mobile,77.0,0,0,0,0,1,1
7947,3867,5.0,Travel,11,0,US,mobile,65.5,0,0,0,0,1,1
8225,4562,5.0,Retail,12,5,US,mobile,118.7,6,0,1,0,0,0
8272,1081,5.0,Health,15,1,US,desktop,6.9,1,1,0,0,0,0
8279,1688,5.0,Travel,22,0,US,tablet,299.4,0,0,0,0,1,0
8281,3538,5.0,Health,0,5,AU,desktop,214.6,0,0,1,1,0,0
8327,2266,5.0,Travel,11,0,US,mobile,86.8,2,0,0,0,1,0
8416,1246,5.0,Food Delivery,12,1,US,mobile,46.9,2,0,0,0,1,1
8466,3929,5.0,Travel,6,2,US,tablet,214.4,0,0,0,0,1,0
8642,4296,5.0,Grocery,10,1,FR,desktop,488.3,3,0,0,0,0,1
8693,4968,5.0,Grocery,3,5,GB,desktop,71.3,2,0,1,1,0,0
8707,3344,5.0,Grocery,6,1,FR,desktop,83.1,3,0,0,0,0,0
8713,4435,5.0,Retail,17,5,US,mobile,63.6,4,0,1,0,0,0
8716,2255,5.0,Retail,3,5,CA,desktop,314.5,1,0,1,1,0,0
8766,1900,5.0,Grocery,10,1,US,desktop,10.9,0,1,0,0,0,1
8779,1588,5.0,Grocery,3,6,BR,desktop,152.9,1,0,1,1,0,0
8806,1077,5.0,Retail,14,4,DE,desktop,418.1,3,0,0,0,0,0
8829,3510,5.0,Retail,7,1,US,desktop,23.8,1,1,0,0,0,1
8845,3058,5.0,Retail,14,3,DE,desktop,1057.7,4,0,0,0,0,0
8903,3278,5.0,Entertainment,13,3,US,mobile,61.7,1,0,0,0,1,0
8914,1595,5.0,Retail,4,5,CA,desktop,50.3,0,0,1,1,0,0
8953,2476,5.0,Grocery,10,6,US,mobile,238.4,4,0,1,0,0,0
9045,4834,5.0,Retail,3,5,CA,desktop,201.5,1,0,1,1,0,1
9064,2268,5.0,Grocery,5,2,US,mobile,2.3,2,0,0,1,0,0
9107,2893,5.0,Entertainment,19,0,US,mobile,607.1,1,0,0,0,1,0
9156,1316,5.0,Grocery,0,6,AU,desktop,46.8,1,0,1,1,0,0
9235,2904,5.0,Utilities,9,2,US,desktop,10.9,1,1,0,0,0,1
9257,2907,5.0,Retail,4,4,US,mobile,29.2,1,0,0,1,0,1
9319,2802,5.12,Retail,19,2,CA,desktop,438.9,4,0,0,0,0,0
9376,2812,5.0,Grocery,3,5,AU,desktop,133.0,1,0,1,1,0,0
9378,4426,5.0,Grocery,2,6,CA,desktop,64.7,1,0,1,1,0,0
9383,3918,5.0,Grocery,4,5,FR,desktop,44.9,2,0,1,1,0,0
9394,2600,13.5,Retail,4,5,BR,desktop,191.5,2,0,1,1,0,0
9461,1643,5.0,Travel,15,1,US,mobile,42.9,1,0,0,0,1,0
9466,2373,5.0,Grocery,9,2,CA,desktop,272.5,3,0,0,0,0,1
9496,3468,5.0,Grocery,5,2,US,mobile,23.0,1,0,0,1,0,0
9499,4673,5.0,Grocery,18,6,US,mobile,30.4,3,0,1,0,0,0
9534,3635,5.0,Retail,17,5,US,mobile,331.8,3,0,1,0,0,1
9563,3609,5.0,Grocery,13,0,GB,desktop,86.2,5,0,0,0,0,0
9583,4261,5.0,Retail,11,4,CA,desktop,613.0,5,0,0,0,0,1
9635,3885,5.0,Grocery,6,2,FR,desktop,71.0,4,0,0,0,0,1
9699,3991,5.0,Grocery,23,5,JP,desktop,348.5,2,0,1,1,0,1
9721,4230,5.0,Utilities,1,6,DE,desktop,75.7,1,0,1,1,0,0
9782,1900,5.0,Grocery,15,3,CA,desktop,407.1,4,0,0,0,0,1
9918,2443,5.0,Grocery,0,2,US,mobile,25.0,2,0,0,1,0,0
9919,3688,5.0,Health,8,5,US,mobile,58.1,3,0,1,0,0,0
9939,3471,5.0,Travel,11,3,US,tablet,80.2,1,0,0,0,1,0
10008,1666,5.0,Grocery,23,4,US,tablet,13.4,2,0,0,1,0,1
10207,4509,9.87,Grocery,9,4,GB,desktop,622.0,4,0,0,0,0,0
10287,3979,5.0,Online,20,4,US,mobile,49.2,1,0,0,0,1,0
10303,1583,8.82,Retail,4,5,GB,desktop,42.1,1,0,1,1,0,0
10455,1212,14.87,Retail,7,0,GB,desktop,144.3,3,0,0,0,0,0
10464,4661,5.0,Retail,9,0,JP,desktop,87.0,3,0,0,0,0,0
10484,2173,5.0,Online,13,3,US,mobile,354.4,2,0,0,0,1,0
10510,4006,5.0,Utilities,1,6,GB,desktop,616.9,2,0,1,1,0,0
10636,4671,5.0,Travel,12,0,US,mobile,191.0,1,0,0,0,1,0
10726,1568,5.0,Online,6,2,US,mobile,86.3,2,0,0,0,1,1
10778,2822,5.0,Travel,12,2,US,tablet,131.2,0,0,0,0,1,0
10794,2248,5.0,Retail,10,0,GB,desktop,31.6,4,0,0,0,0,0
10848,1024,5.0,Grocery,4,6,NG,desktop,249.8,0,0,1,1,0,0
10856,4269,5.0,Grocery,17,3,GB,desktop,200.8,4,0,0,0,0,1
10883,2506,5.0,Grocery,5,1,US,mobile,22.1,2,0,0,1,0,0
10900,2782,5.0,Utilities,4,6,GB,desktop,166.6,1,0,1,1,0,0
11007,2866,5.0,Travel,19,1,US,mobile,53.8,2,0,0,0,1,0
11041,3533,5.0,Grocery,12,0,CA,desktop,302.8,4,0,0,0,0,0
11053,4723,5.0,Health,0,3,US,mobile,9.1,0,0,0,1,0,0
11065,4257,5.0,Retail,23,5,CA,desktop,85.3,1,0,1,1,0,0
11119,2172,5.0,Grocery,9,6,US,mobile,177.6,3,0,1,0,0,0
11217,3203,5.0,Retail,14,5,US,mobile,112.6,4,0,1,0,0,1
11244,2247,5.0,Grocery,9,2,US,desktop,12.8,1,1,0,0,0,0
11284,4187,5.0,Entertainment,20,0,US,mobile,135.7,1,0,0,0,1,0
11369,4416,5.0,Retail,2,3,US,tablet,6.3,1,0,0,1,0,0
11441,3940,5.0,Health,12,4,US,desktop,11.0,2,1,0,0,0,0
11444,1257,5.0,Food Delivery,14,4,US,mobile,48.9,0,0,0,0,1,0
11503,4031,5.0,Entertainment,21,4,US,mobile,52.5,2,0,0,0,1,0
11519,1070,5.0,Utilities,19,0,AU,desktop,126.9,5,0,0,0,0,0
11534,2433,5.0,Grocery,10,6,US,mobile,83.2,4,0,1,0,0,1
11535,4345,5.0,Grocery,4,5,CA,desktop,94.4,0,0,1,1,0,0
11597,3075,5.0,Utilities,6,4,BR,desktop,64.9,3,0,0,0,0,1
11611,2356,5.0,Utilities,11,6,US,mobile,37.7,3,0,1,0,0,0
11626,3716,6.45,Entertainment,6,4,US,mobile,410.1,1,0,0,0,1,0
11671,1924,5.0,Grocery,10,4,US,desktop,2.4,1,1,0,0,0,0
11681,2090,5.0,Retail,8,5,US,mobile,715.9,5,0,1,0,0,0
11699,4842,5.0,Entertainment,6,3,US,mobile,74.7,1,0,0,0,1,1
11715,3645,5.0,Retail,21,6,US,tablet,34.0,3,0,1,0,0,0
11724,1122,5.0,Travel,17,4,US,tablet,145.4,1,0,0,0,1,0
11783,4392,5.0,Retail,17,5,US,tablet,39.4,3,0,1,0,0,0
11784,3354,5.0,Grocery,5,5,JP,desktop,145.1,2,0,1,1,0,0
11786,3070,5.0,Retail,10,6,US,mobile,36.0,3,0,1,0,0,0
11798,3116,5.0,Utilities,3,1,US,mobile,6.2,0,0,0,1,0,0
11883,3508,5.0,Utilities,22,0,JP,desktop,556.8,5,0,0,0,0,0
11940,4196,5.0,Retail,5,5,DE,desktop,156.9,0,0,1,1,0,0
11949,1715,5.0,Retail,1,6,DE,desktop,79.0,1,0,1,1,0,0
11974,1170,5.0,Grocery,4,2,US,mobile,20.1,0,0,0,1,0,0
11996,4263,5.0,Grocery,5,5,DE,desktop,35.0,1,0,1,1,0,1
12021,2546,8.45,Grocery,16,6,US,mobile,399.3,3,0,1,0,0,0
12031,3873,5.0,Grocery,2,1,US,tablet,4.0,2,0,0,1,0,1
12054,1606,5.0,Retail,15,4,US,desktop,3.8,2,1,0,0,0,0
12055,3905,5.0,Retail,0,5,CA,desktop,301.1,2,0,1,1,0,0
12076,2138,5.0,Grocery,9,5,US,mobile,98.5,3,0,1,0,0,0
12106,4396,5.0,Grocery,5,4,US,mobile,29.2,2,0,0,1,0,1
12130,2329,5.0,Retail,0,4,US,tablet,14.2,2,0,0,1,0,1
12146,1051,5.0,Health,15,5,US,mobile,251.9,4,0,1,0,0,0
12186,3465,5.0,Retail,1,1,US,mobile,2.8,0,0,0,1,0,0
12213,1947,5.0,Retail,22,5,US,mobile,325.0,3,0,1,0,0,0
12225,2917,5.0,Entertainment,8,2,US,mobile,140.8,0,0,0,0,1,0
12229,3233,5.2,Health,1,4,US,mobile,17.0,2,0,0,1,0,0
12242,1223,5.0,Grocery,7,1,FR,desktop,104.0,4,0,0,0,0,0
12269,2101,5.0,Food Delivery,18,0,US,mobile,34.7,0,0,0,0,1,1
12312,1388,5.0,Travel,21,1,US,mobile,421.4,1,0,0,0,1,1
12332,3609,5.0,Grocery,14,4,GB,desktop,51.2,3,0,0,0,0,1
12350,2702,5.0,Retail,18,0,US,desktop,7.5,0,1,0,0,0,0
12386,1779,5.0,Grocery,1,5,CA,desktop,234.1,2,0,1,1,0,0
12421,3081,5.0,Grocery,22,5,US,mobile,327.2,3,0,1,0,0,0
12523,2797,5.0,Grocery,2,5,AU,desktop,55.5,1,0,1,1,0,0
12529,3881,5.0,Food Delivery,11,4,US,mobile,47.0,2,0,0,0,1,0
12594,4217,7.25,Food Delivery,22,3,US,mobile,81.3,0,0,0,0,1,1
12644,2514,5.0,Utilities,23,5,CA,desktop,255.0,0,0,1,1,0,0
12669,4380,5.0,Retail,17,0,CA,desktop,289.6,5,0,0,0,0,0
12724,3557,5.0,Retail,13,6,US,mobile,499.5,3,0,1,0,0,0
12854,1457,5.0,Travel,19,1,US,mobile,289.3,1,0,0,0,1,1
12869,3083,5.0,Grocery,15,1,US,desktop,14.7,0,1,0,0,0,1
12923,1637,5.0,Grocery,3,0,US,mobile,22.5,2,0,0,1,0,1
12980,4964,5.0,Retail,12,5,US,mobile,91.0,3,0,1,0,0,1
12998,2496,5.0,Retail,20,0,GB,desktop,70.8,3,0,0,0,0,0
13006,3317,5.0,Retail,6,1,DE,desktop,48.2,3,0,0,0,0,1
13036,3604,5.0,Retail,10,3,US,desktop,21.6,1,1,0,0,0,0
13048,1878,5.98,Grocery,2,0,US,mobile,27.1,1,0,0,1,0,1
13112,2523,5.0,Retail,3,0,US,mobile,13.7,0,0,0,1,0,0
13139,4010,5.0,Grocery,3,3,US,mobile,15.1,1,0,0,1,0,0
13165,3441,5.0,Travel,14,2,US,mobile,48.1,1,0,0,0,1,1
13183,3977,5.0,Grocery,4,1,US,mobile,13.2,2,0,0,1,0,0
13250,1050,18.4,Travel,20,4,US,tablet,213.0,1,0,0,0,1,0
13350,3732,5.0,Grocery,0,4,US,mobile,15.4,2,0,0,1,0,0
13354,2742,5.0,Food Delivery,18,4,US,mobile,37.6,0,0,0,0,1,1
13380,2901,5.0,Grocery,16,2,CA,desktop,65.7,3,0,0,0,0,0
13418,3423,5.0,Retail,6,2,AU,desktop,202.6,3,0,0,0,0,1
13444,2516,5.0,Retail,7,6,US,tablet,310.9,3,0,1,0,0,1
13453,2280,5.0,Utilities,11,5,US,mobile,107.2,4,0,1,0,0,0
13466,4416,5.0,Travel,8,0,US,mobile,92.6,2,0,0,0,1,0
13514,4194,5.0,Grocery,21,3,CA,desktop,73.4,4,0,0,0,0,0
13592,3222,9.31,Entertainment,10,3,US,mobile,101.3,0,0,0,0,1,0
13686,3891,5.43,Grocery,20,0,DE,desktop,95.6,4,0,0,0,0,0
13728,2299,5.0,Travel,14,1,US,mobile,67.1,0,0,0,0,1,1
13740,3253,9.22,Online,17,4,US,mobile,342.9,1,0,0,0,1,1
13808,2268,5.0,Grocery,2,4,US,tablet,24.9,2,0,0,1,0,0
13851,1892,5.0,Grocery,1,6,FR,desktop,121.3,2,0,1,1,0,0
13873,1078,5.0,Retail,5,5,DE,desktop,264.7,0,0,1,1,0,0
13902,3381,5.0,Grocery,2,2,US,tablet,5.4,0,0,0,1,0,0
13918,2458,5.0,Health,18,5,US,mobile,794.0,3,0,1,0,0,1
13959,1011,5.0,Retail,9,1,US,desktop,6.8,0,1,0,0,0,1
14007,1757,5.0,Retail,14,4,CA,desktop,128.7,3,0,0,0,0,0
14025,3362,5.0,Food Delivery,13,1,US,tablet,35.8,2,0,0,0,1,0
14060,4598,6.73,Retail,19,4,US,desktop,20.2,0,1,0,0,0,0
14112,2531,8.93,Retail,20,4,CA,desktop,355.3,3,0,0,0,0,0
14220,1589,5.0,Utilities,2,3,US,mobile,16.0,2,0,0,1,0,0
14223,3253,5.0,Retail,7,6,US,mobile,842.1,4,0,1,0,0,0
14225,3813,5.0,Grocery,2,1,US,mobile,16.6,1,0,0,1,0,0
14249,1870,5.0,Grocery,3,5,GB,desktop,171.6,0,0,1,1,0,0
14257,4375,5.0,Health,8,0,CA,desktop,77.1,4,0,0,0,0,0
14276,1930,5.0,Online,19,0,US,mobile,204.9,2,0,0,0,1,0
14290,4407,5.0,Retail,2,6,NG,desktop,235.7,1,0,1,1,0,0
14300,3403,5.0,Retail,6,6,US,mobile,70.5,3,0,1,0,0,1
14386,3215,5.0,Retail,5,5,AU,desktop,223.4,1,0,1,1,0,0
14572,4654,5.0,Utilities,13,1,US,desktop,19.7,2,1,0,0,0,0
14597,3475,5.0,Online,16,2,US,tablet,71.9,2,0,0,0,1,0
14602,2825,5.0,Grocery,4,1,US,tablet,24.0,2,0,0,1,0,0
14624,2120,5.0,Grocery,2,5,AU,desktop,505.8,0,0,1,1,0,0
14662,1846,5.0,Retail,18,5,US,mobile,456.4,3,0,1,0,0,0
14672,4606,10.2,Grocery,11,3,FR,desktop,149.6,4,0,0,0,0,0
14673,1794,5.0,Travel,20,3,US,mobile,215.6,0,0,0,0,1,0
14750,3193,5.0,Grocery,13,6,US,tablet,88.7,3,0,1,0,0,1
14807,3986,5.0,Retail,5,5,DE,desktop,220.1,1,0,1,1,0,1
14814,4837,5.0,Retail,8,4,CA,desktop,510.8,3,0,0,0,0,0
14819,3082,5.0,Grocery,1,3,US,mobile,3.9,1,0,0,1,0,0
14858,3397,5.0,Grocery,6,6,US,mobile,156.3,4,0,1,0,0,0
14953,1160,5.0,Retail,12,1,CA,desktop,164.6,4,0,0,0,0,0
15003,3279,5.0,Retail,21,5,US,mobile,237.1,3,0,1,0,0,0
15025,2233,5.0,Grocery,3,5,NG,desktop,295.5,0,0,1,1,0,1
15054,4122,5.0,Utilities,13,6,US,mobile,62.1,4,0,1,0,0,0
15170,3217,5.0,Retail,18,1,FR,desktop,589.5,3,0,0,0,0,0
15214,4114,5.0,Food Delivery,14,0,US,tablet,87.2,2,0,0,0,1,0
15230,2612,5.0,Grocery,14,2,US,desktop,5.5,1,1,0,0,0,0
15377,3654,5.0,Retail,4,4,US,mobile,26.8,1,0,0,1,0,0
15392,3336,5.0,Food Delivery,10,0,US,mobile,34.4,0,0,0,0,1,1
15393,2239,5.0,Grocery,14,5,US,tablet,694.0,3,0,1,0,0,0
15444,4453,5.0,Grocery,2,6,GB,desktop,222.6,2,0,1,1,0,0
15656,1586,5.0,Grocery,0,5,DE,desktop,59.9,1,0,1,1,0,0
15667,2647,6.88,Utilities,14,3,NG,desktop,56.7,3,0,0,0,0,0
15818,3036,5.0,Retail,9,5,US,mobile,162.2,3,0,1,0,0,0
15823,1614,5.0,Grocery,12,2,CA,desktop,166.3,4,0,0,0,0,0
15918,1419,5.0,Grocery,10,2,CA,desktop,41.9,3,0,0,0,0,1
15972,1807,5.0,Retail,23,4,US,mobile,6.6,2,0,0,1,0,0
16002,3237,5.0,Retail,3,6,GB,desktop,125.1,0,0,1,1,0,0
16148,2796,5.0,Grocery,4,6,AU,desktop,248.3,2,0,1,1,0,0
16149,4193,5.0,Grocery,14,4,JP,desktop,70.8,4,0,0,0,0,0
16245,4717,5.0,Grocery,19,1,AU,desktop,296.4,3,0,0,0,0,0
16323,3276,5.0,Travel,19,1,US,mobile,67.6,2,0,0,0,1,0
16455,1626,5.0,Health,5,2,US,mobile,2.2,2,0,0,1,0,0
16482,1236,5.0,Grocery,12,3,US,desktop,9.6,2,1,0,0,0,0
16487,2143,5.84,Retail,20,3,JP,desktop,368.1,4,0,0,0,0,0
16568,3016,5.77,Food Delivery,6,2,US,tablet,69.9,2,0,0,0,1,0
16789,2674,5.0,Retail,8,2,GB,desktop,79.2,3,0,0,0,0,0
16808,4337,5.0,Retail,15,4,AU,desktop,160.4,3,0,0,0,0,0
16846,3623,5.0,Online,12,0,US,tablet,422.6,2,0,0,0,1,1
16918,3622,5.0,Travel,21,0,US,mobile,286.7,2,0,0,0,1,0
16952,1926,5.0,Retail,13,2,US,desktop,2.1,2,1,0,0,0,0
17022,2152,5.0,Grocery,1,3,US,mobile,9.2,0,0,0,1,0,0
17057,4806,5.0,Retail,3,6,BR,desktop,162.6,0,0,1,1,0,1
17068,4729,14.83,Retail,4,6,DE,desktop,101.6,2,0,1,1,0,0
17138,3777,5.0,Online,11,0,US,mobile,154.2,2,0,0,0,1,0
17199,1244,5.0,Travel,17,1,US,mobile,315.1,1,0,0,0,1,1
17311,2200,5.0,Travel,13,4,US,mobile,155.3,0,0,0,0,1,1
17356,3689,5.0,Utilities,3,3,US,mobile,15.8,0,0,0,1,0,0
17361,1750,5.0,Grocery,14,0,BR,desktop,188.8,3,0,0,0,0,0
17401,2697,5.0,Grocery,22,5,US,mobile,61.1,3,0,1,0,0,0
17439,4975,5.0,Food Delivery,8,2,US,mobile,103.4,2,0,0,0,1,0
17470,4052,5.0,Retail,15,4,GB,desktop,189.3,3,0,0,0,0,1
17494,3776,5.0,Utilities,2,6,FR,desktop,252.6,2,0,1,1,0,0
17691,1073,5.0,Utilities,23,5,DE,desktop,688.6,2,0,1,1,0,0
17705,2021,5.0,Retail,1,2,US,mobile,8.6,0,0,0,1,0,0
17715,1048,5.0,Health,3,4,US,mobile,10.7,2,0,0,1,0,1
17766,3537,5.0,Grocery,2,5,DE,desktop,228.2,1,0,1,1,0,1
17832,2055,5.0,Retail,10,1,JP,desktop,526.1,5,0,0,0,0,0
17852,2879,5.0,Grocery,8,0,DE,desktop,47.8,3,0,0,0,0,0
17879,2205,5.0,Retail,0,6,CA,desktop,70.2,1,0,1,1,0,0
17881,3649,5.0,Health,2,4,US,mobile,10.2,1,0,0,1,0,1
17975,4623,5.78,Travel,22,3,US,mobile,179.4,0,0,0,0,1,1
17990,2712,7.35,Grocery,8,5,US,tablet,413.6,3,0,1,0,0,0
17991,4291,5.0,Retail,10,5,US,tablet,103.5,5,0,1,0,0,0
17997,1435,5.0,Utilities,13,0,BR,desktop,610.1,3,0,0,0,0,0
18048,2942,5.0,Grocery,17,1,US,desktop,1.3,2,1,0,0,0,0
18073,3213,5.0,Utilities,5,5,FR,desktop,82.0,1,0,1,1,0,1
18107,3060,5.0,Grocery,6,5,US,mobile,447.3,4,0,1,0,0,0
18111,2467,5.0,Retail,9,6,US,mobile,41.8,3,0,1,0,0,0
18127,1723,5.0,Food Delivery,6,0,US,mobile,93.0,2,0,0,0,1,0
18164,2442,7.48,Grocery,8,2,US,desktop,23.9,0,1,0,0,0,1
18201,2508,5.0,Retail,23,1,US,mobile,5.8,0,0,0,1,0,1
18242,3436,5.0,Grocery,10,2,CA,desktop,81.1,4,0,0,0,0,0
18311,1196,5.0,Retail,16,1,AU,desktop,130.6,3,0,0,0,0,0
18320,2630,10.98,Retail,5,2,US,mobile,1.4,2,0,0,1,0,0
18345,2666,5.0,Travel,9,1,US,tablet,84.3,0,0,0,0,1,1
18356,2981,5.0,Food Delivery,6,0,US,mobile,91.4,2,0,0,0,1,0
18370,4014,5.0,Grocery,17,6,US,mobile,128.7,4,0,1,0,0,1
18394,3261,5.0,Retail,7,3,CA,desktop,110.2,3,0,0,0,0,0
18472,2220,5.0,Retail,10,2,US,desktop,9.0,1,1,0,0,0,0
18482,2181,5.0,Retail,11,1,GB,desktop,671.8,3,0,0,0,0,1
18516,4600,5.0,Grocery,5,6,AU,desktop,120.2,1,0,1,1,0,0
18522,4939,5.0,Retail,11,3,US,desktop,20.0,1,1,0,0,0,0
18528,4400,5.0,Online,21,4,US,mobile,260.5,1,0,0,0,1,0
18595,3911,5.0,Online,17,2,US,mobile,73.8,2,0,0,0,1,0
18619,4690,5.0,Grocery,11,2,US,desktop,1.0,1,1,0,0,0,1
18668,3451,5.0,Retail,23,0,US,tablet,20.3,2,0,0,1,0,0
18702,4106,5.0,Online,6,0,US,mobile,104.1,1,0,0,0,1,0
18767,2875,5.0,Food Delivery,9,4,US,mobile,88.8,2,0,0,0,1,0
18781,2412,5.0,Health,22,6,US,mobile,45.7,3,0,1,0,0,0
18807,3607,5.0,Online,20,3,US,tablet,229.2,0,0,0,0,1,0
18821,3654,5.0,Grocery,1,4,US,mobile,1.0,1,0,0,1,0,1
18851,4805,5.0,Grocery,13,1,BR,desktop,50.6,5,0,0,0,0,0
18884,4793,5.0,Utilities,0,2,US,mobile,28.6,0,0,0,1,0,0
18929,2533,5.0,Online,11,0,US,mobile,210.2,1,0,0,0,1,0
19066,4849,5.0,Retail,5,1,US,mobile,1.4,0,0,0,1,0,0
19138,1302,5.0,Retail,12,1,CA,desktop,80.4,3,0,0,0,0,1
19149,3978,6.63,Grocery,18,4,FR,desktop,251.6,3,0,0,0,0,0
19167,3059,5.0,Utilities,4,6,AU,desktop,129.6,1,0,1,1,0,1
19183,2825,5.0,Online,9,1,US,tablet,119.0,1,0,0,0,1,0
19213,2766,5.0,Food Delivery,20,3,US,mobile,106.4,1,0,0,0,1,0
19264,4874,5.0,Food Delivery,13,4,US,tablet,417.8,1,0,0,0,1,0
19295,1117,5.0,Retail,1,4,US,mobile,2.8,1,0,0,1,0,1
19455,2099,5.0,Travel,8,1,US,mobile,136.9,1,0,0,0,1,1
19457,2412,5.0,Grocery,5,5,AU,desktop,284.1,1,0,1,1,0,0
19498,4352,5.0,Grocery,8,1,FR,desktop,92.2,3,0,0,0,0,0
19542,2495,5.0,Grocery,12,3,DE,desktop,172.6,3,0,0,0,0,0
19544,3977,5.0,Entertainment,19,0,US,mobile,453.2,0,0,0,0,1,0
19593,4215,5.0,Grocery,4,2,US,mobile,12.0,1,0,0,1,0,1
19599,1714,5.0,Retail,23,3,US,mobile,2.4,1,0,0,1,0,1
19632,1697,5.0,Retail,1,6,JP,desktop,175.0,2,0,1,1,0,0
19656,2984,5.0,Grocery,18,5,US,tablet,240.5,3,0,1,0,0,0
19840,4565,5.0,Utilities,23,5,NG,desktop,78.1,0,0,1,1,0,1
19916,1537,5.0,Retail,8,4,AU,desktop,138.9,3,0,0,0,0,0
19982,2166,5.0,Food Delivery,22,1,US,mobile,98.4,0,0,0,0,1,0
19985,3504,5.0,Retail,0,6,FR,desktop,85.9,1,0,1,1,0,1
19991,4844,5.0,Food Delivery,8,2,US,tablet,126.7,1,0,0,0,1,0
163,2636,5.0,Entertainment,19,6,US,desktop,15.3,0,0,1,0,0,0
1264,4290,5.0,Grocery,0,5,US,mobile,407.4,0,0,1,1,1,0
1587,4293,5.0,Grocery,13,5,US,desktop,407.0,2,1,1,0,1,0
1957,3114,5.0,Online,12,5,US,desktop,28.7,1,0,1,0,0,0
2244,1447,5.0,Online,20,5,US,desktop,19.6,1,0,1,0,0,0
2368,1705,5.0,Food Delivery,6,6,US,desktop,17.8,1,0,1,0,0,0
2506,1461,5.0,Grocery,3,6,US,mobile,34.5,1,0,1,1,1,0
2678,4512,5.0,Online,16,6,US,desktop,15.5,1,0,1,0,0,1
2752,1322,5.0,Grocery,11,6,FR,desktop,7.1,0,0,1,0,1,0
3035,1398,5.0,Grocery,20,5,DE,desktop,17.1,0,0,1,0,1,0
3319,2023,5.0,Grocery,0,5,US,mobile,284.8,2,0,1,1,1,0
3693,1780,5.0,Travel,8,5,US,desktop,21.9,2,0,1,0,0,0
3910,4623,5.0,Travel,7,6,US,desktop,27.6,0,0,1,0,0,0
4289,4057,5.0,Grocery,4,6,US,tablet,120.8,1,0,1,1,1,0
4584,3832,5.0,Retail,8,6,FR,desktop,2.3,0,0,1,0,1,0
4880,4024,5.0,Grocery,0,5,US,tablet,46.5,0,0,1,1,1,0
5046,2472,5.0,Grocery,0,5,US,mobile,224.2,1,0,1,1,1,0
5061,3152,5.0,Food Delivery,9,6,US,desktop,2.7,2,0,1,0,0,0
5307,2573,5.0,Retail,21,6,US,desktop,237.8,0,1,1,0,1,0
5317,3149,5.0,Utilities,20,6,US,desktop,53.4,1,1,1,0,1,0
5921,1585,5.0,Food Delivery,11,5,US,desktop,1.6,0,0,1,0,0,0
6451,4153,5.0,Food Delivery,19,5,US,desktop,21.4,1,0,1,0,0,0
6579,1530,5.0,Grocery,1,5,US,mobile,104.6,2,0,1,1,1,0
6856,4513,5.0,Food Delivery,9,6,US,desktop,21.3,0,0,1,0,0,0
6946,3209,7.15,Travel,12,5,US,desktop,18.3,2,0,1,0,0,1
7118,3490,5.0,Online,14,6,US,desktop,20.1,2,0,1,0,0,1
7599,1061,5.0,Grocery,5,5,US,tablet,128.8,0,0,1,1,1,0
8232,2071,5.0,Health,8,5,US,desktop,196.9,1,1,1,0,1,0
8424,2426,5.0,Grocery,2,6,US,mobile,49.3,2,0,1,1,1,1
8483,4927,5.0,Utilities,5,6,US,mobile,209.1,2,0,1,1,1,0
8905,3418,5.0,Retail,23,5,US,mobile,148.0,2,0,1,1,1,0
9054,3896,10.51,Online,16,5,US,desktop,22.4,1,0,1,0,0,0
9074,3664,5.0,Retail,5,5,US,tablet,178.9,1,0,1,1,1,1
9083,1749,5.0,Food Delivery,8,5,US,desktop,3.7,1,0,1,0,0,1
9435,2684,5.0,Grocery,11,6,US,desktop,186.0,0,1,1,0,1,1
9519,4663,5.0,Grocery,23,6,US,tablet,143.7,1,0,1,1,1,0
9611,4870,5.53,Travel,12,6,US,desktop,10.7,1,0,1,0,0,0
9650,2645,9.91,Travel,14,5,US,desktop,29.9,2,0,1,0,0,0
9676,1043,5.0,Utilities,2,6,US,tablet,47.9,1,0,1,1,1,1
10369,2366,5.0,Food Delivery,17,6,US,desktop,26.0,1,0,1,0,0,0
11344,4475,5.0,Entertainment,19,5,US,desktop,12.4,2,0,1,0,0,1
11386,3137,5.0,Grocery,5,5,US,tablet,56.9,2,0,1,1,1,0
11929,4877,5.0,Food Delivery,18,6,US,desktop,10.0,1,0,1,0,0,0
12084,1022,5.0,Entertainment,18,5,US,desktop,4.8,0,0,1,0,0,0
12818,3596,5.65,Retail,1,5,US,mobile,225.7,1,0,1,1,1,0
12821,2686,5.19,Utilities,5,6,US,mobile,472.3,1,0,1,1,1,1
13256,3332,5.0,Travel,9,6,US,desktop,15.9,0,0,1,0,0,1
13496,3103,5.0,Travel,6,5,US,desktop,7.0,1,0,1,0,0,0
13789,1890,5.0,Grocery,9,6,GB,desktop,2.8,1,0,1,0,1,0
14352,1022,5.0,Grocery,22,6,US,desktop,93.1,1,1,1,0,1,1
14715,2067,5.0,Online,22,6,US,desktop,3.7,0,0,1,0,0,0
14917,4402,5.0,Food Delivery,7,6,US,desktop,27.3,2,0,1,0,0,0
15020,3334,5.0,Travel,10,5,US,desktop,24.6,0,0,1,0,0,0
15197,3056,5.0,Online,11,6,US,desktop,12.9,1,0,1,0,0,0
16116,2218,5.0,Retail,15,5,US,desktop,720.8,2,1,1,0,1,1
16779,3342,5.0,Grocery,1,5,US,mobile,168.2,0,0,1,1,1,0
17002,1073,5.0,Grocery,5,5,US,mobile,647.9,1,0,1,1,1,0
17591,2505,5.0,Grocery,3,5,US,mobile,287.0,1,0,1,1,1,0
17626,3345,5.0,Grocery,11,6,US,desktop,68.3,0,1,1,0,1,0
17661,1064,5.0,Online,10,6,US,desktop,6.5,1,0,1,0,0,1
17755,1192,5.0,Travel,18,5,US,desktop,25.5,0,0,1,0,0,0
17862,3442,5.0,Entertainment,9,6,US,desktop,9.5,2,0,1,0,0,0
18150,3965,5.0,Food Delivery,22,6,US,desktop,26.6,1,0,1,0,0,0
18229,1257,5.0,Retail,22,6,JP,desktop,18.4,2,0,1,0,1,1
18862,2985,5.0,Grocery,22,6,US,desktop,113.2,0,1,1,0,1,1
18979,4052,5.0,Online,22,5,US,desktop,3.4,1,0,1,0,0,0
19451,4635,5.0,Grocery,2,5,US,tablet,230.1,1,0,1,1,1,1
19547,2460,5.0,Retail,1,6,US,tablet,145.5,0,0,1,1,1,0
19851,1618,5.0,Grocery,4,6,US,mobile,92.5,2,0,1,1,1,0
17,3052,5.0,Entertainment,3,1,US,desktop,251.6,0,0,0,1,0,0
109,2886,5.0,Food Delivery,2,2,US,desktop,68.7,2,0,0,1,0,0
153,4670,9.9,Travel,3,0,US,desktop,156.3,1,0,0,1,0,0
303,1039,5.0,Food Delivery,2,2,US,desktop,296.7,2,0,0,1,0,0
320,4074,5.0,Entertainment,5,0,US,desktop,132.9,2,0,0,1,0,0
437,3269,5.0,Food Delivery,2,1,US,desktop,306.1,2,0,0,1,0,0
449,3084,5.0,Entertainment,5,0,US,desktop,191.2,1,0,0,1,0,0
569,3570,5.0,Utilities,2,4,BR,desktop,210.2,1,0,0,1,1,0
663,1140,5.0,Travel,4,1,US,desktop,166.2,0,0,0,1,0,0
694,4784,5.0,Food Delivery,0,1,US,desktop,104.5,2,0,0,1,0,1
736,3684,5.0,Travel,23,3,US,desktop,139.0,1,0,0,1,0,0
826,1361,5.0,Food Delivery,1,1,US,desktop,72.5,1,0,0,1,0,0
1036,3970,5.0,Grocery,19,4,US,mobile,90.9,3,0,0,0,1,0
1082,4956,5.0,Travel,1,0,US,desktop,160.6,1,0,0,1,0,0
1139,3974,5.0,Health,5,2,CA,desktop,35.1,1,0,0,1,1,1
1180,1099,5.0,Online,1,2,US,desktop,648.9,0,0,0,1,0,1
1228,4938,7.36,Entertainment,5,4,US,desktop,53.2,1,0,0,1,0,0
1251,1967,5.0,Travel,2,2,US,desktop,546.1,0,0,0,1,0,0
1262,4698,5.0,Retail,3,2,CA,desktop,557.9,0,0,0,1,1,0
1263,2777,5.0,Travel,3,2,US,desktop,61.2,1,0,0,1,0,1
1277,3628,5.0,Online,5,4,US,desktop,46.9,0,0,0,1,0,0
1418,2753,5.0,Travel,23,3,US,desktop,73.3,2,0,0,1,0,0
1460,3064,5.0,Retail,23,3,DE,desktop,130.0,1,0,0,1,1,0
1514,2322,5.0,Grocery,0,2,GB,desktop,327.0,1,0,0,1,1,0
1536,1125,5.0,Food Delivery,3,0,US,desktop,41.2,1,0,0,1,0,0
1581,2185,5.0,Food Delivery,3,1,US,desktop,836.7,2,0,0,1,0,1
1605,1496,5.0,Entertainment,5,0,US,desktop,100.1,2,0,0,1,0,0
1824,4506,5.0,Online,5,1,US,desktop,218.4,0,0,0,1,0,0
2014,4687,5.0,Online,4,4,US,desktop,448.3,2,0,0,1,0,0
2020,2844,5.0,Retail,1,2,BR,desktop,97.3,1,0,0,1,1,0
2078,2760,5.0,Health,4,1,AU,desktop,51.9,1,0,0,1,1,0
2099,4004,5.0,Online,3,3,US,desktop,44.5,0,0,0,1,0,0
2115,3966,11.37,Travel,1,0,US,desktop,604.6,0,0,0,1,0,0
2167,2264,5.0,Travel,3,2,US,desktop,95.2,1,0,0,1,0,0
2214,1462,5.0,Online,4,3,US,desktop,68.1,2,0,0,1,0,0
2256,3744,5.0,Online,5,2,US,desktop,190.1,1,0,0,1,0,1
2297,1669,5.0,Food Delivery,5,4,US,desktop,506.6,0,0,0,1,0,1
2345,3350,5.0,Retail,2,4,AU,desktop,398.1,1,0,0,1,1,1
2393,3468,5.0,Retail,18,3,US,mobile,383.8,3,0,0,0,1,1
2462,1860,5.0,Online,0,0,US,desktop,682.0,2,0,0,1,0,0
2487,1977,5.0,Travel,3,2,US,desktop,83.3,2,0,0,1,0,0
2491,2369,5.0,Online,3,4,US,desktop,452.3,1,0,0,1,0,1
2849,2119,5.0,Online,5,0,US,desktop,45.5,0,0,0,1,0,0
2969,3878,5.0,Entertainment,4,2,US,desktop,220.5,1,0,0,1,0,0
3159,3671,5.0,Online,23,3,US,desktop,363.3,0,0,0,1,0,1
3239,4531,5.0,Entertainment,4,3,US,desktop,838.3,0,0,0,1,0,0
3376,3021,5.0,Online,0,4,US,desktop,165.4,0,0,0,1,0,1
3380,2580,5.0,Food Delivery,2,0,US,desktop,127.7,0,0,0,1,0,0
3435,1941,5.0,Travel,0,3,US,desktop,90.4,1,0,0,1,0,0
3553,4755,9.4,Online,3,0,US,desktop,43.9,1,0,0,1,0,1
3660,2974,7.79,Travel,0,1,US,desktop,474.8,1,0,0,1,0,1
3828,3197,5.0,Online,23,3,US,desktop,75.8,2,0,0,1,0,0
3864,3441,5.0,Travel,3,1,US,desktop,80.7,1,0,0,1,0,1
3893,2743,5.0,Food Delivery,2,3,US,desktop,425.1,2,0,0,1,0,1
3962,4438,5.0,Travel,2,2,US,desktop,111.9,0,0,0,1,0,1
3987,2240,5.0,Travel,3,3,US,desktop,220.2,2,0,0,1,0,0
4005,4203,5.0,Online,0,3,US,desktop,224.6,0,0,0,1,0,0
4224,3132,5.0,Entertainment,23,3,US,desktop,46.5,2,0,0,1,0,1
4580,2169,5.0,Entertainment,3,4,US,desktop,48.7,1,0,0,1,0,1
4708,3193,5.0,Online,2,2,US,desktop,357.8,1,0,0,1,0,1
4897,4402,5.0,Food Delivery,3,2,US,desktop,227.7,2,0,0,1,0,0
5004,3732,5.0,Food Delivery,2,1,US,desktop,119.1,2,0,0,1,0,0
5040,1860,5.0,Grocery,3,3,NG,desktop,152.9,0,0,0,1,1,0
5102,3173,5.0,Retail,5,1,GB,desktop,69.9,2,0,0,1,1,0
5135,3904,5.0,Food Delivery,0,4,US,desktop,169.4,0,0,0,1,0,0
5146,4004,5.0,Health,11,4,US,tablet,267.0,3,0,0,0,1,0
5327,3261,5.0,Retail,13,4,US,mobile,133.9,3,0,0,0,1,1
5392,1663,5.0,Travel,23,0,US,desktop,54.1,2,0,0,1,0,0
5417,2409,5.0,Online,4,2,US,desktop,60.7,2,0,0,1,0,1
5564,1413,5.0,Grocery,0,4,AU,desktop,208.1,0,0,0,1,1,0
5597,3135,5.0,Grocery,23,1,DE,desktop,86.3,2,0,0,1,1,0
5650,4923,5.0,Travel,23,3,US,desktop,64.0,2,0,0,1,0,0
5740,1144,5.0,Travel,3,4,US,desktop,323.4,2,0,0,1,0,1
5777,2591,5.0,Online,23,3,US,desktop,176.9,1,0,0,1,0,1
5782,1586,5.0,Travel,1,2,US,desktop,406.0,2,0,0,1,0,0
5809,2928,5.43,Entertainment,23,1,US,desktop,55.6,1,0,0,1,0,1
5898,4830,5.0,Entertainment,0,2,US,desktop,288.3,1,0,0,1,0,0
5918,1991,5.0,Travel,0,1,US,desktop,114.0,2,0,0,1,0,0
6020,4003,5.0,Utilities,2,4,FR,desktop,61.4,0,0,0,1,1,0
6092,4901,5.0,Online,2,3,US,desktop,606.3,1,0,0,1,0,0
6108,4131,5.0,Retail,22,3,US,mobile,385.3,3,0,0,0,1,0
6130,2495,5.0,Online,5,4,US,desktop,371.4,2,0,0,1,0,0
6165,1998,5.0,Online,1,1,US,desktop,187.7,2,0,0,1,0,0
6216,3585,5.0,Travel,5,3,US,desktop,162.6,0,0,0,1,0,1
6351,2364,5.0,Travel,0,3,US,desktop,140.0,0,0,0,1,0,0
6439,1299,5.0,Travel,4,0,US,desktop,88.6,0,0,0,1,0,0
6491,4528,5.0,Entertainment,5,4,US,desktop,468.2,1,0,0,1,0,0
6523,1634,5.0,Online,0,3,US,desktop,787.4,2,0,0,1,0,0
6562,3658,7.38,Entertainment,4,4,US,desktop,144.0,2,0,0,1,0,0
6563,2898,5.0,Entertainment,23,1,US,desktop,227.2,1,0,0,1,0,0
6582,2410,5.0,Travel,5,4,US,desktop,72.4,0,0,0,1,0,0
6663,2931,11.56,Online,23,2,US,desktop,98.7,2,0,0,1,0,1
6667,1319,5.0,Travel,3,2,US,desktop,91.8,1,0,0,1,0,0
6692,3687,6.79,Travel,4,4,US,desktop,448.0,2,0,0,1,0,0
6740,2764,5.0,Travel,2,2,US,desktop,169.5,1,0,0,1,0,0
6782,1553,5.0,Travel,23,2,US,desktop,490.5,1,0,0,1,0,0
6809,1199,5.0,Travel,5,2,US,desktop,860.5,1,0,0,1,0,1
6851,2411,5.0,Utilities,21,2,US,mobile,48.7,3,0,0,0,1,0
6917,1123,5.0,Travel,5,4,US,desktop,60.0,0,0,0,1,0,1
6930,4005,5.0,Retail,1,1,DE,desktop,133.4,0,0,0,1,1,0
7047,3382,5.0,Online,2,1,US,desktop,191.2,2,0,0,1,0,0
7125,1303,7.38,Retail,23,4,CA,desktop,44.0,2,0,0,1,1,0
7330,1961,5.0,Food Delivery,5,3,US,desktop,226.9,1,0,0,1,0,1
7414,2325,5.0,Online,0,0,US,desktop,102.3,1,0,0,1,0,0
7458,3838,5.0,Travel,23,1,US,desktop,291.5,0,0,0,1,0,1
7499,3319,5.0,Entertainment,3,4,US,desktop,500.3,1,0,0,1,0,0
7501,4431,5.0,Travel,3,3,US,desktop,366.3,0,0,0,1,0,0
7822,3045,5.0,Retail,20,3,US,mobile,229.6,3,0,0,0,1,0
7958,2973,5.0,Online,5,2,US,desktop,41.9,2,0,0,1,0,0
8197,2336,5.0,Food Delivery,1,3,US,desktop,47.1,2,0,0,1,0,1
8226,4083,5.0,Retail,2,1,JP,desktop,230.9,1,0,0,1,1,0
8239,3085,5.0,Grocery,12,4,US,tablet,62.5,3,0,0,0,1,0
8289,3046,5.0,Travel,1,3,US,desktop,37.7,2,0,0,1,0,0
8313,2642,5.0,Entertainment,5,3,US,desktop,83.1,1,0,0,1,0,0
8328,2585,5.0,Food Delivery,23,0,US,desktop,88.8,1,0,0,1,0,0
8519,4708,5.0,Online,3,0,US,desktop,244.1,2,0,0,1,0,0
8540,4027,5.0,Online,4,3,US,desktop,96.3,0,0,0,1,0,0
8620,3509,5.0,Grocery,6,1,US,mobile,237.1,4,0,0,0,1,0
8652,3203,5.0,Online,4,4,US,desktop,190.2,0,0,0,1,0,0
8695,2817,5.0,Entertainment,5,4,US,desktop,83.2,1,0,0,1,0,0
8786,3075,5.0,Online,1,2,US,desktop,102.0,2,0,0,1,0,0
8887,3701,5.0,Food Delivery,0,3,US,desktop,144.4,1,0,0,1,0,1
8947,1304,5.0,Grocery,18,4,US,tablet,415.8,3,0,0,0,1,0
9042,1339,5.0,Health,0,4,CA,desktop,95.8,1,0,0,1,1,1
9085,2654,7.0,Online,1,4,US,desktop,48.9,1,0,0,1,0,0
9187,1137,5.0,Travel,4,2,US,desktop,563.6,1,0,0,1,0,1
9265,3494,5.0,Travel,0,0,US,desktop,78.9,1,0,0,1,0,0
9313,2629,5.0,Travel,1,4,US,desktop,215.2,1,0,0,1,0,1
9334,4243,5.0,Travel,1,2,US,desktop,530.9,1,0,0,1,0,1
9411,4370,5.0,Travel,4,1,US,desktop,578.9,1,0,0,1,0,0
9462,2265,5.0,Entertainment,0,4,US,desktop,246.1,2,0,0,1,0,0
9467,3552,5.0,Entertainment,23,2,US,desktop,157.0,0,0,0,1,0,0
9535,1340,5.0,Entertainment,0,0,US,desktop,462.7,2,0,0,1,0,0
9625,4458,6.48,Food Delivery,5,4,US,desktop,322.1,2,0,0,1,0,1
9644,2098,5.0,Travel,23,0,US,desktop,233.1,0,0,0,1,0,0
9711,1518,5.0,Grocery,15,0,US,mobile,466.7,6,0,0,0,1,0
9742,2733,5.0,Travel,1,0,US,desktop,85.3,2,0,0,1,0,0
9883,2528,5.73,Food Delivery,3,1,US,desktop,127.0,2,0,0,1,0,1
10071,1945,5.0,Food Delivery,5,0,US,desktop,517.1,1,0,0,1,0,1
10103,4572,5.0,Online,5,1,US,desktop,73.6,1,0,0,1,0,1
10154,2951,5.0,Food Delivery,5,0,US,desktop,560.0,1,0,0,1,0,1
10410,1680,5.0,Online,0,4,US,desktop,63.9,0,0,0,1,0,0
10414,1208,5.0,Entertainment,2,4,US,desktop,63.9,1,0,0,1,0,1
10481,2094,5.0,Travel,2,3,US,desktop,640.2,0,0,0,1,0,0
10535,4568,5.0,Online,0,0,US,desktop,95.3,2,0,0,1,0,0
10731,2708,5.0,Food Delivery,5,2,US,desktop,109.8,0,0,0,1,0,0
10762,1876,5.0,Travel,3,2,US,desktop,451.9,0,0,0,1,0,0
10771,1221,5.0,Travel,3,0,US,desktop,177.7,1,0,0,1,0,1
10826,2324,5.0,Online,1,4,US,desktop,219.4,1,0,0,1,0,1
10832,2874,5.0,Retail,17,4,US,mobile,338.3,4,0,0,0,1,0
10959,3635,5.0,Travel,1,4,US,desktop,173.9,1,0,0,1,0,0
10989,2841,5.0,Food Delivery,0,3,US,desktop,116.1,1,0,0,1,0,0
11125,3515,5.0,Online,1,3,US,desktop,341.1,0,0,0,1,0,1
11194,4661,5.0,Travel,3,2,US,desktop,511.7,2,0,0,1,0,0
11371,4328,5.0,Grocery,23,4,NG,desktop,232.4,1,0,0,1,1,0
11397,3667,5.0,Food Delivery,3,4,US,desktop,326.3,0,0,0,1,0,0
11462,2102,5.0,Retail,4,1,NG,desktop,56.6,2,0,0,1,1,1
11464,4545,5.0,Online,0,1,US,desktop,148.2,0,0,0,1,0,1
11469,4000,5.0,Grocery,3,4,FR,desktop,219.1,1,0,0,1,1,0
11637,2336,5.0,Travel,4,3,US,desktop,109.9,2,0,0,1,0,0
11816,3494,9.63,Entertainment,5,3,US,desktop,54.7,2,0,0,1,0,0
11924,1622,5.0,Travel,0,2,US,desktop,32.2,2,0,0,1,0,0
11956,2379,5.0,Travel,4,1,US,desktop,913.1,1,0,0,1,0,0
12066,1497,5.0,Food Delivery,1,4,US,desktop,37.7,2,0,0,1,0,0
12078,1880,5.0,Grocery,3,4,FR,desktop,91.6,2,0,0,1,1,0
12116,3281,7.56,Entertainment,1,2,US,desktop,72.4,0,0,0,1,0,0
12135,4175,5.0,Entertainment,3,4,US,desktop,282.0,0,0,0,1,0,1
12279,1648,5.0,Food Delivery,3,3,US,desktop,536.5,2,0,0,1,0,1
12284,1626,5.16,Online,23,0,US,desktop,135.2,0,0,0,1,0,0
12434,3133,5.0,Food Delivery,4,0,US,desktop,518.3,1,0,0,1,0,0
12547,4277,5.0,Online,23,1,US,desktop,179.7,1,0,0,1,0,1
12906,2963,5.0,Online,3,1,US,desktop,72.7,1,0,0,1,0,0
13100,2119,5.0,Food Delivery,5,4,US,desktop,57.2,1,0,0,1,0,0
13182,2016,5.0,Travel,3,2,US,desktop,280.7,2,0,0,1,0,0
13294,1287,5.0,Grocery,18,1,US,mobile,75.5,4,0,0,0,1,0
13344,2282,5.0,Food Delivery,1,1,US,desktop,45.8,2,0,0,1,0,0
13404,3492,5.0,Entertainment,0,1,US,desktop,52.6,2,0,0,1,0,0
13598,3222,5.0,Retail,2,4,CA,desktop,149.5,2,0,0,1,1,1
13633,4083,5.0,Retail,0,1,FR,desktop,133.8,2,0,0,1,1,1
13671,4661,5.0,Retail,23,0,GB,desktop,91.3,0,0,0,1,1,1
13712,2347,5.0,Food Delivery,1,3,US,desktop,37.1,1,0,0,1,0,0
13727,1349,8.34,Travel,2,2,US,desktop,262.4,0,0,0,1,0,0
13801,2639,5.0,Travel,5,4,US,desktop,96.3,2,0,0,1,0,0
13860,4899,5.0,Travel,3,1,US,desktop,115.7,1,0,0,1,0,0
13916,3200,5.0,Travel,1,2,US,desktop,737.0,1,0,0,1,0,1
14094,2527,5.0,Utilities,19,4,US,mobile,356.9,3,0,0,0,1,1
14176,2086,5.0,Online,1,1,US,desktop,340.3,1,0,0,1,0,0
14275,2952,5.0,Food Delivery,1,3,US,desktop,132.1,2,0,0,1,0,1
14339,2855,5.0,Travel,5,0,US,desktop,209.1,2,0,0,1,0,0
14464,1888,5.0,Food Delivery,3,3,US,desktop,189.7,2,0,0,1,0,0
14697,3251,5.0,Food Delivery,3,0,US,desktop,184.8,0,0,0,1,0,0
14803,2424,5.0,Retail,4,0,DE,desktop,41.1,1,0,0,1,1,1
14810,3168,5.0,Travel,0,0,US,desktop,42.5,0,0,0,1,0,0
14866,3861,5.0,Food Delivery,0,0,US,desktop,88.6,0,0,0,1,0,0
14880,4665,5.0,Travel,1,4,US,desktop,518.5,1,0,0,1,0,0
14905,2070,5.0,Online,23,1,US,desktop,231.5,0,0,0,1,0,0
14908,3412,5.0,Online,5,2,US,desktop,203.9,0,0,0,1,0,1
15211,1066,5.0,Online,23,2,US,desktop,651.9,2,0,0,1,0,1
15291,1335,5.0,Grocery,9,1,US,mobile,280.9,4,0,0,0,1,0
15344,1695,5.0,Grocery,8,3,US,mobile,71.3,3,0,0,0,1,0
15401,4838,5.0,Entertainment,23,1,US,desktop,39.4,1,0,0,1,0,0
15490,4147,5.0,Food Delivery,2,3,US,desktop,116.7,2,0,0,1,0,0
15547,3710,5.0,Entertainment,23,0,US,desktop,661.9,0,0,0,1,0,0
15567,4664,5.0,Entertainment,0,0,US,desktop,269.2,1,0,0,1,0,1
15598,2518,5.65,Food Delivery,2,2,US,desktop,144.7,2,0,0,1,0,0
15674,2042,5.0,Online,0,4,US,desktop,53.0,2,0,0,1,0,0
15747,4383,5.94,Travel,4,0,US,desktop,33.6,2,0,0,1,0,1
15752,1494,5.0,Online,1,0,US,desktop,200.5,1,0,0,1,0,0
15875,4093,5.0,Travel,2,2,US,desktop,154.7,2,0,0,1,0,0
15924,2037,5.0,Online,0,4,US,desktop,141.4,0,0,0,1,0,0
15953,4259,5.0,Travel,0,0,US,desktop,222.8,0,0,0,1,0,1
16080,4348,5.0,Entertainment,1,2,US,desktop,165.6,1,0,0,1,0,0
16192,4435,5.0,Travel,23,2,US,desktop,37.7,1,0,0,1,0,1
16219,2448,5.0,Food Delivery,5,1,US,desktop,447.8,0,0,0,1,0,0
16255,4113,5.0,Food Delivery,1,4,US,desktop,142.2,2,0,0,1,0,0
16401,2305,5.0,Entertainment,2,4,US,desktop,133.4,2,0,0,1,0,1
16413,3867,5.0,Food Delivery,1,0,US,desktop,93.3,0,0,0,1,0,1
16506,3922,5.0,Retail,4,2,JP,desktop,1279.3,1,0,0,1,1,0
16616,3669,5.0,Food Delivery,3,0,US,desktop,222.4,0,0,0,1,0,1
16620,4881,5.0,Entertainment,3,3,US,desktop,199.6,1,0,0,1,0,0
16640,2714,5.0,Food Delivery,23,2,US,desktop,144.6,2,0,0,1,0,0
16800,4183,5.0,Travel,0,3,US,desktop,486.7,0,0,0,1,0,0
16805,3710,5.0,Online,4,1,US,desktop,226.3,0,0,0,1,0,0
16826,3547,5.0,Online,5,1,US,desktop,545.2,2,0,0,1,0,0
16956,2797,5.0,Health,0,0,CA,desktop,65.2,0,0,0,1,1,0
16991,3514,5.0,Online,23,3,US,desktop,141.3,1,0,0,1,0,0
16997,1199,5.06,Grocery,11,2,US,tablet,58.4,5,0,0,0,1,0
16999,2451,5.0,Travel,0,4,US,desktop,77.2,1,0,0,1,0,1
17061,3392,5.0,Travel,0,3,US,desktop,112.5,2,0,0,1,0,0
17219,4471,5.0,Online,3,2,US,desktop,652.5,1,0,0,1,0,0
17239,4487,5.0,Food Delivery,23,0,US,desktop,91.7,0,0,0,1,0,0
17391,3331,9.14,Utilities,6,0,US,tablet,263.3,6,0,0,0,1,0
17490,3269,5.0,Travel,5,2,US,desktop,63.2,2,0,0,1,0,0
17504,2655,5.0,Food Delivery,4,4,US,desktop,73.9,2,0,0,1,0,0
17564,1628,5.0,Food Delivery,23,4,US,desktop,242.3,0,0,0,1,0,0
17574,3464,5.0,Travel,2,1,US,desktop,197.8,1,0,0,1,0,1
17645,4035,5.0,Online,23,0,US,desktop,57.6,2,0,0,1,0,0
17814,2627,5.0,Travel,0,2,US,desktop,200.5,2,0,0,1,0,1
17843,3666,5.0,Travel,5,0,US,desktop,197.5,0,0,0,1,0,1
17904,3004,5.0,Food Delivery,3,0,US,desktop,223.6,0,0,0,1,0,0
18129,2264,5.0,Online,1,1,US,desktop,244.1,0,0,0,1,0,0
18148,3707,5.0,Health,22,4,US,mobile,39.2,3,0,0,0,1,0
18297,1228,5.0,Travel,2,3,US,desktop,358.7,1,0,0,1,0,0
18339,3886,5.0,Online,23,3,US,desktop,393.3,1,0,0,1,0,0
18405,3982,5.0,Travel,4,1,US,desktop,521.0,1,0,0,1,0,0
18417,2016,5.0,Online,1,4,US,desktop,113.5,1,0,0,1,0,0
18484,2974,5.0,Online,2,2,US,desktop,30.5,1,0,0,1,0,0
18634,4547,5.0,Retail,5,0,BR,desktop,137.8,1,0,0,1,1,1
18672,4313,5.0,Grocery,12,0,US,mobile,351.7,3,0,0,0,1,0
18766,2964,5.0,Entertainment,0,2,US,desktop,360.5,2,0,0,1,0,0
18845,2363,5.0,Travel,2,1,US,desktop,391.5,0,0,0,1,0,1
19070,4669,6.18,Travel,0,0,US,desktop,32.7,1,0,0,1,0,1
19235,3770,17.21,Entertainment,23,1,US,desktop,30.9,0,0,0,1,0,0
19317,3829,5.0,Travel,1,4,US,desktop,89.3,1,0,0,1,0,1
19360,2624,5.0,Food Delivery,1,3,US,desktop,55.5,2,0,0,1,0,0
19431,3605,5.0,Travel,5,1,US,desktop,410.5,2,0,0,1,0,0
19603,3160,5.0,Travel,5,0,US,desktop,175.2,1,0,0,1,0,0
19669,1098,5.0,Entertainment,23,1,US,desktop,669.8,0,0,0,1,0,0
19775,3264,5.0,Online,4,2,US,desktop,54.0,1,0,0,1,0,0
19850,1382,5.0,Online,3,0,US,desktop,82.6,1,0,0,1,0,0
19901,4880,5.0,Utilities,11,3,US,mobile,198.4,4,0,0,0,1,0
19926,1572,5.0,Online,4,0,US,desktop,229.0,0,0,0,1,0,0
178,1645,5.0,Grocery,22,5,GB,mobile,17.3,2,0,1,0,0,0
181,4752,5.0,Grocery,22,5,DE,mobile,4.6,1,0,1,0,0,1
183,2989,5.0,Retail,9,6,US,mobile,204.3,1,1,1,0,0,1
341,3539,5.0,Grocery,12,6,FR,mobile,19.6,1,0,1,0,0,0
711,3717,5.0,Grocery,21,6,US,mobile,200.8,2,1,1,0,0,0
789,3178,5.0,Grocery,9,5,GB,mobile,21.5,2,0,1,0,0,0
909,2484,5.0,Utilities,7,6,AU,mobile,11.0,1,0,1,0,0,1
1076,1655,5.0,Grocery,11,6,US,mobile,55.3,0,1,1,0,0,0
1169,4992,5.0,Retail,15,6,NG,mobile,21.1,1,0,1,0,0,0
1400,2197,5.0,Grocery,19,5,BR,mobile,27.6,2,0,1,0,0,1
1406,1621,5.0,Grocery,12,6,AU,mobile,25.0,2,0,1,0,0,0
1579,1451,5.0,Health,19,5,AU,mobile,13.8,2,0,1,0,0,1
1673,2070,5.0,Grocery,16,6,US,mobile,40.1,1,1,1,0,0,0
1828,4938,5.0,Grocery,7,6,GB,mobile,25.4,1,0,1,0,0,0
2182,1960,5.0,Grocery,10,5,US,mobile,205.7,2,1,1,0,0,0
2209,1938,5.0,Retail,13,6,FR,tablet,1.0,2,0,1,0,0,0
2618,1210,5.0,Retail,13,5,US,mobile,243.4,0,1,1,0,0,0
2670,4854,5.0,Grocery,17,5,US,mobile,163.9,1,1,1,0,0,1
2682,1404,5.0,Retail,15,5,US,tablet,75.6,0,1,1,0,0,0
2877,3657,5.0,Health,20,6,US,desktop,2.4,3,0,1,0,0,1
2918,4782,5.0,Utilities,22,5,US,desktop,10.0,4,0,1,0,0,0
2934,2739,5.0,Retail,8,6,US,tablet,228.0,1,1,1,0,0,0
3007,3396,5.0,Retail,15,5,US,mobile,96.6,2,1,1,0,0,1
3014,3946,15.04,Grocery,18,5,AU,mobile,13.6,2,0,1,0,0,0
3245,3915,5.0,Grocery,7,5,US,mobile,273.1,1,1,1,0,0,0
3421,3066,5.0,Grocery,22,6,US,tablet,46.8,1,1,1,0,0,0
3515,2052,5.0,Grocery,11,6,US,mobile,141.0,1,1,1,0,0,0
3613,3437,5.0,Grocery,7,5,GB,mobile,8.2,1,0,1,0,0,0
3618,2636,5.0,Retail,18,6,US,desktop,23.6,3,0,1,0,0,0
3738,3114,5.0,Grocery,20,6,CA,tablet,23.4,1,0,1,0,0,1
3982,1353,5.0,Grocery,15,5,GB,tablet,25.0,2,0,1,0,0,0
4040,2494,5.0,Grocery,10,5,FR,mobile,21.8,2,0,1,0,0,0
4046,1055,5.0,Grocery,13,5,DE,tablet,22.2,0,0,1,0,0,0
4280,4377,5.0,Grocery,14,5,US,tablet,171.0,2,1,1,0,0,0
4432,1351,5.0,Online,20,0,US,desktop,14.9,1,0,0,0,1,1
4458,1155,5.0,Retail,11,5,DE,mobile,15.3,1,0,1,0,0,0
4549,3098,5.65,Retail,7,6,US,mobile,74.8,2,1,1,0,0,0
4587,1858,5.0,Utilities,10,5,BR,mobile,4.5,2,0,1,0,0,0
4759,2807,5.0,Health,16,6,GB,tablet,28.0,2,0,1,0,0,0
4791,1788,5.0,Retail,21,5,AU,tablet,1.4,0,0,1,0,0,0
4872,4827,8.16,Retail,7,6,US,mobile,64.6,2,1,1,0,0,1
4968,2353,11.74,Utilities,20,5,US,mobile,66.5,1,1,1,0,0,0
5229,1345,5.0,Retail,15,5,US,mobile,547.4,2,1,1,0,0,0
5391,1716,5.0,Utilities,13,5,US,tablet,353.3,1,1,1,0,0,1
5588,4953,7.59,Retail,18,6,GB,mobile,11.3,2,0,1,0,0,0
5773,2637,5.0,Grocery,12,6,DE,mobile,16.8,1,0,1,0,0,0
6137,1571,5.0,Retail,18,6,US,tablet,219.6,0,1,1,0,0,0
6246,2325,5.0,Utilities,10,5,BR,mobile,10.7,2,0,1,0,0,0
6257,3497,5.0,Retail,21,5,US,mobile,53.8,1,1,1,0,0,0
6261,1497,5.0,Utilities,15,6,US,tablet,44.0,1,1,1,0,0,0
6676,4532,5.0,Retail,8,6,DE,mobile,1.0,1,0,1,0,0,1
6688,1414,5.0,Utilities,8,6,US,mobile,391.5,1,1,1,0,0,0
7025,1496,5.0,Grocery,7,6,US,mobile,177.9,1,1,1,0,0,0
7148,2782,5.0,Utilities,22,6,US,mobile,329.4,2,1,1,0,0,0
7280,3137,5.0,Food Delivery,16,4,US,desktop,9.3,0,0,0,0,1,1
7503,3977,7.89,Grocery,12,6,US,tablet,292.3,0,1,1,0,0,0
7652,3179,5.0,Retail,14,6,BR,mobile,21.0,0,0,1,0,0,0
7753,1827,5.0,Grocery,13,6,DE,mobile,3.1,1,0,1,0,0,1
7767,4515,5.0,Grocery,11,5,GB,mobile,4.0,1,0,1,0,0,0
7787,3848,5.0,Retail,12,5,US,mobile,106.2,2,1,1,0,0,0
7805,4033,5.0,Grocery,20,5,GB,mobile,1.3,0,0,1,0,0,0
7972,1287,5.0,Retail,11,5,US,tablet,515.1,0,1,1,0,0,0
8157,1233,5.0,Retail,17,5,US,tablet,39.3,1,1,1,0,0,0
8190,1877,5.0,Retail,16,6,GB,mobile,27.0,1,0,1,0,0,0
8205,2756,5.0,Grocery,7,6,FR,mobile,16.6,0,0,1,0,0,0
8643,4624,5.0,Grocery,10,5,US,mobile,216.8,1,1,1,0,0,0
8691,2373,5.0,Utilities,19,5,US,tablet,40.4,1,1,1,0,0,0
8760,1104,5.0,Retail,13,6,US,mobile,60.3,2,1,1,0,0,0
8767,1868,5.0,Grocery,15,6,GB,mobile,4.0,2,0,1,0,0,0
8966,4161,5.0,Grocery,22,6,CA,tablet,6.8,0,0,1,0,0,0
9239,3574,5.0,Retail,12,5,JP,mobile,5.7,1,0,1,0,0,1
9271,4840,5.0,Retail,13,5,US,desktop,25.5,3,0,1,0,0,0
9450,1280,5.0,Grocery,14,6,CA,mobile,9.6,1,0,1,0,0,1
9866,4150,5.0,Grocery,9,5,US,tablet,88.2,2,1,1,0,0,0
9889,4735,5.0,Grocery,17,6,CA,tablet,3.6,1,0,1,0,0,1
9980,1412,5.0,Grocery,16,6,DE,mobile,1.0,0,0,1,0,0,0
10029,4019,5.0,Grocery,16,6,US,desktop,2.7,4,0,1,0,0,0
10067,4125,5.0,Grocery,7,5,JP,tablet,1.3,1,0,1,0,0,0
10068,3099,5.0,Grocery,21,5,US,mobile,214.4,1,1,1,0,0,0
10115,3813,5.0,Grocery,16,5,US,mobile,38.4,0,1,1,0,0,1
10330,3595,5.0,Grocery,12,5,US,mobile,102.5,1,1,1,0,0,0
10337,1997,13.6,Grocery,18,6,US,mobile,276.9,2,1,1,0,0,0
10502,2917,5.0,Travel,7,1,US,desktop,23.2,0,0,0,0,1,0
10659,1586,5.0,Grocery,11,5,US,mobile,66.5,1,1,1,0,0,1
10868,2707,5.0,Grocery,20,6,US,desktop,19.9,3,0,1,0,0,0
11578,4247,5.0,Grocery,9,6,US,desktop,22.7,3,0,1,0,0,1
11612,3907,5.0,Health,11,5,US,mobile,84.6,0,1,1,0,0,1
11780,1339,5.0,Health,6,5,GB,tablet,2.7,2,0,1,0,0,1
11789,3117,5.0,Retail,13,6,CA,mobile,4.9,1,0,1,0,0,1
12196,3150,5.0,Grocery,21,6,DE,mobile,11.6,1,0,1,0,0,1
12620,3837,5.0,Retail,6,6,US,mobile,85.2,1,1,1,0,0,1
12795,2854,5.0,Health,17,5,US,mobile,216.4,1,1,1,0,0,0
12874,3027,5.0,Retail,11,6,GB,mobile,11.1,1,0,1,0,0,0
12955,2040,5.0,Grocery,17,5,DE,mobile,9.1,2,0,1,0,0,0
13104,1961,5.0,Grocery,17,5,GB,mobile,7.2,0,0,1,0,0,0
13145,4594,5.0,Grocery,6,6,US,mobile,152.5,2,1,1,0,0,0
13195,4586,5.0,Travel,16,1,US,desktop,20.6,1,0,0,0,1,0
13206,2086,5.0,Retail,21,6,US,mobile,70.5,1,1,1,0,0,0
13227,1662,5.0,Retail,10,5,CA,tablet,8.7,2,0,1,0,0,0
13234,2647,5.0,Travel,18,3,US,desktop,11.2,1,0,0,0,1,0
13314,3399,5.0,Retail,22,6,JP,mobile,2.5,1,0,1,0,0,1
13411,4561,5.0,Grocery,15,5,US,mobile,157.7,0,1,1,0,0,0
13661,4002,22.97,Grocery,18,6,BR,mobile,1.9,0,0,1,0,0,0
13678,4933,5.0,Grocery,9,6,US,mobile,401.6,0,1,1,0,0,1
13964,4862,5.0,Grocery,19,5,AU,tablet,27.6,2,0,1,0,0,1
14191,1141,5.0,Utilities,21,5,US,mobile,51.3,2,1,1,0,0,1
14224,3337,5.0,Grocery,7,6,US,mobile,30.9,1,1,1,0,0,0
14331,1242,5.0,Retail,15,6,US,mobile,476.3,1,1,1,0,0,1
14560,3959,5.0,Grocery,15,5,US,mobile,213.3,1,1,1,0,0,0
14632,1690,5.0,Utilities,12,6,AU,tablet,15.9,1,0,1,0,0,0
14773,2671,5.58,Grocery,7,5,US,desktop,10.8,3,0,1,0,0,1
14775,4104,5.0,Health,21,6,GB,tablet,4.3,1,0,1,0,0,0
14871,2703,5.0,Grocery,8,5,US,mobile,140.0,1,1,1,0,0,0
15405,4963,5.0,Retail,7,6,CA,tablet,23.6,1,0,1,0,0,1
15881,4891,5.0,Retail,15,6,JP,tablet,19.5,2,0,1,0,0,0
15951,3727,5.0,Retail,13,6,US,mobile,808.5,0,1,1,0,0,0
16067,4206,5.0,Retail,15,6,US,tablet,411.7,0,1,1,0,0,0
16213,4047,5.0,Grocery,17,6,GB,mobile,7.2,2,0,1,0,0,1
16318,1964,5.0,Retail,16,5,FR,mobile,11.2,0,0,1,0,0,0
16406,2036,5.0,Retail,12,6,US,mobile,58.0,1,1,1,0,0,0
16538,3924,5.0,Retail,20,5,FR,mobile,5.7,2,0,1,0,0,0
16921,1137,5.0,Grocery,22,5,US,mobile,115.0,1,1,1,0,0,0
16977,2175,9.08,Retail,19,5,US,desktop,2.6,5,0,1,0,0,1
17194,3640,5.0,Retail,10,6,GB,mobile,20.8,2,0,1,0,0,0
17375,4084,6.23,Retail,21,5,CA,mobile,28.6,1,0,1,0,0,0
17378,1127,5.01,Grocery,17,5,GB,tablet,20.9,1,0,1,0,0,1
17628,4850,5.0,Retail,16,5,US,desktop,24.2,3,0,1,0,0,0
17763,2109,5.0,Online,10,0,US,desktop,15.4,2,0,0,0,1,0
17827,3990,5.0,Grocery,11,6,US,tablet,176.2,1,1,1,0,0,0
17898,2794,5.0,Grocery,15,6,US,tablet,91.9,1,1,1,0,0,0
17922,1975,5.0,Retail,21,5,US,mobile,384.1,2,1,1,0,0,0
18090,2230,5.0,Retail,16,5,US,mobile,250.0,1,1,1,0,0,0
18513,2432,5.0,Grocery,16,6,US,desktop,15.9,3,0,1,0,0,0
18763,2432,5.0,Online,22,3,US,desktop,2.6,0,0,0,0,1,0
18802,3659,5.0,Retail,22,5,US,mobile,119.2,1,1,1,0,0,0
18891,2590,5.0,Retail,21,5,US,mobile,233.8,1,1,1,0,0,0
18997,4071,5.0,Retail,17,5,BR,mobile,6.3,0,0,1,0,0,0
19043,4376,5.0,Utilities,8,5,JP,tablet,5.5,2,0,1,0,0,0
19436,1344,5.0,Grocery,21,5,US,mobile,46.4,1,1,1,0,0,1
19468,1704,5.74,Grocery,18,6,GB,mobile,25.6,0,0,1,0,0,0
19521,3026,5.0,Retail,10,5,CA,mobile,25.4,1,0,1,0,0,0
19543,3263,5.0,Retail,7,5,US,tablet,76.0,1,1,1,0,0,0
19638,2598,5.0,Retail,11,5,DE,mobile,2.6,2,0,1,0,0,1
19792,4300,5.0,Grocery,21,6,US,desktop,10.4,4,0,1,0,0,0
19895,3606,5.0,Grocery,20,6,US,mobile,84.4,1,1,1,0,0,1
20000,2923,5.99,Retail,8,6,BR,mobile,1.4,1,0,1,0,0,1
49,3711,5.0,Retail,1,3,CA,mobile,443.1,0,0,0,1,0,0
139,2389,5.2,Grocery,3,0,DE,mobile,550.7,1,0,0,1,0,1
180,3004,5.0,Grocery,1,0,AU,mobile,209.6,1,0,0,1,0,0
193,3428,5.0,Retail,4,4,GB,mobile,105.3,2,0,0,1,0,0
261,4173,5.0,Retail,3,3,DE,mobile,360.5,1,0,0,1,0,0
269,3449,5.0,Utilities,4,3,BR,mobile,117.0,1,0,0,1,0,0
288,3286,5.0,Retail,23,0,US,desktop,636.1,3,0,0,1,0,1
315,1975,5.0,Grocery,0,1,DE,tablet,350.0,2,0,0,1,0,0
316,3637,5.0,Grocery,3,0,US,desktop,636.5,5,0,0,1,0,1
321,2282,5.0,Grocery,2,0,CA,mobile,39.5,1,0,0,1,0,0
343,3487,5.0,Retail,0,0,GB,mobile,42.4,1,0,0,1,0,1
356,4969,5.0,Retail,0,0,NG,mobile,73.2,1,0,0,1,0,0
402,4109,5.0,Grocery,7,3,GB,desktop,112.0,2,1,0,0,0,0
408,1575,5.0,Grocery,23,0,CA,mobile,621.0,2,0,0,1,0,0
428,4216,5.0,Retail,2,3,AU,mobile,48.5,2,0,0,1,0,0
505,2096,5.0,Retail,4,1,JP,mobile,165.6,0,0,0,1,0,0
559,4170,5.0,Retail,1,0,CA,mobile,233.8,1,0,0,1,0,0
564,1725,5.0,Retail,1,0,CA,mobile,339.0,2,0,0,1,0,0
689,2780,5.0,Grocery,4,2,CA,mobile,248.5,0,0,0,1,0,0
692,4180,5.0,Grocery,23,0,CA,tablet,248.8,2,0,0,1,0,1
738,2334,5.0,Utilities,3,2,FR,tablet,52.8,1,0,0,1,0,0
747,3128,5.0,Grocery,0,4,GB,mobile,1093.8,1,0,0,1,0,0
788,3744,5.0,Grocery,0,4,DE,mobile,184.0,1,0,0,1,0,0
800,2769,5.0,Retail,13,4,BR,desktop,144.0,2,1,0,0,0,0
810,4988,5.0,Retail,12,2,DE,desktop,836.4,1,1,0,0,0,0
883,2795,5.0,Retail,0,1,NG,mobile,74.1,1,0,0,1,0,0
919,2017,5.0,Grocery,3,1,GB,mobile,38.4,2,0,0,1,0,0
972,2673,5.0,Grocery,3,3,US,desktop,334.6,3,0,0,1,0,0
1079,2671,5.0,Retail,17,1,FR,desktop,329.5,1,1,0,0,0,0
1104,1602,5.0,Health,4,0,CA,mobile,155.5,2,0,0,1,0,0
1140,3158,5.0,Grocery,1,1,FR,mobile,48.1,2,0,0,1,0,0
1143,4725,5.0,Grocery,2,4,NG,mobile,264.4,1,0,0,1,0,1
1149,3756,5.14,Retail,0,3,JP,mobile,557.1,0,0,0,1,0,1
1293,2775,5.0,Grocery,10,2,DE,desktop,213.8,2,1,0,0,0,0
1380,3163,5.0,Retail,2,2,AU,mobile,558.6,0,0,0,1,0,0
1465,4407,5.0,Retail,0,0,US,desktop,185.2,3,0,0,1,0,0
1523,1765,5.0,Retail,2,3,GB,mobile,338.0,0,0,0,1,0,0
1530,4675,5.0,Grocery,4,2,DE,tablet,53.6,1,0,0,1,0,0
1653,1207,5.0,Health,5,2,US,desktop,338.2,3,0,0,1,0,0
1688,2631,5.0,Retail,3,1,NG,mobile,84.3,1,0,0,1,0,1
1693,3629,5.0,Grocery,23,3,US,desktop,201.9,3,0,0,1,0,0
1737,3011,5.0,Health,23,1,GB,mobile,248.4,1,0,0,1,0,1
1754,2578,5.0,Grocery,23,3,NG,mobile,334.4,2,0,0,1,0,0
1771,2352,6.45,Health,3,4,JP,mobile,51.8,2,0,0,1,0,0
1950,2286,5.0,Grocery,5,3,DE,mobile,91.4,0,0,0,1,0,1
2017,2655,5.0,Retail,5,0,US,desktop,294.0,3,0,0,1,0,0
2024,3398,5.0,Retail,22,3,AU,desktop,76.2,2,1,0,0,0,0
2055,3858,5.71,Retail,19,0,CA,desktop,125.0,1,1,0,0,0,0
2108,1554,5.0,Health,2,4,DE,tablet,178.3,0,0,0,1,0,0
2155,3818,5.0,Health,16,1,FR,desktop,188.3,0,1,0,0,0,0
2180,2825,5.0,Retail,23,4,US,desktop,665.6,3,0,0,1,0,0
2216,2560,5.0,Grocery,23,2,BR,mobile,46.6,0,0,0,1,0,0
2277,1839,5.0,Utilities,4,2,CA,mobile,368.2,1,0,0,1,0,0
2290,2666,5.0,Utilities,1,1,GB,mobile,122.4,1,0,0,1,0,1
2318,2745,5.0,Retail,0,3,US,desktop,32.4,3,0,0,1,0,0
2358,1876,8.02,Retail,4,4,US,desktop,191.3,3,0,0,1,0,1
2444,1849,5.0,Retail,3,1,GB,tablet,79.1,0,0,0,1,0,0
2461,2360,5.0,Grocery,5,1,DE,mobile,161.0,2,0,0,1,0,1
2490,2429,9.07,Grocery,5,4,CA,tablet,1089.2,2,0,0,1,0,0
2572,4731,5.0,Retail,5,1,FR,mobile,227.2,0,0,0,1,0,0
2617,4969,5.0,Utilities,23,0,CA,mobile,93.6,2,0,0,1,0,1
2639,1604,5.0,Retail,23,2,NG,mobile,285.2,2,0,0,1,0,1
2671,4167,6.65,Health,0,1,US,desktop,34.0,3,0,0,1,0,1
2683,2558,5.0,Grocery,23,0,GB,mobile,300.8,1,0,0,1,0,1
2706,2137,5.0,Retail,22,2,JP,desktop,201.4,0,1,0,0,0,0
2715,3025,5.0,Grocery,5,4,US,desktop,32.1,3,0,0,1,0,1
2732,3089,5.0,Grocery,23,4,FR,mobile,81.6,2,0,0,1,0,0
2738,1753,5.0,Retail,20,4,GB,desktop,163.8,0,1,0,0,0,0
2743,3048,5.0,Grocery,23,3,GB,tablet,85.2,2,0,0,1,0,0
2754,3606,5.0,Grocery,1,2,CA,mobile,128.1,1,0,0,1,0,0
2766,3138,5.0,Grocery,2,2,CA,tablet,198.6,2,0,0,1,0,0
2810,1757,5.0,Health,4,2,DE,tablet,131.4,2,0,0,1,0,0
2815,1799,5.89,Retail,23,4,CA,mobile,231.2,1,0,0,1,0,0
2830,1507,5.0,Retail,2,0,JP,tablet,137.8,2,0,0,1,0,1
2834,3182,5.0,Grocery,18,4,BR,desktop,436.6,0,1,0,0,0,0
2945,4288,13.0,Retail,1,3,CA,tablet,103.9,2,0,0,1,0,0
3019,3391,5.0,Grocery,13,2,CA,desktop,51.5,0,1,0,0,0,0
3039,2130,5.63,Retail,4,2,FR,mobile,102.2,1,0,0,1,0,1
3097,1698,5.0,Retail,3,3,FR,tablet,393.0,0,0,0,1,0,0
3122,4995,5.0,Grocery,5,4,AU,tablet,251.7,0,0,0,1,0,0
3189,1237,5.0,Retail,2,1,JP,tablet,151.1,0,0,0,1,0,0
3244,3075,5.0,Grocery,18,1,AU,desktop,292.3,2,1,0,0,0,0
3263,3964,5.0,Retail,5,4,US,desktop,68.6,3,0,0,1,0,1
3302,2064,5.0,Grocery,11,3,JP,desktop,197.9,0,1,0,0,0,1
3571,4198,5.0,Grocery,10,0,CA,desktop,298.5,1,1,0,0,0,0
3577,3583,5.0,Health,22,0,FR,desktop,884.9,0,1,0,0,0,1
3615,4005,5.0,Grocery,5,3,GB,mobile,215.0,0,0,0,1,0,0
3655,3674,5.0,Retail,23,2,GB,mobile,460.9,2,0,0,1,0,0
3673,3348,5.0,Grocery,14,1,AU,desktop,52.4,2,1,0,0,0,0
3696,3566,5.0,Retail,2,2,AU,mobile,334.7,1,0,0,1,0,1
3699,2158,5.0,Retail,23,3,JP,mobile,47.2,2,0,0,1,0,0
3730,3556,5.0,Retail,0,2,FR,mobile,99.3,0,0,0,1,0,0
3739,3672,5.0,Utilities,4,2,FR,mobile,191.9,1,0,0,1,0,0
3813,3699,5.84,Grocery,22,2,FR,desktop,74.8,1,1,0,0,0,1
3843,3238,5.0,Grocery,2,2,FR,mobile,68.3,0,0,0,1,0,0
3872,1411,5.0,Grocery,4,1,CA,mobile,43.9,2,0,0,1,0,1
3885,1649,5.0,Retail,13,3,FR,desktop,35.0,1,1,0,0,0,0
3905,4492,5.0,Grocery,18,3,DE,desktop,374.1,2,1,0,0,0,0
3907,3860,6.72,Retail,0,4,US,desktop,110.2,4,0,0,1,0,1
3975,1380,5.0,Health,4,0,GB,mobile,549.8,0,0,0,1,0,0
3988,1284,5.0,Retail,4,1,CA,tablet,234.6,0,0,0,1,0,0
4159,1799,5.0,Grocery,4,1,JP,tablet,170.9,2,0,0,1,0,0
4182,2445,5.0,Retail,3,2,AU,mobile,1006.2,0,0,0,1,0,0
4201,3713,5.0,Retail,20,4,NG,desktop,435.4,2,1,0,0,0,0
4290,2233,5.0,Grocery,1,3,GB,mobile,97.7,2,0,0,1,0,0
4294,1377,5.48,Retail,5,4,CA,mobile,229.2,2,0,0,1,0,0
4327,4401,5.0,Retail,0,2,CA,mobile,195.7,0,0,0,1,0,0
4379,1664,5.0,Grocery,3,3,CA,mobile,45.2,0,0,0,1,0,0
4390,3391,5.0,Grocery,2,2,GB,tablet,90.7,0,0,0,1,0,0
4418,1625,5.0,Grocery,23,0,US,desktop,217.3,4,0,0,1,0,0
4481,2869,5.0,Grocery,1,0,AU,tablet,160.7,0,0,0,1,0,0
4497,2319,5.0,Health,1,1,GB,mobile,210.0,0,0,0,1,0,0
4500,2381,5.0,Retail,11,0,DE,desktop,79.6,1,1,0,0,0,0
4552,1145,5.0,Retail,3,1,GB,mobile,49.1,2,0,0,1,0,0
4553,1396,5.0,Grocery,8,0,JP,desktop,338.7,2,1,0,0,0,0
4567,3818,5.0,Utilities,5,3,GB,mobile,308.7,1,0,0,1,0,0
4571,3766,6.29,Grocery,4,0,BR,mobile,115.1,1,0,0,1,0,0
4573,2979,5.0,Grocery,23,0,FR,mobile,110.7,2,0,0,1,0,0
4709,4071,5.0,Grocery,18,2,BR,desktop,109.4,2,1,0,0,0,0
4737,1245,5.0,Grocery,18,2,BR,desktop,101.8,2,1,0,0,0,0
4890,2925,5.0,Retail,0,1,BR,mobile,483.5,1,0,0,1,0,0
4926,1361,8.29,Grocery,3,0,AU,mobile,162.7,0,0,0,1,0,0
4930,1886,5.0,Health,9,1,NG,desktop,196.9,0,1,0,0,0,1
4931,1059,5.0,Grocery,3,1,CA,tablet,236.8,1,0,0,1,0,0
4935,2519,5.0,Grocery,13,1,GB,desktop,120.8,2,1,0,0,0,0
4951,2321,5.0,Grocery,5,2,US,desktop,130.4,3,0,0,1,0,1
4952,1201,5.0,Grocery,5,0,CA,tablet,68.3,1,0,0,1,0,0
4960,4776,5.0,Retail,0,1,JP,tablet,416.9,2,0,0,1,0,0
4999,3714,5.0,Health,1,2,AU,mobile,62.5,0,0,0,1,0,0
5022,2850,5.0,Grocery,16,3,CA,desktop,104.4,1,1,0,0,0,0
5070,4832,5.0,Retail,0,0,AU,mobile,516.3,2,0,0,1,0,0
5091,4549,5.0,Health,2,4,US,desktop,61.1,4,0,0,1,0,0
5221,2210,5.0,Retail,4,0,GB,mobile,112.2,0,0,0,1,0,0
5250,3284,6.2,Utilities,5,2,FR,tablet,225.1,1,0,0,1,0,1
5254,3241,5.0,Retail,2,4,GB,mobile,234.0,1,0,0,1,0,0
5281,3852,5.0,Grocery,1,2,US,desktop,236.9,3,0,0,1,0,1
5350,3327,5.0,Grocery,2,3,BR,mobile,321.3,2,0,0,1,0,0
5362,4202,5.0,Retail,13,1,GB,desktop,137.4,1,1,0,0,0,1
5385,1242,5.0,Retail,4,3,BR,mobile,240.8,2,0,0,1,0,0
5565,1370,5.0,Retail,12,0,BR,desktop,93.9,1,1,0,0,0,1
5715,4828,5.0,Retail,12,3,BR,desktop,89.2,2,1,0,0,0,0
5892,2673,5.0,Health,4,0,DE,tablet,54.6,0,0,0,1,0,0
5936,2133,5.0,Retail,5,3,DE,tablet,54.4,0,0,0,1,0,0
5948,4722,5.0,Retail,14,3,GB,desktop,415.0,1,1,0,0,0,1
5949,4739,5.39,Health,5,2,BR,mobile,341.1,2,0,0,1,0,0
5981,3417,5.0,Grocery,5,1,GB,mobile,331.8,1,0,0,1,0,0
6043,2402,5.0,Retail,11,3,DE,desktop,249.5,1,1,0,0,0,0
6069,1599,6.41,Retail,2,1,DE,mobile,92.9,1,0,0,1,0,0
6084,4697,5.0,Retail,1,4,JP,mobile,106.8,1,0,0,1,0,0
6139,1262,5.0,Grocery,0,1,CA,mobile,66.7,1,0,0,1,0,0
6162,1887,15.85,Retail,23,3,CA,mobile,54.5,1,0,0,1,0,0
6181,2562,5.0,Health,2,0,GB,mobile,59.0,1,0,0,1,0,0
6195,2285,5.0,Grocery,4,4,US,desktop,88.3,4,0,0,1,0,0
6198,2030,5.0,Utilities,11,1,FR,desktop,125.5,1,1,0,0,0,1
6308,1495,5.0,Grocery,0,3,GB,tablet,66.3,2,0,0,1,0,0
6377,1576,5.0,Utilities,4,3,FR,mobile,130.9,2,0,0,1,0,0
6385,1980,5.11,Grocery,0,0,BR,mobile,126.6,2,0,0,1,0,0
6386,3213,7.34,Utilities,23,0,BR,mobile,266.9,0,0,0,1,0,0
6446,4039,6.95,Health,5,4,AU,mobile,587.9,1,0,0,1,0,1
6473,2794,5.0,Retail,1,0,BR,mobile,71.1,0,0,0,1,0,1
6498,4517,5.0,Utilities,18,1,DE,desktop,455.9,1,1,0,0,0,0
6537,2378,5.0,Grocery,23,1,JP,mobile,30.6,1,0,0,1,0,1
6583,3480,5.0,Grocery,3,4,CA,mobile,75.9,0,0,0,1,0,0
6594,4025,5.0,Retail,10,3,AU,desktop,241.2,2,1,0,0,0,0
6613,4688,5.0,Retail,14,3,CA,desktop,72.7,1,1,0,0,0,0
6659,3316,5.0,Retail,8,0,DE,desktop,295.7,1,1,0,0,0,0
6672,2405,5.0,Grocery,0,0,GB,tablet,231.0,1,0,0,1,0,1
6795,3918,5.0,Health,0,0,GB,mobile,70.6,0,0,0,1,0,0
6998,2568,5.0,Grocery,1,1,GB,tablet,120.1,1,0,0,1,0,0
7050,3023,5.0,Retail,3,0,NG,mobile,98.1,2,0,0,1,0,0
7072,4181,5.0,Grocery,5,1,CA,mobile,248.1,2,0,0,1,0,1
7078,1617,5.0,Retail,9,1,AU,desktop,37.1,2,1,0,0,0,1
7143,4995,5.0,Utilities,18,1,GB,desktop,78.4,1,1,0,0,0,0
7152,2548,5.0,Grocery,23,0,CA,mobile,220.9,2,0,0,1,0,0
7244,2110,5.0,Retail,0,0,FR,mobile,57.1,1,0,0,1,0,1
7265,3067,5.0,Health,11,2,BR,desktop,146.6,0,1,0,0,0,1
7351,4136,5.0,Retail,23,3,BR,mobile,84.6,1,0,0,1,0,0
7413,3643,5.0,Retail,1,4,NG,mobile,420.7,1,0,0,1,0,1
7493,1813,5.0,Grocery,23,4,CA,mobile,287.2,1,0,0,1,0,0
7510,2858,5.0,Utilities,5,1,GB,mobile,66.1,0,0,0,1,0,1
7574,4840,5.0,Retail,5,1,FR,mobile,48.9,1,0,0,1,0,0
7583,3745,5.0,Retail,15,3,FR,desktop,68.0,1,1,0,0,0,0
7602,1062,5.0,Grocery,4,4,AU,tablet,292.9,0,0,0,1,0,1
7614,3664,7.08,Health,5,3,CA,mobile,110.2,1,0,0,1,0,0
7788,3092,5.0,Retail,4,2,US,desktop,226.7,4,0,0,1,0,1
7809,1419,5.0,Grocery,3,0,CA,mobile,92.7,0,0,0,1,0,0
7938,2728,5.0,Retail,5,4,AU,mobile,63.1,1,0,0,1,0,0
7963,3383,5.0,Grocery,4,1,CA,mobile,307.4,0,0,0,1,0,0
7984,2692,5.0,Utilities,23,2,AU,tablet,77.7,1,0,0,1,0,0
8001,3583,5.0,Grocery,19,3,GB,desktop,93.0,2,1,0,0,0,1
8005,4780,5.0,Retail,4,0,DE,mobile,110.2,1,0,0,1,0,0
8137,4266,5.0,Grocery,0,2,US,desktop,406.1,3,0,0,1,0,1
8151,4256,5.0,Utilities,2,0,DE,mobile,456.5,2,0,0,1,0,0
8256,2917,5.0,Grocery,3,2,BR,mobile,357.6,1,0,0,1,0,0
8299,1309,5.0,Grocery,0,2,US,desktop,125.4,3,0,0,1,0,0
8308,2895,5.0,Grocery,0,3,DE,mobile,639.9,1,0,0,1,0,0
8316,1284,6.49,Grocery,20,1,CA,desktop,120.3,1,1,0,0,0,1
8362,3903,5.0,Retail,14,0,DE,desktop,196.3,1,1,0,0,0,0
8431,1343,5.0,Utilities,23,3,AU,mobile,352.5,1,0,0,1,0,1
8439,2023,5.0,Retail,0,2,NG,mobile,30.9,2,0,0,1,0,1
8449,4296,5.0,Retail,9,1,DE,desktop,440.4,2,1,0,0,0,1
8455,4552,5.0,Retail,2,2,FR,mobile,543.0,2,0,0,1,0,0
8588,3359,5.0,Grocery,1,0,US,desktop,349.0,3,0,0,1,0,1
8594,2779,5.0,Retail,1,3,GB,mobile,103.8,0,0,0,1,0,0
8663,3587,5.0,Retail,2,1,BR,mobile,151.4,1,0,0,1,0,0
8715,3064,5.21,Grocery,5,1,GB,tablet,212.8,1,0,0,1,0,0
8759,1905,5.0,Health,0,0,GB,mobile,211.4,2,0,0,1,0,1
8781,3151,5.0,Utilities,6,0,AU,desktop,308.6,2,1,0,0,0,0
8787,1990,5.0,Retail,15,4,AU,desktop,126.5,2,1,0,0,0,0
8896,2957,5.0,Grocery,4,0,GB,mobile,314.7,0,0,0,1,0,0
8913,3721,5.0,Grocery,3,0,DE,mobile,119.0,0,0,0,1,0,0
8927,1843,5.0,Grocery,23,4,NG,tablet,256.6,0,0,0,1,0,1
8949,4748,5.0,Grocery,1,3,GB,mobile,131.6,2,0,0,1,0,1
8956,1951,5.0,Utilities,1,4,CA,mobile,585.9,2,0,0,1,0,0
8988,1428,5.0,Retail,3,3,BR,mobile,132.1,0,0,0,1,0,0
9102,1281,5.0,Grocery,1,4,AU,tablet,87.8,0,0,0,1,0,0
9136,1148,5.0,Retail,23,1,US,desktop,124.6,4,0,0,1,0,0
9286,2895,5.0,Retail,4,2,US,desktop,104.2,3,0,0,1,0,1
9350,3640,5.0,Retail,4,3,GB,mobile,156.0,2,0,0,1,0,0
9359,4155,5.28,Utilities,23,1,CA,mobile,72.0,2,0,0,1,0,0
9381,1020,6.21,Grocery,4,3,GB,mobile,98.9,0,0,0,1,0,0
9419,1295,5.0,Retail,4,3,BR,mobile,228.4,2,0,0,1,0,0
9428,4604,5.0,Retail,2,3,JP,tablet,169.4,1,0,0,1,0,0
9431,1255,5.0,Grocery,3,0,DE,mobile,867.1,2,0,0,1,0,0
9489,3205,5.0,Grocery,4,2,JP,mobile,32.8,0,0,0,1,0,1
9524,3015,5.0,Retail,3,3,JP,mobile,99.0,2,0,0,1,0,0
9542,3576,5.0,Retail,3,1,DE,mobile,974.2,1,0,0,1,0,0
9628,4762,5.0,Grocery,11,4,GB,desktop,186.0,2,1,0,0,0,0
9632,1063,5.0,Retail,4,3,FR,mobile,141.8,2,0,0,1,0,0
9637,4999,5.0,Grocery,3,4,US,desktop,390.6,3,0,0,1,0,0
9698,1546,5.0,Retail,3,3,GB,tablet,121.5,2,0,0,1,0,0
9758,2550,5.0,Retail,9,1,GB,desktop,692.9,2,1,0,0,0,0
9857,2283,5.0,Retail,4,3,GB,mobile,302.9,0,0,0,1,0,0
9859,2448,5.0,Grocery,1,3,DE,mobile,104.3,0,0,0,1,0,1
9908,4922,5.0,Grocery,3,1,CA,tablet,378.5,1,0,0,1,0,0
9964,1895,5.0,Retail,18,4,CA,desktop,33.6,1,1,0,0,0,1
9969,1979,5.0,Retail,9,3,DE,desktop,453.6,1,1,0,0,0,0
10156,1598,5.0,Retail,12,1,NG,desktop,127.6,1,1,0,0,0,1
10166,2666,5.73,Retail,9,3,CA,desktop,45.5,0,1,0,0,0,0
10178,4749,5.0,Grocery,1,1,NG,mobile,585.4,1,0,0,1,0,0
10202,3253,5.0,Grocery,3,2,AU,mobile,50.7,1,0,0,1,0,0
10271,4891,5.0,Retail,5,0,GB,mobile,93.1,1,0,0,1,0,1
10375,3915,5.0,Retail,0,0,FR,mobile,173.4,1,0,0,1,0,1
10380,3289,5.0,Grocery,16,3,DE,desktop,203.9,2,1,0,0,0,0
10459,1366,5.0,Grocery,10,0,GB,desktop,113.6,2,1,0,0,0,0
10476,1430,5.0,Grocery,23,0,CA,mobile,106.2,1,0,0,1,0,0
10593,2127,5.0,Utilities,5,2,DE,mobile,107.6,2,0,0,1,0,0
10624,2003,5.97,Grocery,15,3,AU,desktop,487.4,2,1,0,0,0,0
10666,1987,5.0,Grocery,3,4,CA,mobile,81.6,1,0,0,1,0,0
10668,1643,15.41,Grocery,0,3,GB,tablet,177.9,1,0,0,1,0,0
10814,2418,5.0,Grocery,0,3,GB,tablet,157.4,1,0,0,1,0,0
10853,4694,5.0,Grocery,4,1,FR,mobile,354.5,2,0,0,1,0,0
10874,4319,5.0,Health,23,2,JP,mobile,758.5,1,0,0,1,0,1
10906,3990,5.0,Grocery,5,1,AU,mobile,56.1,2,0,0,1,0,1
10929,2179,5.0,Utilities,20,2,FR,desktop,521.8,0,1,0,0,0,1
10957,3102,5.0,Grocery,3,3,BR,mobile,516.9,1,0,0,1,0,0
10986,1948,5.0,Health,0,2,BR,tablet,42.7,1,0,0,1,0,1
10996,2225,5.0,Retail,5,1,CA,mobile,258.2,0,0,0,1,0,1
11005,3447,5.0,Utilities,1,2,US,desktop,235.5,3,0,0,1,0,0
11008,3504,5.0,Retail,20,2,FR,desktop,151.8,1,1,0,0,0,0
11027,3926,5.0,Retail,1,3,DE,tablet,84.6,1,0,0,1,0,0
11080,1004,5.0,Grocery,4,2,DE,mobile,127.6,1,0,0,1,0,0
11165,3377,5.0,Health,23,3,JP,mobile,274.2,0,0,0,1,0,1
11219,2176,5.0,Grocery,1,2,CA,tablet,535.5,2,0,0,1,0,0
11242,2771,5.0,Utilities,23,4,DE,mobile,185.8,1,0,0,1,0,0
11279,1724,5.0,Grocery,20,0,CA,desktop,44.7,0,1,0,0,0,0
11281,1673,5.0,Retail,18,2,CA,desktop,93.2,2,1,0,0,0,0
11289,2070,5.0,Health,2,3,US,desktop,223.1,3,0,0,1,0,0
11403,1176,5.0,Retail,4,3,NG,mobile,219.8,2,0,0,1,0,0
11454,3602,5.0,Grocery,0,3,AU,mobile,241.3,0,0,0,1,0,0
11478,4656,5.0,Retail,15,3,CA,desktop,465.7,0,1,0,0,0,0
11517,2725,5.0,Grocery,23,1,BR,mobile,514.0,1,0,0,1,0,0
11532,2653,5.0,Utilities,0,2,CA,mobile,156.6,2,0,0,1,0,0
11705,1400,5.0,Health,8,1,CA,desktop,76.6,1,1,0,0,0,1
11811,2071,5.0,Grocery,3,2,BR,tablet,48.5,2,0,0,1,0,1
12005,3381,7.47,Health,23,1,CA,mobile,457.9,0,0,0,1,0,0
12009,3039,5.0,Grocery,4,0,CA,tablet,163.5,0,0,0,1,0,1
12030,1481,5.0,Utilities,0,1,DE,tablet,84.6,1,0,0,1,0,1
12042,4915,5.0,Retail,23,2,GB,tablet,36.9,1,0,0,1,0,0
12059,1823,5.0,Grocery,2,4,DE,tablet,35.4,1,0,0,1,0,0
12145,2695,5.0,Retail,2,1,GB,mobile,403.6,1,0,0,1,0,0
12152,3093,9.21,Grocery,4,2,DE,tablet,348.4,1,0,0,1,0,1
12156,2430,5.0,Grocery,3,3,BR,mobile,131.6,2,0,0,1,0,0
12172,4201,5.0,Health,20,2,GB,desktop,248.7,2,1,0,0,0,0
12188,3427,5.0,Grocery,4,0,FR,mobile,413.8,2,0,0,1,0,0
12207,2079,5.0,Utilities,13,3,CA,desktop,42.4,2,1,0,0,0,0
12230,2646,5.0,Utilities,4,2,JP,mobile,84.1,1,0,0,1,0,0
12278,1732,5.0,Grocery,23,0,BR,mobile,274.1,0,0,0,1,0,0
12325,4683,5.0,Utilities,5,2,CA,mobile,165.4,2,0,0,1,0,0
12328,3282,5.0,Health,18,0,CA,desktop,87.5,1,1,0,0,0,0
12329,2115,5.0,Retail,0,4,DE,tablet,40.5,0,0,0,1,0,1
12331,4395,5.36,Grocery,2,1,BR,tablet,468.6,2,0,0,1,0,1
12346,2568,5.0,Retail,0,0,US,desktop,909.6,3,0,0,1,0,0
12362,1146,5.0,Retail,4,0,CA,mobile,104.7,1,0,0,1,0,1
12515,4302,5.0,Grocery,3,2,NG,mobile,246.4,1,0,0,1,0,0
12531,2479,5.0,Grocery,3,0,US,desktop,35.4,3,0,0,1,0,0
12548,1103,5.0,Health,23,4,US,desktop,231.7,5,0,0,1,0,0
12591,1453,5.0,Grocery,2,4,CA,tablet,267.9,2,0,0,1,0,0
12649,3434,5.0,Retail,23,3,US,desktop,193.8,4,0,0,1,0,0
12693,4867,5.0,Retail,2,1,DE,tablet,177.8,0,0,0,1,0,0
12774,2102,5.0,Utilities,3,4,FR,mobile,39.5,1,0,0,1,0,0
12778,4904,5.0,Retail,2,4,CA,mobile,76.6,1,0,0,1,0,0
12781,2675,5.0,Grocery,2,4,NG,mobile,366.9,1,0,0,1,0,0
12823,2581,5.0,Retail,1,2,CA,mobile,70.6,0,0,0,1,0,0
12860,1545,5.0,Retail,22,1,JP,desktop,176.1,0,1,0,0,0,0
12884,4643,5.0,Grocery,0,0,US,desktop,46.3,4,0,0,1,0,0
12939,4131,5.79,Utilities,9,0,DE,desktop,60.0,2,1,0,0,0,0
12945,4059,5.0,Grocery,1,0,CA,tablet,45.3,1,0,0,1,0,0
12960,2390,5.0,Health,0,3,DE,tablet,71.7,1,0,0,1,0,0
13025,4120,5.0,Health,1,4,CA,tablet,968.8,2,0,0,1,0,0
13090,2035,5.69,Retail,0,0,US,desktop,125.2,3,0,0,1,0,1
13095,1206,5.0,Grocery,4,3,JP,mobile,175.3,0,0,0,1,0,1
13127,3115,5.0,Retail,2,4,NG,mobile,84.1,2,0,0,1,0,0
13131,4725,14.03,Grocery,3,2,GB,tablet,63.6,0,0,0,1,0,1
13148,3425,5.0,Utilities,5,3,US,desktop,100.5,3,0,0,1,0,0
13216,1884,5.0,Retail,2,4,FR,mobile,287.2,0,0,0,1,0,0
13249,3470,5.0,Grocery,5,1,DE,mobile,191.8,2,0,0,1,0,0
13265,3505,5.0,Grocery,4,4,AU,mobile,96.2,2,0,0,1,0,0
13303,3326,5.0,Retail,0,2,JP,tablet,81.9,2,0,0,1,0,1
13355,4984,5.42,Retail,3,3,GB,mobile,113.3,2,0,0,1,0,0
13367,1157,5.0,Grocery,5,0,DE,tablet,721.3,1,0,0,1,0,0
13375,4211,5.0,Grocery,5,4,CA,mobile,65.7,2,0,0,1,0,0
13390,2825,5.0,Grocery,3,3,JP,mobile,562.8,0,0,0,1,0,1
13405,2920,5.0,Grocery,2,3,CA,mobile,440.1,0,0,0,1,0,1
13452,2557,5.0,Health,19,2,JP,desktop,57.5,1,1,0,0,0,0
13500,3767,5.0,Retail,14,1,CA,desktop,183.4,2,1,0,0,0,0
13506,4109,5.0,Retail,1,3,AU,mobile,69.3,1,0,0,1,0,0
13578,4033,5.0,Grocery,5,0,CA,mobile,166.3,1,0,0,1,0,0
13609,1084,5.0,Health,3,4,FR,mobile,219.1,1,0,0,1,0,0
13613,4051,5.0,Retail,14,0,CA,desktop,30.5,1,1,0,0,0,0
13614,3105,5.0,Grocery,7,0,FR,desktop,224.8,2,1,0,0,0,1
13636,1760,5.55,Grocery,1,3,BR,tablet,32.3,1,0,0,1,0,0
13639,1100,5.0,Retail,23,3,CA,mobile,100.8,1,0,0,1,0,0
13818,4949,5.0,Grocery,4,2,GB,mobile,78.6,0,0,0,1,0,0
13827,2685,5.0,Grocery,0,3,CA,tablet,75.7,1,0,0,1,0,0
13966,2097,5.0,Grocery,4,1,GB,tablet,41.4,0,0,0,1,0,0
14048,2930,5.0,Grocery,3,3,DE,mobile,155.9,1,0,0,1,0,0
14059,4934,5.0,Grocery,1,2,FR,mobile,34.1,1,0,0,1,0,0
14123,4469,5.0,Retail,4,1,FR,tablet,40.6,2,0,0,1,0,1
14133,4530,5.0,Utilities,19,0,NG,desktop,150.5,1,1,0,0,0,0
14167,4523,5.0,Retail,23,3,CA,mobile,291.3,2,0,0,1,0,0
14182,2919,5.0,Grocery,0,2,US,desktop,435.4,4,0,0,1,0,0
14278,3845,5.0,Grocery,2,2,CA,mobile,219.8,1,0,0,1,0,0
14313,2509,5.0,Grocery,4,4,US,desktop,213.9,3,0,0,1,0,1
14314,4423,5.0,Grocery,5,2,DE,tablet,55.6,0,0,0,1,0,0
14337,2962,6.17,Grocery,4,4,GB,mobile,112.4,1,0,0,1,0,0
14357,4922,5.0,Retail,5,1,JP,mobile,250.2,2,0,0,1,0,0
14375,3564,5.0,Grocery,23,4,CA,tablet,312.5,1,0,0,1,0,0
14419,2419,5.0,Grocery,4,3,US,desktop,182.1,3,0,0,1,0,0
14429,3166,5.0,Grocery,2,1,US,desktop,370.9,4,0,0,1,0,1
14521,4020,5.0,Grocery,2,1,NG,mobile,133.6,2,0,0,1,0,0
14549,4381,5.0,Retail,5,2,DE,tablet,504.8,1,0,0,1,0,0
14550,3839,5.0,Health,4,3,DE,mobile,333.1,0,0,0,1,0,0
14574,4189,5.0,Utilities,1,3,AU,mobile,356.0,0,0,0,1,0,0
14623,3233,5.0,Retail,0,2,US,desktop,752.1,3,0,0,1,0,0
14660,2705,5.0,Retail,5,1,US,desktop,329.7,3,0,0,1,0,0
14749,2193,7.63,Retail,0,3,BR,mobile,222.1,2,0,0,1,0,0
14804,2019,5.0,Retail,23,1,DE,mobile,110.0,0,0,0,1,0,0
14854,4970,5.0,Grocery,3,1,DE,mobile,192.6,2,0,0,1,0,1
14859,4997,5.0,Grocery,2,2,CA,mobile,553.3,1,0,0,1,0,0
14982,4788,10.82,Retail,0,0,CA,mobile,443.9,2,0,0,1,0,1
15013,2448,9.36,Retail,1,0,GB,tablet,87.7,1,0,0,1,0,0
15068,1182,5.0,Grocery,23,1,CA,mobile,250.5,0,0,0,1,0,0
15077,1428,5.0,Retail,0,4,FR,tablet,285.4,1,0,0,1,0,0
15178,3471,6.13,Retail,13,1,DE,desktop,96.2,0,1,0,0,0,0
15208,3295,5.0,Health,20,2,DE,desktop,152.1,0,1,0,0,0,1
15258,1195,5.0,Retail,23,1,CA,mobile,295.6,2,0,0,1,0,0
15290,3776,5.0,Retail,14,3,GB,desktop,405.9,2,1,0,0,0,0
15320,3204,5.0,Retail,1,1,JP,mobile,382.0,0,0,0,1,0,0
15343,2014,5.0,Retail,23,0,JP,tablet,140.2,1,0,0,1,0,1
15382,1126,5.0,Health,0,0,BR,tablet,1282.0,1,0,0,1,0,0
15527,3710,8.34,Utilities,5,1,US,desktop,116.3,3,0,0,1,0,0
15591,1628,5.0,Retail,23,3,BR,tablet,43.6,2,0,0,1,0,1
15600,2084,5.0,Utilities,0,2,DE,tablet,209.2,0,0,0,1,0,1
15766,2317,5.0,Grocery,23,2,BR,mobile,319.8,0,0,0,1,0,0
15779,2884,5.0,Utilities,5,2,FR,mobile,59.1,0,0,0,1,0,1
15852,1775,5.0,Grocery,3,4,GB,mobile,113.9,0,0,0,1,0,1
15974,4779,13.69,Grocery,3,3,GB,tablet,76.7,1,0,0,1,0,0
16059,4460,5.0,Retail,5,2,GB,tablet,58.3,0,0,0,1,0,0
16084,2642,5.52,Retail,1,1,AU,mobile,135.4,2,0,0,1,0,0
16102,2572,5.0,Retail,16,3,CA,desktop,64.1,2,1,0,0,0,0
16118,3838,5.0,Retail,0,4,FR,mobile,350.9,1,0,0,1,0,0
16141,1114,5.0,Grocery,4,2,DE,tablet,72.3,2,0,0,1,0,0
16271,1264,5.0,Utilities,2,4,AU,mobile,116.9,2,0,0,1,0,1
16274,3215,5.0,Grocery,8,4,CA,desktop,126.0,2,1,0,0,0,0
16287,3723,5.0,Grocery,1,0,FR,mobile,461.3,1,0,0,1,0,0
16365,4560,5.0,Utilities,4,3,US,desktop,111.0,4,0,0,1,0,0
16390,4615,5.0,Retail,23,4,US,desktop,48.0,3,0,0,1,0,0
16416,2340,5.0,Grocery,5,1,AU,tablet,254.0,0,0,0,1,0,0
16420,4843,5.0,Grocery,5,3,BR,tablet,172.3,0,0,0,1,0,1
16435,1655,5.0,Retail,23,0,US,desktop,39.0,3,0,0,1,0,0
16526,4310,5.0,Utilities,21,3,DE,desktop,223.0,1,1,0,0,0,1
16543,2547,5.0,Retail,0,2,US,desktop,56.3,4,0,0,1,0,0
16557,4087,5.0,Utilities,5,0,GB,mobile,1205.3,1,0,0,1,0,0
16566,2573,5.0,Grocery,4,4,GB,mobile,58.1,1,0,0,1,0,0
16600,2377,5.0,Grocery,2,2,FR,mobile,295.1,1,0,0,1,0,0
16667,3810,5.0,Grocery,2,0,GB,mobile,179.9,2,0,0,1,0,1
16698,1092,5.0,Grocery,14,4,JP,desktop,124.7,0,1,0,0,0,0
16786,2790,5.0,Retail,2,2,US,desktop,73.3,3,0,0,1,0,0
16790,1243,5.0,Grocery,1,3,AU,mobile,460.0,2,0,0,1,0,1
16792,3160,5.0,Grocery,23,1,CA,tablet,45.5,1,0,0,1,0,1
16848,4866,5.0,Retail,22,2,CA,desktop,206.8,1,1,0,0,0,1
16901,4946,5.0,Grocery,5,4,CA,mobile,70.2,1,0,0,1,0,0
17045,3944,5.0,Utilities,2,1,DE,tablet,164.0,0,0,0,1,0,0
17048,2661,5.0,Grocery,23,0,GB,mobile,131.7,0,0,0,1,0,1
17144,4774,5.0,Retail,0,3,FR,mobile,265.4,1,0,0,1,0,0
17260,4458,5.0,Retail,1,1,GB,tablet,229.6,1,0,0,1,0,0
17263,2333,5.0,Retail,1,0,FR,mobile,291.7,2,0,0,1,0,1
17281,1520,5.0,Grocery,1,4,CA,tablet,382.8,0,0,0,1,0,0
17288,2277,5.0,Health,22,1,GB,desktop,82.3,2,1,0,0,0,0
17298,2841,5.0,Grocery,0,4,GB,mobile,723.1,1,0,0,1,0,0
17305,4459,5.0,Retail,4,0,DE,mobile,69.6,1,0,0,1,0,0
17327,2373,5.73,Grocery,21,1,FR,desktop,299.2,2,1,0,0,0,1
17337,2175,5.0,Grocery,4,2,US,desktop,306.2,3,0,0,1,0,1
17420,2400,5.0,Grocery,2,0,DE,mobile,135.8,1,0,0,1,0,0
17431,3778,5.0,Retail,2,3,DE,mobile,69.6,1,0,0,1,0,0
17482,1034,5.0,Retail,8,3,AU,desktop,113.9,2,1,0,0,0,1
17546,3716,5.0,Grocery,23,0,NG,mobile,235.6,2,0,0,1,0,1
17559,1059,5.0,Retail,1,3,CA,mobile,287.7,1,0,0,1,0,0
17584,4420,5.0,Retail,1,4,FR,mobile,101.4,1,0,0,1,0,1
17647,4011,5.0,Retail,3,0,BR,mobile,138.0,0,0,0,1,0,0
17722,1855,5.0,Retail,1,4,FR,mobile,156.5,0,0,0,1,0,0
17779,3130,5.0,Retail,4,3,CA,mobile,297.8,1,0,0,1,0,1
17782,4134,14.88,Retail,0,3,CA,mobile,147.6,1,0,0,1,0,1
17800,1700,5.0,Utilities,2,2,US,desktop,125.7,3,0,0,1,0,0
17816,4254,5.0,Grocery,15,0,AU,desktop,45.0,0,1,0,0,0,1
17846,1027,5.0,Retail,0,4,AU,mobile,92.5,1,0,0,1,0,0
17960,3500,5.0,Utilities,1,2,AU,mobile,201.0,2,0,0,1,0,0
17978,1127,5.0,Health,7,1,DE,desktop,110.7,1,1,0,0,0,0
18010,1035,5.0,Retail,4,1,FR,mobile,524.2,0,0,0,1,0,0
18029,1867,5.0,Retail,2,1,US,desktop,360.6,3,0,0,1,0,0
18053,1853,5.0,Grocery,3,2,AU,mobile,300.8,2,0,0,1,0,0
18057,4716,5.0,Retail,3,2,FR,mobile,202.3,0,0,0,1,0,0
18083,1861,5.0,Grocery,1,3,CA,tablet,156.6,1,0,0,1,0,0
18101,2893,5.0,Grocery,4,3,CA,mobile,43.3,1,0,0,1,0,0
18108,4146,5.47,Retail,5,0,DE,mobile,235.1,2,0,0,1,0,0
18149,1777,5.0,Retail,0,0,US,desktop,719.0,3,0,0,1,0,0
18180,2697,5.0,Grocery,23,3,US,desktop,108.3,3,0,0,1,0,0
18221,3723,5.84,Retail,4,2,CA,mobile,381.7,1,0,0,1,0,0
18268,3349,5.0,Grocery,2,3,CA,mobile,344.4,2,0,0,1,0,0
18274,2983,5.0,Retail,23,3,US,desktop,113.3,3,0,0,1,0,1
18285,3808,5.0,Grocery,3,3,DE,tablet,545.7,1,0,0,1,0,0
18293,2850,5.0,Grocery,5,2,US,desktop,39.7,3,0,0,1,0,0
18388,2033,5.0,Grocery,8,2,GB,desktop,207.8,0,1,0,0,0,0
18449,2520,5.0,Retail,15,1,FR,desktop,54.1,1,1,0,0,0,1
18490,2496,5.0,Retail,4,0,GB,mobile,204.3,1,0,0,1,0,0
18505,3330,5.0,Retail,23,3,GB,tablet,664.7,2,0,0,1,0,0
18610,1053,5.0,Grocery,14,3,DE,desktop,130.6,0,1,0,0,0,1
18671,1649,5.0,Retail,4,4,NG,tablet,108.6,1,0,0,1,0,0
18774,4546,5.0,Grocery,1,4,DE,mobile,102.6,0,0,0,1,0,1
18793,2382,5.0,Grocery,2,1,CA,tablet,68.8,2,0,0,1,0,0
18858,3754,5.0,Retail,5,0,JP,tablet,76.5,1,0,0,1,0,0
18875,3145,5.0,Retail,23,4,AU,tablet,143.2,2,0,0,1,0,0
18918,3347,5.0,Grocery,2,1,CA,mobile,110.0,0,0,0,1,0,0
18956,4018,5.0,Retail,3,4,GB,tablet,203.2,0,0,0,1,0,0
18978,4825,5.0,Retail,0,2,US,desktop,104.0,3,0,0,1,0,0
19050,1343,5.0,Grocery,0,2,US,desktop,187.3,4,0,0,1,0,0
19236,1284,5.0,Grocery,0,1,CA,mobile,138.7,1,0,0,1,0,0
19352,1437,5.5,Grocery,5,3,BR,mobile,146.5,0,0,0,1,0,0
19390,3198,6.31,Retail,0,2,CA,tablet,82.5,2,0,0,1,0,0
19391,2395,5.0,Retail,1,4,US,desktop,177.6,3,0,0,1,0,0
19438,4384,5.0,Grocery,3,0,CA,tablet,31.4,2,0,0,1,0,0
19445,1115,5.0,Grocery,3,1,DE,mobile,449.2,0,0,0,1,0,1
19469,1019,5.0,Health,2,2,JP,mobile,204.1,0,0,0,1,0,0
19637,3384,5.0,Retail,23,4,NG,mobile,416.6,1,0,0,1,0,0
19698,2513,6.4,Retail,23,3,US,desktop,461.8,3,0,0,1,0,0
19773,1964,5.0,Grocery,0,0,US,desktop,116.3,3,0,0,1,0,1
19833,2573,5.0,Utilities,12,4,CA,desktop,47.5,0,1,0,0,0,1
19847,3871,5.0,Grocery,1,0,GB,tablet,195.2,2,0,0,1,0,1
19861,4000,5.0,Grocery,22,4,NG,desktop,217.6,1,1,0,0,0,1
19975,3032,5.0,Retail,0,2,US,desktop,172.8,3,0,0,1,0,0
4,2755,5.0,Food Delivery,10,6,GB,desktop,125.8,2,0,1,0,0,0
21,3001,5.0,Food Delivery,12,2,US,mobile,22.4,2,0,0,0,0,0
28,4291,5.0,Entertainment,11,3,US,mobile,10.5,0,0,0,0,0,1
29,3181,5.0,Travel,7,5,FR,desktop,344.7,2,0,1,0,0,0
69,1305,5.0,Food Delivery,6,6,DE,desktop,62.9,2,0,1,0,0,1
116,3274,5.0,Online,9,5,FR,desktop,90.6,1,0,1,0,0,0
189,1955,14.76,Travel,11,5,DE,desktop,69.8,1,0,1,0,0,0
202,4634,5.32,Grocery,18,2,BR,tablet,4.8,1,0,0,0,1,0
233,1078,5.0,Food Delivery,18,1,US,tablet,18.0,0,0,0,0,0,0
270,3363,5.0,Travel,19,6,CA,desktop,213.3,2,0,1,0,0,0
280,1330,5.0,Food Delivery,16,6,DE,desktop,83.5,1,0,1,0,0,0
322,1430,5.0,Food Delivery,19,6,JP,desktop,420.4,0,0,1,0,0,1
334,4319,5.0,Food Delivery,7,6,CA,desktop,49.8,1,0,1,0,0,1
520,3377,5.0,Online,11,6,CA,desktop,236.5,1,0,1,0,0,0
554,2271,5.0,Travel,14,5,CA,desktop,79.4,1,0,1,0,0,0
610,4430,5.0,Food Delivery,7,5,JP,desktop,242.1,2,0,1,0,0,0
660,2152,5.0,Online,20,6,GB,desktop,168.7,0,0,1,0,0,0
770,2505,5.0,Grocery,19,2,FR,mobile,5.6,2,0,0,0,1,1
776,4804,5.0,Entertainment,14,3,US,mobile,18.9,1,0,0,0,0,0
841,2155,5.0,Food Delivery,12,5,CA,desktop,233.2,0,0,1,0,0,0
846,1021,5.0,Food Delivery,11,5,JP,desktop,296.6,0,0,1,0,0,1
847,1625,5.0,Travel,11,1,US,mobile,10.5,1,0,0,0,0,0
856,4397,5.0,Grocery,7,0,JP,mobile,2.4,2,0,0,0,1,1
916,2834,5.0,Travel,9,5,FR,desktop,322.2,1,0,1,0,0,0
924,1580,5.0,Online,16,3,US,mobile,15.2,2,0,0,0,0,0
1034,2255,5.0,Entertainment,19,0,US,mobile,23.3,2,0,0,0,0,1
1161,3331,5.0,Travel,14,5,GB,desktop,191.5,0,0,1,0,0,0
1210,4852,5.0,Food Delivery,17,5,FR,desktop,52.8,1,0,1,0,0,1
1314,4413,5.0,Online,20,5,NG,desktop,207.9,2,0,1,0,0,0
1542,1966,5.0,Food Delivery,9,3,US,tablet,8.7,1,0,0,0,0,1
1553,3133,5.0,Online,15,5,GB,desktop,195.7,1,0,1,0,0,0
1559,4980,5.0,Travel,15,1,US,mobile,2.1,2,0,0,0,0,1
1640,2092,5.0,Entertainment,11,1,US,tablet,22.1,1,0,0,0,0,0
1705,4679,5.0,Food Delivery,16,2,US,mobile,23.8,1,0,0,0,0,0
1715,3577,5.0,Online,20,5,JP,desktop,32.1,1,0,1,0,0,0
1733,3797,5.0,Travel,7,6,AU,desktop,434.9,0,0,1,0,0,0
1742,3974,5.0,Travel,12,5,CA,desktop,69.0,1,0,1,0,0,0
1833,3354,5.0,Entertainment,21,5,DE,desktop,85.5,0,0,1,0,0,0
1920,3118,9.01,Travel,7,5,NG,desktop,208.8,1,0,1,0,0,0
1982,3490,5.0,Travel,9,2,US,mobile,9.4,1,0,0,0,0,1
2042,4569,15.96,Food Delivery,9,0,US,mobile,5.1,1,0,0,0,0,0
2046,4967,5.0,Online,19,6,DE,desktop,386.7,1,0,1,0,0,0
2122,4811,5.0,Grocery,15,4,GB,tablet,24.5,2,0,0,0,1,0
2188,2031,5.0,Online,10,4,US,tablet,18.6,2,0,0,0,0,0
2212,4097,5.0,Retail,6,3,US,mobile,76.2,0,1,0,0,1,0
2275,1711,5.0,Online,12,2,US,mobile,9.4,2,0,0,0,0,0
2395,2892,5.0,Retail,8,0,US,mobile,165.7,2,1,0,0,1,0
2440,1264,5.0,Entertainment,22,4,US,tablet,8.0,1,0,0,0,0,0
2542,4883,5.15,Travel,19,6,FR,desktop,138.3,1,0,1,0,0,1
2688,3257,5.0,Travel,21,5,BR,desktop,665.9,2,0,1,0,0,1
2901,3029,5.0,Entertainment,21,1,US,tablet,25.9,0,0,0,0,0,0
2921,2302,5.0,Travel,19,6,GB,desktop,105.0,0,0,1,0,0,0
2977,2977,5.0,Food Delivery,7,5,FR,desktop,287.3,2,0,1,0,0,0
3013,1182,5.0,Retail,10,1,US,tablet,559.9,0,1,0,0,1,1
3108,2477,5.0,Retail,16,4,FR,tablet,9.5,1,0,0,0,1,0
3187,4062,5.0,Online,20,5,CA,desktop,44.3,2,0,1,0,0,0
3276,4693,5.0,Entertainment,17,0,US,tablet,7.3,2,0,0,0,0,0
3277,1286,5.0,Utilities,17,2,FR,mobile,14.8,2,0,0,0,1,0
3310,4775,5.99,Entertainment,20,0,US,mobile,2.7,1,0,0,0,0,1
3346,4039,5.0,Retail,12,1,US,mobile,838.7,1,1,0,0,1,0
3372,1953,5.0,Online,13,5,DE,desktop,551.1,1,0,1,0,0,0
3430,2205,5.0,Travel,22,1,US,mobile,1.9,1,0,0,0,0,0
3505,1069,15.76,Online,16,5,DE,desktop,216.8,0,0,1,0,0,0
3666,2802,5.0,Entertainment,20,3,US,mobile,3.5,2,0,0,0,0,0
3680,3933,5.0,Travel,11,5,JP,desktop,231.7,2,0,1,0,0,0
3690,1669,5.0,Online,14,1,US,mobile,19.6,1,0,0,0,0,0
3712,4995,5.0,Travel,22,2,US,mobile,20.8,2,0,0,0,0,1
3722,3329,5.0,Entertainment,16,0,US,mobile,4.0,2,0,0,0,0,0
3741,1899,5.0,Retail,14,3,US,mobile,555.0,0,1,0,0,1,1
3750,4624,5.0,Online,7,6,JP,desktop,92.9,1,0,1,0,0,1
3792,1708,5.0,Online,13,5,BR,desktop,246.2,1,0,1,0,0,0
3799,1040,5.0,Online,15,0,US,mobile,24.9,1,0,0,0,0,0
3889,1558,5.0,Food Delivery,11,1,US,mobile,20.9,2,0,0,0,0,0
3911,1930,5.0,Online,9,4,US,tablet,9.0,0,0,0,0,0,0
4049,2343,5.0,Travel,12,3,US,mobile,17.9,2,0,0,0,0,0
4062,1087,5.0,Utilities,15,1,CA,tablet,28.0,0,0,0,0,1,0
4085,3006,5.0,Food Delivery,14,5,JP,desktop,64.0,0,0,1,0,0,0
4143,1653,5.0,Travel,18,6,FR,desktop,458.5,0,0,1,0,0,1
4329,1193,5.53,Entertainment,10,2,US,mobile,22.8,2,0,0,0,0,1
4388,1235,5.0,Retail,17,3,US,mobile,68.9,0,1,0,0,1,0
4427,2028,5.0,Food Delivery,21,6,JP,desktop,146.2,1,0,1,0,0,0
4487,3173,5.0,Entertainment,11,0,US,mobile,13.4,0,0,0,0,0,1
4510,4864,5.0,Online,21,6,CA,desktop,124.9,0,0,1,0,0,1
4563,1082,5.0,Travel,13,5,JP,desktop,249.2,2,0,1,0,0,0
4626,2538,5.0,Online,10,5,DE,desktop,681.3,1,0,1,0,0,0
4667,2228,5.0,Online,21,4,US,tablet,18.5,1,0,0,0,0,0
4722,4322,5.0,Entertainment,21,4,US,tablet,29.1,1,0,0,0,0,0
4747,4063,5.0,Online,6,0,US,mobile,15.0,0,0,0,0,0,0
4800,3221,5.0,Online,21,6,FR,desktop,184.5,0,0,1,0,0,0
4824,4898,5.0,Retail,7,0,CA,mobile,1.6,0,0,0,0,1,0
4971,4421,5.0,Online,9,2,US,mobile,27.1,0,0,0,0,0,0
5043,2593,5.0,Travel,19,6,GB,desktop,113.7,0,0,1,0,0,1
5068,1065,5.0,Travel,8,5,CA,desktop,147.1,2,0,1,0,0,0
5087,4321,5.0,Online,14,6,GB,desktop,35.2,1,0,1,0,0,0
5101,3200,5.0,Food Delivery,15,6,CA,desktop,54.8,0,0,1,0,0,0
5215,4215,5.0,Online,10,4,US,mobile,5.2,1,0,0,0,0,0
5374,1955,5.0,Travel,9,5,JP,desktop,722.7,1,0,1,0,0,0
5434,3012,5.0,Grocery,15,0,US,tablet,277.5,1,1,0,0,1,0
5443,4690,5.0,Travel,19,5,FR,desktop,107.1,0,0,1,0,0,0
5518,3696,5.01,Food Delivery,10,5,CA,desktop,75.1,2,0,1,0,0,0
5712,4758,5.0,Entertainment,13,2,US,mobile,13.5,1,0,0,0,0,0
5786,3470,5.0,Travel,17,0,US,mobile,24.5,1,0,0,0,0,1
5828,3694,5.0,Travel,11,5,GB,desktop,775.6,2,0,1,0,0,0
5863,3309,5.0,Food Delivery,13,2,US,mobile,23.8,2,0,0,0,0,0
5867,3872,5.0,Entertainment,7,6,FR,desktop,382.0,2,0,1,0,0,0
5924,4879,5.0,Entertainment,19,6,JP,desktop,87.8,1,0,1,0,0,1
6087,2779,5.0,Health,8,2,US,mobile,338.8,1,1,0,0,1,1
6208,4043,5.0,Travel,14,5,BR,desktop,52.1,1,0,1,0,0,0
6339,4209,5.0,Online,19,6,JP,desktop,317.4,1,0,1,0,0,0
6402,4046,5.0,Online,16,6,CA,desktop,188.0,2,0,1,0,0,0
6549,3274,5.0,Entertainment,22,6,AU,desktop,113.5,2,0,1,0,0,0
6632,1255,5.0,Retail,7,3,CA,tablet,24.6,0,0,0,0,1,0
6647,1567,5.0,Food Delivery,10,6,JP,desktop,82.6,2,0,1,0,0,0
6680,3083,5.0,Food Delivery,10,2,US,mobile,1.2,0,0,0,0,0,0
6744,1145,5.0,Travel,16,5,DE,desktop,257.1,2,0,1,0,0,0
6749,2455,5.0,Food Delivery,16,4,US,mobile,8.8,0,0,0,0,0,0
6769,3069,5.0,Online,21,6,CA,desktop,82.9,2,0,1,0,0,1
6828,1217,5.0,Travel,18,3,US,mobile,19.6,0,0,0,0,0,1
6863,1718,5.0,Entertainment,20,0,US,mobile,5.7,2,0,0,0,0,0
6931,1367,5.0,Travel,6,4,US,tablet,17.1,2,0,0,0,0,1
6951,3755,5.0,Online,12,6,FR,desktop,69.6,0,0,1,0,0,0
6964,3820,5.0,Travel,11,2,US,tablet,22.6,2,0,0,0,0,0
7053,3716,5.0,Travel,9,1,US,mobile,1.0,2,0,0,0,0,1
7062,1194,5.0,Online,13,0,US,mobile,3.9,2,0,0,0,0,0
7106,2376,5.0,Entertainment,11,2,US,mobile,7.8,0,0,0,0,0,0
7201,3725,5.0,Entertainment,9,1,US,mobile,8.0,1,0,0,0,0,1
7216,1985,5.0,Travel,8,6,NG,desktop,42.5,2,0,1,0,0,0
7259,1572,5.0,Online,7,0,US,mobile,15.2,2,0,0,0,0,0
7262,1425,5.0,Travel,9,1,US,mobile,11.6,0,0,0,0,0,0
7321,1882,5.0,Entertainment,9,4,US,tablet,2.3,0,0,0,0,0,0
7374,2392,5.0,Online,17,6,FR,desktop,912.3,1,0,1,0,0,0
7411,1323,5.0,Food Delivery,15,3,US,mobile,13.6,1,0,0,0,0,0
7420,3936,5.0,Grocery,22,3,GB,mobile,5.0,1,0,0,0,1,0
7497,4052,5.03,Online,10,6,CA,desktop,98.6,1,0,1,0,0,0
7543,2481,5.0,Food Delivery,18,5,DE,desktop,137.6,1,0,1,0,0,0
7554,3817,5.0,Online,11,2,US,mobile,3.3,1,0,0,0,0,0
7596,4113,5.0,Online,14,6,CA,desktop,66.7,1,0,1,0,0,0
7601,1525,5.0,Entertainment,6,6,AU,desktop,70.3,0,0,1,0,0,1
7613,2811,5.0,Food Delivery,16,2,US,mobile,19.4,2,0,0,0,0,1
7639,4201,5.0,Entertainment,21,4,US,tablet,6.8,1,0,0,0,0,0
7648,1124,5.0,Travel,19,1,US,tablet,10.8,2,0,0,0,0,0
7668,2880,5.0,Retail,15,4,GB,mobile,13.7,1,0,0,0,1,0
7803,3938,5.0,Food Delivery,6,6,BR,desktop,123.3,1,0,1,0,0,0
7885,4279,5.0,Retail,2,6,US,desktop,19.7,0,0,1,1,1,0
7899,4426,5.98,Food Delivery,18,3,US,mobile,1.0,0,0,0,0,0,1
8064,2420,5.0,Entertainment,16,1,US,mobile,17.7,1,0,0,0,0,1
8084,4014,5.0,Travel,22,0,US,mobile,7.7,2,0,0,0,0,1
8086,1541,5.0,Health,16,0,FR,mobile,23.9,2,0,0,0,1,0
8158,1624,5.0,Online,18,5,FR,desktop,189.7,0,0,1,0,0,1
8236,4460,5.0,Travel,16,1,US,mobile,27.8,1,0,0,0,0,1
8393,4720,5.0,Online,17,6,GB,desktop,50.8,1,0,1,0,0,0
8567,4126,5.0,Food Delivery,9,5,AU,desktop,277.4,0,0,1,0,0,0
8585,1781,5.0,Online,16,4,US,mobile,3.8,2,0,0,0,0,0
8607,2271,5.0,Food Delivery,10,3,US,mobile,29.6,0,0,0,0,0,0
8700,4329,5.0,Online,17,0,US,mobile,9.1,0,0,0,0,0,1
8763,4105,5.0,Travel,13,2,US,mobile,15.7,2,0,0,0,0,1
8841,2150,5.0,Online,12,5,CA,desktop,66.4,0,0,1,0,0,1
8842,2219,5.0,Online,18,6,GB,desktop,73.6,2,0,1,0,0,1
8862,2232,5.0,Entertainment,12,6,BR,desktop,222.5,2,0,1,0,0,0
8986,4984,5.0,Retail,16,0,US,mobile,144.8,1,1,0,0,1,0
9017,2539,5.0,Retail,21,1,GB,mobile,22.8,2,0,0,0,1,0
9057,4359,5.0,Travel,21,1,US,mobile,14.8,2,0,0,0,0,0
9101,1876,5.0,Food Delivery,14,6,DE,desktop,53.5,1,0,1,0,0,1
9148,2456,5.26,Online,9,3,US,tablet,28.9,0,0,0,0,0,0
9349,1144,5.0,Travel,22,3,US,mobile,29.9,2,0,0,0,0,0
9353,1153,5.0,Travel,15,3,US,mobile,19.5,1,0,0,0,0,1
9434,2379,5.0,Travel,11,3,US,tablet,5.2,1,0,0,0,0,1
9455,2001,5.0,Entertainment,8,1,US,mobile,21.5,1,0,0,0,0,0
9597,3716,5.0,Travel,19,1,US,mobile,18.2,1,0,0,0,0,1
9631,1115,9.96,Food Delivery,22,5,AU,desktop,37.9,1,0,1,0,0,0
9655,4894,5.0,Entertainment,8,5,CA,desktop,195.0,0,0,1,0,0,1
9657,4366,5.0,Food Delivery,15,6,FR,desktop,136.7,1,0,1,0,0,0
9672,4306,5.0,Online,13,3,US,mobile,13.4,1,0,0,0,0,1
9688,2716,5.0,Entertainment,8,6,GB,desktop,109.4,0,0,1,0,0,0
9703,2481,5.0,Online,21,5,AU,desktop,100.2,2,0,1,0,0,1
9740,3541,5.0,Food Delivery,21,5,AU,desktop,131.5,2,0,1,0,0,0
9805,4561,5.0,Travel,6,3,US,tablet,2.7,2,0,0,0,0,0
9867,2076,5.0,Food Delivery,16,5,JP,desktop,190.5,0,0,1,0,0,1
9893,1194,5.0,Entertainment,21,6,BR,desktop,800.4,1,0,1,0,0,0
10038,3403,5.0,Online,20,5,GB,desktop,78.9,2,0,1,0,0,0
10153,2593,5.0,Online,16,6,JP,desktop,52.5,1,0,1,0,0,0
10302,3633,5.0,Online,21,2,US,tablet,22.9,2,0,0,0,0,0
10307,3603,5.0,Grocery,12,4,AU,tablet,26.4,0,0,0,0,1,0
10312,1014,5.0,Food Delivery,8,1,US,mobile,17.3,1,0,0,0,0,0
10350,1697,5.0,Entertainment,19,2,US,mobile,1.0,0,0,0,0,0,1
10407,2190,5.0,Travel,22,1,US,mobile,27.3,0,0,0,0,0,0
10523,2320,5.0,Online,10,5,CA,desktop,91.7,2,0,1,0,0,0
10532,1198,5.0,Travel,7,6,BR,desktop,259.0,2,0,1,0,0,0
10798,3751,5.0,Travel,18,3,US,mobile,10.3,0,0,0,0,0,1
10834,1125,5.0,Food Delivery,15,3,US,mobile,8.8,1,0,0,0,0,0
10873,3026,5.0,Food Delivery,13,2,US,mobile,17.0,2,0,0,0,0,0
10910,4726,5.0,Food Delivery,6,0,US,mobile,12.4,0,0,0,0,0,0
10926,1424,5.0,Travel,11,5,FR,desktop,70.3,2,0,1,0,0,0
10939,3686,5.0,Grocery,19,1,AU,mobile,28.0,1,0,0,0,1,0
10962,1103,5.0,Grocery,22,1,DE,tablet,26.7,0,0,0,0,1,1
11121,2036,5.0,Online,16,2,US,mobile,25.1,0,0,0,0,0,0
11149,4395,5.0,Online,20,4,US,mobile,23.4,1,0,0,0,0,1
11179,4764,5.0,Travel,7,6,BR,desktop,58.1,1,0,1,0,0,1
11206,4589,5.0,Food Delivery,7,2,US,mobile,27.2,2,0,0,0,0,1
11210,3192,5.0,Food Delivery,19,4,US,mobile,3.3,1,0,0,0,0,0
11276,3845,5.0,Utilities,9,4,US,mobile,417.4,2,1,0,0,1,1
11490,3720,6.4,Travel,9,1,US,mobile,23.0,1,0,0,0,0,1
11547,4926,5.0,Online,19,5,CA,desktop,164.7,0,0,1,0,0,0
11638,2402,5.0,Travel,8,5,AU,desktop,197.2,1,0,1,0,0,1
11658,3101,5.0,Online,12,2,US,mobile,19.3,1,0,0,0,0,0
11685,3450,5.0,Travel,12,4,US,mobile,23.0,1,0,0,0,0,0
11751,1444,5.0,Travel,11,5,CA,desktop,52.6,1,0,1,0,0,0
11823,3269,6.68,Online,19,5,CA,desktop,83.0,1,0,1,0,0,0
11868,1997,6.52,Entertainment,20,6,AU,desktop,409.2,2,0,1,0,0,0
11935,1549,5.0,Online,18,4,US,mobile,13.3,1,0,0,0,0,0
11937,2393,5.0,Online,6,4,US,mobile,20.4,1,0,0,0,0,1
11950,4875,5.0,Food Delivery,8,0,US,mobile,5.0,2,0,0,0,0,0
11981,3584,5.0,Online,17,4,US,mobile,24.3,2,0,0,0,0,0
11986,4853,5.0,Travel,14,1,US,tablet,27.8,1,0,0,0,0,0
12024,3812,5.0,Entertainment,7,2,US,mobile,10.6,1,0,0,0,0,0
12047,3574,5.0,Entertainment,13,3,US,mobile,28.3,0,0,0,0,0,0
12166,3290,5.0,Utilities,6,4,US,desktop,11.4,6,0,0,0,1,1
12209,3893,5.0,Food Delivery,16,4,US,tablet,24.9,1,0,0,0,0,0
12349,4134,5.0,Travel,20,6,JP,desktop,223.4,2,0,1,0,0,0
12443,4656,5.0,Online,9,2,US,tablet,25.7,2,0,0,0,0,1
12662,2747,5.0,Grocery,10,0,US,mobile,91.6,1,1,0,0,1,0
12750,2137,5.06,Food Delivery,18,5,AU,desktop,279.8,1,0,1,0,0,1
12848,4131,5.0,Travel,10,6,CA,desktop,123.4,0,0,1,0,0,0
12873,1482,5.0,Entertainment,16,6,BR,desktop,291.8,2,0,1,0,0,0
12956,2694,5.41,Retail,14,4,US,mobile,53.5,2,1,0,0,1,0
12973,4635,5.0,Online,12,3,US,mobile,11.3,0,0,0,0,0,0
13005,2057,5.0,Online,19,2,US,mobile,8.7,1,0,0,0,0,1
13096,3238,5.67,Online,10,5,BR,desktop,42.2,1,0,1,0,0,0
13102,4453,5.0,Food Delivery,15,4,US,mobile,28.4,1,0,0,0,0,0
13261,3650,5.0,Grocery,5,6,US,desktop,15.3,0,0,1,1,1,1
13299,1690,5.0,Food Delivery,9,5,DE,desktop,591.2,1,0,1,0,0,0
13339,4546,5.0,Online,15,5,DE,desktop,83.7,1,0,1,0,0,1
13384,1235,5.0,Retail,9,3,BR,mobile,12.0,0,0,0,0,1,0
13442,2574,5.0,Travel,17,3,US,tablet,11.7,2,0,0,0,0,1
13505,1113,5.0,Food Delivery,10,4,US,tablet,29.5,1,0,0,0,0,1
13523,2063,5.0,Food Delivery,6,6,FR,desktop,63.9,2,0,1,0,0,0
13526,4639,5.0,Entertainment,11,6,DE,desktop,54.6,1,0,1,0,0,0
13541,1156,5.0,Entertainment,8,3,US,tablet,10.3,1,0,0,0,0,0
13654,1059,5.0,Travel,7,5,DE,desktop,128.8,2,0,1,0,0,0
13666,2029,5.0,Food Delivery,8,4,US,mobile,1.0,0,0,0,0,0,0
13759,4883,5.0,Food Delivery,22,3,US,tablet,16.0,1,0,0,0,0,0
13799,3083,9.42,Travel,15,0,US,mobile,21.5,0,0,0,0,0,0
13803,4119,5.0,Entertainment,13,5,CA,desktop,57.2,1,0,1,0,0,0
13878,1271,11.29,Travel,12,0,US,mobile,17.4,0,0,0,0,0,1
13881,2048,5.0,Entertainment,17,6,AU,desktop,200.9,2,0,1,0,0,0
13986,4627,5.0,Online,21,1,US,tablet,22.5,2,0,0,0,0,0
14107,4948,5.0,Online,18,6,AU,desktop,87.0,1,0,1,0,0,0
14127,1574,5.0,Travel,9,5,JP,desktop,205.9,1,0,1,0,0,0
14175,1851,5.0,Online,17,0,US,mobile,16.0,0,0,0,0,0,0
14244,1027,5.0,Grocery,9,1,DE,mobile,25.1,1,0,0,0,1,0
14303,1323,5.0,Travel,8,6,CA,desktop,102.9,1,0,1,0,0,0
14409,4502,5.0,Food Delivery,21,3,US,mobile,22.9,1,0,0,0,0,0
14422,3057,5.0,Entertainment,14,3,US,mobile,1.0,1,0,0,0,0,0
14424,4148,5.0,Online,8,6,GB,desktop,284.7,2,0,1,0,0,1
14442,1855,5.0,Online,14,3,US,mobile,15.3,1,0,0,0,0,0
14446,3095,6.29,Food Delivery,16,0,US,tablet,15.1,2,0,0,0,0,0
14483,1413,7.16,Online,22,2,US,mobile,14.2,0,0,0,0,0,0
14557,3138,5.0,Entertainment,15,3,US,mobile,14.3,2,0,0,0,0,0
14595,1131,5.0,Food Delivery,12,5,GB,desktop,335.2,1,0,1,0,0,1
14677,1120,5.0,Food Delivery,12,5,CA,desktop,280.8,2,0,1,0,0,0
14707,3788,5.0,Online,20,6,CA,desktop,111.1,2,0,1,0,0,1
14939,2100,5.0,Entertainment,9,0,US,mobile,16.3,2,0,0,0,0,0
15301,3769,5.0,Travel,14,4,US,tablet,12.7,1,0,0,0,0,1
15361,2528,5.0,Travel,22,5,FR,desktop,561.8,1,0,1,0,0,0
15370,1095,5.0,Online,10,0,US,tablet,7.1,1,0,0,0,0,1
15386,2633,5.0,Grocery,16,4,CA,mobile,8.5,1,0,0,0,1,0
15404,3112,16.99,Online,18,5,CA,desktop,203.9,2,0,1,0,0,0
15476,2761,5.0,Food Delivery,8,6,FR,desktop,494.6,1,0,1,0,0,1
15482,3030,5.0,Food Delivery,22,5,AU,desktop,426.7,1,0,1,0,0,1
15500,4247,7.48,Online,15,5,GB,desktop,49.0,1,0,1,0,0,0
15580,1956,5.0,Travel,19,0,US,mobile,24.6,0,0,0,0,0,1
15602,1780,5.0,Entertainment,15,0,US,tablet,20.1,2,0,0,0,0,0
15652,1827,5.0,Retail,20,3,US,mobile,155.4,1,1,0,0,1,1
15692,2106,5.0,Travel,20,2,US,mobile,2.8,1,0,0,0,0,0
15810,4819,5.0,Online,12,0,US,mobile,16.8,0,0,0,0,0,0
15813,2515,5.0,Travel,12,6,FR,desktop,521.7,1,0,1,0,0,0
15861,4177,5.0,Travel,20,0,US,mobile,27.9,1,0,0,0,0,0
15892,2003,5.0,Entertainment,6,6,GB,desktop,401.8,2,0,1,0,0,0
15895,1046,5.42,Online,19,5,BR,desktop,60.8,1,0,1,0,0,1
15907,1136,5.0,Travel,21,6,CA,desktop,343.6,0,0,1,0,0,0
15973,4261,5.0,Food Delivery,14,6,GB,desktop,460.4,2,0,1,0,0,0
15975,3644,5.0,Online,14,2,US,mobile,15.0,1,0,0,0,0,0
16033,3050,5.0,Travel,8,4,US,tablet,20.2,0,0,0,0,0,0
16087,4535,5.0,Travel,7,1,US,mobile,15.6,1,0,0,0,0,1
16185,1420,5.0,Entertainment,16,5,GB,desktop,67.6,2,0,1,0,0,0
16309,1902,5.72,Online,18,5,CA,desktop,257.4,2,0,1,0,0,1
16471,1030,5.0,Travel,8,2,US,mobile,25.4,0,0,0,0,0,0
16534,4736,5.0,Travel,10,5,JP,desktop,493.7,1,0,1,0,0,0
16607,3301,5.0,Travel,15,3,US,mobile,15.0,1,0,0,0,0,1
16712,4184,5.0,Utilities,8,0,AU,mobile,27.7,1,0,0,0,1,0
16751,3169,5.0,Online,21,6,FR,desktop,210.1,1,0,1,0,0,0
16772,2543,5.0,Travel,20,4,US,mobile,25.6,0,0,0,0,0,1
16843,1061,5.0,Food Delivery,22,5,DE,desktop,330.8,1,0,1,0,0,0
16937,3751,5.0,Entertainment,21,5,CA,desktop,333.9,1,0,1,0,0,1
17016,1961,5.0,Grocery,22,3,JP,tablet,25.4,1,0,0,0,1,0
17027,2179,5.0,Health,6,2,FR,tablet,20.7,1,0,0,0,1,0
17083,3287,5.0,Entertainment,12,6,CA,desktop,258.8,2,0,1,0,0,0
17163,1436,5.79,Online,18,2,US,mobile,9.4,1,0,0,0,0,0
17237,4343,5.0,Entertainment,6,2,US,mobile,12.4,2,0,0,0,0,1
17296,1990,5.0,Travel,20,5,FR,desktop,227.4,1,0,1,0,0,0
17333,2688,6.69,Travel,16,5,CA,desktop,174.4,2,0,1,0,0,0
17467,3976,5.0,Travel,16,6,JP,desktop,165.0,0,0,1,0,0,1
17473,4016,5.0,Online,15,6,CA,desktop,178.1,1,0,1,0,0,0
17498,4114,5.0,Entertainment,11,5,JP,desktop,401.1,0,0,1,0,0,1
17677,4752,5.0,Grocery,12,1,US,tablet,99.8,1,1,0,0,1,0
17823,2069,5.0,Food Delivery,10,3,US,mobile,24.5,1,0,0,0,0,0
17829,4133,5.0,Online,12,4,US,mobile,26.3,0,0,0,0,0,1
17896,3893,5.0,Food Delivery,10,6,NG,desktop,98.3,1,0,1,0,0,0
17970,3387,5.0,Food Delivery,10,5,JP,desktop,243.3,2,0,1,0,0,0
17976,4907,5.0,Entertainment,7,5,FR,desktop,351.1,1,0,1,0,0,1
18004,1984,5.0,Travel,6,6,BR,desktop,73.1,0,0,1,0,0,0
18040,4264,5.0,Travel,15,3,US,mobile,10.8,0,0,0,0,0,1
18042,2213,5.0,Online,13,6,AU,desktop,65.9,0,0,1,0,0,0
18296,2806,5.0,Grocery,12,0,US,mobile,66.2,2,1,0,0,1,0
18349,2606,5.0,Food Delivery,14,5,CA,desktop,271.6,2,0,1,0,0,1
18459,2060,5.0,Entertainment,8,5,CA,desktop,350.4,1,0,1,0,0,1
18592,2569,5.0,Food Delivery,9,2,US,mobile,8.1,0,0,0,0,0,0
18599,3036,5.0,Food Delivery,7,0,US,mobile,18.5,1,0,0,0,0,0
18669,2501,5.0,Travel,6,5,CA,desktop,188.0,2,0,1,0,0,0
18715,1258,5.0,Travel,15,5,FR,desktop,160.9,1,0,1,0,0,0
18732,2050,5.0,Entertainment,18,4,US,tablet,1.0,2,0,0,0,0,1
18758,2342,5.0,Food Delivery,11,6,BR,desktop,129.6,2,0,1,0,0,0
18812,3441,5.0,Grocery,9,1,US,desktop,5.8,4,0,0,0,1,0
18817,2544,11.35,Entertainment,21,6,GB,desktop,838.2,1,0,1,0,0,0
18924,1101,5.0,Online,13,3,US,tablet,5.3,2,0,0,0,0,0
18966,4996,5.0,Online,16,5,GB,desktop,342.8,1,0,1,0,0,0
18973,4902,5.0,Travel,10,5,FR,desktop,30.0,2,0,1,0,0,1
19049,4833,5.0,Food Delivery,19,5,DE,desktop,139.7,2,0,1,0,0,1
19151,1356,5.19,Entertainment,11,6,GB,desktop,145.7,1,0,1,0,0,0
19203,4006,5.0,Travel,19,4,US,mobile,11.1,2,0,0,0,0,0
19204,1780,5.0,Food Delivery,10,1,US,mobile,6.7,0,0,0,0,0,1
19208,2568,5.0,Online,8,5,CA,desktop,60.4,0,0,1,0,0,0
19221,3589,5.0,Food Delivery,17,5,AU,desktop,133.2,0,0,1,0,0,0
19256,2443,5.0,Online,21,0,US,mobile,16.9,1,0,0,0,0,1
19318,4724,5.0,Food Delivery,10,3,US,mobile,11.9,1,0,0,0,0,0
19322,2443,5.0,Travel,11,3,US,tablet,6.4,1,0,0,0,0,0
19357,2841,5.0,Food Delivery,9,6,GB,desktop,107.1,2,0,1,0,0,0
19365,4739,5.32,Retail,7,1,DE,mobile,4.4,0,0,0,0,1,0
19384,1742,5.0,Travel,8,5,FR,desktop,223.4,1,0,1,0,0,0
19437,3425,5.0,Food Delivery,17,6,GB,desktop,154.1,0,0,1,0,0,0
19661,2084,5.0,Retail,12,3,BR,mobile,18.7,1,0,0,0,1,0
19705,3430,5.0,Food Delivery,11,2,US,mobile,22.3,0,0,0,0,0,1
19710,1423,5.55,Online,17,0,US,mobile,22.3,2,0,0,0,0,1
19716,3450,5.0,Online,17,6,CA,desktop,538.6,0,0,1,0,0,0
19801,1374,5.0,Travel,7,4,US,mobile,25.0,2,0,0,0,0,0
19805,3380,5.0,Online,22,5,DE,desktop,76.4,0,0,1,0,0,0
19813,1093,5.0,Travel,22,2,US,mobile,7.3,0,0,0,0,0,0
19828,2010,5.0,Entertainment,7,6,BR,desktop,74.2,2,0,1,0,0,0
19877,3894,5.0,Entertainment,14,3,US,tablet,9.1,1,0,0,0,0,0
19933,1308,5.0,Travel,9,6,FR,desktop,55.6,0,0,1,0,0,0
19956,4361,5.0,Travel,22,2,US,mobile,17.1,0,0,0,0,0,0
51,4039,5.0,Retail,5,4,DE,desktop,2.7,1,0,0,1,0,0
205,2829,5.0,Grocery,2,2,GB,desktop,6.3,1,0,0,1,0,0
224,1809,5.0,Online,15,3,FR,desktop,30.6,1,0,0,0,1,1
308,3216,7.93,Utilities,1,3,FR,desktop,17.4,0,0,0,1,0,0
327,1945,5.0,Utilities,6,4,US,tablet,24.4,3,0,0,0,0,0
393,2468,5.0,Online,13,2,CA,desktop,219.8,2,0,0,0,1,0
534,2138,5.0,Retail,6,5,CA,desktop,78.4,3,0,1,0,0,0
547,2717,5.0,Retail,1,4,US,desktop,348.4,2,1,0,1,0,0
634,2517,5.0,Travel,12,5,US,mobile,953.5,0,0,1,0,1,0
687,2626,5.0,Grocery,5,3,US,desktop,56.3,1,1,0,1,0,0
778,1473,5.0,Online,10,6,US,mobile,202.6,2,0,1,0,1,0
928,2205,5.0,Grocery,4,6,US,tablet,3.5,0,0,1,1,0,0
1091,3011,5.0,Retail,8,3,US,tablet,12.9,3,0,0,0,0,0
1098,4021,5.0,Travel,21,3,AU,desktop,172.9,2,0,0,0,1,0
1234,3999,5.0,Retail,1,6,US,mobile,7.8,2,0,1,1,0,0
1238,1495,5.0,Online,12,1,BR,desktop,167.3,0,0,0,0,1,1
1472,3792,5.0,Retail,3,5,US,mobile,22.6,2,0,1,1,0,0
1555,2831,8.2,Grocery,3,4,US,desktop,31.2,1,1,0,1,0,0
1601,2206,5.0,Grocery,17,4,US,tablet,16.8,5,0,0,0,0,1
1620,4967,5.0,Retail,23,5,US,mobile,14.1,0,0,1,1,0,0
1664,3214,5.0,Online,9,2,GB,desktop,337.7,1,0,0,0,1,0
1804,2037,5.0,Grocery,23,6,US,mobile,25.9,0,0,1,1,0,1
1863,4391,5.0,Grocery,14,4,US,mobile,19.2,3,0,0,0,0,0
2087,3932,5.0,Grocery,22,6,AU,desktop,482.1,3,0,1,0,0,0
2129,1256,5.0,Grocery,2,1,NG,desktop,2.1,1,0,0,1,0,1
2168,4373,5.0,Utilities,5,3,US,desktop,545.7,0,1,0,1,0,0
2245,3843,5.0,Grocery,20,5,CA,desktop,235.9,3,0,1,0,0,0
2293,1940,5.0,Retail,0,1,DE,desktop,22.8,2,0,0,1,0,0
2312,1270,5.0,Entertainment,16,5,US,mobile,292.6,0,0,1,0,1,0
2323,2352,5.0,Travel,19,4,BR,desktop,105.4,1,0,0,0,1,0
2451,4359,5.0,Grocery,1,2,US,desktop,37.8,0,1,0,1,0,0
2516,4279,5.0,Grocery,2,0,US,desktop,38.6,0,1,0,1,0,0
2569,2516,5.0,Grocery,13,1,US,mobile,8.6,3,0,0,0,0,0
2647,3271,5.0,Grocery,6,6,CA,desktop,169.1,3,0,1,0,0,0
2794,3139,5.0,Travel,14,3,FR,desktop,72.0,2,0,0,0,1,0
2827,2447,5.0,Grocery,1,6,US,mobile,3.4,2,0,1,1,0,0
2941,3860,5.0,Grocery,23,1,US,desktop,38.1,1,1,0,1,0,0
2989,4613,5.0,Online,14,0,AU,desktop,322.7,1,0,0,0,1,0
2991,2824,5.0,Grocery,12,6,AU,desktop,897.8,5,0,1,0,0,0
3012,3023,5.0,Grocery,11,6,DE,desktop,126.7,6,0,1,0,0,1
3077,1436,5.0,Online,10,4,DE,desktop,166.9,2,0,0,0,1,1
3081,2757,5.0,Travel,20,6,US,tablet,53.5,0,0,1,0,1,0
3318,2596,5.0,Online,10,2,NG,desktop,229.3,2,0,0,0,1,0
3509,1232,5.0,Grocery,8,5,JP,desktop,40.1,6,0,1,0,0,1
3542,3320,5.0,Travel,22,6,US,mobile,446.6,0,0,1,0,1,0
3556,2789,5.0,Travel,19,3,CA,desktop,141.5,2,0,0,0,1,0
3560,2870,5.0,Grocery,5,5,US,mobile,26.5,2,0,1,1,0,0
3574,2320,5.0,Grocery,6,5,AU,desktop,101.4,3,0,1,0,0,1
3587,2809,5.0,Travel,17,4,CA,desktop,260.6,1,0,0,0,1,0
3604,3494,5.0,Retail,11,6,GB,desktop,140.7,4,0,1,0,0,0
3732,4439,5.0,Food Delivery,9,0,DE,desktop,302.3,1,0,0,0,1,0
3781,1225,5.0,Health,1,2,US,desktop,155.1,0,1,0,1,0,1
3883,3300,5.0,Travel,12,5,US,mobile,89.9,1,0,1,0,1,0
3920,3455,5.0,Grocery,0,5,US,tablet,17.6,1,0,1,1,0,0
3940,3039,5.0,Grocery,10,5,AU,desktop,93.9,3,0,1,0,0,0
3948,2475,5.0,Grocery,2,4,US,desktop,210.4,1,1,0,1,0,1
3977,3576,5.0,Grocery,6,6,DE,desktop,606.6,3,0,1,0,0,0
4008,3603,5.0,Travel,7,3,DE,desktop,110.3,0,0,0,0,1,0
4106,2810,5.0,Food Delivery,7,4,DE,desktop,276.4,0,0,0,0,1,0
4112,2919,5.99,Online,22,2,DE,desktop,339.7,1,0,0,0,1,1
4208,4747,5.0,Travel,13,5,US,mobile,413.1,0,0,1,0,1,1
4298,4080,5.0,Online,19,5,US,tablet,106.5,1,0,1,0,1,1
4331,1740,5.0,Retail,17,6,US,desktop,2.4,1,1,1,0,0,0
4371,3233,5.0,Grocery,17,4,US,tablet,29.5,4,0,0,0,0,0
4457,3364,14.45,Retail,5,2,US,desktop,37.1,2,1,0,1,0,0
4846,4061,5.0,Grocery,0,4,US,desktop,163.4,1,1,0,1,0,0
5023,3730,5.0,Grocery,23,1,DE,desktop,22.8,0,0,0,1,0,0
5094,4879,5.0,Retail,11,5,AU,desktop,213.6,4,0,1,0,0,0
5118,2854,5.0,Utilities,3,6,US,mobile,18.3,1,0,1,1,0,1
5172,2781,5.0,Online,9,6,US,mobile,384.9,2,0,1,0,1,0
5227,2245,5.0,Retail,2,6,US,mobile,28.2,2,0,1,1,0,0
5463,3830,5.0,Grocery,1,4,GB,desktop,7.6,2,0,0,1,0,1
5509,3268,5.0,Grocery,11,6,FR,desktop,98.3,3,0,1,0,0,0
5687,4034,5.0,Grocery,12,5,US,desktop,1.0,1,1,1,0,0,0
5719,1026,5.0,Retail,18,5,FR,desktop,506.7,3,0,1,0,0,0
5757,2321,5.0,Utilities,0,5,US,mobile,21.1,1,0,1,1,0,1
5794,4898,5.0,Retail,4,2,US,desktop,154.0,2,1,0,1,0,0
5835,2020,5.21,Retail,20,5,NG,desktop,97.9,3,0,1,0,0,0
5855,2647,5.0,Grocery,5,4,CA,desktop,11.6,2,0,0,1,0,0
5878,1978,5.0,Travel,7,5,US,mobile,94.9,0,0,1,0,1,0
6248,2816,5.0,Retail,14,4,US,mobile,10.9,3,0,0,0,0,0
6394,3220,5.0,Grocery,14,5,US,desktop,28.5,1,1,1,0,0,1
6409,3100,5.0,Health,9,6,DE,desktop,131.6,3,0,1,0,0,1
6422,2406,5.0,Retail,5,6,US,mobile,11.7,2,0,1,1,0,0
6517,2095,5.0,Grocery,0,1,US,desktop,250.0,1,1,0,1,0,1
6622,4733,5.0,Health,23,1,FR,desktop,19.0,0,0,0,1,0,0
6630,2167,5.0,Online,15,1,AU,desktop,231.5,1,0,0,0,1,0
6732,2321,5.0,Grocery,0,6,US,mobile,11.3,2,0,1,1,0,1
6738,1540,5.0,Retail,2,4,US,desktop,599.0,1,1,0,1,0,1
6752,2697,11.52,Health,4,3,US,desktop,183.5,2,1,0,1,0,1
6922,2804,5.0,Utilities,23,6,US,tablet,11.8,1,0,1,1,0,0
6990,1516,13.38,Retail,14,2,US,mobile,9.2,3,0,0,0,0,0
6999,2664,5.0,Travel,7,3,CA,desktop,161.2,1,0,0,0,1,1
7018,3725,5.0,Grocery,4,0,DE,desktop,28.3,2,0,0,1,0,0
7136,2931,5.0,Health,13,6,AU,desktop,95.4,3,0,1,0,0,0
7199,1954,5.0,Online,21,1,CA,desktop,76.0,1,0,0,0,1,0
7234,2462,5.0,Food Delivery,13,1,FR,desktop,41.0,2,0,0,0,1,0
7235,2410,5.0,Travel,17,5,US,mobile,125.3,2,0,1,0,1,0
7306,2236,5.0,Retail,1,6,US,mobile,28.3,1,0,1,1,0,0
7356,3286,5.0,Utilities,3,2,GB,desktop,7.1,1,0,0,1,0,1
7395,3370,5.0,Grocery,13,6,DE,desktop,96.3,4,0,1,0,0,0
7545,2602,5.95,Grocery,13,6,CA,desktop,41.5,3,0,1,0,0,1
7552,2965,5.0,Travel,8,3,CA,desktop,305.4,1,0,0,0,1,0
7645,1427,5.0,Retail,21,1,US,mobile,7.7,3,0,0,0,0,0
7859,1380,5.0,Food Delivery,7,0,BR,desktop,48.7,0,0,0,0,1,0
7864,3344,5.0,Grocery,21,5,CA,desktop,349.8,3,0,1,0,0,1
7888,3433,5.0,Grocery,7,0,US,mobile,28.1,6,0,0,0,0,0
7908,3859,12.48,Retail,1,1,US,desktop,253.1,1,1,0,1,0,0
8036,2811,5.0,Grocery,6,3,US,mobile,2.2,3,0,0,0,0,0
8182,1403,8.95,Food Delivery,19,2,FR,desktop,120.9,2,0,0,0,1,0
8356,4943,5.0,Online,21,5,US,mobile,326.4,0,0,1,0,1,1
8359,3717,5.0,Grocery,2,2,CA,desktop,29.2,1,0,0,1,0,0
8366,3797,5.0,Entertainment,22,2,GB,desktop,141.1,0,0,0,0,1,1
8378,1278,5.0,Grocery,22,0,US,tablet,6.1,3,0,0,0,0,0
8544,2914,10.27,Health,5,6,US,mobile,16.5,2,0,1,1,0,1
8559,3350,5.0,Retail,12,6,FR,desktop,283.8,4,0,1,0,0,0
8630,1012,5.0,Grocery,5,5,US,mobile,14.4,1,0,1,1,0,0
8637,1081,5.0,Retail,23,5,US,tablet,10.0,1,0,1,1,0,1
8668,2896,5.0,Retail,2,4,AU,desktop,5.5,1,0,0,1,0,0
8846,3454,5.0,Food Delivery,9,3,GB,desktop,857.2,2,0,0,0,1,1
8877,2238,5.0,Retail,13,1,US,mobile,13.3,4,0,0,0,0,0
8935,2444,5.0,Grocery,22,5,FR,desktop,333.5,3,0,1,0,0,0
8942,4622,5.0,Retail,9,6,BR,desktop,414.5,3,0,1,0,0,0
9019,1496,5.0,Grocery,23,4,FR,desktop,11.8,0,0,0,1,0,0
9056,3725,5.0,Grocery,9,5,US,desktop,10.2,1,1,1,0,0,0
9309,3653,5.0,Health,11,4,US,mobile,8.2,3,0,0,0,0,0
9437,1231,5.09,Retail,4,6,US,mobile,19.5,1,0,1,1,0,1
9454,4217,5.0,Health,0,4,GB,desktop,20.6,2,0,0,1,0,0
9501,4680,5.0,Grocery,0,5,US,mobile,21.5,2,0,1,1,0,0
9754,1887,5.0,Online,17,4,CA,desktop,655.7,1,0,0,0,1,0
9861,3117,5.0,Grocery,10,1,US,mobile,9.8,4,0,0,0,0,0
10013,3615,5.0,Retail,4,0,US,desktop,149.4,1,1,0,1,0,0
10025,1308,5.0,Retail,16,5,DE,desktop,105.9,3,0,1,0,0,1
10197,3424,5.0,Retail,22,4,US,mobile,3.4,3,0,0,0,0,0
10553,4669,5.0,Food Delivery,10,6,US,tablet,98.8,0,0,1,0,1,0
10555,4716,5.0,Grocery,16,5,FR,desktop,156.2,4,0,1,0,0,0
10669,2618,5.0,Online,22,6,US,mobile,118.4,1,0,1,0,1,0
10714,3382,5.0,Retail,5,5,US,tablet,7.6,0,0,1,1,0,1
10746,1120,5.0,Grocery,4,6,US,tablet,9.9,2,0,1,1,0,0
10793,2236,5.0,Utilities,0,3,CA,desktop,9.8,2,0,0,1,0,0
10815,1638,5.0,Health,0,0,US,desktop,264.2,0,1,0,1,0,0
10833,2336,5.0,Grocery,15,6,GB,desktop,412.7,5,0,1,0,0,0
10858,4711,5.0,Utilities,21,2,US,mobile,4.7,5,0,0,0,0,0
10884,4247,5.0,Entertainment,8,4,DE,desktop,316.5,1,0,0,0,1,0
11015,2906,5.0,Entertainment,21,3,AU,desktop,149.5,0,0,0,0,1,0
11025,1349,5.0,Utilities,17,6,GB,desktop,79.4,4,0,1,0,0,0
11160,4008,5.0,Grocery,0,6,US,mobile,24.0,1,0,1,1,0,1
11237,4881,5.0,Utilities,9,5,DE,desktop,383.0,4,0,1,0,0,1
11327,1502,5.0,Online,7,5,US,tablet,168.8,2,0,1,0,1,1
11343,3330,5.0,Retail,21,5,NG,desktop,137.1,3,0,1,0,0,0
11365,4453,5.0,Retail,9,2,US,mobile,7.3,3,0,0,0,0,0
11368,3336,14.2,Entertainment,21,1,JP,desktop,389.5,1,0,0,0,1,0
11431,2606,5.0,Retail,5,3,DE,desktop,19.9,0,0,0,1,0,0
11453,4079,5.0,Retail,15,0,US,mobile,1.5,3,0,0,0,0,1
11555,3671,7.93,Online,16,6,US,mobile,391.9,0,0,1,0,1,1
11643,2211,5.0,Entertainment,10,6,US,mobile,115.9,0,0,1,0,1,0
11674,4495,5.0,Grocery,5,4,FR,desktop,12.1,1,0,0,1,0,0
11697,3828,5.0,Grocery,1,4,US,desktop,160.2,1,1,0,1,0,1
11757,1083,5.0,Grocery,10,5,CA,desktop,82.5,4,0,1,0,0,0
11768,4839,5.0,Utilities,2,0,CA,desktop,26.5,1,0,0,1,0,0
11790,1110,5.0,Entertainment,10,3,CA,desktop,306.3,2,0,0,0,1,0
11800,1244,5.0,Grocery,1,3,US,desktop,148.4,1,1,0,1,0,1
11850,3245,5.0,Retail,11,6,CA,desktop,223.0,3,0,1,0,0,1
11976,2512,5.0,Retail,18,5,CA,desktop,221.1,3,0,1,0,0,0
12132,4480,5.0,Online,12,4,JP,desktop,140.1,2,0,0,0,1,0
12162,1767,5.0,Online,14,6,US,tablet,386.7,1,0,1,0,1,0
12650,3390,5.0,Health,3,3,US,desktop,254.6,0,1,0,1,0,0
12759,4283,5.0,Travel,17,5,US,mobile,279.6,1,0,1,0,1,1
12765,2460,5.0,Online,22,2,CA,desktop,258.0,1,0,0,0,1,1
12794,4172,5.0,Retail,3,4,GB,desktop,5.4,1,0,0,1,0,0
12843,3483,5.0,Retail,5,0,GB,desktop,6.1,2,0,0,1,0,0
12857,1518,5.0,Grocery,21,5,AU,desktop,96.7,3,0,1,0,0,0
12868,4666,5.0,Retail,14,5,US,desktop,25.8,1,1,1,0,0,1
13238,1979,5.0,Entertainment,19,1,GB,desktop,591.1,1,0,0,0,1,1
13397,2985,5.0,Grocery,15,6,JP,desktop,57.2,3,0,1,0,0,0
13454,1138,5.0,Grocery,23,2,DE,desktop,7.4,2,0,0,1,0,0
13649,4073,5.0,Grocery,12,4,US,mobile,25.1,4,0,0,0,0,1
13722,1869,5.0,Online,12,2,GB,desktop,243.1,1,0,0,0,1,0
13809,1288,5.0,Grocery,17,5,US,desktop,29.6,0,1,1,0,0,0
13891,4092,5.0,Grocery,1,5,US,mobile,15.6,0,0,1,1,0,1
13939,4240,5.0,Health,6,4,US,tablet,16.7,3,0,0,0,0,0
13943,4564,5.0,Grocery,1,5,US,tablet,1.0,1,0,1,1,0,0
14100,2166,5.0,Online,9,1,BR,desktop,310.8,0,0,0,0,1,1
14108,2717,5.74,Retail,11,6,CA,desktop,74.5,4,0,1,0,0,0
14349,4346,5.0,Retail,21,6,FR,desktop,1008.3,3,0,1,0,0,0
14353,2442,5.0,Entertainment,16,0,GB,desktop,171.7,2,0,0,0,1,0
14408,4928,5.0,Online,9,6,US,mobile,208.7,2,0,1,0,1,1
14414,3175,5.0,Retail,5,6,US,mobile,25.7,0,0,1,1,0,1
14507,2426,5.81,Travel,16,6,US,tablet,106.9,1,0,1,0,1,0
14512,1195,5.0,Retail,9,0,US,tablet,23.2,3,0,0,0,0,0
14535,2308,5.0,Retail,1,6,US,mobile,29.7,2,0,1,1,0,0
14674,3569,5.0,Food Delivery,13,1,DE,desktop,122.0,1,0,0,0,1,0
14696,2906,5.0,Grocery,15,5,CA,desktop,131.6,3,0,1,0,0,1
14735,4341,5.0,Grocery,2,3,US,desktop,56.6,2,1,0,1,0,1
14739,4633,5.0,Grocery,5,5,US,mobile,17.4,1,0,1,1,0,0
14766,4779,5.0,Entertainment,6,4,DE,desktop,36.5,1,0,0,0,1,0
14792,4592,5.0,Health,22,0,US,mobile,14.2,4,0,0,0,0,0
14927,3366,5.0,Grocery,1,6,US,tablet,5.3,1,0,1,1,0,0
15080,2072,5.0,Travel,21,6,US,mobile,365.1,0,0,1,0,1,1
15116,2286,5.0,Grocery,3,1,US,desktop,202.9,0,1,0,1,0,1
15146,1302,5.0,Retail,1,1,NG,desktop,9.5,2,0,0,1,0,1
15179,2292,5.0,Online,11,1,DE,desktop,419.7,0,0,0,0,1,1
15225,1397,5.0,Retail,4,4,US,desktop,70.2,1,1,0,1,0,0
15235,3036,5.0,Travel,9,1,GB,desktop,42.5,2,0,0,0,1,0
15630,3216,5.0,Online,6,2,CA,desktop,229.2,2,0,0,0,1,0
15631,3180,5.0,Grocery,4,2,US,desktop,49.1,0,1,0,1,0,0
15690,1428,5.0,Travel,6,6,US,mobile,98.4,1,0,1,0,1,0
15748,1334,5.0,Grocery,16,5,CA,desktop,44.3,3,0,1,0,0,0
15750,3167,14.08,Grocery,13,6,FR,desktop,220.3,3,0,1,0,0,1
15837,4265,5.0,Health,21,3,US,mobile,12.2,3,0,0,0,0,0
15874,1858,5.0,Retail,23,2,FR,desktop,8.4,1,0,0,1,0,1
15913,2505,9.19,Travel,13,6,US,mobile,85.5,0,0,1,0,1,0
16073,4105,5.0,Grocery,3,1,US,desktop,421.5,2,1,0,1,0,1
16101,4606,5.0,Grocery,2,1,US,desktop,293.1,0,1,0,1,0,0
16109,4074,15.23,Grocery,1,2,CA,desktop,8.3,2,0,0,1,0,1
16186,2058,5.0,Grocery,23,0,US,desktop,40.8,1,1,0,1,0,0
16268,4297,5.0,Online,19,1,GB,desktop,38.0,0,0,0,0,1,0
16293,4691,5.0,Retail,17,6,DE,desktop,353.0,3,0,1,0,0,0
16379,2665,5.0,Online,15,5,US,mobile,115.7,1,0,1,0,1,1
16539,4280,5.0,Grocery,1,1,DE,desktop,4.9,1,0,0,1,0,0
16639,4070,5.0,Travel,18,4,DE,desktop,399.6,0,0,0,0,1,0
16663,1356,5.0,Retail,7,5,GB,desktop,39.7,4,0,1,0,0,0
16683,1853,5.0,Health,3,3,DE,desktop,29.8,2,0,0,1,0,0
16699,1048,5.0,Retail,5,2,FR,desktop,11.6,2,0,0,1,0,1
16796,4027,5.0,Grocery,21,4,US,mobile,28.5,3,0,0,0,0,0
16797,4487,5.0,Grocery,0,6,US,mobile,26.5,1,0,1,1,0,0
16880,1688,6.4,Entertainment,7,0,AU,desktop,245.0,1,0,0,0,1,0
16894,2735,5.0,Entertainment,15,4,CA,desktop,360.2,1,0,0,0,1,1
16958,2121,5.0,Retail,4,5,US,tablet,13.1,2,0,1,1,0,0
16971,3778,5.4,Grocery,4,3,US,desktop,231.1,2,1,0,1,0,0
17012,2117,5.0,Entertainment,8,0,BR,desktop,148.1,1,0,0,0,1,1
17039,1107,5.0,Retail,23,0,CA,desktop,21.7,2,0,0,1,0,1
17040,1422,5.0,Grocery,5,2,US,desktop,265.1,1,1,0,1,0,0
17069,1075,5.0,Travel,15,5,US,tablet,139.1,1,0,1,0,1,1
17117,2886,5.0,Retail,1,6,US,mobile,5.4,1,0,1,1,0,0
17180,3549,6.99,Food Delivery,17,5,US,mobile,283.8,1,0,1,0,1,1
17228,1279,5.0,Retail,5,4,US,desktop,331.8,1,1,0,1,0,0
17624,4968,5.0,Grocery,19,1,US,mobile,14.0,3,0,0,0,0,0
17651,3344,5.0,Utilities,1,0,BR,desktop,16.0,2,0,0,1,0,1
17692,3387,5.0,Entertainment,13,1,FR,desktop,535.3,1,0,0,0,1,0
18165,4412,5.0,Retail,2,6,US,mobile,16.0,0,0,1,1,0,0
18264,3936,5.0,Retail,5,2,US,desktop,74.5,2,1,0,1,0,0
18265,1117,5.0,Grocery,0,6,US,mobile,8.8,1,0,1,1,0,0
18278,2262,5.0,Online,15,6,US,mobile,298.1,2,0,1,0,1,0
18363,3496,5.47,Retail,22,5,DE,desktop,490.2,3,0,1,0,0,1
18406,2787,5.0,Food Delivery,11,3,CA,desktop,51.2,2,0,0,0,1,1
18768,4711,5.0,Retail,21,4,US,mobile,18.8,3,0,0,0,0,0
18831,4112,9.9,Grocery,1,4,GB,desktop,21.4,2,0,0,1,0,1
18881,1710,5.0,Retail,11,2,US,mobile,2.2,3,0,0,0,0,1
18967,1487,5.0,Food Delivery,14,5,US,mobile,93.2,2,0,1,0,1,0
18991,1594,5.0,Retail,4,2,GB,desktop,12.6,1,0,0,1,0,0
19122,3700,5.0,Entertainment,19,1,BR,desktop,160.8,1,0,0,0,1,0
19155,1632,5.0,Online,20,1,AU,desktop,116.1,2,0,0,0,1,0
19184,1389,5.0,Retail,9,5,CA,desktop,318.7,4,0,1,0,0,1
19267,3907,5.0,Retail,13,5,US,desktop,9.2,2,1,1,0,0,1
19287,4974,5.0,Online,20,1,CA,desktop,122.5,0,0,0,0,1,1
19456,2002,8.61,Retail,10,6,CA,desktop,188.4,4,0,1,0,0,1
19522,4530,5.0,Online,19,5,US,mobile,103.1,0,0,1,0,1,0
19539,2603,13.92,Grocery,2,0,US,desktop,144.7,2,1,0,1,0,1
19636,1021,5.0,Utilities,6,0,US,tablet,24.4,3,0,0,0,0,1
19953,3060,5.0,Health,10,6,NG,desktop,318.6,3,0,1,0,0,0
45,1271,5.0,Travel,22,4,US,desktop,40.6,3,0,0,0,0,0
87,1388,5.0,Food Delivery,1,5,US,desktop,148.8,2,0,1,1,0,0
88,2249,5.0,Entertainment,0,6,US,desktop,72.2,1,0,1,1,0,1
208,4876,5.0,Online,14,3,JP,tablet,33.7,1,0,0,0,0,0
217,1317,5.0,Entertainment,9,4,DE,mobile,550.9,1,0,0,0,0,0
236,3877,5.0,Online,9,4,DE,mobile,146.5,0,0,0,0,0,1
278,4130,5.0,Food Delivery,18,0,JP,mobile,161.9,1,0,0,0,0,0
306,1560,5.0,Travel,1,6,US,desktop,35.8,2,0,1,1,0,0
377,3946,5.0,Food Delivery,22,3,FR,tablet,347.5,1,0,0,0,0,1
384,1963,5.0,Food Delivery,18,2,GB,mobile,119.4,2,0,0,0,0,0
396,4498,5.0,Online,5,6,US,desktop,366.2,2,0,1,1,0,1
434,1524,5.0,Travel,14,2,BR,tablet,163.0,1,0,0,0,0,1
477,4387,5.0,Travel,17,4,GB,mobile,858.8,0,0,0,0,0,0
494,3412,5.0,Online,10,3,NG,mobile,455.9,2,0,0,0,0,1
497,1475,5.0,Travel,6,3,GB,tablet,82.8,1,0,0,0,0,0
498,2496,5.0,Travel,21,0,GB,mobile,625.0,2,0,0,0,0,0
502,3607,5.0,Travel,12,4,DE,mobile,165.2,1,0,0,0,0,1
503,4850,5.0,Travel,11,1,GB,tablet,120.5,1,0,0,0,0,1
511,4978,5.0,Food Delivery,16,0,CA,mobile,205.9,2,0,0,0,0,0
523,1769,5.0,Online,21,4,FR,mobile,274.3,2,0,0,0,0,0
562,1173,5.0,Online,19,2,GB,mobile,127.3,0,0,0,0,0,0
563,2972,5.0,Entertainment,18,1,AU,tablet,127.7,0,0,0,0,0,1
576,2494,5.0,Grocery,0,6,GB,desktop,586.3,1,0,1,1,1,0
627,2352,5.0,Entertainment,9,4,DE,mobile,88.9,1,0,0,0,0,0
671,4810,5.0,Food Delivery,19,1,DE,mobile,233.1,0,0,0,0,0,0
729,2952,5.0,Entertainment,9,4,CA,mobile,87.9,1,0,0,0,0,1
735,1833,5.0,Food Delivery,18,2,GB,mobile,642.5,1,0,0,0,0,0
792,2817,5.0,Entertainment,9,3,CA,tablet,76.0,0,0,0,0,0,0
799,2261,8.01,Online,9,2,FR,tablet,551.8,2,0,0,0,0,0
808,1442,5.39,Travel,11,0,GB,tablet,52.2,1,0,0,0,0,0
848,1206,5.0,Travel,18,1,CA,mobile,117.3,2,0,0,0,0,1
876,3018,5.0,Grocery,22,5,US,mobile,36.7,4,0,1,0,1,0
885,4253,5.0,Travel,21,2,CA,mobile,79.6,2,0,0,0,0,0
892,3839,5.0,Entertainment,18,3,FR,mobile,40.8,1,0,0,0,0,0
903,1876,5.0,Travel,21,1,DE,mobile,172.8,0,0,0,0,0,0
922,3289,5.27,Food Delivery,11,2,DE,mobile,66.0,1,0,0,0,0,0
937,1631,5.0,Utilities,2,5,GB,desktop,173.7,2,0,1,1,1,1
942,2616,5.0,Entertainment,9,2,NG,mobile,49.2,1,0,0,0,0,0
998,2442,5.0,Travel,14,4,GB,mobile,534.7,0,0,0,0,0,0
1039,2746,5.0,Entertainment,7,4,FR,mobile,290.9,0,0,0,0,0,0
1048,3403,5.0,Travel,18,2,US,desktop,133.3,3,0,0,0,0,0
1054,4833,5.0,Travel,22,1,DE,mobile,155.7,1,0,0,0,0,1
1094,2570,5.0,Online,19,1,DE,mobile,185.2,1,0,0,0,0,1
1096,1320,10.41,Travel,23,6,US,desktop,260.4,0,0,1,1,0,1
1101,2918,5.0,Online,20,3,CA,tablet,334.9,2,0,0,0,0,0
1128,3550,5.0,Travel,19,1,GB,mobile,166.4,2,0,0,0,0,0
1165,3067,5.0,Travel,16,3,BR,mobile,49.8,1,0,0,0,0,0
1186,2230,5.0,Online,16,2,US,desktop,85.1,3,0,0,0,0,0
1202,2910,5.0,Online,16,2,DE,mobile,127.6,1,0,0,0,0,0
1239,2191,5.0,Travel,16,4,NG,mobile,74.1,1,0,0,0,0,0
1271,2475,5.0,Travel,19,4,GB,mobile,84.6,1,0,0,0,0,0
1323,3198,5.0,Travel,15,3,JP,tablet,61.0,1,0,0,0,0,0
1341,3136,5.32,Entertainment,7,3,FR,mobile,91.0,1,0,0,0,0,0
1354,4661,5.0,Travel,8,2,GB,tablet,31.7,2,0,0,0,0,0
1355,1877,5.0,Online,10,1,CA,tablet,130.3,2,0,0,0,0,0
1364,1807,5.0,Travel,8,3,CA,tablet,131.5,0,0,0,0,0,0
1373,2798,5.0,Food Delivery,12,0,CA,mobile,272.6,1,0,0,0,0,1
1391,2224,5.0,Online,18,3,BR,mobile,53.0,1,0,0,0,0,1
1403,2198,5.0,Online,6,4,JP,mobile,113.6,1,0,0,0,0,1
1414,4167,5.0,Online,6,2,CA,tablet,45.8,0,0,0,0,0,1
1423,3356,5.0,Travel,17,1,FR,mobile,177.7,0,0,0,0,0,1
1428,4610,5.0,Online,10,2,US,desktop,243.5,3,0,0,0,0,0
1432,1740,5.0,Travel,10,3,US,desktop,174.6,3,0,0,0,0,1
1442,3050,5.0,Online,21,4,US,desktop,138.0,4,0,0,0,0,0
1475,4908,5.0,Entertainment,18,1,DE,mobile,251.4,1,0,0,0,0,1
1494,2332,5.0,Online,6,2,DE,mobile,96.3,2,0,0,0,0,1
1546,3360,5.0,Grocery,21,0,CA,desktop,113.6,6,0,0,0,1,0
1551,2122,13.72,Entertainment,13,4,BR,tablet,397.3,0,0,0,0,0,0
1563,1993,5.0,Travel,16,4,GB,mobile,310.5,2,0,0,0,0,0
1596,1661,5.0,Travel,15,2,DE,tablet,214.4,0,0,0,0,0,0
1603,4303,5.0,Entertainment,16,0,FR,tablet,60.3,0,0,0,0,0,1
1683,1140,5.0,Entertainment,17,4,CA,mobile,49.8,1,0,0,0,0,0
1721,1355,5.0,Entertainment,8,2,CA,mobile,324.5,1,0,0,0,0,0
1767,3017,9.03,Grocery,5,3,US,mobile,10.9,0,0,0,1,1,1
1779,2231,5.0,Online,6,2,DE,mobile,110.5,2,0,0,0,0,0
1797,4902,5.0,Food Delivery,7,3,CA,mobile,109.3,0,0,0,0,0,1
1820,2179,5.94,Entertainment,22,0,JP,mobile,341.0,0,0,0,0,0,1
1872,1827,5.0,Entertainment,6,0,BR,mobile,95.9,0,0,0,0,0,0
1879,3906,5.0,Health,16,6,US,mobile,46.8,3,0,1,0,1,0
1899,3988,5.0,Food Delivery,14,2,AU,mobile,862.0,0,0,0,0,0,1
1910,4760,5.0,Travel,19,0,GB,mobile,432.8,0,0,0,0,0,0
1927,2438,5.0,Entertainment,10,1,FR,mobile,320.6,0,0,0,0,0,0
1967,2483,14.91,Food Delivery,9,0,US,desktop,61.2,4,0,0,0,0,1
1977,4727,5.0,Travel,15,3,FR,tablet,313.9,0,0,0,0,0,0
1978,2369,5.0,Food Delivery,9,0,DE,mobile,359.7,2,0,0,0,0,1
2021,2211,5.0,Food Delivery,15,2,CA,tablet,446.2,1,0,0,0,0,1
2031,3223,5.0,Food Delivery,17,0,AU,mobile,131.6,0,0,0,0,0,1
2032,1708,5.0,Travel,20,1,GB,mobile,317.6,0,0,0,0,0,0
2051,1689,5.0,Entertainment,21,0,CA,mobile,166.9,2,0,0,0,0,0
2060,2612,5.0,Entertainment,7,3,CA,mobile,119.2,1,0,0,0,0,1
2105,4484,10.12,Online,6,3,CA,mobile,797.3,2,0,0,0,0,0
2106,2100,5.0,Entertainment,11,4,FR,mobile,39.1,2,0,0,0,0,0
2110,2134,5.0,Utilities,5,5,GB,desktop,162.5,2,0,1,1,1,1
2116,1810,5.41,Entertainment,4,5,US,desktop,361.4,1,0,1,1,0,0
2127,2230,5.0,Online,0,6,US,desktop,83.6,0,0,1,1,0,1
2234,1551,5.0,Retail,5,0,US,mobile,12.4,1,0,0,1,1,0
2236,4162,5.0,Travel,8,1,US,desktop,31.0,3,0,0,0,0,1
2257,4185,5.0,Food Delivery,17,1,US,desktop,152.9,4,0,0,0,0,0
2283,2294,5.0,Online,13,3,US,desktop,84.8,6,0,0,0,0,0
2296,4205,5.0,Online,20,1,JP,mobile,411.2,2,0,0,0,0,1
2325,3986,5.0,Travel,19,4,US,desktop,188.6,3,0,0,0,0,0
2336,3155,5.0,Food Delivery,21,0,JP,mobile,49.0,2,0,0,0,0,1
2339,1173,5.0,Entertainment,12,1,DE,mobile,49.2,2,0,0,0,0,1
2347,2309,5.0,Travel,12,1,FR,mobile,268.4,1,0,0,0,0,0
2357,2646,5.0,Food Delivery,3,6,US,desktop,67.5,1,0,1,1,0,0
2397,4786,5.0,Travel,10,3,FR,tablet,138.3,1,0,0,0,0,1
2402,3265,5.0,Food Delivery,10,0,JP,mobile,115.7,1,0,0,0,0,0
2415,2488,5.0,Travel,4,6,US,desktop,190.2,1,0,1,1,0,1
2421,2034,5.0,Entertainment,9,2,US,desktop,171.5,3,0,0,0,0,0
2443,1037,5.0,Online,14,0,NG,mobile,188.1,2,0,0,0,0,0
2447,4094,5.0,Travel,7,2,US,desktop,539.5,3,0,0,0,0,1
2475,1418,5.0,Food Delivery,21,1,US,desktop,128.9,5,0,0,0,0,0
2492,2059,5.0,Entertainment,12,3,GB,mobile,47.0,2,0,0,0,0,0
2499,1129,5.0,Online,16,0,DE,mobile,41.5,0,0,0,0,0,1
2505,1203,5.38,Online,18,4,NG,mobile,135.9,0,0,0,0,0,1
2508,3478,5.0,Food Delivery,1,6,US,desktop,419.6,0,0,1,1,0,0
2524,2605,5.05,Entertainment,14,3,FR,mobile,141.1,2,0,0,0,0,0
2527,2873,5.0,Retail,0,4,US,tablet,2.1,2,0,0,1,1,1
2553,1867,6.12,Food Delivery,8,2,US,desktop,571.7,3,0,0,0,0,0
2594,1378,5.0,Entertainment,18,1,DE,mobile,462.5,2,0,0,0,0,1
2609,3104,5.0,Travel,17,2,GB,mobile,177.1,1,0,0,0,0,0
2610,4307,5.0,Online,14,1,CA,mobile,473.6,1,0,0,0,0,1
2638,3973,5.0,Entertainment,15,3,GB,mobile,185.7,0,0,0,0,0,1
2705,1275,5.0,Entertainment,15,3,DE,mobile,461.8,1,0,0,0,0,1
2710,4497,5.0,Travel,19,1,DE,mobile,135.9,1,0,0,0,0,1
2714,3081,5.0,Online,15,1,AU,mobile,35.1,1,0,0,0,0,0
2735,2789,5.0,Travel,13,0,BR,mobile,207.0,2,0,0,0,0,0
2781,2243,5.0,Entertainment,2,5,US,desktop,51.3,2,0,1,1,0,0
2789,1018,5.0,Food Delivery,22,0,US,desktop,116.9,3,0,0,0,0,0
2796,4662,5.0,Online,7,0,GB,mobile,260.9,1,0,0,0,0,0
2833,2200,5.0,Travel,22,0,CA,tablet,395.4,1,0,0,0,0,0
2845,2826,5.0,Entertainment,13,4,AU,tablet,470.5,1,0,0,0,0,0
2880,4908,5.0,Travel,11,1,GB,tablet,181.1,1,0,0,0,0,0
2904,3471,5.0,Online,21,1,US,desktop,35.7,4,0,0,0,0,1
2912,1362,5.75,Food Delivery,0,6,US,desktop,257.0,0,0,1,1,0,0
2957,1395,8.92,Entertainment,12,1,US,desktop,173.4,3,0,0,0,0,0
2962,2687,5.0,Online,20,1,DE,mobile,132.4,2,0,0,0,0,0
2979,2131,5.0,Travel,8,2,DE,mobile,100.9,2,0,0,0,0,0
3034,1442,5.0,Online,11,2,AU,mobile,294.6,2,0,0,0,0,1
3040,1790,5.0,Food Delivery,13,3,DE,mobile,227.7,1,0,0,0,0,0
3073,1960,5.0,Travel,22,1,BR,tablet,305.5,2,0,0,0,0,1
3074,4128,5.0,Travel,22,3,DE,tablet,91.7,1,0,0,0,0,0
3104,2755,6.85,Food Delivery,19,2,DE,mobile,86.4,2,0,0,0,0,0
3111,3157,5.0,Online,15,3,FR,tablet,154.8,2,0,0,0,0,0
3117,3513,5.0,Food Delivery,8,0,CA,tablet,249.9,2,0,0,0,0,0
3130,4165,5.0,Food Delivery,15,0,GB,mobile,68.9,1,0,0,0,0,1
3167,3995,5.0,Entertainment,9,0,GB,mobile,85.3,2,0,0,0,0,0
3173,2727,5.0,Online,15,3,JP,mobile,38.9,1,0,0,0,0,0
3182,1780,5.0,Food Delivery,23,6,US,desktop,156.5,1,0,1,1,0,0
3193,3683,5.0,Online,16,0,CA,mobile,188.3,0,0,0,0,0,0
3203,4077,5.0,Food Delivery,3,5,US,desktop,53.8,0,0,1,1,0,0
3267,3954,13.96,Travel,21,3,GB,tablet,250.3,2,0,0,0,0,1
3278,1983,6.48,Entertainment,12,1,CA,mobile,625.9,1,0,0,0,0,1
3355,4900,5.0,Travel,19,2,GB,tablet,63.4,1,0,0,0,0,1
3408,3552,5.0,Online,12,3,US,desktop,468.1,3,0,0,0,0,0
3429,4119,5.0,Food Delivery,21,0,GB,mobile,175.0,0,0,0,0,0,0
3448,3254,5.0,Travel,15,1,GB,mobile,279.8,2,0,0,0,0,0
3497,1411,5.0,Food Delivery,21,2,CA,tablet,34.7,2,0,0,0,0,1
3499,1492,5.0,Retail,20,1,DE,desktop,347.1,6,0,0,0,1,0
3543,1340,5.0,Entertainment,11,2,GB,tablet,316.3,0,0,0,0,0,0
3552,3088,5.0,Travel,8,0,FR,mobile,331.8,1,0,0,0,0,0
3566,2042,7.92,Online,14,2,JP,mobile,82.9,0,0,0,0,0,0
3591,1446,5.0,Travel,11,4,AU,mobile,83.2,1,0,0,0,0,0
3619,2740,6.53,Online,13,0,AU,tablet,120.9,2,0,0,0,0,1
3634,4041,5.0,Online,9,3,AU,mobile,186.5,1,0,0,0,0,1
3686,1617,5.0,Travel,6,1,NG,mobile,68.6,1,0,0,0,0,1
3689,4867,5.0,Travel,16,3,NG,mobile,402.1,2,0,0,0,0,0
3705,4777,5.0,Entertainment,18,2,CA,tablet,300.5,1,0,0,0,0,1
3754,2076,5.0,Entertainment,2,6,US,desktop,99.1,2,0,1,1,0,0
3764,3546,5.0,Food Delivery,21,2,JP,mobile,123.4,1,0,0,0,0,1
3798,1259,5.0,Travel,16,3,GB,mobile,271.3,1,0,0,0,0,0
3807,1410,5.0,Travel,13,2,AU,mobile,74.3,0,0,0,0,0,0
3832,1811,5.0,Food Delivery,9,4,GB,mobile,112.1,2,0,0,0,0,0
3847,4086,5.0,Food Delivery,17,1,CA,mobile,200.7,0,0,0,0,0,0
3881,4459,5.0,Travel,8,4,US,desktop,333.2,7,0,0,0,0,0
3896,4718,5.0,Entertainment,18,1,AU,tablet,358.2,1,0,0,0,0,0
3902,4807,5.9,Travel,9,2,US,desktop,33.7,3,0,0,0,0,0
3912,4882,5.05,Online,9,0,CA,mobile,615.8,1,0,0,0,0,0
3957,3084,5.0,Food Delivery,19,4,US,desktop,262.9,3,0,0,0,0,0
3980,1602,5.0,Online,11,1,DE,mobile,140.3,2,0,0,0,0,1
3984,3696,5.89,Food Delivery,12,1,US,desktop,153.2,3,0,0,0,0,1
3986,2358,5.06,Online,10,0,DE,tablet,50.3,2,0,0,0,0,1
4000,3080,5.0,Travel,20,4,NG,mobile,270.0,2,0,0,0,0,1
4010,1463,5.0,Travel,10,4,BR,mobile,63.3,2,0,0,0,0,0
4017,2083,5.0,Travel,14,2,GB,mobile,176.7,2,0,0,0,0,0
4042,3605,5.0,Online,8,0,GB,tablet,547.8,0,0,0,0,0,0
4087,2078,5.0,Entertainment,8,3,GB,mobile,32.7,2,0,0,0,0,0
4098,1586,5.0,Utilities,2,6,GB,desktop,72.8,0,0,1,1,1,0
4104,1064,5.0,Travel,22,2,CA,tablet,181.2,1,0,0,0,0,0
4105,1311,5.0,Travel,15,3,FR,tablet,192.7,2,0,0,0,0,0
4136,4884,5.0,Online,20,4,GB,tablet,603.6,0,0,0,0,0,0
4171,2490,5.0,Food Delivery,18,3,GB,tablet,128.9,2,0,0,0,0,1
4187,2063,5.0,Entertainment,5,6,US,desktop,37.1,0,0,1,1,0,0
4195,3258,5.0,Travel,1,5,US,desktop,329.4,0,0,1,1,0,1
4245,2409,5.0,Entertainment,2,5,US,desktop,76.6,1,0,1,1,0,0
4271,4195,5.0,Entertainment,3,6,US,desktop,162.8,2,0,1,1,0,0
4293,2971,5.0,Retail,5,5,CA,desktop,116.2,0,0,1,1,1,0
4309,4211,5.0,Food Delivery,22,0,JP,mobile,513.5,1,0,0,0,0,1
4314,1391,5.0,Travel,22,3,CA,mobile,490.7,2,0,0,0,0,0
4347,1198,5.0,Online,1,5,US,desktop,48.8,0,0,1,1,0,1
4365,3313,6.66,Food Delivery,12,0,GB,tablet,177.0,2,0,0,0,0,0
4383,2413,5.0,Online,21,2,FR,mobile,264.3,2,0,0,0,0,1
4434,1456,5.0,Travel,11,1,JP,mobile,69.8,1,0,0,0,0,0
4445,3949,5.0,Online,14,0,GB,mobile,88.9,1,0,0,0,0,0
4484,1242,5.0,Travel,21,4,GB,mobile,264.4,2,0,0,0,0,1
4492,1787,5.0,Food Delivery,19,3,US,desktop,744.9,4,0,0,0,0,1
4595,3467,5.0,Utilities,9,5,US,mobile,118.0,3,0,1,0,1,0
4621,3471,5.0,Online,17,1,US,desktop,236.0,3,0,0,0,0,0
4622,4980,5.0,Travel,18,1,FR,mobile,288.5,2,0,0,0,0,0
4683,3789,5.0,Food Delivery,20,2,AU,mobile,140.9,1,0,0,0,0,0
4746,2221,5.0,Food Delivery,9,2,FR,mobile,692.6,1,0,0,0,0,1
4793,4884,5.0,Travel,12,4,CA,mobile,157.2,1,0,0,0,0,0
4822,3727,9.6,Entertainment,7,4,CA,mobile,134.2,1,0,0,0,0,1
4826,2667,5.0,Food Delivery,4,5,US,desktop,252.8,0,0,1,1,0,1
4832,1429,5.0,Entertainment,3,5,US,desktop,265.2,1,0,1,1,0,0
4838,1269,5.0,Travel,10,3,CA,mobile,49.2,2,0,0,0,0,1
4851,4714,5.0,Online,23,6,US,desktop,203.0,0,0,1,1,0,0
4857,4383,5.0,Entertainment,14,1,FR,mobile,33.6,2,0,0,0,0,0
4858,3526,5.0,Travel,18,2,US,desktop,243.1,3,0,0,0,0,1
4933,4597,5.0,Online,7,3,GB,mobile,306.6,1,0,0,0,0,0
4956,1772,5.0,Travel,19,1,CA,mobile,163.3,1,0,0,0,0,1
4982,4836,5.0,Travel,14,2,NG,mobile,562.0,2,0,0,0,0,0
5009,3865,5.0,Travel,11,3,FR,mobile,56.5,1,0,0,0,0,0
5059,2019,5.0,Retail,1,6,AU,desktop,588.2,2,0,1,1,1,0
5065,3056,5.0,Travel,8,2,FR,mobile,45.2,0,0,0,0,0,1
5082,3028,5.0,Online,14,1,US,desktop,69.4,3,0,0,0,0,0
5108,4800,5.0,Food Delivery,11,0,GB,mobile,209.5,0,0,0,0,0,0
5132,2584,5.0,Online,8,4,DE,mobile,219.9,2,0,0,0,0,0
5148,4307,5.0,Online,15,4,GB,mobile,196.2,2,0,0,0,0,0
5151,1634,5.63,Entertainment,16,1,NG,mobile,38.7,0,0,0,0,0,1
5170,1015,5.0,Online,9,4,CA,tablet,300.8,2,0,0,0,0,1
5194,1354,7.95,Entertainment,13,3,FR,mobile,87.6,2,0,0,0,0,0
5309,1268,6.67,Food Delivery,13,3,AU,mobile,135.5,0,0,0,0,0,0
5312,4707,5.0,Travel,9,2,CA,mobile,60.1,0,0,0,0,0,0
5337,3956,5.0,Entertainment,15,1,US,desktop,84.6,3,0,0,0,0,1
5351,1906,5.0,Online,11,4,US,desktop,75.9,4,0,0,0,0,0
5357,3778,5.0,Food Delivery,6,3,JP,tablet,48.6,0,0,0,0,0,1
5430,4442,5.0,Travel,11,4,US,desktop,123.8,3,0,0,0,0,0
5442,3049,5.0,Grocery,18,2,GB,desktop,84.6,3,0,0,0,1,1
5470,2088,5.0,Online,13,3,JP,tablet,357.0,2,0,0,0,0,1
5481,4959,5.0,Entertainment,6,1,DE,mobile,272.6,0,0,0,0,0,1
5488,4059,5.0,Online,11,0,NG,mobile,84.1,2,0,0,0,0,1
5529,1107,5.0,Travel,15,3,US,desktop,54.6,4,0,0,0,0,0
5567,1882,5.0,Entertainment,8,2,AU,mobile,166.8,1,0,0,0,0,0
5613,3559,5.0,Retail,8,5,US,tablet,574.5,3,0,1,0,1,0
5616,3924,5.07,Travel,15,0,JP,mobile,54.8,0,0,0,0,0,0
5641,4012,5.0,Entertainment,8,0,BR,mobile,183.4,2,0,0,0,0,0
5676,2081,5.0,Entertainment,6,2,AU,mobile,282.7,2,0,0,0,0,0
5689,4033,5.0,Entertainment,15,3,DE,tablet,270.0,2,0,0,0,0,1
5724,3101,5.0,Food Delivery,15,1,US,desktop,84.0,3,0,0,0,0,0
5738,4722,5.13,Food Delivery,22,2,GB,mobile,443.7,0,0,0,0,0,0
5744,2830,5.0,Travel,7,3,GB,mobile,41.2,1,0,0,0,0,0
5764,1374,5.62,Travel,15,4,CA,mobile,172.5,0,0,0,0,0,1
5765,2258,5.0,Food Delivery,17,3,FR,tablet,174.5,1,0,0,0,0,1
5768,2316,5.0,Grocery,3,5,CA,desktop,599.7,0,0,1,1,1,0
5802,2535,5.0,Food Delivery,21,0,CA,tablet,259.8,1,0,0,0,0,1
5804,4724,5.0,Entertainment,7,3,GB,mobile,206.9,1,0,0,0,0,1
5874,2286,5.0,Online,13,0,FR,mobile,89.5,2,0,0,0,0,1
5877,4657,10.86,Entertainment,15,2,US,desktop,35.3,3,0,0,0,0,1
5976,3195,6.79,Online,19,4,NG,mobile,74.6,2,0,0,0,0,0
5978,1641,9.61,Online,21,4,CA,mobile,33.1,0,0,0,0,0,1
5982,4163,5.0,Utilities,17,4,GB,desktop,122.3,3,0,0,0,1,0
5997,4417,5.0,Travel,8,3,FR,mobile,127.0,2,0,0,0,0,0
6028,3792,5.0,Online,6,4,AU,mobile,65.9,2,0,0,0,0,0
6074,3471,5.0,Travel,1,5,US,desktop,470.3,0,0,1,1,0,0
6109,3429,5.0,Food Delivery,16,4,GB,mobile,165.4,2,0,0,0,0,0
6156,3443,5.0,Food Delivery,7,0,AU,mobile,153.9,2,0,0,0,0,0
6159,4092,5.0,Travel,6,3,DE,mobile,203.5,0,0,0,0,0,0
6202,4812,5.0,Food Delivery,12,1,FR,tablet,423.6,2,0,0,0,0,0
6215,3841,5.0,Food Delivery,20,3,FR,mobile,73.9,0,0,0,0,0,0
6233,1605,5.93,Travel,18,4,JP,mobile,186.1,1,0,0,0,0,0
6241,3603,5.0,Entertainment,18,4,DE,mobile,190.3,2,0,0,0,0,0
6285,2864,5.0,Entertainment,7,4,JP,mobile,41.3,0,0,0,0,0,0
6288,1254,5.0,Entertainment,21,1,GB,tablet,66.4,0,0,0,0,0,0
6301,2346,5.0,Online,6,2,US,desktop,38.2,3,0,0,0,0,0
6309,2583,5.0,Online,15,0,CA,mobile,63.1,0,0,0,0,0,1
6342,4946,5.0,Entertainment,19,3,US,desktop,210.5,4,0,0,0,0,1
6346,3843,5.0,Travel,11,3,GB,tablet,122.1,1,0,0,0,0,0
6348,4938,5.0,Food Delivery,10,2,US,desktop,49.9,3,0,0,0,0,1
6354,4468,5.0,Food Delivery,16,2,NG,mobile,399.2,2,0,0,0,0,0
6369,1104,5.0,Travel,16,1,US,desktop,218.3,3,0,0,0,0,0
6375,1584,5.0,Travel,19,3,FR,mobile,97.7,1,0,0,0,0,0
6391,4039,5.0,Food Delivery,22,0,DE,mobile,153.0,1,0,0,0,0,0
6411,4392,5.0,Online,13,3,GB,mobile,217.8,1,0,0,0,0,0
6429,3694,5.0,Food Delivery,8,3,CA,mobile,96.6,1,0,0,0,0,1
6435,3443,5.41,Travel,15,1,DE,mobile,69.4,1,0,0,0,0,1
6472,1530,5.0,Online,14,4,CA,mobile,220.8,2,0,0,0,0,0
6480,2288,5.0,Food Delivery,18,3,FR,mobile,192.4,0,0,0,0,0,1
6518,3261,5.0,Food Delivery,8,3,DE,mobile,643.9,1,0,0,0,0,0
6527,1057,5.0,Online,2,6,US,desktop,172.3,0,0,1,1,0,0
6543,2250,5.0,Travel,5,5,US,desktop,107.7,2,0,1,1,0,0
6551,3220,10.2,Online,10,3,CA,mobile,41.3,0,0,0,0,0,0
6552,4279,5.2,Food Delivery,8,4,GB,mobile,48.5,1,0,0,0,0,1
6599,1529,5.0,Food Delivery,13,1,CA,mobile,327.8,2,0,0,0,0,0
6639,4166,5.0,Entertainment,15,0,US,desktop,69.6,4,0,0,0,0,0
6690,3011,5.0,Travel,4,6,US,desktop,550.5,1,0,1,1,0,0
6716,2922,5.0,Online,2,6,US,desktop,80.4,1,0,1,1,0,0
6717,3256,5.0,Retail,2,0,US,tablet,14.6,1,0,0,1,1,0
6743,3111,5.0,Travel,6,3,BR,mobile,731.0,1,0,0,0,0,0
6750,3028,5.0,Online,23,5,US,desktop,62.3,0,0,1,1,0,0
6783,2588,5.0,Online,16,0,CA,tablet,85.4,2,0,0,0,0,1
6835,1256,5.0,Grocery,5,5,AU,desktop,519.6,0,0,1,1,1,1
6855,4489,5.0,Entertainment,19,3,AU,mobile,646.5,2,0,0,0,0,0
6874,2315,5.0,Food Delivery,18,3,GB,mobile,97.0,0,0,0,0,0,0
6944,2788,5.0,Food Delivery,14,2,GB,tablet,152.4,1,0,0,0,0,0
6970,3799,8.03,Entertainment,5,6,US,desktop,126.4,0,0,1,1,0,0
6982,3353,5.0,Entertainment,0,5,US,desktop,501.4,0,0,1,1,0,0
7022,4836,5.0,Travel,10,1,CA,mobile,112.9,0,0,0,0,0,0
7048,2523,5.0,Entertainment,22,1,JP,mobile,67.5,2,0,0,0,0,0
7054,1434,5.0,Food Delivery,17,3,FR,mobile,139.7,0,0,0,0,0,1
7056,1614,5.0,Entertainment,9,0,US,desktop,158.5,4,0,0,0,0,0
7057,2513,5.0,Travel,6,3,DE,mobile,80.5,2,0,0,0,0,1
7060,2937,5.0,Food Delivery,10,2,AU,mobile,40.3,2,0,0,0,0,0
7082,4555,5.0,Food Delivery,17,3,US,desktop,260.8,3,0,0,0,0,0
7085,3161,5.0,Travel,16,1,FR,mobile,248.6,1,0,0,0,0,0
7099,1977,5.0,Grocery,16,3,DE,desktop,49.9,3,0,0,0,1,0
7122,3844,5.0,Entertainment,5,6,US,desktop,70.4,2,0,1,1,0,1
7145,1932,5.0,Retail,1,6,GB,desktop,50.7,0,0,1,1,1,0
7158,3981,5.0,Online,13,4,AU,mobile,280.4,0,0,0,0,0,1
7200,2753,5.0,Food Delivery,21,4,GB,tablet,437.9,0,0,0,0,0,0
7205,1016,5.0,Entertainment,19,1,US,desktop,89.0,3,0,0,0,0,0
7212,1016,10.15,Online,8,3,CA,mobile,1274.1,1,0,0,0,0,0
7219,2007,8.75,Food Delivery,8,3,FR,mobile,171.8,2,0,0,0,0,0
7290,1207,5.0,Online,9,1,BR,mobile,37.0,1,0,0,0,0,0
7298,1988,5.0,Food Delivery,16,3,NG,tablet,42.9,1,0,0,0,0,1
7309,4048,5.0,Entertainment,17,3,NG,mobile,451.6,1,0,0,0,0,1
7327,1984,5.0,Food Delivery,14,0,CA,mobile,98.9,1,0,0,0,0,0
7328,3717,5.0,Food Delivery,13,2,CA,mobile,395.6,1,0,0,0,0,0
7332,2679,5.0,Travel,8,2,AU,tablet,480.2,1,0,0,0,0,0
7343,4380,6.8,Entertainment,8,3,CA,mobile,75.3,1,0,0,0,0,0
7367,3910,5.0,Travel,13,2,US,desktop,102.5,3,0,0,0,0,1
7429,4554,5.0,Travel,14,2,FR,tablet,338.9,1,0,0,0,0,0
7455,3432,5.0,Online,21,3,CA,mobile,159.3,0,0,0,0,0,1
7466,3294,5.7,Travel,17,0,FR,tablet,543.5,0,0,0,0,0,0
7515,2129,7.65,Entertainment,1,6,US,desktop,294.5,1,0,1,1,0,1
7535,1890,5.0,Travel,10,4,GB,mobile,231.6,2,0,0,0,0,0
7555,3473,5.0,Online,15,0,CA,mobile,307.2,2,0,0,0,0,1
7627,1886,5.0,Travel,18,4,FR,mobile,217.6,1,0,0,0,0,0
7646,3153,5.0,Online,13,2,FR,mobile,67.3,2,0,0,0,0,1
7661,3455,5.0,Online,13,2,GB,tablet,85.6,1,0,0,0,0,0
7677,4042,5.0,Entertainment,17,4,JP,tablet,374.1,2,0,0,0,0,1
7680,2131,5.0,Food Delivery,16,4,FR,mobile,69.2,1,0,0,0,0,1
7696,3821,5.0,Travel,18,4,CA,mobile,336.2,2,0,0,0,0,1
7701,3115,5.0,Travel,8,1,AU,mobile,793.7,1,0,0,0,0,0
7713,2516,5.0,Online,18,1,JP,tablet,129.3,1,0,0,0,0,0
7728,2374,5.0,Travel,11,2,US,desktop,130.2,3,0,0,0,0,0
7734,3255,6.23,Entertainment,14,4,FR,mobile,446.1,1,0,0,0,0,0
7737,1661,5.0,Food Delivery,10,2,CA,tablet,65.6,0,0,0,0,0,0
7770,4897,5.0,Entertainment,9,0,AU,mobile,61.6,1,0,0,0,0,0
7796,2600,5.54,Online,6,0,CA,mobile,56.6,1,0,0,0,0,0
7819,3770,15.08,Travel,19,1,DE,mobile,137.1,1,0,0,0,0,0
7820,4279,5.0,Travel,13,2,CA,tablet,129.4,0,0,0,0,0,0
7832,2219,5.0,Food Delivery,9,3,NG,mobile,137.8,2,0,0,0,0,0
7845,1699,5.0,Entertainment,15,2,US,desktop,97.3,3,0,0,0,0,0
7871,1278,5.35,Travel,9,2,GB,mobile,170.0,2,0,0,0,0,0
7900,2181,5.0,Travel,17,4,CA,tablet,57.3,1,0,0,0,0,0
7907,4003,5.0,Travel,9,2,JP,mobile,60.9,0,0,0,0,0,1
7924,1518,5.0,Online,7,1,CA,mobile,182.9,2,0,0,0,0,0
7935,3655,5.0,Travel,16,4,CA,mobile,110.6,1,0,0,0,0,0
7966,3324,5.0,Entertainment,20,2,CA,tablet,463.7,1,0,0,0,0,0
7983,3170,5.0,Food Delivery,12,3,CA,mobile,146.0,1,0,0,0,0,1
8116,4813,5.0,Travel,5,5,US,desktop,507.1,2,0,1,1,0,0
8144,3588,5.0,Entertainment,7,3,AU,mobile,645.1,2,0,0,0,0,0
8167,1427,5.0,Entertainment,8,2,GB,mobile,384.4,1,0,0,0,0,0
8172,4692,5.0,Online,19,1,CA,mobile,126.9,0,0,0,0,0,1
8180,1712,5.0,Online,9,4,DE,mobile,52.6,0,0,0,0,0,0
8245,3382,5.0,Food Delivery,21,0,JP,mobile,617.2,1,0,0,0,0,0
8250,4986,5.0,Travel,20,0,CA,mobile,413.0,2,0,0,0,0,0
8251,3445,5.0,Travel,18,0,US,desktop,483.5,3,0,0,0,0,0
8297,4143,5.0,Grocery,19,5,US,mobile,309.0,3,0,1,0,1,0
8305,2319,5.0,Food Delivery,19,1,CA,mobile,104.1,1,0,0,0,0,1
8329,1654,5.0,Entertainment,9,4,CA,mobile,130.7,2,0,0,0,0,1
8341,4536,5.0,Food Delivery,19,4,FR,mobile,53.2,2,0,0,0,0,1
8353,2382,5.0,Online,8,2,DE,mobile,244.5,2,0,0,0,0,0
8390,2119,5.0,Food Delivery,15,3,GB,mobile,35.4,2,0,0,0,0,0
8400,1409,5.0,Entertainment,15,3,DE,mobile,149.0,1,0,0,0,0,0
8415,3722,5.0,Food Delivery,6,4,FR,mobile,32.1,0,0,0,0,0,1
8451,3265,6.29,Travel,6,0,GB,mobile,97.9,1,0,0,0,0,0
8528,4267,5.0,Online,6,0,NG,mobile,35.2,0,0,0,0,0,0
8529,4715,5.0,Travel,21,1,US,desktop,210.8,4,0,0,0,0,0
8597,4989,8.84,Online,15,2,GB,mobile,413.3,1,0,0,0,0,0
8644,3203,5.0,Travel,8,4,CA,tablet,40.6,2,0,0,0,0,0
8646,3474,5.0,Entertainment,10,1,GB,mobile,134.5,1,0,0,0,0,1
8647,3720,5.0,Entertainment,18,2,GB,mobile,112.7,2,0,0,0,0,0
8694,4064,5.0,Food Delivery,11,2,AU,tablet,819.3,0,0,0,0,0,0
8705,3780,5.0,Travel,12,4,CA,mobile,61.1,2,0,0,0,0,1
8785,2056,5.0,Travel,17,0,NG,mobile,257.6,0,0,0,0,0,1
8821,2969,5.0,Online,8,4,CA,mobile,409.2,1,0,0,0,0,0
8844,1721,5.0,Online,1,6,US,desktop,120.3,0,0,1,1,0,1
8853,3173,5.9,Retail,23,1,US,mobile,20.4,0,0,0,1,1,0
8873,4218,5.0,Entertainment,19,2,BR,mobile,116.3,0,0,0,0,0,1
8938,4967,5.0,Entertainment,16,1,JP,mobile,240.4,0,0,0,0,0,0
8941,1374,5.0,Food Delivery,14,0,AU,mobile,208.4,1,0,0,0,0,0
8999,1362,5.0,Travel,15,0,CA,mobile,41.2,1,0,0,0,0,0
9049,2642,5.0,Entertainment,16,2,CA,mobile,233.8,1,0,0,0,0,0
9067,4429,5.0,Online,7,1,US,desktop,295.7,3,0,0,0,0,1
9073,1081,5.0,Entertainment,17,0,DE,mobile,206.6,0,0,0,0,0,0
9078,1565,5.0,Food Delivery,6,2,GB,mobile,71.7,2,0,0,0,0,1
9088,2973,5.0,Food Delivery,10,4,CA,mobile,58.5,0,0,0,0,0,1
9095,1823,5.0,Entertainment,22,1,CA,tablet,200.5,1,0,0,0,0,1
9128,4254,5.07,Food Delivery,17,3,AU,mobile,79.2,2,0,0,0,0,0
9165,4784,5.0,Travel,8,4,NG,tablet,70.2,2,0,0,0,0,0
9190,1845,5.0,Online,20,0,AU,mobile,403.3,2,0,0,0,0,1
9219,1422,5.0,Entertainment,7,0,BR,mobile,420.2,2,0,0,0,0,1
9247,4686,5.0,Food Delivery,8,2,US,desktop,196.4,3,0,0,0,0,1
9326,2819,5.0,Travel,15,3,BR,tablet,402.7,2,0,0,0,0,1
9341,3740,5.0,Food Delivery,21,1,JP,tablet,56.9,2,0,0,0,0,0
9342,1630,5.0,Online,8,4,CA,mobile,83.4,1,0,0,0,0,1
9388,4418,5.0,Travel,15,3,AU,mobile,981.9,0,0,0,0,0,0
9417,2755,5.0,Food Delivery,19,4,BR,mobile,335.8,2,0,0,0,0,0
9468,1946,5.0,Travel,6,2,AU,mobile,189.6,0,0,0,0,0,1
9476,1198,8.85,Travel,20,4,NG,mobile,153.6,1,0,0,0,0,0
9507,1778,5.0,Online,18,1,GB,mobile,631.9,1,0,0,0,0,0
9590,2263,5.0,Food Delivery,9,2,NG,mobile,399.3,0,0,0,0,0,0
9645,2892,5.0,Travel,16,0,CA,mobile,157.1,0,0,0,0,0,0
9656,2655,5.0,Entertainment,14,0,FR,tablet,297.8,2,0,0,0,0,1
9670,2328,8.17,Online,20,3,DE,mobile,639.8,0,0,0,0,0,0
9694,1551,5.0,Entertainment,12,4,NG,mobile,337.1,0,0,0,0,0,0
9710,1346,5.0,Grocery,21,2,CA,desktop,218.1,3,0,0,0,1,0
9716,3520,5.0,Food Delivery,3,5,US,desktop,244.9,0,0,1,1,0,0
9730,3648,5.0,Grocery,0,3,US,tablet,18.5,1,0,0,1,1,1
9779,3562,11.64,Food Delivery,19,1,CA,tablet,154.1,0,0,0,0,0,0
9801,3848,5.0,Entertainment,15,2,AU,tablet,49.4,1,0,0,0,0,0
9816,1486,5.0,Food Delivery,9,0,US,desktop,144.7,3,0,0,0,0,0
9833,2493,5.0,Online,21,1,CA,mobile,87.1,1,0,0,0,0,0
9846,2103,5.0,Food Delivery,22,0,NG,mobile,34.8,1,0,0,0,0,0
9854,1864,5.0,Online,6,4,CA,mobile,211.8,1,0,0,0,0,0
9863,4456,5.0,Food Delivery,18,2,DE,mobile,179.0,1,0,0,0,0,0
9865,3647,5.0,Entertainment,6,1,GB,mobile,377.7,0,0,0,0,0,0
9873,4122,5.0,Food Delivery,16,1,CA,tablet,115.8,2,0,0,0,0,0
9907,4511,5.53,Online,20,0,DE,mobile,48.6,1,0,0,0,0,0
9915,3082,5.0,Online,1,5,US,desktop,157.8,0,0,1,1,0,0
9938,1124,7.73,Online,20,3,JP,tablet,492.2,0,0,0,0,0,0
10005,2045,5.0,Entertainment,17,1,CA,mobile,63.6,1,0,0,0,0,1
10054,2739,5.0,Online,23,6,US,desktop,75.8,1,0,1,1,0,0
10070,3459,5.0,Food Delivery,21,3,FR,tablet,361.5,1,0,0,0,0,1
10097,4867,10.01,Online,21,1,GB,mobile,117.4,2,0,0,0,0,1
10107,4085,5.0,Online,23,6,US,desktop,85.4,1,0,1,1,0,1
10109,3157,5.0,Online,17,1,US,desktop,58.3,3,0,0,0,0,0
10125,4626,5.0,Travel,18,1,AU,mobile,273.4,0,0,0,0,0,1
10145,1914,5.0,Travel,20,4,DE,tablet,60.1,2,0,0,0,0,1
10152,1893,5.0,Food Delivery,19,1,GB,tablet,61.3,1,0,0,0,0,0
10167,2439,5.0,Food Delivery,12,1,US,desktop,820.4,4,0,0,0,0,1
10179,4321,5.0,Entertainment,18,3,CA,mobile,34.9,0,0,0,0,0,0
10198,4311,5.0,Travel,20,4,DE,mobile,119.3,1,0,0,0,0,1
10234,3405,5.0,Travel,23,6,US,desktop,44.2,2,0,1,1,0,1
10246,2726,5.0,Travel,8,1,BR,mobile,71.9,2,0,0,0,0,0
10333,3005,21.85,Travel,14,4,CA,tablet,103.2,0,0,0,0,0,0
10340,2327,5.0,Online,21,4,GB,mobile,390.8,2,0,0,0,0,0
10402,2029,7.38,Entertainment,18,4,US,desktop,252.0,4,0,0,0,0,1
10420,1292,5.0,Travel,9,4,DE,mobile,41.0,2,0,0,0,0,1
10432,2794,5.31,Entertainment,11,4,GB,tablet,66.5,1,0,0,0,0,0
10441,2982,5.0,Food Delivery,9,1,CA,tablet,102.2,1,0,0,0,0,1
10513,4988,5.0,Travel,8,3,US,desktop,259.5,3,0,0,0,0,0
10561,4043,5.0,Food Delivery,16,2,US,desktop,43.2,3,0,0,0,0,1
10564,2210,5.0,Grocery,14,2,US,desktop,26.4,0,1,0,0,1,0
10584,2793,5.0,Food Delivery,1,6,US,desktop,96.3,2,0,1,1,0,0
10611,2438,5.0,Food Delivery,8,3,AU,mobile,128.2,2,0,0,0,0,0
10618,1735,5.0,Grocery,7,3,FR,desktop,93.6,4,0,0,0,1,0
10639,4055,5.0,Travel,22,0,US,desktop,39.8,5,0,0,0,0,1
10642,1345,5.0,Entertainment,7,4,FR,tablet,99.5,0,0,0,0,0,0
10667,2788,5.0,Online,9,4,AU,mobile,191.1,2,0,0,0,0,0
10678,4317,5.0,Food Delivery,18,3,GB,mobile,80.5,1,0,0,0,0,0
10763,4231,5.0,Travel,18,0,CA,tablet,54.9,0,0,0,0,0,0
10773,3647,5.0,Entertainment,18,2,US,desktop,187.6,4,0,0,0,0,1
10835,1509,5.0,Travel,13,1,BR,mobile,44.8,1,0,0,0,0,1
10847,1112,5.0,Food Delivery,20,4,CA,mobile,613.3,2,0,0,0,0,1
10864,2771,5.0,Entertainment,13,3,NG,tablet,37.0,0,0,0,0,0,0
10869,2469,5.0,Food Delivery,9,2,FR,mobile,126.9,1,0,0,0,0,0
10903,1156,5.0,Travel,21,1,JP,mobile,341.8,2,0,0,0,0,1
10915,1074,5.0,Food Delivery,5,5,US,desktop,279.9,1,0,1,1,0,1
10917,2732,5.0,Food Delivery,17,4,GB,mobile,377.1,2,0,0,0,0,0
10951,1227,5.0,Travel,12,2,DE,mobile,212.1,0,0,0,0,0,0
10971,2041,5.0,Online,11,1,US,desktop,304.1,5,0,0,0,0,0
11004,3027,5.0,Food Delivery,22,3,DE,mobile,67.7,2,0,0,0,0,0
11006,1450,5.0,Online,20,4,DE,mobile,126.0,0,0,0,0,0,0
11037,2770,11.88,Travel,8,0,GB,mobile,436.7,0,0,0,0,0,1
11044,1998,5.0,Travel,9,3,NG,mobile,291.7,0,0,0,0,0,0
11049,1209,5.0,Travel,17,3,AU,tablet,122.7,0,0,0,0,0,0
11067,4350,5.0,Online,17,4,NG,tablet,30.5,1,0,0,0,0,0
11092,2160,5.0,Online,16,1,US,desktop,119.5,4,0,0,0,0,0
11108,1704,5.0,Online,10,0,CA,mobile,110.2,0,0,0,0,0,1
11120,1597,5.0,Food Delivery,15,3,BR,mobile,253.3,2,0,0,0,0,1
11134,3649,5.0,Food Delivery,8,0,CA,mobile,77.2,0,0,0,0,0,1
11144,1075,5.0,Entertainment,8,1,GB,tablet,180.9,2,0,0,0,0,0
11159,3890,5.0,Travel,20,4,FR,mobile,42.2,2,0,0,0,0,0
11200,2899,5.0,Entertainment,17,1,AU,mobile,65.2,2,0,0,0,0,0
11245,3180,5.0,Online,23,6,US,desktop,175.5,1,0,1,1,0,0
11246,3566,5.0,Grocery,2,3,US,mobile,7.2,2,0,0,1,1,1
11260,2214,5.0,Online,17,1,GB,mobile,66.4,0,0,0,0,0,0
11309,2472,5.0,Food Delivery,5,5,US,desktop,492.7,0,0,1,1,0,0
11318,1533,5.0,Online,15,1,CA,mobile,151.7,1,0,0,0,0,0
11364,2492,5.0,Travel,20,2,AU,tablet,53.3,2,0,0,0,0,0
11381,2007,5.0,Travel,7,4,BR,mobile,283.6,2,0,0,0,0,0
11383,1341,5.0,Travel,8,2,GB,tablet,370.2,1,0,0,0,0,0
11398,4416,5.0,Entertainment,20,1,FR,mobile,175.6,1,0,0,0,0,1
11404,1388,5.0,Food Delivery,9,3,NG,mobile,159.7,0,0,0,0,0,0
11429,3562,5.0,Travel,14,4,DE,mobile,261.2,1,0,0,0,0,1
11435,1898,5.0,Travel,12,1,FR,mobile,192.2,0,0,0,0,0,0
11437,1518,5.0,Travel,0,5,US,desktop,35.7,1,0,1,1,0,0
11448,4555,6.13,Online,6,1,NG,mobile,442.8,0,0,0,0,0,0
11475,4852,5.0,Entertainment,12,4,JP,mobile,308.3,1,0,0,0,0,1
11500,4869,5.0,Travel,12,2,BR,tablet,109.2,1,0,0,0,0,1
11541,4261,5.0,Travel,22,2,GB,tablet,217.7,0,0,0,0,0,0
11559,4485,5.0,Online,15,1,AU,tablet,282.7,2,0,0,0,0,1
11565,1733,5.0,Online,23,5,US,desktop,98.7,2,0,1,1,0,0
11602,2655,5.0,Travel,6,1,CA,mobile,130.9,1,0,0,0,0,1
11604,3420,5.0,Entertainment,10,0,BR,mobile,93.7,0,0,0,0,0,0
11646,3883,5.0,Entertainment,10,1,DE,mobile,240.6,2,0,0,0,0,0
11653,2894,5.0,Travel,20,3,CA,mobile,75.9,2,0,0,0,0,0
11656,1992,5.0,Travel,6,1,CA,tablet,109.9,2,0,0,0,0,0
11668,3613,5.0,Food Delivery,12,1,BR,tablet,317.7,1,0,0,0,0,1
11673,4635,5.0,Online,22,4,BR,mobile,187.8,1,0,0,0,0,1
11716,3054,5.26,Food Delivery,15,4,GB,tablet,105.1,2,0,0,0,0,0
11746,1477,5.0,Travel,12,3,US,desktop,57.2,4,0,0,0,0,1
11752,2911,5.0,Entertainment,9,0,BR,mobile,34.0,2,0,0,0,0,1
11818,2168,5.0,Travel,3,6,US,desktop,420.8,2,0,1,1,0,0
11839,1969,5.0,Online,7,4,AU,mobile,74.4,2,0,0,0,0,1
11860,1183,5.0,Online,17,4,US,desktop,517.5,4,0,0,0,0,0
11873,1082,5.0,Online,23,5,US,desktop,47.9,0,0,1,1,0,0
11874,1959,5.0,Entertainment,22,0,US,desktop,80.3,7,0,0,0,0,0
11930,3777,5.0,Travel,15,3,CA,tablet,520.1,1,0,0,0,0,0
11931,1894,5.0,Food Delivery,14,1,US,desktop,90.3,3,0,0,0,0,0
12011,1576,5.0,Online,20,4,FR,mobile,98.4,2,0,0,0,0,1
12018,4131,5.0,Travel,6,4,CA,mobile,54.8,0,0,0,0,0,1
12035,2781,5.0,Food Delivery,20,2,CA,mobile,182.6,0,0,0,0,0,1
12039,3814,5.0,Health,16,5,US,mobile,162.1,3,0,1,0,1,0
12043,3067,5.0,Travel,12,1,GB,mobile,490.5,0,0,0,0,0,0
12089,4129,5.0,Online,21,1,BR,tablet,94.0,1,0,0,0,0,0
12105,1218,5.0,Entertainment,16,1,CA,mobile,127.6,1,0,0,0,0,0
12118,4232,5.0,Travel,10,2,CA,tablet,177.6,2,0,0,0,0,0
12136,1904,5.0,Food Delivery,17,3,DE,tablet,462.8,2,0,0,0,0,1
12147,1111,5.0,Travel,6,4,US,desktop,302.5,3,0,0,0,0,1
12227,1806,9.21,Retail,1,3,US,mobile,4.1,1,0,0,1,1,1
12241,1919,5.0,Online,10,3,BR,mobile,138.1,2,0,0,0,0,1
12264,3564,5.0,Travel,9,0,DE,mobile,263.9,0,0,0,0,0,0
12283,4013,5.0,Travel,10,3,BR,tablet,322.5,2,0,0,0,0,1
12294,4093,5.0,Entertainment,22,0,CA,mobile,253.1,2,0,0,0,0,1
12322,3757,5.0,Travel,16,3,CA,mobile,137.0,2,0,0,0,0,0
12333,3556,5.0,Travel,22,0,GB,mobile,134.1,0,0,0,0,0,1
12377,3831,5.0,Food Delivery,0,6,US,desktop,37.9,1,0,1,1,0,1
12379,4126,5.6,Food Delivery,21,4,DE,tablet,371.8,1,0,0,0,0,0
12383,1862,5.0,Travel,6,0,BR,mobile,39.9,1,0,0,0,0,0
12459,2877,5.0,Online,15,1,FR,tablet,57.3,0,0,0,0,0,1
12482,3560,5.0,Travel,22,3,DE,mobile,155.7,0,0,0,0,0,0
12492,1364,5.0,Travel,2,5,US,desktop,430.0,2,0,1,1,0,0
12503,1736,5.0,Travel,9,3,US,desktop,188.7,4,0,0,0,0,0
12546,3374,5.0,Travel,16,2,NG,mobile,396.1,1,0,0,0,0,1
12582,3878,5.0,Online,17,2,FR,tablet,41.2,1,0,0,0,0,0
12604,2998,5.0,Food Delivery,10,1,DE,tablet,320.1,2,0,0,0,0,1
12630,3767,5.0,Online,6,4,US,desktop,186.6,4,0,0,0,0,0
12632,3023,5.0,Travel,20,3,CA,mobile,65.3,1,0,0,0,0,0
12653,4399,5.0,Entertainment,13,0,CA,mobile,367.2,2,0,0,0,0,0
12679,3335,5.0,Travel,7,2,US,desktop,237.9,4,0,0,0,0,0
12686,4523,5.0,Travel,15,2,FR,tablet,67.2,2,0,0,0,0,0
12688,2807,5.0,Food Delivery,22,1,DE,mobile,31.3,0,0,0,0,0,0
12695,2679,5.0,Online,9,2,CA,mobile,352.7,1,0,0,0,0,0
12703,3488,5.0,Online,11,1,US,desktop,208.6,4,0,0,0,0,0
12714,2312,5.0,Food Delivery,17,0,US,desktop,145.8,3,0,0,0,0,0
12735,1938,5.0,Travel,6,2,CA,tablet,292.1,0,0,0,0,0,0
12752,1817,6.32,Travel,14,2,DE,mobile,267.7,2,0,0,0,0,1
12811,1471,11.11,Travel,13,1,CA,tablet,69.2,1,0,0,0,0,1
12812,3896,5.0,Entertainment,11,4,AU,mobile,86.6,1,0,0,0,0,1
12822,1072,5.0,Food Delivery,6,0,GB,tablet,261.1,1,0,0,0,0,1
12844,3111,5.0,Online,18,1,NG,mobile,321.2,2,0,0,0,0,0
12859,4709,5.0,Online,20,0,FR,mobile,68.9,1,0,0,0,0,0
12888,4251,5.0,Entertainment,3,5,US,desktop,148.2,1,0,1,1,0,1
12934,1998,5.0,Online,16,2,US,desktop,186.3,3,0,0,0,0,0
12965,4964,5.0,Food Delivery,21,2,GB,mobile,223.3,1,0,0,0,0,1
13020,3301,5.0,Travel,13,4,CA,tablet,205.7,1,0,0,0,0,0
13035,4622,5.0,Online,19,2,CA,tablet,349.7,2,0,0,0,0,0
13043,1965,5.0,Food Delivery,20,1,FR,mobile,51.0,1,0,0,0,0,0
13044,2794,5.0,Travel,8,1,CA,mobile,349.4,1,0,0,0,0,1
13055,2084,5.22,Travel,7,1,GB,mobile,244.0,0,0,0,0,0,0
13060,1334,5.0,Online,18,0,BR,mobile,54.6,1,0,0,0,0,1
13075,4783,5.0,Travel,12,4,JP,mobile,252.0,2,0,0,0,0,0
13079,4705,5.0,Grocery,12,4,DE,desktop,656.4,3,0,0,0,1,0
13086,4691,5.0,Travel,20,1,CA,mobile,99.8,2,0,0,0,0,0
13094,1142,5.0,Food Delivery,18,1,CA,mobile,44.7,0,0,0,0,0,0
13105,1337,5.0,Online,7,4,DE,mobile,307.9,2,0,0,0,0,1
13106,4359,5.0,Online,19,3,DE,mobile,398.3,0,0,0,0,0,0
13223,2647,5.0,Travel,13,3,CA,mobile,356.8,2,0,0,0,0,1
13324,4534,5.0,Entertainment,16,3,AU,mobile,183.6,0,0,0,0,0,1
13392,2117,5.0,Travel,0,5,US,desktop,60.4,0,0,1,1,0,1
13424,4425,5.0,Travel,9,3,DE,mobile,45.8,1,0,0,0,0,1
13434,3959,5.0,Food Delivery,22,2,CA,tablet,140.0,1,0,0,0,0,0
13457,1574,5.0,Food Delivery,6,2,GB,mobile,294.7,0,0,0,0,0,0
13468,4184,5.0,Online,11,0,DE,mobile,67.9,1,0,0,0,0,0
13476,3387,5.0,Food Delivery,22,4,NG,mobile,814.4,1,0,0,0,0,0
13478,4170,5.0,Travel,17,2,GB,mobile,119.4,1,0,0,0,0,1
13495,1349,5.0,Travel,22,1,GB,mobile,171.8,2,0,0,0,0,1
13540,2567,5.0,Online,17,1,US,desktop,288.3,3,0,0,0,0,0
13604,3655,5.0,Travel,18,1,CA,mobile,171.5,2,0,0,0,0,0
13630,3007,5.0,Online,20,3,AU,mobile,280.0,1,0,0,0,0,0
13660,3978,5.0,Food Delivery,11,3,GB,tablet,155.9,2,0,0,0,0,0
13690,3404,5.0,Food Delivery,18,4,CA,mobile,344.9,0,0,0,0,0,1
13701,2387,5.0,Travel,12,2,BR,mobile,234.2,1,0,0,0,0,0
13726,1340,5.0,Online,3,5,US,desktop,94.4,2,0,1,1,0,0
13733,2134,5.0,Entertainment,13,2,US,desktop,334.3,3,0,0,0,0,0
13769,3911,5.0,Travel,1,6,US,desktop,379.3,2,0,1,1,0,0
13786,1255,5.0,Online,20,4,US,desktop,270.4,4,0,0,0,0,0
13796,1055,5.0,Food Delivery,17,1,AU,mobile,43.7,0,0,0,0,0,1
13810,2910,5.0,Travel,19,1,GB,mobile,122.4,1,0,0,0,0,1
13822,3988,5.0,Online,22,4,AU,mobile,811.3,2,0,0,0,0,1
13843,1658,5.0,Entertainment,11,4,GB,tablet,57.1,2,0,0,0,0,0
13844,4164,10.27,Entertainment,18,4,DE,mobile,460.2,2,0,0,0,0,1
13962,4875,12.17,Travel,1,6,US,desktop,105.6,2,0,1,1,0,1
13991,1611,5.0,Travel,16,3,CA,tablet,103.4,1,0,0,0,0,0
14022,1294,5.06,Entertainment,18,4,JP,mobile,231.7,0,0,0,0,0,0
14023,4672,5.0,Online,1,6,US,desktop,279.9,2,0,1,1,0,1
14032,4870,5.0,Online,12,1,JP,mobile,239.1,0,0,0,0,0,0
14053,2084,5.0,Travel,16,3,FR,tablet,96.9,0,0,0,0,0,0
14071,3001,5.0,Travel,10,0,JP,mobile,201.1,2,0,0,0,0,0
14082,3640,5.0,Online,18,1,US,desktop,537.2,3,0,0,0,0,0
14087,2827,5.0,Online,8,2,CA,tablet,195.2,1,0,0,0,0,0
14089,1395,5.0,Entertainment,11,1,CA,mobile,279.8,0,0,0,0,0,1
14132,4240,5.0,Online,15,1,FR,mobile,233.7,2,0,0,0,0,1
14134,3878,5.0,Food Delivery,15,0,BR,mobile,125.5,1,0,0,0,0,1
14136,4789,5.0,Travel,21,4,GB,mobile,182.4,1,0,0,0,0,0
14138,2708,5.0,Online,6,2,AU,tablet,226.3,0,0,0,0,0,0
14139,1060,5.92,Travel,18,3,US,desktop,264.3,7,0,0,0,0,0
14177,1466,5.94,Travel,0,5,US,desktop,84.6,0,0,1,1,0,0
14180,2312,5.0,Travel,14,1,NG,mobile,225.1,2,0,0,0,0,0
14199,4131,5.0,Food Delivery,19,3,US,desktop,111.3,3,0,0,0,0,1
14203,4231,5.0,Travel,13,0,DE,tablet,81.2,0,0,0,0,0,0
14211,2435,5.0,Online,0,5,US,desktop,76.0,1,0,1,1,0,0
14214,3565,5.0,Food Delivery,22,4,CA,mobile,90.1,0,0,0,0,0,0
14251,4899,5.0,Online,4,6,US,desktop,410.3,1,0,1,1,0,0
14252,4991,5.0,Online,23,6,US,desktop,330.0,1,0,1,1,0,0
14256,2835,5.0,Travel,8,1,GB,mobile,102.4,2,0,0,0,0,0
14295,2399,5.0,Entertainment,20,1,FR,mobile,92.2,1,0,0,0,0,0
14336,1787,5.0,Food Delivery,3,6,US,desktop,477.1,1,0,1,1,0,0
14355,4527,5.0,Travel,19,4,DE,mobile,411.1,0,0,0,0,0,1
14369,1909,5.0,Online,23,5,US,desktop,202.2,0,0,1,1,0,1
14377,2210,5.0,Online,5,6,US,desktop,49.0,2,0,1,1,0,1
14451,3822,5.0,Online,4,5,US,desktop,515.3,1,0,1,1,0,1
14453,3935,5.0,Entertainment,13,1,CA,mobile,219.2,2,0,0,0,0,0
14544,4673,5.0,Food Delivery,17,3,GB,mobile,608.6,2,0,0,0,0,0
14545,2380,5.0,Online,22,2,AU,tablet,247.1,1,0,0,0,0,1
14565,3894,5.0,Grocery,3,5,FR,desktop,68.1,0,0,1,1,1,0
14566,1633,5.0,Travel,20,2,US,desktop,352.9,4,0,0,0,0,0
14591,3510,6.76,Online,15,4,DE,tablet,100.4,1,0,0,0,0,0
14599,2596,5.0,Food Delivery,7,0,AU,tablet,186.8,2,0,0,0,0,1
14619,1682,5.0,Food Delivery,16,2,AU,mobile,91.0,2,0,0,0,0,1
14637,1093,5.0,Travel,9,4,NG,mobile,56.8,0,0,0,0,0,0
14642,1189,5.0,Food Delivery,7,2,JP,mobile,140.4,1,0,0,0,0,1
14647,4870,5.0,Entertainment,14,2,CA,mobile,272.5,2,0,0,0,0,0
14649,4270,5.0,Food Delivery,20,0,NG,mobile,145.9,0,0,0,0,0,0
14692,3147,5.0,Travel,7,4,CA,mobile,62.2,1,0,0,0,0,1
14694,2359,5.0,Grocery,13,3,AU,desktop,100.4,3,0,0,0,1,0
14699,2277,9.71,Online,14,2,CA,mobile,75.1,2,0,0,0,0,0
14702,1147,5.0,Online,20,2,CA,mobile,37.3,1,0,0,0,0,0
14719,2331,5.0,Travel,14,0,DE,tablet,87.0,2,0,0,0,0,0
14724,4080,5.0,Entertainment,22,3,DE,mobile,754.6,1,0,0,0,0,0
14730,1736,5.0,Online,10,0,CA,mobile,153.0,1,0,0,0,0,0
14734,1677,5.0,Travel,13,0,CA,mobile,152.4,1,0,0,0,0,1
14742,2192,5.0,Food Delivery,15,4,GB,mobile,166.7,2,0,0,0,0,0
14751,3637,5.0,Entertainment,18,2,JP,mobile,201.9,2,0,0,0,0,0
14779,2996,5.0,Food Delivery,12,2,AU,mobile,251.5,1,0,0,0,0,0
14885,4414,8.21,Entertainment,22,0,CA,mobile,760.9,1,0,0,0,0,0
14889,3868,8.66,Food Delivery,14,1,DE,mobile,498.6,1,0,0,0,0,1
14897,3384,5.0,Travel,8,0,DE,mobile,140.6,2,0,0,0,0,1
14930,4811,5.0,Travel,15,0,DE,mobile,116.4,2,0,0,0,0,0
14986,4048,5.0,Online,15,3,US,desktop,41.2,4,0,0,0,0,0
14997,3170,9.71,Online,19,3,NG,mobile,31.1,2,0,0,0,0,0
15011,3539,6.7,Travel,9,1,CA,tablet,106.6,1,0,0,0,0,0
15043,3164,5.0,Travel,18,2,AU,mobile,159.0,2,0,0,0,0,1
15064,1348,5.0,Travel,11,2,GB,tablet,43.4,2,0,0,0,0,1
15078,1517,5.0,Travel,9,0,AU,mobile,216.3,2,0,0,0,0,1
15126,1481,5.0,Food Delivery,1,5,US,desktop,41.9,0,0,1,1,0,1
15155,3620,5.0,Online,19,0,DE,mobile,185.4,1,0,0,0,0,0
15158,1072,5.0,Food Delivery,15,3,AU,mobile,32.8,0,0,0,0,0,0
15167,4600,5.0,Travel,10,0,US,desktop,72.3,3,0,0,0,0,1
15226,3671,5.0,Entertainment,15,3,GB,mobile,388.8,2,0,0,0,0,0
15231,4497,5.0,Food Delivery,6,0,GB,mobile,34.8,2,0,0,0,0,1
15288,3819,5.0,Travel,16,3,FR,tablet,570.0,0,0,0,0,0,0
15295,2372,5.0,Entertainment,6,3,AU,mobile,48.4,2,0,0,0,0,1
15321,4113,5.0,Online,9,4,FR,mobile,116.4,0,0,0,0,0,0
15337,2688,5.0,Grocery,1,5,FR,desktop,212.3,1,0,1,1,1,0
15362,4987,5.0,Entertainment,8,1,NG,mobile,79.5,0,0,0,0,0,0
15378,2496,5.0,Online,13,0,BR,mobile,88.7,1,0,0,0,0,0
15394,2271,5.0,Travel,22,3,GB,mobile,245.7,1,0,0,0,0,0
15451,4802,5.0,Food Delivery,21,4,CA,mobile,39.1,0,0,0,0,0,0
15459,2463,5.0,Entertainment,6,3,JP,mobile,260.5,0,0,0,0,0,0
15461,4131,5.0,Travel,14,3,US,desktop,206.0,4,0,0,0,0,0
15481,3175,5.76,Travel,17,0,CA,mobile,447.4,1,0,0,0,0,0
15506,4611,5.0,Food Delivery,5,6,US,desktop,294.2,0,0,1,1,0,0
15517,2159,5.0,Travel,19,3,AU,mobile,82.9,0,0,0,0,0,1
15545,4157,5.0,Online,9,0,GB,tablet,126.5,2,0,0,0,0,0
15596,4503,5.0,Entertainment,16,1,AU,mobile,260.8,2,0,0,0,0,0
15599,1376,5.0,Food Delivery,6,3,DE,mobile,74.6,1,0,0,0,0,0
15601,4869,5.0,Online,19,0,DE,mobile,408.9,2,0,0,0,0,1
15613,3084,5.0,Food Delivery,22,1,DE,mobile,194.8,1,0,0,0,0,0
15615,3765,5.0,Travel,18,3,US,desktop,289.5,4,0,0,0,0,1
15617,2175,5.0,Travel,10,1,DE,mobile,72.7,1,0,0,0,0,0
15619,4887,5.0,Food Delivery,8,2,DE,mobile,67.2,1,0,0,0,0,1
15626,3805,5.0,Travel,17,4,BR,mobile,304.2,0,0,0,0,0,1
15635,2380,5.0,Entertainment,12,1,DE,tablet,262.0,2,0,0,0,0,0
15705,1742,5.0,Travel,9,1,GB,mobile,136.0,1,0,0,0,0,1
15720,3964,5.0,Entertainment,11,3,DE,mobile,585.9,0,0,0,0,0,0
15724,1155,5.0,Travel,20,1,US,desktop,153.1,3,0,0,0,0,0
15755,1196,5.0,Travel,6,4,BR,mobile,411.3,0,0,0,0,0,0
15767,3948,9.63,Retail,0,4,US,mobile,18.2,1,0,0,1,1,0
15769,1347,5.0,Travel,20,2,AU,mobile,86.3,1,0,0,0,0,0
15783,2834,5.0,Travel,11,3,CA,mobile,47.9,0,0,0,0,0,1
15786,1412,5.0,Travel,18,0,CA,mobile,62.6,2,0,0,0,0,0
15806,4780,5.0,Online,18,4,DE,tablet,121.7,2,0,0,0,0,1
15826,2643,5.0,Food Delivery,12,4,GB,mobile,207.2,1,0,0,0,0,1
15834,4539,6.11,Travel,2,5,US,desktop,155.6,1,0,1,1,0,1
15858,1019,5.0,Food Delivery,11,2,GB,mobile,325.0,0,0,0,0,0,0
15879,1347,5.0,Online,10,4,GB,mobile,291.5,0,0,0,0,0,0
15880,3491,5.8,Food Delivery,19,4,CA,mobile,308.6,1,0,0,0,0,1
15885,1287,5.0,Online,1,6,US,desktop,115.6,2,0,1,1,0,0
15902,3621,5.0,Food Delivery,17,4,US,desktop,58.3,4,0,0,0,0,0
15950,4119,5.52,Travel,4,6,US,desktop,139.6,0,0,1,1,0,0
15955,3042,5.0,Food Delivery,21,3,CA,mobile,32.8,2,0,0,0,0,1
15981,1741,5.0,Online,6,2,FR,mobile,58.5,1,0,0,0,0,1
15995,2976,5.0,Online,17,1,AU,mobile,489.8,2,0,0,0,0,0
16013,2647,5.47,Food Delivery,6,4,FR,mobile,211.1,1,0,0,0,0,0
16048,2652,5.0,Travel,14,1,GB,mobile,31.0,0,0,0,0,0,1
16049,2757,5.0,Food Delivery,11,0,CA,mobile,128.0,2,0,0,0,0,0
16058,4848,5.0,Entertainment,12,3,NG,mobile,289.7,1,0,0,0,0,0
16070,1004,8.68,Food Delivery,2,6,US,desktop,376.1,1,0,1,1,0,1
16092,1837,5.0,Travel,11,1,GB,mobile,380.4,0,0,0,0,0,1
16105,4809,5.0,Health,10,5,US,tablet,185.0,3,0,1,0,1,1
16121,1391,5.0,Online,9,0,CA,mobile,69.9,0,0,0,0,0,0
16130,4757,5.0,Food Delivery,13,0,NG,mobile,275.4,0,0,0,0,0,1
16150,4938,5.0,Entertainment,20,3,DE,mobile,68.8,1,0,0,0,0,1
16178,2850,5.0,Online,7,2,FR,mobile,150.4,0,0,0,0,0,1
16193,2779,5.0,Food Delivery,14,1,AU,mobile,514.1,1,0,0,0,0,1
16214,2039,5.0,Online,9,1,US,desktop,160.4,4,0,0,0,0,0
16234,3329,5.0,Entertainment,17,1,CA,mobile,202.6,2,0,0,0,0,0
16254,2677,5.0,Online,13,2,GB,mobile,31.3,1,0,0,0,0,1
16282,2130,5.0,Travel,10,0,AU,mobile,39.1,1,0,0,0,0,0
16298,4305,6.66,Online,19,1,GB,mobile,37.5,2,0,0,0,0,0
16322,2566,5.0,Health,11,4,US,desktop,1.8,1,1,0,0,1,0
16330,2525,5.0,Online,14,1,CA,mobile,153.1,0,0,0,0,0,0
16338,1809,5.0,Retail,18,6,US,mobile,944.8,4,0,1,0,1,0
16341,4341,5.0,Travel,10,4,FR,mobile,70.7,1,0,0,0,0,0
16408,3372,5.0,Online,13,0,FR,mobile,250.1,1,0,0,0,0,0
16462,1923,5.0,Travel,8,3,US,desktop,43.1,5,0,0,0,0,0
16463,3165,5.0,Travel,8,0,US,desktop,454.6,3,0,0,0,0,0
16510,3751,5.0,Food Delivery,6,4,AU,mobile,44.9,1,0,0,0,0,0
16514,4067,5.0,Entertainment,22,4,GB,mobile,49.4,1,0,0,0,0,1
16521,3018,5.0,Entertainment,15,2,CA,mobile,140.3,2,0,0,0,0,0
16540,2397,5.01,Online,16,4,CA,mobile,168.2,2,0,0,0,0,0
16623,2199,5.0,Online,21,2,FR,mobile,279.6,2,0,0,0,0,0
16645,4725,5.0,Food Delivery,9,4,JP,tablet,120.2,0,0,0,0,0,0
16650,4467,5.0,Food Delivery,1,5,US,desktop,102.1,2,0,1,1,0,0
16658,4205,5.0,Online,16,1,US,desktop,90.0,3,0,0,0,0,0
16671,2137,5.0,Travel,7,1,AU,mobile,221.9,2,0,0,0,0,0
16681,2914,5.0,Online,22,3,GB,mobile,110.7,2,0,0,0,0,1
16727,2714,5.21,Travel,17,4,FR,mobile,438.6,1,0,0,0,0,0
16738,2337,5.0,Travel,12,0,CA,mobile,221.5,1,0,0,0,0,1
16756,4345,5.0,Online,16,4,GB,mobile,741.0,2,0,0,0,0,1
16862,1031,5.0,Food Delivery,8,4,BR,mobile,167.8,0,0,0,0,0,0
16874,2681,5.0,Entertainment,9,0,FR,mobile,110.3,1,0,0,0,0,1
16893,1509,5.0,Travel,17,4,DE,mobile,302.2,2,0,0,0,0,0
16902,4767,5.12,Online,9,1,DE,mobile,388.3,2,0,0,0,0,1
16912,1315,5.0,Travel,14,2,AU,tablet,45.6,2,0,0,0,0,0
16974,4767,5.0,Food Delivery,8,2,DE,mobile,820.0,0,0,0,0,0,1
17011,2365,5.0,Travel,11,3,NG,mobile,89.9,1,0,0,0,0,0
17034,4714,5.0,Travel,7,1,BR,mobile,559.8,2,0,0,0,0,0
17036,1651,5.0,Food Delivery,7,1,GB,mobile,177.9,2,0,0,0,0,0
17060,2058,5.0,Food Delivery,18,2,CA,mobile,426.7,0,0,0,0,0,1
17064,1152,13.58,Travel,16,2,DE,mobile,94.1,2,0,0,0,0,0
17082,1730,7.77,Online,1,5,US,desktop,134.6,0,0,1,1,0,0
17088,4896,5.0,Online,12,0,GB,tablet,67.3,1,0,0,0,0,0
17126,4468,6.72,Entertainment,6,4,US,desktop,223.5,3,0,0,0,0,0
17143,3882,5.0,Entertainment,9,4,JP,mobile,141.1,2,0,0,0,0,1
17156,2040,5.0,Online,10,3,FR,mobile,191.6,2,0,0,0,0,0
17188,2826,5.0,Travel,23,5,US,desktop,114.4,1,0,1,1,0,0
17202,3145,5.86,Travel,13,4,FR,mobile,332.8,1,0,0,0,0,0
17229,3481,5.0,Retail,3,6,DE,desktop,129.7,2,0,1,1,1,0
17255,3482,5.0,Food Delivery,11,2,AU,mobile,171.1,0,0,0,0,0,0
17264,3067,5.0,Entertainment,10,1,US,desktop,85.2,3,0,0,0,0,0
17308,1478,5.0,Travel,11,0,CA,mobile,145.9,1,0,0,0,0,0
17322,2090,5.0,Entertainment,5,5,US,desktop,145.5,0,0,1,1,0,0
17323,2517,5.0,Online,6,2,JP,mobile,56.0,2,0,0,0,0,0
17388,1141,5.0,Online,6,2,CA,tablet,105.7,0,0,0,0,0,1
17398,1661,7.88,Food Delivery,22,0,US,desktop,766.8,3,0,0,0,0,0
17410,2911,5.0,Online,10,4,DE,tablet,486.5,1,0,0,0,0,0
17461,1441,5.51,Travel,15,4,JP,mobile,33.5,1,0,0,0,0,0
17466,2513,5.0,Online,8,4,CA,mobile,143.6,0,0,0,0,0,1
17480,3558,5.0,Entertainment,13,3,GB,tablet,364.6,1,0,0,0,0,1
17508,4316,5.0,Travel,22,2,GB,mobile,215.1,0,0,0,0,0,0
17512,1952,5.0,Online,20,4,GB,mobile,122.7,0,0,0,0,0,1
17551,1266,5.0,Food Delivery,9,0,CA,tablet,59.4,0,0,0,0,0,0
17571,1546,5.0,Online,19,2,AU,mobile,75.8,2,0,0,0,0,0
17587,3222,5.0,Retail,5,4,US,mobile,25.6,2,0,0,1,1,1
17603,4803,5.0,Travel,17,1,FR,mobile,50.6,2,0,0,0,0,0
17627,1022,5.68,Travel,1,6,US,desktop,261.2,0,0,1,1,0,0
17699,1702,7.3,Food Delivery,6,1,FR,mobile,114.4,2,0,0,0,0,0
17727,2605,6.14,Retail,21,5,US,tablet,86.3,3,0,1,0,1,0
17754,4518,5.0,Online,19,0,US,desktop,32.6,3,0,0,0,0,0
17760,2963,5.0,Travel,12,4,GB,tablet,201.9,0,0,0,0,0,0
17780,1144,5.0,Travel,4,6,US,desktop,587.2,0,0,1,1,0,1
17819,3815,5.0,Online,13,0,DE,mobile,504.7,1,0,0,0,0,0
17837,1786,5.0,Travel,20,1,CA,mobile,31.8,1,0,0,0,0,1
17851,3473,5.0,Online,6,4,GB,mobile,658.1,0,0,0,0,0,1
17902,2180,5.0,Online,18,1,CA,mobile,101.5,1,0,0,0,0,0
17905,2906,5.0,Entertainment,11,0,AU,tablet,120.8,1,0,0,0,0,0
17941,2901,5.0,Retail,9,6,US,mobile,118.8,3,0,1,0,1,1
17982,4528,17.63,Entertainment,17,4,GB,mobile,140.7,2,0,0,0,0,0
18001,3908,5.0,Travel,9,2,AU,mobile,405.4,1,0,0,0,0,0
18018,3784,5.0,Travel,12,4,BR,mobile,419.1,0,0,0,0,0,0
18034,3602,5.0,Food Delivery,12,1,NG,tablet,31.4,0,0,0,0,0,1
18056,4307,5.0,Food Delivery,21,3,CA,mobile,166.2,2,0,0,0,0,0
18068,4550,5.0,Online,14,3,AU,tablet,50.8,2,0,0,0,0,0
18074,4602,5.0,Food Delivery,10,3,GB,tablet,64.5,1,0,0,0,0,0
18078,2441,5.0,Entertainment,6,4,JP,mobile,122.8,1,0,0,0,0,0
18120,4339,5.0,Travel,12,4,US,desktop,79.9,4,0,0,0,0,1
18128,4151,5.0,Food Delivery,8,4,DE,tablet,183.4,0,0,0,0,0,0
18136,3384,5.0,Entertainment,14,1,CA,mobile,448.7,1,0,0,0,0,0
18188,1890,5.0,Travel,12,1,CA,mobile,125.3,1,0,0,0,0,0
18234,1621,5.0,Entertainment,1,6,US,desktop,176.2,1,0,1,1,0,0
18305,3759,5.0,Travel,18,1,JP,tablet,121.4,1,0,0,0,0,0
18358,4093,5.0,Online,20,3,JP,tablet,101.0,0,0,0,0,0,0
18411,4105,5.0,Retail,19,3,AU,desktop,267.2,3,0,0,0,1,0
18418,1982,5.0,Food Delivery,9,0,CA,mobile,131.2,2,0,0,0,0,0
18429,1448,5.0,Online,18,3,CA,mobile,478.4,2,0,0,0,0,0
18468,4637,5.0,Travel,14,4,US,desktop,112.3,5,0,0,0,0,0
18469,4063,5.0,Entertainment,18,1,CA,mobile,190.7,1,0,0,0,0,1
18476,3733,5.0,Food Delivery,17,0,CA,tablet,85.2,1,0,0,0,0,1
18521,2615,5.0,Online,21,2,CA,tablet,136.5,0,0,0,0,0,1
18552,1180,5.0,Travel,16,4,GB,mobile,280.4,0,0,0,0,0,0
18588,1329,5.0,Entertainment,13,0,CA,mobile,243.0,0,0,0,0,0,0
18602,4152,5.0,Online,13,4,CA,mobile,112.2,1,0,0,0,0,1
18609,2721,5.0,Travel,13,0,DE,mobile,336.7,1,0,0,0,0,0
18613,3181,5.0,Food Delivery,21,1,DE,mobile,138.9,0,0,0,0,0,0
18622,1907,5.0,Entertainment,20,2,CA,mobile,162.3,1,0,0,0,0,1
18640,1382,5.0,Travel,16,3,BR,mobile,117.2,1,0,0,0,0,1
18641,1506,6.1,Online,17,4,DE,mobile,296.7,1,0,0,0,0,0
18651,3986,5.0,Online,4,6,US,desktop,95.6,0,0,1,1,0,0
18652,3120,5.0,Online,15,1,BR,tablet,171.5,0,0,0,0,0,0
18692,3308,5.0,Online,7,1,CA,mobile,730.2,1,0,0,0,0,0
18697,4909,5.44,Travel,9,1,GB,tablet,691.0,1,0,0,0,0,1
18698,3793,5.0,Travel,12,4,CA,mobile,83.8,0,0,0,0,0,1
18699,3937,5.0,Online,12,2,DE,tablet,333.1,2,0,0,0,0,0
18703,2712,19.1,Online,13,4,CA,mobile,188.2,1,0,0,0,0,0
18733,2583,5.0,Food Delivery,13,2,FR,mobile,126.1,1,0,0,0,0,0
18744,1336,7.32,Food Delivery,9,3,GB,mobile,317.5,1,0,0,0,0,0
18796,4453,5.0,Grocery,10,5,US,mobile,160.2,5,0,1,0,1,0
18798,4136,5.0,Retail,12,5,US,mobile,59.3,3,0,1,0,1,0
18810,3838,6.6,Food Delivery,19,1,JP,mobile,129.9,1,0,0,0,0,1
18837,3555,5.0,Travel,14,0,FR,mobile,314.4,2,0,0,0,0,1
18885,3095,5.0,Entertainment,10,0,AU,mobile,53.7,1,0,0,0,0,0
18922,4508,5.0,Online,21,3,NG,mobile,43.9,2,0,0,0,0,0
18936,3483,5.0,Food Delivery,17,4,AU,tablet,164.9,1,0,0,0,0,0
18962,4864,5.0,Entertainment,8,4,FR,tablet,582.4,0,0,0,0,0,0
18998,4907,5.0,Entertainment,19,2,JP,mobile,101.2,0,0,0,0,0,0
18999,2656,5.0,Travel,19,0,DE,tablet,122.1,2,0,0,0,0,1
19008,1826,5.0,Online,10,0,GB,mobile,320.4,1,0,0,0,0,0
19024,2745,5.0,Entertainment,0,5,US,desktop,116.8,1,0,1,1,0,1
19074,4429,5.0,Travel,7,2,AU,tablet,437.7,1,0,0,0,0,0
19083,4491,5.0,Travel,14,0,CA,mobile,333.6,1,0,0,0,0,0
19108,1412,5.0,Food Delivery,8,3,GB,tablet,57.9,2,0,0,0,0,0
19136,4243,10.72,Food Delivery,18,1,US,desktop,189.3,3,0,0,0,0,0
19143,1090,5.0,Food Delivery,22,1,US,desktop,53.6,3,0,0,0,0,0
19152,3220,5.0,Travel,8,1,FR,mobile,34.9,0,0,0,0,0,1
19190,2973,5.0,Food Delivery,7,0,GB,mobile,68.6,0,0,0,0,0,0
19193,1917,5.0,Online,20,2,CA,tablet,71.5,2,0,0,0,0,0
19202,3117,10.62,Food Delivery,16,4,US,desktop,136.3,5,0,0,0,0,0
19211,3278,5.0,Online,6,0,AU,tablet,488.5,2,0,0,0,0,0
19212,4775,5.0,Online,18,3,NG,mobile,327.6,1,0,0,0,0,1
19217,3342,5.0,Online,20,4,GB,mobile,315.9,0,0,0,0,0,0
19231,1608,5.0,Health,8,6,US,mobile,218.6,3,0,1,0,1,1
19249,3992,5.0,Grocery,23,5,BR,desktop,574.5,1,0,1,1,1,0
19257,2078,5.0,Travel,16,3,DE,mobile,45.2,0,0,0,0,0,1
19290,4453,5.0,Food Delivery,12,3,BR,tablet,248.1,2,0,0,0,0,0
19335,4807,5.0,Online,15,2,FR,mobile,165.7,0,0,0,0,0,1
19339,4225,5.0,Food Delivery,12,0,GB,tablet,121.1,1,0,0,0,0,0
19367,4616,5.0,Food Delivery,16,4,CA,tablet,68.6,0,0,0,0,0,1
19379,1031,5.0,Food Delivery,19,4,FR,mobile,261.9,1,0,0,0,0,0
19386,3943,5.87,Entertainment,13,0,GB,mobile,193.9,2,0,0,0,0,0
19399,2258,5.0,Travel,12,4,FR,tablet,479.3,0,0,0,0,0,0
19407,1023,5.0,Food Delivery,22,3,DE,mobile,294.2,1,0,0,0,0,0
19434,2058,5.0,Entertainment,13,3,CA,mobile,61.7,1,0,0,0,0,0
19463,1736,5.0,Travel,7,3,FR,mobile,75.5,2,0,0,0,0,0
19494,3659,5.0,Travel,7,1,FR,mobile,87.2,0,0,0,0,0,0
19502,4826,5.0,Entertainment,10,0,US,desktop,135.2,4,0,0,0,0,0
19516,3098,5.37,Retail,10,6,US,mobile,340.0,3,0,1,0,1,1
19517,4438,5.0,Travel,6,4,GB,mobile,170.5,2,0,0,0,0,0
19528,2167,5.0,Entertainment,17,4,GB,mobile,376.9,0,0,0,0,0,1
19585,2159,5.0,Food Delivery,8,1,GB,mobile,87.4,0,0,0,0,0,0
19587,4393,5.0,Travel,10,0,GB,mobile,297.5,1,0,0,0,0,0
19600,2614,5.0,Travel,7,3,BR,mobile,140.9,1,0,0,0,0,0
19660,3060,6.7,Food Delivery,13,0,FR,mobile,116.7,2,0,0,0,0,0
19697,2548,5.0,Food Delivery,15,3,GB,mobile,43.0,1,0,0,0,0,0
19702,2016,11.64,Online,11,3,AU,mobile,137.4,0,0,0,0,0,0
19714,3636,5.0,Food Delivery,18,1,US,desktop,97.2,3,0,0,0,0,1
19765,4823,5.0,Travel,8,4,CA,mobile,554.2,0,0,0,0,0,0
19789,2373,5.0,Online,1,6,US,desktop,113.9,1,0,1,1,0,0
19844,3136,5.0,Travel,11,3,JP,tablet,73.2,1,0,0,0,0,1
19858,4176,5.0,Entertainment,11,0,CA,tablet,363.8,1,0,0,0,0,0
19882,4612,8.51,Online,14,3,JP,tablet,56.5,2,0,0,0,0,0
19913,1770,5.0,Travel,20,1,GB,tablet,699.9,2,0,0,0,0,0
19944,1376,5.0,Entertainment,7,1,JP,mobile,43.6,1,0,0,0,0,1
19968,3393,5.0,Online,16,1,FR,mobile,284.7,0,0,0,0,0,0
19984,2386,5.0,Travel,6,4,NG,tablet,558.9,1,0,0,0,0,1
785,2912,5.0,Travel,12,5,US,desktop,29.8,1,0,1,0,1,0
927,3165,5.0,Travel,20,6,US,desktop,15.1,2,0,1,0,1,0
5223,4684,5.0,Food Delivery,21,5,US,desktop,24.0,0,0,1,0,1,0
6141,2266,5.17,Travel,6,6,US,desktop,23.2,1,0,1,0,1,0
11748,1619,5.0,Food Delivery,6,6,US,desktop,17.7,0,0,1,0,1,0
17869,3508,6.33,Online,15,6,US,desktop,9.7,2,0,1,0,1,0
86,3801,5.0,Retail,15,4,US,mobile,27.6,2,1,0,0,0,0
121,2758,5.0,Grocery,14,1,US,mobile,8.2,0,1,0,0,0,1
133,1362,5.0,Grocery,7,0,GB,mobile,230.0,3,0,0,0,0,1
210,4115,5.0,Travel,4,4,US,desktop,221.9,0,0,0,1,1,0
314,2124,8.36,Retail,3,5,GB,mobile,252.7,1,0,1,1,0,0
447,2254,5.0,Utilities,0,6,CA,mobile,192.6,1,0,1,1,0,0
521,2431,5.0,Grocery,18,1,US,mobile,15.4,1,1,0,0,0,0
536,1614,5.0,Retail,22,1,GB,tablet,74.6,3,0,0,0,0,1
557,3944,5.0,Grocery,23,6,JP,mobile,47.7,2,0,1,1,0,0
598,4117,5.0,Grocery,22,6,CA,desktop,82.1,1,1,1,0,0,0
603,3956,5.0,Grocery,19,0,CA,mobile,37.9,4,0,0,0,0,0
651,2957,8.38,Retail,7,1,DE,mobile,218.5,3,0,0,0,0,1
683,4839,5.0,Grocery,20,0,GB,mobile,115.2,3,0,0,0,0,0
688,3374,5.0,Health,9,1,FR,mobile,185.1,3,0,0,0,0,0
693,4725,5.0,Retail,10,5,CA,desktop,50.2,0,1,1,0,0,1
740,4593,5.36,Grocery,5,5,AU,mobile,40.5,2,0,1,1,0,0
780,4402,5.0,Utilities,2,6,US,desktop,576.3,4,0,1,1,0,0
832,1963,5.0,Retail,13,2,GB,mobile,269.1,4,0,0,0,0,1
865,4384,25.98,Utilities,2,5,AU,mobile,147.1,0,0,1,1,0,1
879,3193,5.0,Retail,13,3,AU,mobile,266.4,3,0,0,0,0,1
1157,1480,5.0,Retail,5,6,GB,tablet,564.6,0,0,1,1,0,0
1349,3938,5.0,Retail,2,6,US,desktop,43.9,4,0,1,1,0,0
1367,2207,7.5,Utilities,12,4,FR,mobile,79.8,3,0,0,0,0,0
1435,2277,5.0,Grocery,2,5,AU,mobile,582.1,1,0,1,1,0,0
1471,4591,5.0,Grocery,10,6,FR,desktop,261.2,0,1,1,0,0,0
1499,2868,5.0,Health,11,3,AU,mobile,99.0,3,0,0,0,0,1
1540,3480,5.0,Grocery,10,0,CA,mobile,146.1,3,0,0,0,0,0
1567,4873,5.0,Health,12,3,FR,tablet,85.6,3,0,0,0,0,0
1580,3402,5.0,Health,8,3,CA,mobile,125.6,3,0,0,0,0,1
1764,3407,5.66,Grocery,23,6,BR,mobile,250.1,0,0,1,1,0,0
1778,1651,5.0,Retail,15,2,CA,tablet,148.1,3,0,0,0,0,0
1898,4498,5.0,Retail,17,2,CA,mobile,259.2,3,0,0,0,0,0
1904,1993,8.49,Utilities,23,6,US,desktop,439.6,3,0,1,1,0,0
1923,4301,5.0,Retail,5,6,DE,mobile,41.5,2,0,1,1,0,0
1935,1586,5.0,Grocery,19,2,GB,mobile,40.6,3,0,0,0,0,0
1943,4497,5.0,Retail,8,1,DE,mobile,815.6,3,0,0,0,0,0
1952,3432,5.0,Retail,20,1,FR,mobile,428.2,3,0,0,0,0,0
1971,4314,5.0,Health,17,2,US,tablet,18.8,2,1,0,0,0,0
2074,2369,5.0,Health,3,5,CA,mobile,59.3,2,0,1,1,0,0
2161,4236,5.0,Retail,19,2,CA,mobile,85.2,5,0,0,0,0,1
2185,3535,5.0,Health,1,5,AU,tablet,89.9,1,0,1,1,0,1
2186,2157,5.0,Grocery,5,6,DE,mobile,106.4,0,0,1,1,0,0
2201,2463,5.0,Grocery,23,5,US,desktop,229.5,3,0,1,1,0,1
2269,1472,5.25,Utilities,3,6,CA,mobile,294.2,2,0,1,1,0,0
2271,2281,5.0,Grocery,19,1,CA,mobile,263.0,3,0,0,0,0,0
2321,1395,5.0,Grocery,1,6,AU,mobile,359.5,2,0,1,1,0,1
2404,3203,5.0,Retail,8,5,AU,desktop,96.4,1,1,1,0,0,1
2550,1512,5.0,Retail,10,1,DE,tablet,90.9,3,0,0,0,0,0
2579,4877,5.0,Retail,8,1,JP,mobile,289.1,3,0,0,0,0,0
2630,1154,5.0,Grocery,3,5,US,desktop,244.0,3,0,1,1,0,1
2648,4146,5.0,Health,8,4,DE,mobile,190.0,3,0,0,0,0,1
2718,3760,5.0,Retail,16,5,BR,desktop,55.2,0,1,1,0,0,1
2740,2376,5.0,Grocery,4,6,FR,mobile,50.3,2,0,1,1,0,0
2770,4834,5.0,Retail,19,1,DE,mobile,136.9,4,0,0,0,0,0
2774,3823,5.0,Retail,4,5,AU,tablet,263.9,1,0,1,1,0,0
2841,2751,5.0,Grocery,4,5,CA,mobile,165.8,1,0,1,1,0,1
2892,3274,6.51,Online,0,2,US,desktop,451.3,0,0,0,1,1,1
2903,4452,16.64,Grocery,5,6,GB,mobile,82.3,1,0,1,1,0,0
2954,2746,7.87,Retail,5,5,CA,mobile,374.9,1,0,1,1,0,0
3003,4719,5.0,Retail,2,5,US,desktop,289.5,5,0,1,1,0,0
3028,3989,5.0,Retail,9,1,CA,mobile,132.9,6,0,0,0,0,1
3033,3252,5.69,Retail,2,5,CA,mobile,188.8,0,0,1,1,0,0
3038,1617,5.0,Grocery,11,2,US,mobile,25.6,0,1,0,0,0,0
3045,1756,5.0,Grocery,1,6,CA,mobile,78.3,0,0,1,1,0,0
3190,4336,5.0,Grocery,12,3,FR,mobile,200.3,3,0,0,0,0,0
3234,1017,5.0,Utilities,6,5,GB,desktop,30.0,2,1,1,0,0,0
3250,2580,5.0,Food Delivery,23,3,US,desktop,624.3,1,0,0,1,1,0
3333,1992,5.0,Health,19,6,AU,desktop,338.7,2,1,1,0,0,0
3375,3689,5.0,Health,8,1,JP,mobile,211.5,3,0,0,0,0,0
3394,1754,5.0,Grocery,3,5,US,desktop,123.1,4,0,1,1,0,0
3401,4256,6.94,Health,4,6,US,desktop,36.5,4,0,1,1,0,1
3445,4671,5.0,Retail,0,5,CA,tablet,388.9,1,0,1,1,0,0
3502,3561,5.0,Retail,19,1,CA,mobile,104.1,3,0,0,0,0,0
3533,1245,5.0,Grocery,19,4,CA,mobile,251.7,3,0,0,0,0,1
3570,1985,5.0,Retail,3,6,JP,mobile,313.1,1,0,1,1,0,0
3598,3217,5.0,Grocery,18,5,FR,desktop,496.1,2,1,1,0,0,0
3628,1948,5.0,Retail,5,5,AU,mobile,186.7,0,0,1,1,0,1
3630,4318,5.0,Entertainment,0,3,US,desktop,100.3,1,0,0,1,1,1
3649,4994,5.0,Retail,21,4,AU,mobile,215.8,4,0,0,0,0,0
3682,1128,11.48,Grocery,21,6,FR,desktop,215.6,1,1,1,0,0,0
3737,2516,7.62,Retail,1,6,AU,mobile,146.5,1,0,1,1,0,0
3756,2283,5.0,Health,7,6,DE,desktop,66.1,1,1,1,0,0,0
3950,1699,5.0,Retail,11,1,JP,mobile,73.9,4,0,0,0,0,0
3951,2507,5.0,Retail,4,5,CA,tablet,85.8,2,0,1,1,0,0
4028,2764,5.0,Utilities,20,4,NG,mobile,48.8,3,0,0,0,0,0
4035,2702,5.0,Grocery,1,5,BR,mobile,50.6,0,0,1,1,0,0
4083,4078,5.0,Grocery,21,2,CA,mobile,71.1,5,0,0,0,0,1
4151,2316,5.0,Retail,14,5,JP,desktop,180.7,1,1,1,0,0,0
4193,3964,5.0,Utilities,20,1,BR,mobile,196.0,4,0,0,0,0,1
4262,1808,5.0,Health,9,6,DE,desktop,44.6,2,1,1,0,0,1
4286,4067,5.0,Grocery,4,5,NG,mobile,137.2,0,0,1,1,0,0
4366,4352,5.0,Utilities,13,2,DE,tablet,57.1,3,0,0,0,0,0
4399,1279,5.0,Grocery,17,2,AU,mobile,104.7,3,0,0,0,0,0
4410,2293,5.0,Retail,19,2,CA,mobile,81.6,4,0,0,0,0,1
4590,2196,5.0,Grocery,21,2,BR,mobile,256.5,3,0,0,0,0,0
4665,2250,5.0,Grocery,20,1,DE,mobile,46.8,3,0,0,0,0,1
4777,2341,5.0,Utilities,19,1,US,mobile,18.2,2,1,0,0,0,0
4796,1757,5.0,Grocery,19,4,GB,tablet,447.9,3,0,0,0,0,0
4823,4634,5.0,Grocery,4,6,CA,mobile,198.5,0,0,1,1,0,1
4865,4517,5.0,Grocery,11,3,GB,tablet,339.0,3,0,0,0,0,0
4905,1756,6.64,Retail,11,5,JP,desktop,941.2,1,1,1,0,0,0
4918,2092,5.0,Utilities,18,2,DE,mobile,103.7,3,0,0,0,0,0
4989,4726,5.0,Grocery,9,5,DE,desktop,33.4,2,1,1,0,0,0
5138,3619,8.05,Grocery,4,5,DE,mobile,108.4,0,0,1,1,0,0
5178,2804,5.0,Grocery,15,6,DE,desktop,142.0,0,1,1,0,0,1
5243,4637,5.0,Grocery,19,1,US,mobile,15.7,0,1,0,0,0,0
5363,3331,5.0,Utilities,0,6,AU,mobile,268.6,0,0,1,1,0,0
5370,2141,5.0,Grocery,13,4,FR,mobile,177.2,3,0,0,0,0,1
5419,3233,7.24,Grocery,23,6,CA,mobile,86.5,0,0,1,1,0,1
5454,4138,5.0,Retail,17,0,DE,tablet,262.8,5,0,0,0,0,1
5461,4595,5.0,Grocery,0,6,AU,mobile,156.0,1,0,1,1,0,0
5464,2195,5.0,Online,2,0,US,desktop,104.7,2,0,0,1,1,1
5475,1228,5.0,Grocery,8,4,AU,mobile,236.9,3,0,0,0,0,0
5628,1159,5.0,Grocery,17,3,US,mobile,6.4,1,1,0,0,0,0
5649,4896,5.0,Grocery,12,1,DE,tablet,610.8,3,0,0,0,0,1
5752,1867,5.0,Retail,17,0,DE,mobile,152.0,3,0,0,0,0,0
5861,3057,5.0,Grocery,23,6,FR,mobile,313.4,1,0,1,1,0,1
5927,3972,5.0,Food Delivery,1,2,US,desktop,144.4,0,0,0,1,1,0
6044,3969,8.77,Grocery,7,2,US,tablet,27.3,0,1,0,0,0,0
6067,2530,5.0,Grocery,20,6,BR,desktop,50.8,1,1,1,0,0,1
6070,4941,5.0,Entertainment,5,2,US,desktop,199.5,2,0,0,1,1,1
6126,1977,5.0,Retail,2,6,US,desktop,248.7,3,0,1,1,0,0
6249,1249,5.0,Utilities,7,3,AU,mobile,172.5,4,0,0,0,0,0
6258,3755,13.46,Retail,3,5,DE,mobile,78.2,2,0,1,1,0,0
6259,3932,5.0,Utilities,12,0,NG,mobile,53.0,3,0,0,0,0,1
6276,1227,5.0,Retail,11,0,GB,mobile,37.7,3,0,0,0,0,1
6362,4748,5.0,Grocery,5,5,GB,mobile,39.6,2,0,1,1,0,0
6364,2029,5.0,Retail,3,5,GB,tablet,420.4,2,0,1,1,0,0
6371,4963,5.0,Retail,1,6,CA,mobile,313.5,1,0,1,1,0,0
6395,3315,5.0,Health,8,1,BR,tablet,31.0,4,0,0,0,0,0
6468,1399,5.0,Grocery,6,0,FR,tablet,43.1,3,0,0,0,0,1
6526,1287,5.0,Grocery,6,3,CA,mobile,58.9,4,0,0,0,0,1
6584,3881,5.0,Grocery,19,1,GB,mobile,960.7,3,0,0,0,0,1
6634,3949,5.0,Grocery,21,2,FR,tablet,40.7,3,0,0,0,0,1
6636,1407,5.0,Health,14,0,JP,mobile,211.8,3,0,0,0,0,0
6657,4549,5.0,Grocery,6,1,US,mobile,14.6,2,1,0,0,0,0
6698,4095,5.0,Health,10,1,CA,mobile,49.5,4,0,0,0,0,1
6832,1928,5.0,Retail,4,6,GB,mobile,399.2,0,0,1,1,0,0
6896,4026,5.0,Grocery,18,5,GB,desktop,233.6,0,1,1,0,0,0
6920,4167,7.04,Retail,3,5,US,desktop,58.0,4,0,1,1,0,0
6948,2638,5.0,Retail,23,6,CA,mobile,89.5,1,0,1,1,0,1
7051,4965,5.0,Online,23,0,US,desktop,366.1,2,0,0,1,1,0
7065,1104,5.0,Retail,6,2,GB,mobile,40.5,3,0,0,0,0,0
7073,3430,5.0,Health,3,6,BR,mobile,100.7,2,0,1,1,0,0
7095,4899,5.0,Food Delivery,2,4,US,desktop,78.5,2,0,0,1,1,1
7098,1457,5.0,Grocery,11,0,GB,tablet,194.5,3,0,0,0,0,1
7249,2611,5.39,Grocery,5,5,GB,mobile,82.0,2,0,1,1,0,0
7260,1759,5.0,Grocery,16,1,FR,tablet,42.5,3,0,0,0,0,0
7264,4860,5.0,Entertainment,0,4,US,desktop,270.9,1,0,0,1,1,1
7272,1247,5.0,Grocery,20,0,FR,tablet,57.1,3,0,0,0,0,0
7303,4771,5.0,Retail,4,5,US,desktop,66.1,4,0,1,1,0,1
7388,3170,5.0,Grocery,10,3,AU,mobile,45.2,3,0,0,0,0,0
7390,4007,5.0,Grocery,14,3,GB,tablet,81.3,6,0,0,0,0,1
7402,4533,5.0,Grocery,18,0,GB,mobile,99.7,3,0,0,0,0,0
7408,3737,5.0,Retail,4,6,US,desktop,38.2,3,0,1,1,0,1
7477,4835,5.0,Utilities,2,6,US,desktop,62.2,3,0,1,1,0,1
7529,4212,5.0,Grocery,7,1,FR,mobile,92.6,4,0,0,0,0,0
7620,4192,5.0,Retail,15,4,BR,mobile,309.7,3,0,0,0,0,0
7651,2470,5.0,Grocery,12,1,JP,tablet,296.0,4,0,0,0,0,1
7667,3263,5.0,Grocery,0,6,BR,tablet,79.2,0,0,1,1,0,1
7674,3742,5.0,Utilities,22,3,GB,tablet,48.9,3,0,0,0,0,0
7732,2296,5.0,Grocery,0,6,JP,mobile,94.4,1,0,1,1,0,1
7745,1653,5.0,Grocery,3,5,FR,tablet,191.9,1,0,1,1,0,1
7748,1479,5.0,Grocery,14,6,BR,desktop,207.1,0,1,1,0,0,0
7813,1387,5.35,Retail,22,3,CA,mobile,202.2,4,0,0,0,0,1
7833,2616,5.0,Retail,10,2,JP,mobile,57.3,3,0,0,0,0,0
7836,3179,5.0,Health,2,5,JP,tablet,30.7,1,0,1,1,0,0
7856,4314,5.0,Health,21,1,GB,tablet,330.2,3,0,0,0,0,0
7866,3040,11.74,Retail,5,6,AU,mobile,183.0,0,0,1,1,0,0
7944,1579,5.0,Travel,2,1,US,desktop,175.5,2,0,0,1,1,0
7949,3313,5.0,Retail,7,5,CA,desktop,198.6,1,1,1,0,0,1
7993,3674,5.0,Retail,23,5,US,desktop,42.6,3,0,1,1,0,1
8008,1963,5.0,Health,3,6,JP,mobile,180.1,0,0,1,1,0,0
8111,2266,5.0,Retail,18,1,DE,mobile,185.6,3,0,0,0,0,1
8161,1669,5.0,Grocery,0,6,US,desktop,160.2,3,0,1,1,0,0
8163,2339,5.0,Grocery,3,5,FR,mobile,139.3,0,0,1,1,0,1
8209,2254,5.0,Grocery,0,5,CA,mobile,74.0,1,0,1,1,0,0
8224,4310,5.0,Retail,17,5,DE,desktop,110.5,0,1,1,0,0,0
8261,3551,5.0,Retail,8,1,US,mobile,19.3,1,1,0,0,0,0
8267,1565,5.0,Grocery,8,4,US,mobile,23.5,1,1,0,0,0,0
8346,4982,5.0,Grocery,17,3,GB,mobile,496.6,3,0,0,0,0,1
8375,4659,5.0,Utilities,2,6,GB,tablet,171.2,1,0,1,1,0,0
8391,4967,5.0,Health,4,5,CA,tablet,280.7,1,0,1,1,0,1
8443,2229,5.0,Grocery,23,5,CA,mobile,31.2,1,0,1,1,0,1
8494,4417,5.0,Grocery,23,6,DE,tablet,79.2,0,0,1,1,0,0
8511,3703,5.96,Retail,16,5,DE,desktop,174.1,1,1,1,0,0,0
8527,3042,5.0,Retail,12,4,JP,mobile,85.4,3,0,0,0,0,0
8577,3315,5.0,Retail,11,3,DE,mobile,46.4,3,0,0,0,0,0
8596,3357,5.0,Grocery,2,5,CA,tablet,103.1,0,0,1,1,0,1
8692,4798,5.0,Grocery,21,0,AU,mobile,462.1,3,0,0,0,0,1
8809,4093,5.0,Health,14,0,GB,mobile,292.9,4,0,0,0,0,0
8838,1008,5.0,Retail,5,5,GB,mobile,358.5,1,0,1,1,0,0
8870,3303,5.0,Retail,3,5,GB,mobile,147.3,2,0,1,1,0,0
9053,1189,5.0,Grocery,14,1,FR,mobile,52.0,3,0,0,0,0,0
9070,3012,5.0,Retail,13,6,AU,desktop,296.5,2,1,1,0,0,0
9077,3808,6.93,Grocery,9,5,AU,desktop,31.2,2,1,1,0,0,1
9123,4989,5.0,Grocery,4,5,FR,mobile,142.7,2,0,1,1,0,0
9162,3711,5.0,Retail,6,2,AU,mobile,109.8,3,0,0,0,0,0
9184,2986,5.0,Health,1,5,AU,tablet,377.0,2,0,1,1,0,1
9214,4428,5.0,Grocery,1,5,CA,tablet,372.9,0,0,1,1,0,0
9365,2367,5.0,Retail,3,6,DE,tablet,368.5,0,0,1,1,0,0
9426,3447,5.0,Utilities,3,5,GB,tablet,109.3,1,0,1,1,0,0
9475,1745,5.0,Grocery,2,6,FR,mobile,579.3,0,0,1,1,0,0
9525,2924,5.0,Grocery,23,6,FR,mobile,81.0,2,0,1,1,0,0
9665,1162,7.87,Grocery,18,4,GB,tablet,870.6,3,0,0,0,0,0
9743,3119,5.0,Utilities,3,6,US,desktop,54.9,3,0,1,1,0,1
9781,2291,5.0,Retail,17,1,GB,mobile,354.2,3,0,0,0,0,0
9785,2890,5.0,Retail,0,6,FR,tablet,242.5,2,0,1,1,0,0
9786,2768,5.0,Utilities,1,5,GB,mobile,243.4,1,0,1,1,0,0
9872,1614,5.0,Grocery,11,3,CA,mobile,343.2,5,0,0,0,0,1
9877,4931,5.42,Grocery,0,5,DE,mobile,277.9,0,0,1,1,0,0
9920,3858,5.0,Grocery,15,0,CA,mobile,597.6,3,0,0,0,0,1
9933,1047,5.0,Utilities,15,4,JP,tablet,67.2,4,0,0,0,0,0
9951,2640,5.0,Retail,1,5,CA,mobile,181.0,1,0,1,1,0,1
9978,4677,5.0,Retail,4,6,JP,tablet,217.6,1,0,1,1,0,0
9983,2370,5.0,Travel,1,2,US,desktop,285.0,0,0,0,1,1,1
10124,1644,5.0,Retail,14,2,CA,mobile,186.0,3,0,0,0,0,0
10316,3358,5.0,Retail,23,5,CA,mobile,128.8,1,0,1,1,0,1
10318,2820,5.0,Online,3,2,US,desktop,174.2,1,0,0,1,1,0
10332,3933,5.0,Grocery,15,3,CA,mobile,260.9,3,0,0,0,0,1
10344,3502,8.23,Utilities,17,4,GB,tablet,30.5,3,0,0,0,0,0
10351,4565,5.0,Retail,12,5,CA,desktop,391.8,1,1,1,0,0,0
10367,1977,5.0,Retail,1,6,NG,tablet,98.0,2,0,1,1,0,1
10376,3121,5.0,Grocery,14,4,AU,mobile,94.2,3,0,0,0,0,0
10405,4336,16.5,Grocery,17,5,NG,desktop,35.3,0,1,1,0,0,0
10541,2895,12.49,Grocery,10,1,FR,mobile,221.5,3,0,0,0,0,0
10542,4825,5.0,Retail,13,2,BR,mobile,426.3,4,0,0,0,0,0
10571,4132,5.0,Health,3,6,JP,mobile,75.5,2,0,1,1,0,1
10600,1370,5.0,Grocery,15,4,BR,mobile,48.1,3,0,0,0,0,0
10605,4012,5.0,Grocery,9,3,CA,mobile,292.1,4,0,0,0,0,0
10634,1160,5.0,Online,5,4,US,desktop,403.2,2,0,0,1,1,0
10674,3780,5.0,Retail,2,5,FR,tablet,106.4,0,0,1,1,0,0
10715,2310,5.88,Grocery,21,2,US,mobile,7.8,1,1,0,0,0,1
10760,4316,5.0,Grocery,20,1,US,mobile,18.6,1,1,0,0,0,0
10791,3468,5.0,Retail,20,4,FR,tablet,240.2,4,0,0,0,0,1
10802,3727,5.0,Health,0,6,CA,mobile,102.5,2,0,1,1,0,0
11017,4486,5.0,Utilities,15,5,FR,desktop,90.4,1,1,1,0,0,1
11082,4847,5.0,Health,22,5,JP,desktop,47.8,1,1,1,0,0,1
11105,2322,5.0,Grocery,3,6,DE,mobile,302.2,2,0,1,1,0,0
11191,1968,5.0,Retail,11,1,US,mobile,18.5,1,1,0,0,0,1
11229,2750,5.0,Health,6,6,BR,desktop,125.6,0,1,1,0,0,0
11287,1209,6.3,Online,0,0,US,desktop,286.0,2,0,0,1,1,0
11329,1180,5.0,Retail,9,3,CA,tablet,193.1,4,0,0,0,0,1
11385,1965,5.0,Retail,1,6,CA,mobile,554.9,1,0,1,1,0,0
11430,1416,5.0,Retail,1,6,FR,mobile,511.6,1,0,1,1,0,0
11463,3374,5.0,Health,0,5,CA,mobile,211.2,1,0,1,1,0,0
11467,4065,5.0,Health,3,6,US,desktop,278.4,3,0,1,1,0,1
11497,2640,5.0,Retail,23,5,US,desktop,38.7,3,0,1,1,0,1
11510,1343,5.0,Grocery,1,6,FR,mobile,195.1,1,0,1,1,0,1
11528,4727,5.0,Retail,10,0,JP,tablet,225.9,4,0,0,0,0,0
11538,2406,5.0,Utilities,20,2,CA,mobile,220.5,5,0,0,0,0,0
11607,3943,5.0,Grocery,8,3,DE,mobile,49.3,4,0,0,0,0,0
11610,3035,7.29,Retail,4,6,CA,mobile,147.5,1,0,1,1,0,1
11632,4175,5.0,Travel,0,0,US,desktop,354.5,1,0,0,1,1,0
11645,2917,5.0,Retail,21,2,AU,mobile,377.2,3,0,0,0,0,1
11692,4556,5.0,Utilities,12,0,FR,tablet,87.6,3,0,0,0,0,0
11702,4979,5.0,Utilities,5,5,GB,mobile,73.4,1,0,1,1,0,1
11731,3318,5.97,Food Delivery,2,2,US,desktop,564.1,1,0,0,1,1,0
11762,2246,5.0,Retail,0,5,JP,tablet,54.2,1,0,1,1,0,1
11793,2192,5.0,Retail,17,4,GB,tablet,275.7,5,0,0,0,0,0
11795,1568,18.92,Grocery,18,2,NG,mobile,232.6,3,0,0,0,0,0
11968,2346,5.0,Retail,11,4,CA,tablet,95.8,3,0,0,0,0,0
12049,1513,5.0,Retail,0,5,CA,tablet,96.9,1,0,1,1,0,0
12093,4308,5.0,Utilities,18,3,BR,mobile,207.4,3,0,0,0,0,0
12108,1900,5.0,Utilities,11,4,CA,tablet,170.6,4,0,0,0,0,0
12115,3637,5.0,Utilities,19,3,DE,tablet,32.4,4,0,0,0,0,1
12139,3362,5.0,Retail,12,2,GB,mobile,57.3,4,0,0,0,0,1
12201,3142,5.0,Entertainment,5,1,US,desktop,95.2,2,0,0,1,1,1
12214,4919,5.0,Health,12,2,CA,mobile,338.7,3,0,0,0,0,1
12238,4452,5.0,Grocery,5,5,FR,mobile,157.3,2,0,1,1,0,0
12299,4266,5.0,Retail,11,0,NG,mobile,57.9,3,0,0,0,0,0
12305,1797,5.0,Utilities,15,4,JP,mobile,111.3,3,0,0,0,0,0
12308,2132,5.0,Utilities,19,1,AU,mobile,139.3,3,0,0,0,0,1
12334,3409,5.0,Utilities,14,3,DE,tablet,177.5,5,0,0,0,0,0
12355,3365,5.0,Retail,17,1,BR,mobile,336.7,3,0,0,0,0,0
12418,1125,5.0,Grocery,4,5,BR,mobile,262.4,2,0,1,1,0,1
12422,1129,5.0,Grocery,7,3,JP,mobile,270.8,3,0,0,0,0,0
12455,1620,5.0,Retail,20,1,FR,tablet,155.9,3,0,0,0,0,1
12469,2753,7.27,Grocery,4,6,US,desktop,140.4,4,0,1,1,0,1
12497,2417,5.0,Grocery,23,6,CA,mobile,106.2,1,0,1,1,0,0
12507,2255,5.0,Retail,9,6,CA,desktop,44.5,2,1,1,0,0,0
12628,1610,5.31,Entertainment,0,0,US,desktop,94.8,1,0,0,1,1,0
12660,1999,5.0,Grocery,11,4,CA,mobile,151.7,3,0,0,0,0,1
12674,2709,5.0,Grocery,4,6,CA,tablet,163.3,2,0,1,1,0,0
12687,2334,5.0,Retail,10,1,JP,mobile,80.0,3,0,0,0,0,0
12763,1550,5.0,Grocery,23,6,DE,mobile,178.1,1,0,1,1,0,0
12850,1320,5.0,Grocery,4,6,NG,mobile,136.4,0,0,1,1,0,0
12919,1366,5.0,Retail,22,1,US,mobile,17.0,0,1,0,0,0,0
12946,4967,5.0,Health,21,3,CA,mobile,290.5,4,0,0,0,0,0
12975,1055,5.0,Retail,4,5,FR,tablet,390.0,2,0,1,1,0,1
13040,2215,5.0,Grocery,12,2,GB,mobile,40.5,5,0,0,0,0,0
13180,3054,5.0,Grocery,23,6,AU,mobile,511.9,1,0,1,1,0,0
13251,1801,5.0,Health,23,6,US,desktop,625.2,4,0,1,1,0,0
13290,3512,7.16,Retail,1,6,FR,mobile,147.4,1,0,1,1,0,0
13326,1543,5.0,Food Delivery,1,3,US,desktop,226.4,1,0,0,1,1,1
13376,4543,5.0,Retail,5,5,DE,mobile,271.6,1,0,1,1,0,0
13378,3231,5.0,Grocery,8,2,BR,mobile,85.9,3,0,0,0,0,1
13387,4529,5.0,Retail,22,6,JP,desktop,187.4,0,1,1,0,0,1
13399,3288,5.0,Travel,2,1,US,desktop,105.3,1,0,0,1,1,0
13406,4916,5.0,Grocery,11,1,GB,mobile,116.3,3,0,0,0,0,0
13461,3661,5.0,Retail,18,2,US,mobile,10.1,0,1,0,0,0,0
13470,1393,5.0,Retail,3,6,GB,mobile,255.1,2,0,1,1,0,0
13581,2398,5.0,Retail,0,6,CA,mobile,213.4,2,0,1,1,0,0
13612,4091,6.34,Grocery,21,3,AU,tablet,45.2,3,0,0,0,0,0
13655,3584,5.73,Grocery,18,5,CA,desktop,509.3,1,1,1,0,0,1
13772,4828,5.0,Retail,1,5,JP,mobile,369.1,2,0,1,1,0,0
13781,2108,5.0,Retail,19,6,JP,desktop,239.7,2,1,1,0,0,1
13835,1185,5.0,Retail,0,5,CA,mobile,129.4,0,0,1,1,0,0
13931,4727,5.0,Grocery,13,6,CA,desktop,176.2,0,1,1,0,0,1
13933,1910,5.0,Grocery,19,2,CA,tablet,40.7,4,0,0,0,0,0
13953,3820,5.0,Health,18,3,CA,mobile,158.0,3,0,0,0,0,0
14030,1973,5.0,Retail,4,5,JP,tablet,55.0,0,0,1,1,0,1
14031,4290,5.0,Grocery,1,6,CA,mobile,58.6,1,0,1,1,0,1
14058,3448,30.83,Health,22,0,AU,mobile,138.5,3,0,0,0,0,0
14142,3661,5.0,Online,5,2,US,desktop,56.0,2,0,0,1,1,0
14154,1910,5.0,Retail,11,0,CA,mobile,205.7,3,0,0,0,0,0
14164,4355,5.0,Health,4,5,DE,mobile,104.0,2,0,1,1,0,0
14246,4822,5.0,Retail,15,5,GB,desktop,94.3,2,1,1,0,0,0
14319,1500,5.0,Grocery,6,4,GB,mobile,89.2,5,0,0,0,0,1
14391,2226,5.0,Retail,0,5,DE,tablet,37.7,2,0,1,1,0,0
14399,4133,5.0,Health,18,1,AU,mobile,78.3,4,0,0,0,0,1
14490,2861,5.59,Retail,5,6,US,desktop,590.8,3,0,1,1,0,0
14634,4477,5.0,Health,16,3,DE,mobile,233.0,4,0,0,0,0,0
14690,2256,5.0,Retail,8,3,CA,mobile,459.6,5,0,0,0,0,0
14781,4644,5.0,Grocery,3,5,US,desktop,302.9,4,0,1,1,0,0
14816,3302,5.0,Grocery,18,0,CA,mobile,172.5,3,0,0,0,0,1
14824,3949,5.0,Grocery,21,6,CA,desktop,30.3,0,1,1,0,0,0
14838,2845,5.0,Retail,10,0,FR,mobile,228.3,4,0,0,0,0,0
14940,3392,5.0,Health,14,0,AU,mobile,242.6,3,0,0,0,0,0
14949,2507,5.0,Retail,20,5,CA,desktop,259.7,1,1,1,0,0,1
14992,3975,5.0,Health,16,5,GB,desktop,95.4,1,1,1,0,0,0
15028,3793,5.0,Retail,13,5,NG,desktop,136.7,0,1,1,0,0,0
15098,1449,5.0,Grocery,7,6,FR,desktop,540.7,2,1,1,0,0,0
15131,4925,5.0,Retail,17,3,US,mobile,23.4,2,1,0,0,0,0
15190,3464,5.0,Grocery,23,5,US,desktop,246.2,3,0,1,1,0,0
15222,4073,5.0,Retail,0,6,FR,mobile,67.2,0,0,1,1,0,1
15236,3739,5.95,Retail,7,3,DE,mobile,288.4,6,0,0,0,0,0
15250,2669,5.0,Retail,7,3,GB,tablet,148.6,4,0,0,0,0,0
15309,2907,5.0,Health,8,0,CA,mobile,414.0,3,0,0,0,0,0
15324,4965,5.0,Grocery,6,2,DE,tablet,144.1,3,0,0,0,0,0
15351,1209,5.0,Retail,1,6,GB,mobile,67.4,1,0,1,1,0,1
15365,3252,5.0,Retail,17,0,US,tablet,19.7,0,1,0,0,0,1
15390,1989,5.0,Food Delivery,2,3,US,desktop,252.6,0,0,0,1,1,0
15449,4189,27.72,Retail,2,5,CA,mobile,491.1,1,0,1,1,0,0
15463,4411,5.0,Grocery,17,0,DE,tablet,321.9,3,0,0,0,0,0
15492,3331,5.0,Retail,12,3,GB,mobile,41.6,4,0,0,0,0,0
15634,3216,5.0,Health,15,0,CA,mobile,388.7,4,0,0,0,0,0
15650,4951,5.0,Utilities,18,6,GB,desktop,251.1,1,1,1,0,0,0
15671,2752,5.0,Retail,17,2,JP,tablet,129.6,3,0,0,0,0,1
15677,2349,5.0,Grocery,3,6,AU,mobile,377.4,1,0,1,1,0,0
15801,2432,5.0,Retail,3,6,AU,mobile,130.6,2,0,1,1,0,0
15886,3751,5.0,Grocery,4,5,DE,tablet,196.5,0,0,1,1,0,0
15888,3054,5.0,Retail,23,5,NG,mobile,1038.5,1,0,1,1,0,0
15896,2655,5.0,Retail,16,0,CA,tablet,109.2,3,0,0,0,0,0
15937,4255,5.0,Retail,1,5,AU,mobile,275.6,1,0,1,1,0,1
15949,1991,5.0,Grocery,3,6,FR,mobile,317.7,1,0,1,1,0,1
15969,3411,5.0,Retail,0,5,DE,mobile,37.6,0,0,1,1,0,0
15985,2068,5.0,Grocery,17,1,CA,mobile,600.9,3,0,0,0,0,1
16017,2617,5.0,Health,21,0,CA,mobile,156.9,4,0,0,0,0,0
16127,3516,5.0,Retail,22,1,US,mobile,1.0,1,1,0,0,0,1
16166,1307,5.0,Health,1,6,CA,mobile,503.7,0,0,1,1,0,0
16222,2183,5.0,Health,12,0,CA,mobile,338.2,3,0,0,0,0,1
16297,1552,5.0,Grocery,6,0,US,tablet,28.4,1,1,0,0,0,0
16328,1889,5.0,Retail,17,4,JP,tablet,348.5,4,0,0,0,0,0
16421,3836,5.0,Retail,2,5,BR,tablet,60.7,2,0,1,1,0,0
16425,4019,5.0,Utilities,2,5,FR,mobile,43.6,1,0,1,1,0,1
16479,4001,5.0,Health,1,5,CA,mobile,835.0,0,0,1,1,0,1
16493,2933,5.0,Grocery,12,6,BR,desktop,153.4,0,1,1,0,0,0
16518,4037,5.0,Grocery,10,2,JP,mobile,370.1,3,0,0,0,0,0
16542,2950,5.0,Grocery,4,6,AU,mobile,242.8,1,0,1,1,0,0
16785,2458,5.0,Grocery,22,1,CA,mobile,152.2,3,0,0,0,0,0
16820,3724,5.0,Retail,1,5,CA,mobile,223.7,2,0,1,1,0,0
16847,3614,5.0,Grocery,8,0,BR,mobile,195.0,3,0,0,0,0,1
16898,1441,5.0,Retail,20,4,CA,mobile,185.0,3,0,0,0,0,0
16943,1916,6.99,Retail,6,5,BR,desktop,192.4,1,1,1,0,0,1
16951,2551,9.35,Grocery,20,4,CA,mobile,85.2,3,0,0,0,0,1
16965,3298,5.0,Retail,8,0,DE,mobile,392.2,3,0,0,0,0,0
17005,4174,5.0,Utilities,3,5,GB,mobile,136.7,2,0,1,1,0,1
17031,1038,5.0,Retail,3,5,FR,mobile,108.1,0,0,1,1,0,1
17172,2447,5.0,Utilities,11,5,GB,desktop,142.1,1,1,1,0,0,1
17203,4047,8.83,Utilities,12,1,DE,mobile,153.7,3,0,0,0,0,1
17207,2437,5.0,Health,13,2,CA,mobile,46.7,3,0,0,0,0,0
17226,3571,5.0,Grocery,7,2,AU,mobile,136.9,4,0,0,0,0,0
17234,3284,5.0,Utilities,6,4,GB,mobile,399.7,4,0,0,0,0,0
17245,1518,5.0,Grocery,2,5,CA,mobile,111.8,2,0,1,1,0,0
17266,1020,5.0,Grocery,3,6,AU,mobile,53.2,1,0,1,1,0,0
17273,3596,5.0,Grocery,20,0,AU,tablet,128.2,3,0,0,0,0,0
17326,4968,5.0,Retail,7,1,JP,mobile,113.5,3,0,0,0,0,0
17350,1509,5.0,Grocery,20,3,AU,mobile,50.3,3,0,0,0,0,0
17365,3472,5.0,Utilities,7,0,CA,tablet,343.6,4,0,0,0,0,0
17387,3687,5.0,Travel,0,2,US,desktop,79.0,1,0,0,1,1,0
17427,1361,5.0,Retail,19,2,CA,tablet,458.8,3,0,0,0,0,0
17457,1438,5.0,Grocery,5,6,GB,mobile,640.3,1,0,1,1,0,0
17690,4115,5.0,Retail,17,5,NG,desktop,276.7,2,1,1,0,0,0
17729,1097,5.0,Grocery,14,5,CA,desktop,107.2,1,1,1,0,0,1
17743,1663,8.09,Grocery,3,5,FR,mobile,30.2,0,0,1,1,0,0
17771,4125,5.0,Grocery,23,5,FR,mobile,377.0,2,0,1,1,0,0
17841,2899,5.0,Retail,15,1,US,mobile,4.4,0,1,0,0,0,0
17930,2474,5.0,Health,2,5,US,desktop,93.0,3,0,1,1,0,0
17963,4424,5.0,Grocery,12,5,CA,desktop,49.0,1,1,1,0,0,0
18035,1361,17.62,Retail,23,6,GB,mobile,436.8,0,0,1,1,0,0
18045,3433,7.9,Health,21,3,JP,mobile,403.0,3,0,0,0,0,0
18077,4502,5.0,Utilities,14,4,GB,mobile,149.5,3,0,0,0,0,1
18087,3819,5.0,Retail,7,4,CA,tablet,41.7,3,0,0,0,0,0
18098,4969,7.68,Retail,2,5,CA,mobile,233.3,2,0,1,1,0,0
18122,4428,5.0,Retail,23,5,US,desktop,49.0,3,0,1,1,0,0
18144,2286,5.04,Retail,17,6,NG,desktop,233.3,2,1,1,0,0,0
18178,3106,5.0,Retail,13,3,US,mobile,5.8,2,1,0,0,0,1
18198,3226,5.0,Retail,15,1,DE,mobile,33.6,3,0,0,0,0,0
18253,3777,5.0,Utilities,3,5,CA,mobile,184.0,0,0,1,1,0,0
18263,1170,5.0,Grocery,17,6,GB,desktop,185.2,0,1,1,0,0,0
18307,1770,5.0,Grocery,4,6,US,desktop,262.6,3,0,1,1,0,1
18364,1399,5.0,Food Delivery,1,1,US,desktop,235.9,0,0,0,1,1,0
18407,2227,5.0,Grocery,5,5,US,desktop,764.0,3,0,1,1,0,1
18507,4594,5.0,Retail,20,0,JP,mobile,557.5,3,0,0,0,0,0
18539,2210,5.0,Retail,7,3,CA,tablet,117.4,5,0,0,0,0,1
18561,3232,5.0,Grocery,1,6,US,desktop,33.6,3,0,1,1,0,0
18590,1639,5.0,Grocery,23,6,GB,mobile,330.9,2,0,1,1,0,0
18687,2408,5.0,Grocery,19,3,NG,mobile,440.7,4,0,0,0,0,1
18747,1573,5.0,Food Delivery,0,3,US,desktop,38.0,2,0,0,1,1,0
18770,2913,5.0,Travel,1,3,US,desktop,92.5,1,0,0,1,1,1
18841,1262,5.0,Grocery,4,5,DE,mobile,104.1,2,0,1,1,0,1
18847,2620,5.0,Health,9,4,DE,mobile,134.1,3,0,0,0,0,0
18877,2093,5.0,Utilities,14,2,BR,tablet,68.7,3,0,0,0,0,0
18910,3130,5.0,Grocery,21,0,US,mobile,2.2,0,1,0,0,0,1
19013,2821,5.0,Health,17,3,GB,mobile,52.7,3,0,0,0,0,0
19019,1348,5.0,Grocery,3,5,CA,tablet,197.6,2,0,1,1,0,0
19035,2624,5.0,Retail,8,4,CA,tablet,356.1,4,0,0,0,0,0
19036,2442,5.0,Health,3,5,FR,mobile,89.4,0,0,1,1,0,0
19053,1415,5.0,Grocery,23,5,AU,tablet,216.4,2,0,1,1,0,0
19107,1117,5.0,Grocery,11,1,JP,tablet,103.9,4,0,0,0,0,0
19157,2818,5.0,Grocery,0,6,JP,mobile,31.5,0,0,1,1,0,0
19266,1925,5.0,Utilities,6,6,CA,desktop,62.0,0,1,1,0,0,0
19432,2951,5.0,Grocery,0,5,CA,mobile,101.1,1,0,1,1,0,0
19465,4198,5.0,Grocery,21,3,DE,mobile,52.7,3,0,0,0,0,1
19570,3067,5.0,Grocery,20,4,BR,mobile,143.7,3,0,0,0,0,0
19648,2794,5.0,Retail,2,6,US,desktop,214.0,3,0,1,1,0,0
19724,3002,5.0,Retail,4,6,GB,tablet,288.9,2,0,1,1,0,0
19759,2118,5.0,Retail,17,0,GB,mobile,55.8,3,0,0,0,0,1
19855,3795,5.0,Grocery,10,5,CA,desktop,394.1,1,1,1,0,0,0
19942,3891,6.58,Grocery,12,0,FR,mobile,271.2,3,0,0,0,0,0
19961,2674,5.0,Entertainment,1,1,US,desktop,66.3,0,0,0,1,1,1
19977,3567,5.0,Retail,0,6,DE,mobile,111.8,0,0,1,1,0,0
19987,2964,5.0,Grocery,7,5,FR,desktop,152.2,0,1,1,0,0,1
30,2773,5.0,Grocery,7,6,US,tablet,42.2,0,1,1,0,1,0
39,2107,5.0,Food Delivery,21,2,US,desktop,142.4,2,1,0,0,0,0
95,4592,5.0,Entertainment,17,6,US,mobile,11.1,2,0,1,0,0,1
162,3657,5.0,Food Delivery,18,2,US,desktop,158.7,0,1,0,0,0,1
362,4563,5.0,Food Delivery,22,0,US,desktop,86.5,0,1,0,0,0,0
460,1423,5.0,Travel,18,5,US,mobile,19.8,2,0,1,0,0,0
604,1538,5.0,Food Delivery,14,2,US,desktop,311.0,0,1,0,0,0,0
684,4835,5.0,Travel,8,2,US,desktop,87.3,1,1,0,0,0,0
787,1129,5.0,Travel,8,5,US,mobile,15.3,1,0,1,0,0,1
946,1476,5.0,Online,11,3,US,desktop,881.4,1,1,0,0,0,0
1040,4308,5.0,Online,16,3,US,desktop,184.3,2,1,0,0,0,0
1081,4681,5.42,Retail,8,5,FR,mobile,3.0,2,0,1,0,1,0
1176,2355,5.0,Travel,19,2,US,desktop,157.0,2,1,0,0,0,0
1259,3161,5.0,Grocery,13,5,US,mobile,352.5,2,1,1,0,1,0
1278,4094,5.0,Travel,15,4,US,desktop,30.2,1,1,0,0,0,1
1426,4258,5.0,Travel,14,6,US,mobile,19.0,0,0,1,0,0,0
1576,2273,5.0,Food Delivery,22,2,US,desktop,387.3,1,1,0,0,0,1
1700,4846,5.0,Retail,17,6,US,tablet,246.1,1,1,1,0,1,0
1732,4615,5.0,Travel,20,3,US,desktop,496.5,1,1,0,0,0,0
1844,4383,8.83,Travel,19,2,US,desktop,186.6,0,1,0,0,0,0
2128,3501,5.0,Online,22,2,US,desktop,143.0,2,1,0,0,0,1
2140,2600,5.0,Online,7,3,US,desktop,68.5,1,1,0,0,0,1
2335,3212,5.0,Retail,9,5,US,desktop,8.1,3,0,1,0,1,0
2801,4171,5.0,Food Delivery,12,1,US,desktop,415.8,1,1,0,0,0,0
2998,2390,5.0,Grocery,9,5,US,desktop,4.6,4,0,1,0,1,1
3154,4172,5.0,Travel,9,4,US,desktop,154.2,2,1,0,0,0,0
3156,4391,5.0,Food Delivery,6,6,US,tablet,23.4,1,0,1,0,0,0
3188,2611,5.0,Entertainment,14,5,US,mobile,16.5,0,0,1,0,0,0
3252,3988,5.0,Travel,8,5,US,mobile,12.6,2,0,1,0,0,1
4213,2663,5.41,Grocery,11,6,DE,mobile,10.9,0,0,1,0,1,0
4250,2514,5.0,Online,8,5,US,mobile,7.2,1,0,1,0,0,0
4508,3350,5.0,Grocery,19,5,US,mobile,234.7,2,1,1,0,1,0
4763,1391,7.01,Entertainment,19,6,US,mobile,16.8,1,0,1,0,0,1
4981,4605,5.0,Online,9,5,US,mobile,20.0,1,0,1,0,0,1
4994,3209,5.0,Travel,22,0,US,desktop,76.0,0,1,0,0,0,0
5008,4316,5.0,Entertainment,18,2,US,desktop,211.9,1,1,0,0,0,0
5107,4033,5.0,Food Delivery,20,1,US,desktop,179.2,2,1,0,0,0,0
5111,3195,5.0,Travel,17,4,US,desktop,359.5,1,1,0,0,0,0
5173,4468,5.0,Travel,18,6,US,mobile,16.9,1,0,1,0,0,1
5674,3599,5.0,Food Delivery,10,1,US,desktop,70.8,1,1,0,0,0,0
5699,3875,5.0,Entertainment,9,6,US,mobile,17.3,1,0,1,0,0,1
5839,2111,5.0,Food Delivery,8,4,US,desktop,115.4,1,1,0,0,0,0
5900,4501,5.0,Online,17,3,US,desktop,126.0,1,1,0,0,0,0
6142,1065,5.44,Travel,18,5,US,mobile,11.2,2,0,1,0,0,0
6352,1160,5.0,Online,9,3,US,desktop,115.1,0,1,0,0,0,0
6521,1017,5.0,Travel,9,3,US,desktop,214.3,2,1,0,0,0,0
6615,1823,5.0,Travel,9,3,US,desktop,52.6,0,1,0,0,0,0
6806,3093,5.0,Online,8,6,US,mobile,6.6,2,0,1,0,0,1
6872,3247,5.0,Online,15,4,US,desktop,97.3,0,1,0,0,0,0
6959,2176,5.0,Food Delivery,20,6,US,tablet,3.4,1,0,1,0,0,0
7021,3076,5.0,Online,7,5,US,mobile,12.0,2,0,1,0,0,1
7224,2310,5.0,Food Delivery,12,1,US,desktop,34.2,0,1,0,0,0,0
7286,4263,5.0,Food Delivery,6,2,US,desktop,104.7,2,1,0,0,0,0
7476,3898,5.0,Food Delivery,9,6,US,mobile,27.4,1,0,1,0,0,0
7792,3480,5.0,Online,8,1,US,desktop,98.6,1,1,0,0,0,0
7800,1769,5.0,Travel,12,0,US,desktop,403.5,1,1,0,0,0,1
7915,1530,5.0,Entertainment,14,5,US,mobile,13.1,2,0,1,0,0,0
8128,3344,5.0,Travel,10,2,US,desktop,174.7,2,1,0,0,0,0
8446,2337,5.0,Entertainment,10,5,US,mobile,21.7,2,0,1,0,0,0
8534,2691,5.0,Travel,22,5,US,mobile,1.8,1,0,1,0,0,0
8784,4041,7.26,Online,6,5,US,tablet,20.5,0,0,1,0,0,0
8965,4474,6.49,Travel,12,4,US,desktop,372.6,0,1,0,0,0,0
9061,3697,5.0,Online,20,6,US,mobile,26.9,0,0,1,0,0,1
9232,2147,7.33,Entertainment,17,1,US,desktop,113.5,1,1,0,0,0,0
9252,3491,5.0,Travel,9,2,US,desktop,332.5,1,1,0,0,0,0
9291,3285,5.0,Entertainment,21,5,US,tablet,1.3,1,0,1,0,0,0
9302,4377,5.0,Grocery,13,6,FR,mobile,1.2,0,0,1,0,1,0
9393,2678,5.0,Online,21,0,US,desktop,118.5,0,1,0,0,0,0
9513,2897,5.0,Food Delivery,8,4,US,desktop,95.3,1,1,0,0,0,0
9518,1260,5.0,Food Delivery,14,0,US,desktop,303.9,1,1,0,0,0,0
9800,4169,5.0,Travel,6,5,US,mobile,24.0,1,0,1,0,0,1
9890,3126,10.28,Travel,15,0,US,desktop,80.2,0,1,0,0,0,0
9924,1636,5.0,Utilities,15,6,US,mobile,308.6,2,1,1,0,1,1
10288,4717,5.59,Food Delivery,11,0,US,desktop,311.8,2,1,0,0,0,0
10370,1217,5.0,Online,13,1,US,desktop,317.3,1,1,0,0,0,0
10520,1776,5.0,Travel,9,1,US,desktop,53.0,0,1,0,0,0,0
10640,2312,5.0,Online,20,4,US,desktop,52.1,2,1,0,0,0,1
10752,3727,5.0,Travel,12,4,US,desktop,88.4,0,1,0,0,0,1
10882,1516,5.0,Online,8,5,US,mobile,22.8,1,0,1,0,0,1
10973,4097,5.0,Retail,10,5,DE,mobile,29.6,0,0,1,0,1,0
10983,4665,5.0,Food Delivery,11,6,US,mobile,7.7,0,0,1,0,0,1
11180,3454,5.21,Food Delivery,6,3,US,desktop,273.6,2,1,0,0,0,0
11253,2368,5.0,Travel,17,2,US,desktop,244.8,1,1,0,0,0,1
11259,3568,5.0,Entertainment,7,5,US,mobile,5.5,2,0,1,0,0,0
11498,4874,5.0,Online,11,0,US,desktop,80.8,2,1,0,0,0,0
11608,3257,5.0,Online,21,5,US,mobile,11.6,0,0,1,0,0,0
11900,3608,5.0,Food Delivery,7,4,US,desktop,31.3,1,1,0,0,0,0
12050,4354,5.0,Travel,21,4,US,desktop,156.6,2,1,0,0,0,0
12259,1153,5.0,Food Delivery,19,2,US,desktop,112.6,0,1,0,0,0,0
12285,4127,5.0,Retail,11,5,CA,mobile,5.2,0,0,1,0,1,0
12356,2436,5.0,Food Delivery,19,2,US,desktop,38.0,1,1,0,0,0,0
12385,4514,5.0,Travel,7,1,US,desktop,342.1,2,1,0,0,0,1
12419,1584,5.0,Travel,21,6,US,mobile,15.5,1,0,1,0,0,1
12641,4939,5.0,Travel,18,0,US,desktop,289.2,0,1,0,0,0,1
12801,4509,5.0,Entertainment,6,5,US,mobile,1.3,0,0,1,0,0,0
12986,4396,5.0,Grocery,12,5,FR,mobile,6.9,2,0,1,0,1,0
13038,1842,5.79,Travel,11,4,US,desktop,52.4,1,1,0,0,0,0
13318,4152,7.16,Food Delivery,10,6,US,tablet,22.4,2,0,1,0,0,0
13480,2327,5.0,Grocery,9,5,US,mobile,107.6,1,1,1,0,1,0
13547,4648,5.0,Entertainment,21,0,US,desktop,53.7,1,1,0,0,0,0
13548,4908,5.0,Grocery,19,6,JP,mobile,11.3,1,0,1,0,1,0
13586,3857,6.21,Travel,19,2,US,desktop,41.6,1,1,0,0,0,0
13622,1671,5.28,Food Delivery,15,4,US,desktop,72.9,2,1,0,0,0,0
14061,4242,7.31,Travel,7,2,US,desktop,47.8,1,1,0,0,0,0
14255,4205,5.0,Online,21,5,US,mobile,2.9,0,0,1,0,0,0
14308,3314,5.0,Travel,17,0,US,desktop,354.7,1,1,0,0,0,0
14488,4280,5.0,Online,18,2,US,desktop,98.4,1,1,0,0,0,0
14522,4535,5.0,Food Delivery,21,4,US,desktop,73.4,1,1,0,0,0,0
14754,1316,5.0,Grocery,22,6,AU,tablet,18.2,1,0,1,0,1,1
14893,4027,5.0,Travel,8,0,US,desktop,167.3,1,1,0,0,0,1
15022,3412,5.0,Food Delivery,16,4,US,desktop,739.2,0,1,0,0,0,1
15218,2290,5.0,Online,21,6,US,mobile,3.9,0,0,1,0,0,1
15336,2471,5.0,Food Delivery,15,6,US,mobile,4.7,1,0,1,0,0,1
15374,2989,5.0,Food Delivery,17,3,US,desktop,386.4,1,1,0,0,0,0
15412,3037,5.0,Travel,17,0,US,desktop,153.6,0,1,0,0,0,0
15563,1804,5.0,Travel,6,6,US,mobile,7.7,2,0,1,0,0,0
15606,2416,5.0,Food Delivery,18,5,US,mobile,24.5,1,0,1,0,0,1
15794,3336,10.45,Entertainment,6,3,US,desktop,227.6,2,1,0,0,0,0
15795,1730,6.81,Entertainment,15,2,US,desktop,133.2,0,1,0,0,0,0
15956,4833,5.0,Entertainment,8,5,US,mobile,24.5,2,0,1,0,0,0
16028,2445,6.92,Food Delivery,12,2,US,desktop,37.5,2,1,0,0,0,0
16217,1771,6.48,Travel,22,6,US,tablet,13.9,1,0,1,0,0,0
16230,1507,5.0,Online,7,1,US,desktop,40.8,2,1,0,0,0,0
16232,4750,5.0,Retail,11,6,BR,mobile,26.1,1,0,1,0,1,0
16233,1900,5.0,Food Delivery,6,5,US,mobile,9.1,2,0,1,0,0,0
16332,3688,5.0,Travel,19,4,US,desktop,107.6,2,1,0,0,0,0
16464,1835,5.0,Entertainment,17,4,US,desktop,84.5,1,1,0,0,0,0
16525,4000,7.88,Online,7,1,US,desktop,93.2,1,1,0,0,0,0
16670,1850,5.0,Entertainment,13,6,US,mobile,16.9,1,0,1,0,0,1
16777,3262,5.0,Travel,9,0,US,desktop,64.0,1,1,0,0,0,0
16783,1456,5.0,Travel,14,6,US,mobile,9.7,2,0,1,0,0,1
16936,3012,5.0,Grocery,15,5,US,mobile,76.0,0,1,1,0,1,0
17058,3995,5.0,Online,17,6,US,mobile,10.2,0,0,1,0,0,0
17230,1460,5.0,Entertainment,21,6,US,mobile,1.0,2,0,1,0,0,1
17259,4313,5.0,Online,15,0,US,desktop,167.6,2,1,0,0,0,1
17268,3548,5.0,Travel,17,6,US,mobile,25.1,2,0,1,0,0,0
17394,1598,6.35,Entertainment,19,1,US,desktop,171.1,1,1,0,0,0,1
17514,2079,5.0,Travel,16,4,US,desktop,287.5,2,1,0,0,0,1
17608,1849,5.0,Online,11,5,US,mobile,1.0,2,0,1,0,0,0
17637,1857,5.0,Travel,18,2,US,desktop,109.0,1,1,0,0,0,1
17704,1599,5.0,Online,8,4,US,desktop,33.9,0,1,0,0,0,0
17834,3141,5.0,Online,20,3,US,desktop,45.8,1,1,0,0,0,1
18095,1356,5.0,Grocery,13,5,US,tablet,118.3,1,1,1,0,1,0
18142,1864,5.0,Food Delivery,20,4,US,desktop,315.9,1,1,0,0,0,0
18186,1526,5.0,Grocery,20,6,FR,mobile,4.1,1,0,1,0,1,0
18303,2530,5.0,Entertainment,20,6,US,mobile,15.2,0,0,1,0,0,0
18314,2846,5.0,Travel,8,4,US,desktop,54.1,2,1,0,0,0,1
18684,1016,5.0,Online,20,1,US,desktop,104.6,1,1,0,0,0,1
19057,3126,5.0,Food Delivery,16,0,US,desktop,470.7,0,1,0,0,0,0
19084,4815,5.0,Utilities,13,6,US,mobile,37.4,0,1,1,0,1,1
19240,3897,5.0,Grocery,9,6,US,mobile,155.1,2,1,1,0,1,0
19251,1593,5.0,Entertainment,21,6,US,tablet,27.6,0,0,1,0,0,0
19291,4070,5.0,Food Delivery,11,6,US,mobile,4.1,1,0,1,0,0,0
19383,1202,5.0,Retail,19,5,AU,mobile,18.6,0,0,1,0,1,0
19555,1970,5.0,Travel,18,1,US,desktop,34.1,0,1,0,0,0,0
19827,1916,11.59,Entertainment,18,2,US,desktop,255.0,0,1,0,0,0,1
19936,3481,5.0,Travel,21,3,US,desktop,30.7,0,1,0,0,0,0
35,4551,5.0,Food Delivery,19,3,CA,desktop,26.4,1,0,0,0,0,0
63,2466,5.0,Online,3,3,US,tablet,33.3,2,0,0,1,0,1
70,2878,5.0,Online,2,3,US,mobile,92.0,1,0,0,1,0,0
129,3298,5.0,Food Delivery,2,4,US,tablet,218.8,2,0,0,1,0,1
190,2206,5.0,Online,1,2,US,mobile,84.0,2,0,0,1,0,0
268,2387,5.0,Food Delivery,4,3,US,mobile,342.3,1,0,0,1,0,0
285,2764,5.0,Online,23,0,US,mobile,135.1,2,0,0,1,0,0
287,1644,5.0,Travel,3,1,US,mobile,156.0,0,0,0,1,0,0
358,4566,5.0,Health,2,2,BR,mobile,30.6,1,0,0,1,1,1
380,2049,5.0,Entertainment,4,3,US,tablet,109.7,0,0,0,1,0,0
395,3879,5.0,Food Delivery,2,3,US,mobile,78.0,1,0,0,1,0,1
473,2728,5.0,Food Delivery,1,2,US,mobile,310.4,0,0,0,1,0,0
561,3146,5.0,Entertainment,2,4,US,mobile,251.8,2,0,0,1,0,1
566,1946,5.0,Food Delivery,17,4,AU,desktop,7.2,2,0,0,0,0,0
579,4574,5.0,Online,14,3,NG,desktop,12.9,2,0,0,0,0,0
632,2309,5.0,Online,5,2,US,mobile,104.0,1,0,0,1,0,0
658,3531,5.0,Entertainment,6,3,AU,desktop,1.6,2,0,0,0,0,0
674,1380,5.0,Online,5,2,US,mobile,293.2,0,0,0,1,0,0
804,4673,5.0,Travel,20,3,FR,desktop,13.0,2,0,0,0,0,0
853,4852,5.0,Travel,5,3,US,mobile,334.7,1,0,0,1,0,0
912,1734,5.0,Retail,23,2,CA,mobile,221.7,1,0,0,1,1,0
944,2896,5.0,Online,23,2,US,tablet,127.8,1,0,0,1,0,1
979,2403,5.0,Online,18,4,DE,desktop,10.8,2,0,0,0,0,0
1007,4400,5.0,Online,8,0,DE,desktop,24.2,0,0,0,0,0,0
1010,3081,5.0,Online,2,3,US,tablet,97.2,2,0,0,1,0,0
1103,4675,5.0,Online,17,4,BR,desktop,10.8,2,0,0,0,0,1
1183,3763,5.0,Travel,4,2,US,tablet,297.0,0,0,0,1,0,1
1197,3853,5.0,Grocery,1,1,GB,mobile,99.2,0,0,0,1,1,1
1218,3929,8.96,Entertainment,3,3,US,mobile,70.3,1,0,0,1,0,0
1229,1616,10.28,Food Delivery,5,2,US,mobile,185.9,0,0,0,1,0,0
1296,3058,5.0,Online,2,3,US,mobile,50.4,1,0,0,1,0,0
1324,4546,5.0,Food Delivery,6,0,DE,desktop,2.6,2,0,0,0,0,0
1347,4422,5.0,Online,2,3,US,mobile,278.7,2,0,0,1,0,0
1422,4978,5.0,Retail,4,4,DE,mobile,444.8,1,0,0,1,1,1
1473,2797,5.0,Food Delivery,1,3,US,mobile,149.5,2,0,0,1,0,0
1480,2666,5.0,Entertainment,20,0,AU,desktop,6.3,1,0,0,0,0,0
1577,3192,5.0,Travel,12,0,CA,desktop,13.3,1,0,0,0,0,0
1623,4696,5.0,Online,2,4,US,mobile,372.4,1,0,0,1,0,0
1632,4589,5.0,Entertainment,5,2,US,mobile,96.8,2,0,0,1,0,0
1642,1202,5.0,Entertainment,16,4,CA,desktop,22.1,0,0,0,0,0,0
1646,2179,5.0,Travel,23,4,US,mobile,38.3,2,0,0,1,0,0
1652,1072,5.0,Food Delivery,3,2,US,mobile,76.9,0,0,0,1,0,0
1667,4006,5.27,Grocery,23,0,US,desktop,261.3,3,0,0,1,1,0
1670,3903,5.0,Travel,3,1,US,mobile,561.4,1,0,0,1,0,1
1687,2712,5.0,Online,1,4,US,mobile,154.1,1,0,0,1,0,0
1770,1786,5.0,Retail,2,4,US,desktop,158.3,3,0,0,1,1,0
1781,1187,5.0,Entertainment,0,3,US,mobile,488.7,2,0,0,1,0,0
1791,3336,5.0,Grocery,7,4,GB,desktop,302.3,2,1,0,0,1,1
1848,3169,5.0,Food Delivery,16,3,NG,desktop,22.0,0,0,0,0,0,0
1882,2058,5.0,Grocery,3,3,CA,mobile,216.1,0,0,0,1,1,0
1989,1842,5.0,Travel,2,4,US,mobile,134.3,1,0,0,1,0,0
2012,2571,5.65,Online,0,3,US,mobile,211.5,2,0,0,1,0,1
2027,3455,5.0,Online,5,4,US,mobile,145.4,0,0,0,1,0,0
2036,4384,5.0,Entertainment,5,3,US,mobile,579.2,1,0,0,1,0,0
2037,3334,5.0,Travel,23,0,US,mobile,251.1,1,0,0,1,0,1
2083,2299,5.0,Entertainment,0,2,US,mobile,169.4,2,0,0,1,0,1
2147,1705,5.0,Retail,22,1,CA,desktop,175.9,2,1,0,0,1,0
2210,1553,5.0,Travel,5,1,US,mobile,191.7,2,0,0,1,0,0
2219,2145,5.0,Online,11,4,CA,desktop,23.0,2,0,0,0,0,0
2250,2693,5.0,Online,5,1,US,tablet,117.7,1,0,0,1,0,1
2272,2273,5.0,Food Delivery,2,3,US,mobile,210.4,1,0,0,1,0,0
2289,4745,5.0,Travel,5,1,US,mobile,61.3,1,0,0,1,0,0
2326,4292,5.0,Food Delivery,4,2,US,mobile,58.0,2,0,0,1,0,1
2333,2073,5.0,Online,23,1,US,mobile,292.0,2,0,0,1,0,0
2390,4491,5.0,Travel,0,0,US,mobile,110.8,1,0,0,1,0,0
2407,2484,5.0,Travel,0,3,US,mobile,148.8,1,0,0,1,0,0
2419,2153,5.0,Grocery,2,4,GB,mobile,33.1,0,0,0,1,1,0
2430,2082,5.0,Food Delivery,4,1,US,mobile,369.8,2,0,0,1,0,0
2486,2443,5.0,Online,2,4,US,mobile,276.8,1,0,0,1,0,0
2514,4017,5.0,Entertainment,19,3,CA,desktop,19.7,2,0,0,0,0,1
2517,3767,5.0,Online,2,3,US,mobile,139.7,1,0,0,1,0,0
2552,2284,5.0,Grocery,1,1,US,desktop,41.3,3,0,0,1,1,0
2584,3635,5.0,Online,2,0,US,mobile,186.4,0,0,0,1,0,0
2658,2081,5.0,Online,4,2,US,mobile,50.6,2,0,0,1,0,0
2717,2734,5.0,Travel,4,3,US,mobile,164.4,2,0,0,1,0,0
2731,4844,5.0,Entertainment,3,4,US,mobile,89.6,1,0,0,1,0,1
2764,1143,7.82,Food Delivery,3,0,US,tablet,191.8,1,0,0,1,0,0
2765,1817,5.0,Grocery,2,0,CA,mobile,87.9,1,0,0,1,1,0
2767,2477,5.0,Travel,2,4,US,mobile,151.7,1,0,0,1,0,0
2779,2554,5.0,Online,5,4,US,mobile,160.1,2,0,0,1,0,0
2814,4857,5.06,Travel,2,3,US,mobile,195.1,2,0,0,1,0,1
2817,3695,13.55,Food Delivery,4,3,US,mobile,80.4,0,0,0,1,0,0
2863,4340,8.91,Food Delivery,23,4,US,mobile,154.9,1,0,0,1,0,0
2867,2260,5.0,Grocery,4,4,GB,mobile,319.2,1,0,0,1,1,0
2889,1593,5.0,Food Delivery,23,3,US,mobile,88.2,1,0,0,1,0,0
3065,3828,5.0,Food Delivery,0,3,US,mobile,447.5,0,0,0,1,0,0
3198,4247,5.0,Travel,2,2,US,mobile,155.1,1,0,0,1,0,0
3205,2197,5.0,Retail,2,4,AU,mobile,102.5,1,0,0,1,1,0
3206,3710,5.0,Entertainment,15,3,DE,desktop,8.3,0,0,0,0,0,0
3222,2012,5.0,Travel,4,3,US,mobile,513.9,2,0,0,1,0,1
3253,1624,5.0,Food Delivery,1,4,US,mobile,72.4,1,0,0,1,0,0
3264,4447,5.0,Entertainment,14,4,DE,desktop,6.1,1,0,0,0,0,1
3275,1972,5.0,Online,9,0,GB,desktop,22.2,0,0,0,0,0,0
3288,1802,5.0,Travel,1,2,US,tablet,53.8,0,0,0,1,0,0
3289,1695,5.0,Entertainment,23,2,US,tablet,98.2,0,0,0,1,0,0
3305,1474,5.41,Travel,0,4,US,tablet,253.1,2,0,0,1,0,0
3313,4719,5.0,Food Delivery,3,0,US,mobile,122.1,2,0,0,1,0,0
3356,2764,5.0,Online,7,2,JP,desktop,17.2,2,0,0,0,0,1
3360,3109,5.0,Entertainment,0,4,US,mobile,234.8,1,0,0,1,0,0
3417,3462,5.0,Travel,2,0,US,mobile,53.9,1,0,0,1,0,0
3425,3440,5.0,Online,5,1,US,mobile,110.9,0,0,0,1,0,0
3467,3155,5.0,Food Delivery,5,2,US,mobile,51.4,0,0,0,1,0,0
3503,2241,5.0,Food Delivery,1,2,US,mobile,157.6,1,0,0,1,0,0
3557,3818,5.0,Online,0,4,US,mobile,63.9,2,0,0,1,0,1
3704,4623,5.0,Online,10,3,DE,desktop,22.3,2,0,0,0,0,1
3746,4942,5.0,Online,2,0,US,mobile,33.2,0,0,0,1,0,0
3775,2720,5.0,Travel,4,0,US,mobile,58.5,2,0,0,1,0,1
3786,3215,10.29,Travel,4,2,US,mobile,340.4,1,0,0,1,0,0
3924,2669,5.0,Online,2,0,US,tablet,246.3,1,0,0,1,0,0
3952,1878,5.0,Grocery,5,0,GB,mobile,679.1,1,0,0,1,1,1
3994,2140,5.0,Entertainment,23,1,US,mobile,113.7,0,0,0,1,0,1
4051,2294,5.0,Travel,23,0,US,tablet,113.4,0,0,0,1,0,0
4103,1760,5.0,Utilities,2,3,GB,tablet,340.2,2,0,0,1,1,0
4113,1605,5.0,Online,23,3,US,mobile,131.0,2,0,0,1,0,1
4144,2793,5.0,Food Delivery,3,1,US,mobile,63.7,2,0,0,1,0,0
4173,3026,5.0,Food Delivery,2,2,US,mobile,293.8,1,0,0,1,0,0
4191,2716,5.0,Food Delivery,3,1,US,mobile,484.2,2,0,0,1,0,0
4217,2954,5.0,Travel,3,0,US,tablet,342.5,2,0,0,1,0,1
4222,3076,5.0,Online,3,0,US,mobile,251.5,1,0,0,1,0,0
4395,3035,5.0,Entertainment,1,3,US,tablet,246.8,1,0,0,1,0,1
4496,3507,5.0,Food Delivery,0,2,US,tablet,45.8,0,0,0,1,0,0
4504,4087,5.0,Food Delivery,23,3,US,mobile,71.8,2,0,0,1,0,0
4536,3030,5.0,Food Delivery,1,3,US,mobile,445.2,2,0,0,1,0,0
4582,4888,5.0,Travel,10,4,GB,desktop,27.2,0,0,0,0,0,0
4593,1291,5.0,Online,20,3,FR,desktop,16.8,1,0,0,0,0,0
4750,2460,5.0,Travel,4,0,US,tablet,540.3,0,0,0,1,0,1
4794,2030,5.0,Grocery,3,3,US,desktop,255.3,3,0,0,1,1,0
4861,1236,5.0,Food Delivery,5,4,US,mobile,80.5,1,0,0,1,0,1
4910,3499,5.0,Travel,1,2,US,mobile,65.8,1,0,0,1,0,0
4912,3150,5.0,Travel,4,4,US,mobile,138.0,1,0,0,1,0,0
4928,3369,5.39,Food Delivery,3,4,US,mobile,211.3,0,0,0,1,0,0
4938,3365,5.0,Retail,20,3,AU,desktop,370.4,1,1,0,0,1,0
4967,1903,5.0,Food Delivery,1,0,US,mobile,340.1,0,0,0,1,0,1
5011,4380,5.0,Food Delivery,5,2,US,mobile,456.2,1,0,0,1,0,0
5032,4346,5.0,Online,4,2,US,mobile,343.8,1,0,0,1,0,0
5060,3525,5.0,Retail,1,0,US,desktop,137.0,3,0,0,1,1,0
5093,1186,5.0,Entertainment,23,3,US,tablet,56.8,2,0,0,1,0,1
5100,2175,5.0,Online,0,3,US,tablet,296.7,1,0,0,1,0,0
5159,1551,5.0,Online,0,3,US,mobile,82.5,2,0,0,1,0,0
5163,2147,7.28,Food Delivery,1,3,US,mobile,136.9,0,0,0,1,0,1
5184,4572,5.0,Entertainment,3,0,US,mobile,326.7,2,0,0,1,0,0
5211,1407,5.0,Entertainment,0,1,US,tablet,149.9,1,0,0,1,0,0
5224,4277,5.0,Food Delivery,4,4,US,mobile,280.7,1,0,0,1,0,0
5238,4292,5.0,Online,2,1,US,mobile,44.6,2,0,0,1,0,0
5300,4385,5.0,Online,1,1,US,mobile,223.3,0,0,0,1,0,1
5313,1834,5.0,Entertainment,7,1,CA,desktop,24.5,2,0,0,0,0,0
5340,2869,5.0,Travel,5,4,US,mobile,100.9,0,0,0,1,0,0
5388,4947,5.0,Online,23,0,US,mobile,231.0,1,0,0,1,0,0
5458,2573,5.0,Entertainment,2,4,US,mobile,194.6,1,0,0,1,0,1
5503,1140,5.0,Entertainment,0,2,US,mobile,120.6,0,0,0,1,0,0
5570,1866,5.0,Food Delivery,3,4,US,mobile,183.6,2,0,0,1,0,1
5610,1476,5.0,Online,15,1,FR,desktop,20.0,1,0,0,0,0,0
5670,3735,5.0,Entertainment,5,3,US,mobile,673.6,0,0,0,1,0,0
5677,3091,5.0,Online,23,1,US,mobile,277.8,1,0,0,1,0,0
5754,2098,5.0,Online,4,0,US,mobile,432.8,0,0,0,1,0,1
5821,3450,5.0,Food Delivery,20,3,GB,desktop,3.8,1,0,0,0,0,0
5838,1137,5.0,Travel,4,2,US,mobile,108.7,1,0,0,1,0,0
5845,4494,10.99,Travel,5,3,US,tablet,171.5,1,0,0,1,0,0
5904,4106,5.0,Retail,0,2,JP,tablet,311.8,2,0,0,1,1,1
6002,4316,5.0,Travel,1,0,US,mobile,46.0,1,0,0,1,0,0
6072,3824,5.0,Travel,3,1,US,mobile,99.1,0,0,0,1,0,1
6160,2069,5.0,Health,5,0,AU,mobile,307.1,1,0,0,1,1,0
6226,3844,5.0,Grocery,4,2,US,desktop,282.7,6,0,0,1,1,0
6264,4604,5.0,Online,3,3,US,mobile,507.4,1,0,0,1,0,0
6328,3859,5.0,Food Delivery,0,0,US,mobile,32.2,1,0,0,1,0,1
6359,1148,5.25,Travel,8,0,GB,desktop,18.7,0,0,0,0,0,0
6379,3302,5.0,Online,4,0,US,mobile,148.3,0,0,0,1,0,1
6380,2153,5.0,Travel,14,4,CA,desktop,8.3,0,0,0,0,0,0
6475,1966,5.0,Entertainment,7,1,DE,desktop,27.6,0,0,0,0,0,0
6591,1040,5.0,Grocery,0,4,US,desktop,139.5,3,0,0,1,1,0
6620,1286,5.0,Food Delivery,0,3,US,mobile,114.3,2,0,0,1,0,1
6624,4747,5.0,Travel,0,3,US,mobile,97.8,0,0,0,1,0,0
6767,3660,5.0,Entertainment,4,3,US,mobile,54.5,2,0,0,1,0,0
6826,3044,5.0,Online,23,2,US,mobile,353.8,2,0,0,1,0,0
6844,2369,5.0,Utilities,4,4,GB,tablet,331.2,1,0,0,1,1,0
6854,1345,6.89,Online,23,4,US,tablet,143.3,1,0,0,1,0,1
6861,3909,5.0,Online,1,2,US,tablet,49.5,1,0,0,1,0,0
6973,1874,5.88,Food Delivery,5,3,US,mobile,278.8,2,0,0,1,0,0
7011,1118,5.0,Travel,5,2,US,mobile,98.2,1,0,0,1,0,1
7041,3111,5.0,Travel,3,2,US,mobile,190.2,1,0,0,1,0,1
7068,1657,6.16,Travel,18,4,DE,desktop,3.2,2,0,0,0,0,0
7111,1158,5.0,Grocery,4,0,AU,tablet,50.0,0,0,0,1,1,1
7134,4442,10.61,Online,1,2,US,tablet,173.5,2,0,0,1,0,0
7137,3262,5.0,Food Delivery,2,1,US,mobile,35.8,2,0,0,1,0,0
7253,4102,9.38,Travel,2,1,US,mobile,345.8,1,0,0,1,0,0
7403,1350,5.0,Food Delivery,5,1,US,mobile,34.6,0,0,0,1,0,0
7622,3271,5.0,Online,4,3,US,mobile,129.9,2,0,0,1,0,1
7628,1246,5.0,Online,4,1,US,mobile,77.3,2,0,0,1,0,1
7633,4964,5.0,Travel,5,3,US,tablet,355.0,2,0,0,1,0,0
7650,3891,5.0,Food Delivery,23,1,US,tablet,650.5,1,0,0,1,0,0
7719,2737,5.0,Online,1,3,US,tablet,362.6,1,0,0,1,0,0
7725,4549,5.0,Food Delivery,23,1,US,mobile,538.8,0,0,0,1,0,0
7775,1345,5.0,Travel,3,4,US,mobile,356.4,1,0,0,1,0,1
7789,4359,9.58,Food Delivery,23,0,US,mobile,154.2,2,0,0,1,0,1
7846,2384,5.0,Online,2,2,US,mobile,38.6,1,0,0,1,0,0
7861,3608,5.0,Travel,1,3,US,mobile,70.3,0,0,0,1,0,0
7883,4709,5.0,Grocery,1,4,JP,mobile,719.6,0,0,0,1,1,0
7906,4777,5.0,Online,4,0,US,tablet,199.0,0,0,0,1,0,0
8062,3043,5.0,Health,20,4,CA,desktop,98.3,2,1,0,0,1,1
8109,3618,5.0,Retail,0,3,US,desktop,253.7,3,0,0,1,1,0
8156,3295,5.0,Grocery,2,3,DE,mobile,116.2,1,0,0,1,1,0
8235,2416,5.0,Food Delivery,0,4,US,tablet,332.9,1,0,0,1,0,0
8240,2934,5.0,Retail,17,2,DE,desktop,156.1,1,1,0,0,1,0
8270,3037,5.0,Retail,3,4,CA,tablet,272.2,0,0,0,1,1,1
8291,2704,5.0,Travel,3,1,US,tablet,291.9,1,0,0,1,0,0
8376,1535,5.0,Entertainment,23,2,US,mobile,123.4,2,0,0,1,0,1
8410,3984,5.0,Online,0,4,US,tablet,66.1,2,0,0,1,0,0
8437,1766,5.0,Online,1,4,US,mobile,123.5,1,0,0,1,0,0
8468,4091,5.0,Online,5,2,US,tablet,151.2,0,0,0,1,0,0
8565,1513,7.88,Online,1,4,US,mobile,341.7,0,0,0,1,0,0
8612,1502,5.0,Travel,5,2,US,tablet,146.4,1,0,0,1,0,0
8633,2775,5.0,Online,23,3,US,mobile,187.1,0,0,0,1,0,0
8656,3965,5.0,Travel,0,2,US,mobile,185.5,1,0,0,1,0,1
8741,1144,5.0,Travel,4,0,US,mobile,105.2,0,0,0,1,0,0
8780,3327,5.0,Grocery,5,3,FR,mobile,190.8,1,0,0,1,1,1
8923,3614,5.0,Entertainment,5,1,US,mobile,186.5,1,0,0,1,0,0
8930,1699,5.0,Retail,4,3,AU,mobile,62.9,1,0,0,1,1,0
8944,2114,5.89,Travel,14,1,CA,desktop,11.8,1,0,0,0,0,0
8975,1712,5.0,Food Delivery,19,1,DE,desktop,25.2,1,0,0,0,0,0
9007,4149,11.8,Travel,1,3,US,mobile,148.0,2,0,0,1,0,0
9091,3098,5.41,Food Delivery,23,3,US,mobile,112.3,0,0,0,1,0,0
9104,3733,5.0,Entertainment,1,0,US,tablet,174.1,1,0,0,1,0,0
9129,1395,7.22,Online,20,4,CA,desktop,24.3,0,0,0,0,0,0
9197,4663,5.0,Grocery,23,1,DE,mobile,344.7,0,0,0,1,1,0
9242,1861,5.0,Travel,4,3,US,tablet,167.7,1,0,0,1,0,0
9269,3815,5.0,Travel,4,2,US,tablet,56.7,0,0,0,1,0,0
9322,3744,5.0,Travel,23,4,US,mobile,264.2,0,0,0,1,0,1
9347,4427,5.0,Travel,3,0,US,mobile,605.9,1,0,0,1,0,0
9508,2930,5.0,Online,4,4,US,mobile,286.5,2,0,0,1,0,1
9538,1857,5.0,Travel,15,3,GB,desktop,26.7,2,0,0,0,0,0
9585,4018,5.0,Travel,0,2,US,mobile,149.3,0,0,0,1,0,0
9602,2747,5.0,Travel,5,0,US,mobile,98.2,2,0,0,1,0,0
9692,2205,5.0,Entertainment,4,2,US,mobile,125.0,2,0,0,1,0,1
9717,3454,5.0,Travel,4,3,US,mobile,478.1,2,0,0,1,0,1
9720,2114,5.01,Food Delivery,5,3,US,tablet,91.8,1,0,0,1,0,0
9747,1972,5.0,Entertainment,4,2,US,mobile,418.7,0,0,0,1,0,0
9799,3854,6.7,Food Delivery,23,0,US,mobile,205.6,2,0,0,1,0,0
9812,3288,5.0,Online,3,4,US,mobile,84.0,2,0,0,1,0,0
9827,4639,5.0,Entertainment,23,0,US,mobile,474.0,2,0,0,1,0,0
9853,4397,5.0,Grocery,5,2,DE,mobile,209.8,2,0,0,1,1,1
9901,3320,5.0,Entertainment,1,0,US,mobile,498.6,2,0,0,1,0,0
9946,2268,5.0,Travel,2,0,US,tablet,110.1,2,0,0,1,0,1
9947,3752,5.0,Travel,0,4,US,mobile,45.9,1,0,0,1,0,1
9965,3600,5.0,Travel,2,2,US,tablet,39.0,0,0,0,1,0,1
9990,3381,5.0,Food Delivery,3,2,US,mobile,122.7,1,0,0,1,0,0
10010,1175,5.0,Entertainment,1,4,US,mobile,73.9,2,0,0,1,0,0
10160,3869,5.0,Health,23,1,CA,mobile,50.8,1,0,0,1,1,0
10170,4732,15.51,Travel,5,0,US,tablet,476.7,0,0,0,1,0,0
10249,4188,5.0,Retail,5,1,FR,mobile,68.6,1,0,0,1,1,0
10276,1159,5.0,Travel,23,1,US,tablet,85.7,0,0,0,1,0,0
10294,4583,5.0,Entertainment,3,4,US,mobile,95.6,2,0,0,1,0,0
10349,3973,5.0,Travel,4,0,US,mobile,238.2,2,0,0,1,0,0
10423,4477,5.0,Entertainment,5,4,US,mobile,64.1,1,0,0,1,0,0
10437,2343,5.0,Retail,2,2,CA,mobile,99.5,2,0,0,1,1,1
10536,4479,5.0,Food Delivery,9,0,FR,desktop,3.8,1,0,0,0,0,0
10594,4965,5.0,Travel,4,0,US,tablet,286.5,1,0,0,1,0,1
10621,2518,5.0,Retail,0,1,CA,tablet,229.0,2,0,0,1,1,0
10700,1815,5.0,Entertainment,0,4,US,mobile,31.1,1,0,0,1,0,0
10704,4012,5.0,Entertainment,0,2,US,mobile,232.6,0,0,0,1,0,0
10748,3389,5.0,Food Delivery,2,2,US,mobile,126.8,2,0,0,1,0,0
10755,3943,5.0,Online,17,3,CA,desktop,12.4,1,0,0,0,0,1
10796,2302,5.0,Online,1,4,US,mobile,210.6,2,0,0,1,0,0
10819,3009,5.0,Entertainment,4,0,US,mobile,79.4,1,0,0,1,0,0
10831,2197,5.0,Online,2,4,US,mobile,125.1,2,0,0,1,0,0
10930,1220,5.0,Entertainment,0,2,US,mobile,38.8,1,0,0,1,0,1
11000,2019,5.0,Entertainment,16,4,NG,desktop,19.2,1,0,0,0,0,0
11026,2872,5.0,Travel,3,4,US,tablet,761.1,2,0,0,1,0,1
11050,2126,5.0,Entertainment,1,3,US,tablet,69.2,1,0,0,1,0,1
11074,2191,5.0,Food Delivery,2,0,US,mobile,51.4,1,0,0,1,0,0
11233,1601,5.0,Online,7,2,CA,desktop,22.2,2,0,0,0,0,0
11304,2779,5.0,Food Delivery,2,0,US,mobile,86.4,1,0,0,1,0,1
11335,3395,5.0,Online,3,3,US,mobile,92.3,0,0,0,1,0,0
11408,4034,5.0,Entertainment,0,4,US,tablet,345.1,1,0,0,1,0,0
11486,4151,5.0,Online,5,3,US,mobile,129.7,1,0,0,1,0,0
11488,4587,5.0,Food Delivery,3,2,US,mobile,364.2,0,0,0,1,0,0
11495,4738,5.0,Travel,18,3,FR,desktop,13.6,0,0,0,0,0,0
11627,3031,5.0,Entertainment,5,2,US,mobile,349.7,2,0,0,1,0,1
11669,3487,5.0,Food Delivery,3,2,US,mobile,323.4,0,0,0,1,0,0
11737,1496,5.0,Travel,3,3,US,mobile,34.9,1,0,0,1,0,0
11831,3231,5.0,Entertainment,2,4,US,mobile,199.3,1,0,0,1,0,0
11867,3389,5.0,Travel,23,4,US,tablet,256.9,1,0,0,1,0,0
12104,3180,5.0,Travel,5,2,US,mobile,280.7,1,0,0,1,0,0
12119,1435,5.0,Food Delivery,0,4,US,mobile,292.1,1,0,0,1,0,0
12157,4555,5.72,Travel,1,2,US,mobile,555.0,0,0,0,1,0,1
12180,3916,8.73,Grocery,0,1,US,desktop,49.0,3,0,0,1,1,0
12240,1001,5.0,Food Delivery,2,0,US,mobile,168.1,1,0,0,1,0,0
12266,3900,5.0,Travel,0,1,US,mobile,298.9,2,0,0,1,0,0
12324,3247,5.0,Food Delivery,1,2,US,mobile,235.1,1,0,0,1,0,0
12352,4962,5.0,Food Delivery,23,4,US,mobile,146.7,0,0,0,1,0,1
12399,4858,5.0,Travel,4,2,US,mobile,103.7,0,0,0,1,0,1
12407,2968,5.0,Entertainment,5,4,US,mobile,84.0,2,0,0,1,0,1
12423,2959,5.0,Travel,4,2,US,mobile,382.1,0,0,0,1,0,0
12428,3394,5.0,Food Delivery,2,2,US,mobile,488.5,0,0,0,1,0,0
12520,1981,5.0,Online,0,2,US,tablet,259.2,0,0,0,1,0,1
12539,1675,7.82,Travel,0,4,US,mobile,455.3,1,0,0,1,0,0
12541,4257,5.0,Online,18,0,AU,desktop,11.5,0,0,0,0,0,0
12568,1346,5.0,Food Delivery,5,3,US,mobile,381.0,2,0,0,1,0,0
12607,3415,5.0,Retail,20,4,CA,desktop,236.8,0,1,0,0,1,0
12610,3890,5.0,Food Delivery,3,1,US,mobile,65.0,0,0,0,1,0,0
12612,1355,5.0,Travel,4,3,US,mobile,93.3,1,0,0,1,0,0
12622,1627,5.0,Food Delivery,23,2,US,mobile,212.9,0,0,0,1,0,1
12624,4383,5.0,Retail,2,2,GB,mobile,196.4,0,0,0,1,1,0
12682,4492,5.0,Food Delivery,5,1,US,tablet,33.9,0,0,0,1,0,0
12690,2136,5.0,Online,9,4,CA,desktop,13.7,2,0,0,0,0,0
12697,3009,5.0,Entertainment,4,2,US,mobile,440.3,0,0,0,1,0,1
12699,3958,5.0,Food Delivery,3,3,US,mobile,250.2,1,0,0,1,0,0
12733,3501,5.0,Travel,6,0,GB,desktop,1.1,2,0,0,0,0,0
12772,4509,5.0,Utilities,23,4,DE,tablet,39.0,0,0,0,1,1,0
12799,3157,5.0,Online,3,1,US,mobile,311.2,1,0,0,1,0,0
12807,1329,5.0,Entertainment,2,3,US,mobile,116.3,2,0,0,1,0,0
12886,4351,5.0,Travel,21,4,BR,desktop,7.1,0,0,0,0,0,1
12908,2094,5.0,Food Delivery,23,4,US,mobile,89.3,0,0,0,1,0,0
12931,2631,5.0,Travel,9,3,CA,desktop,8.9,2,0,0,0,0,0
12947,3726,5.0,Travel,4,1,US,mobile,152.4,1,0,0,1,0,0
12989,2299,5.0,Entertainment,3,0,US,mobile,62.9,0,0,0,1,0,0
12991,1357,5.0,Travel,2,0,US,mobile,218.4,1,0,0,1,0,0
13053,1755,5.0,Entertainment,18,3,FR,desktop,24.6,1,0,0,0,0,1
13064,4969,5.0,Travel,22,1,BR,desktop,13.7,0,0,0,0,0,0
13117,3336,5.0,Online,3,0,US,tablet,45.2,1,0,0,1,0,1
13118,4501,5.0,Food Delivery,23,4,US,mobile,48.2,1,0,0,1,0,1
13152,3499,5.0,Food Delivery,5,2,US,mobile,142.9,0,0,0,1,0,0
13157,2657,5.0,Entertainment,23,1,US,mobile,103.1,0,0,0,1,0,1
13166,3997,5.0,Grocery,23,1,DE,mobile,38.7,1,0,0,1,1,1
13169,2374,5.66,Travel,23,2,US,mobile,44.5,1,0,0,1,0,1
13266,4523,5.0,Travel,1,3,US,mobile,228.7,1,0,0,1,0,0
13308,3100,5.0,Utilities,1,0,JP,tablet,293.2,2,0,0,1,1,0
13463,3182,5.0,Entertainment,3,2,US,tablet,166.2,1,0,0,1,0,0
13501,1745,5.0,Online,3,4,US,tablet,157.4,1,0,0,1,0,0
13575,3563,5.0,Grocery,4,0,DE,mobile,99.4,2,0,0,1,1,0
13584,2308,5.0,Retail,4,0,DE,mobile,57.4,0,0,0,1,1,0
13699,2559,5.0,Entertainment,5,2,US,mobile,61.8,1,0,0,1,0,1
13702,4982,5.0,Entertainment,2,2,US,mobile,170.1,1,0,0,1,0,1
13749,1568,5.0,Food Delivery,2,0,US,mobile,298.0,1,0,0,1,0,0
13830,3998,5.0,Online,2,1,US,tablet,734.4,0,0,0,1,0,1
13892,4095,5.0,Travel,7,4,CA,desktop,27.5,1,0,0,0,0,1
13923,2336,5.0,Travel,4,0,US,mobile,591.4,2,0,0,1,0,0
13967,2549,5.0,Entertainment,4,0,US,mobile,215.6,0,0,0,1,0,0
14019,3292,5.0,Travel,5,3,US,mobile,260.7,1,0,0,1,0,1
14047,4704,5.0,Travel,13,3,DE,desktop,14.4,1,0,0,0,0,0
14070,1664,5.0,Travel,1,2,US,mobile,399.6,1,0,0,1,0,0
14092,4849,5.0,Food Delivery,5,1,US,tablet,98.0,1,0,0,1,0,0
14095,2309,5.0,Online,3,0,US,tablet,348.9,0,0,0,1,0,0
14292,3895,5.0,Travel,21,0,CA,desktop,8.5,2,0,0,0,0,1
14315,4455,5.0,Grocery,12,1,DE,desktop,334.1,0,1,0,0,1,0
14342,3015,5.0,Food Delivery,20,0,BR,desktop,27.4,1,0,0,0,0,0
14366,3759,5.73,Food Delivery,1,1,US,tablet,56.8,1,0,0,1,0,0
14388,2970,21.35,Online,0,0,US,mobile,170.6,1,0,0,1,0,0
14481,4812,6.92,Food Delivery,23,0,US,tablet,163.8,1,0,0,1,0,0
14503,3046,5.0,Food Delivery,0,3,US,mobile,78.4,1,0,0,1,0,0
14542,4440,5.0,Travel,2,0,US,tablet,109.9,1,0,0,1,0,1
14548,1957,5.0,Retail,0,0,US,desktop,37.0,3,0,0,1,1,0
14578,3297,5.0,Entertainment,0,2,US,mobile,519.8,1,0,0,1,0,0
14650,3922,5.0,Retail,21,0,DE,desktop,643.8,0,1,0,0,1,1
14681,1513,5.0,Food Delivery,4,4,US,mobile,1683.3,2,0,0,1,0,0
14691,3908,5.0,Online,21,3,BR,desktop,21.5,2,0,0,0,0,1
14737,2756,5.0,Food Delivery,1,2,US,tablet,243.2,2,0,0,1,0,0
14772,4158,5.0,Online,5,1,US,tablet,329.4,0,0,0,1,0,0
14820,1845,5.0,Online,0,0,US,mobile,101.4,2,0,0,1,0,0
14843,3117,5.0,Retail,23,3,DE,mobile,72.3,0,0,0,1,1,0
14876,2431,5.0,Entertainment,1,4,US,mobile,79.9,1,0,0,1,0,0
14979,1507,5.0,Travel,5,0,US,mobile,143.5,0,0,0,1,0,0
14984,4999,5.0,Travel,5,3,US,mobile,44.2,2,0,0,1,0,1
15010,3130,5.0,Entertainment,23,2,US,mobile,145.4,2,0,0,1,0,1
15188,4244,5.0,Travel,23,0,US,mobile,370.7,0,0,0,1,0,1
15205,1141,5.0,Travel,5,4,US,mobile,197.4,1,0,0,1,0,1
15212,4942,5.0,Grocery,3,4,US,desktop,580.8,4,0,0,1,1,0
15247,3710,5.0,Online,2,2,US,mobile,935.0,1,0,0,1,0,0
15264,3807,5.0,Food Delivery,5,3,US,tablet,33.8,1,0,0,1,0,0
15307,4907,5.0,Online,5,4,US,mobile,159.0,0,0,0,1,0,0
15406,3210,5.0,Food Delivery,1,0,US,mobile,477.5,0,0,0,1,0,0
15422,2739,5.0,Retail,2,3,CA,mobile,152.0,0,0,0,1,1,0
15428,1943,5.0,Travel,0,3,US,mobile,156.2,1,0,0,1,0,0
15571,4429,14.07,Travel,23,1,US,tablet,144.4,0,0,0,1,0,0
15589,4442,5.0,Food Delivery,0,4,US,tablet,108.5,0,0,0,1,0,0
15643,3482,5.0,Online,23,3,US,tablet,54.3,0,0,0,1,0,0
15644,3312,5.0,Travel,23,0,US,mobile,166.0,2,0,0,1,0,1
15657,2610,5.0,Entertainment,0,0,US,tablet,281.6,2,0,0,1,0,0
15702,3187,5.0,Travel,23,4,US,tablet,93.2,2,0,0,1,0,0
15703,3732,5.0,Grocery,0,0,DE,mobile,85.7,1,0,0,1,1,0
15709,1162,5.0,Entertainment,7,2,FR,desktop,17.4,2,0,0,0,0,0
15889,3028,5.0,Online,3,2,US,tablet,49.4,2,0,0,1,0,0
15903,3776,5.0,Travel,4,4,US,tablet,156.2,1,0,0,1,0,0
15922,1567,5.0,Retail,0,0,DE,tablet,76.3,1,0,0,1,1,0
15954,4355,5.0,Travel,4,4,US,tablet,412.8,2,0,0,1,0,0
15963,1588,5.0,Food Delivery,1,4,US,mobile,111.4,0,0,0,1,0,0
16046,4789,5.0,Travel,1,1,US,mobile,90.6,0,0,0,1,0,0
16068,2277,5.0,Travel,2,3,US,mobile,101.5,0,0,0,1,0,0
16124,1932,5.0,Online,4,0,US,mobile,49.8,1,0,0,1,0,1
16128,4023,5.0,Entertainment,0,0,US,mobile,108.9,1,0,0,1,0,0
16225,4629,8.85,Food Delivery,4,3,US,tablet,256.8,1,0,0,1,0,0
16237,1951,5.0,Food Delivery,23,1,US,mobile,42.5,2,0,0,1,0,0
16261,4712,5.0,Retail,0,0,CA,mobile,72.8,0,0,0,1,1,0
16273,2211,5.0,Grocery,0,3,GB,tablet,567.9,1,0,0,1,1,1
16325,1786,5.0,Travel,3,0,US,tablet,89.9,2,0,0,1,0,0
16354,3502,5.0,Travel,4,1,US,mobile,65.6,2,0,0,1,0,0
16383,4932,5.0,Grocery,3,4,CA,mobile,75.1,0,0,0,1,1,0
16399,4759,5.0,Online,6,3,GB,desktop,21.0,2,0,0,0,0,1
16423,1543,5.47,Travel,6,4,FR,desktop,1.0,0,0,0,0,0,0
16443,4794,5.0,Utilities,11,4,BR,desktop,334.3,1,1,0,0,1,0
16522,2466,5.0,Online,19,0,AU,desktop,28.8,0,0,0,0,0,0
16617,3543,5.0,Food Delivery,5,1,US,mobile,102.4,1,0,0,1,0,1
16707,3959,5.0,Travel,22,1,FR,desktop,1.0,2,0,0,0,0,1
16726,2938,5.0,Food Delivery,0,3,US,mobile,72.6,1,0,0,1,0,0
16794,3189,5.0,Online,23,2,US,mobile,31.8,2,0,0,1,0,1
16892,1088,5.0,Entertainment,9,2,AU,desktop,21.2,0,0,0,0,0,1
16906,1611,5.0,Travel,9,4,GB,desktop,6.3,1,0,0,0,0,0
16939,4028,5.0,Travel,4,4,US,mobile,96.6,0,0,0,1,0,1
17077,3971,5.0,Travel,2,4,US,tablet,177.7,2,0,0,1,0,0
17096,3204,5.0,Retail,3,3,CA,mobile,88.4,1,0,0,1,1,0
17102,3434,5.0,Entertainment,23,2,US,tablet,112.1,1,0,0,1,0,0
17115,4494,5.0,Retail,23,2,CA,tablet,127.7,1,0,0,1,1,1
17131,2839,5.0,Travel,5,4,US,tablet,143.5,0,0,0,1,0,0
17149,2764,12.36,Online,6,2,FR,desktop,2.9,2,0,0,0,0,0
17155,3539,5.0,Utilities,5,2,US,desktop,522.6,5,0,0,1,1,0
17241,1343,5.0,Grocery,5,0,GB,mobile,233.4,0,0,0,1,1,1
17317,1150,5.0,Food Delivery,1,4,US,mobile,162.4,1,0,0,1,0,0
17422,3875,5.0,Travel,23,0,US,tablet,730.9,1,0,0,1,0,0
17446,3911,5.0,Entertainment,15,3,JP,desktop,23.8,2,0,0,0,0,0
17460,2452,5.0,Travel,7,3,GB,desktop,1.6,2,0,0,0,0,0
17464,3124,5.0,Travel,3,3,US,mobile,183.9,1,0,0,1,0,0
17485,3670,6.4,Travel,23,3,US,mobile,162.6,2,0,0,1,0,0
17568,2008,5.0,Travel,4,0,US,mobile,77.7,2,0,0,1,0,0
17618,4637,5.0,Travel,16,3,CA,desktop,17.6,1,0,0,0,0,0
17660,4801,5.0,Travel,0,1,US,mobile,37.7,0,0,0,1,0,0
17687,4586,5.0,Travel,2,3,US,mobile,136.4,1,0,0,1,0,1
17711,3416,5.0,Travel,18,3,CA,desktop,8.2,2,0,0,0,0,1
17784,3825,5.0,Online,0,0,US,mobile,223.2,0,0,0,1,0,0
17856,4851,5.0,Retail,23,3,DE,mobile,609.6,1,0,0,1,1,0
17949,1520,5.0,Retail,0,1,AU,mobile,50.6,1,0,0,1,1,0
18060,1316,5.0,Travel,4,3,US,tablet,382.8,2,0,0,1,0,1
18154,4274,5.0,Online,23,1,US,mobile,185.1,1,0,0,1,0,1
18158,1122,5.0,Online,5,0,US,mobile,41.4,0,0,0,1,0,1
18168,1829,5.0,Travel,7,1,DE,desktop,23.9,1,0,0,0,0,0
18256,3440,5.0,Utilities,2,3,NG,mobile,36.3,1,0,0,1,1,0
18284,4775,5.0,Food Delivery,2,4,US,mobile,214.0,2,0,0,1,0,0
18300,1451,5.0,Travel,23,2,US,mobile,38.0,1,0,0,1,0,0
18340,2212,5.0,Travel,18,3,GB,desktop,14.0,1,0,0,0,0,0
18366,2603,5.0,Entertainment,5,4,US,mobile,81.6,0,0,0,1,0,0
18422,4781,5.0,Food Delivery,2,2,US,mobile,220.4,1,0,0,1,0,1
18433,4571,18.46,Food Delivery,6,4,FR,desktop,16.1,1,0,0,0,0,1
18480,4844,5.0,Online,23,0,US,mobile,75.2,1,0,0,1,0,1
18510,4301,5.0,Travel,5,0,US,tablet,212.5,2,0,0,1,0,0
18538,4629,5.0,Travel,4,4,US,mobile,30.3,0,0,0,1,0,0
18545,4705,5.0,Entertainment,16,1,JP,desktop,7.3,1,0,0,0,0,0
18557,2616,5.0,Grocery,5,0,CA,tablet,335.2,1,0,0,1,1,1
18705,3767,5.0,Food Delivery,1,3,US,mobile,553.2,2,0,0,1,0,1
18706,2388,10.21,Grocery,5,4,GB,mobile,644.8,1,0,0,1,1,0
18783,2654,5.0,Entertainment,6,4,AU,desktop,15.3,1,0,0,0,0,0
18813,4026,5.0,Online,2,0,US,mobile,93.8,0,0,0,1,0,0
18825,1208,5.0,Online,0,1,US,mobile,590.2,0,0,0,1,0,1
18838,3110,5.0,Entertainment,23,0,US,tablet,46.0,1,0,0,1,0,0
18873,4613,5.0,Food Delivery,4,3,US,mobile,261.3,1,0,0,1,0,0
18937,4710,5.0,Online,3,0,US,tablet,368.0,0,0,0,1,0,1
18945,1626,5.0,Online,0,0,US,mobile,54.5,0,0,0,1,0,0
18950,2459,5.0,Online,23,1,US,mobile,924.1,2,0,0,1,0,0
19119,2935,5.0,Online,4,4,US,mobile,78.4,2,0,0,1,0,0
19166,1898,5.0,Travel,21,1,CA,desktop,1.8,2,0,0,0,0,1
19265,3755,5.0,Food Delivery,23,4,US,tablet,209.7,0,0,0,1,0,0
19280,2181,5.0,Online,20,2,CA,desktop,1.8,0,0,0,0,0,1
19281,4313,5.0,Travel,3,1,US,mobile,59.7,1,0,0,1,0,0
19321,3544,5.48,Online,23,4,US,mobile,171.9,0,0,0,1,0,0
19417,3798,5.0,Online,23,0,US,mobile,81.0,1,0,0,1,0,0
19429,3712,5.0,Food Delivery,4,4,US,mobile,98.7,1,0,0,1,0,0
19467,2569,5.0,Health,1,2,BR,mobile,339.8,0,0,0,1,1,0
19482,3041,5.0,Travel,0,0,US,mobile,317.5,0,0,0,1,0,1
19487,4960,5.0,Grocery,1,2,AU,tablet,44.0,0,0,0,1,1,0
19492,4171,5.0,Travel,23,2,US,tablet,157.9,1,0,0,1,0,0
19500,1532,5.0,Grocery,5,0,JP,mobile,213.3,2,0,0,1,1,0
19582,1947,5.01,Retail,3,1,BR,mobile,218.7,2,0,0,1,1,0
19644,4648,5.0,Travel,5,4,US,tablet,31.9,1,0,0,1,0,0
19658,2820,5.0,Retail,23,4,GB,mobile,58.1,0,0,0,1,1,1
19712,1380,5.0,Retail,1,4,CA,tablet,70.3,0,0,0,1,1,1
19760,2413,5.0,Food Delivery,5,1,US,mobile,580.4,2,0,0,1,0,0
19768,2383,13.78,Online,9,3,AU,desktop,9.6,1,0,0,0,0,0
19777,4079,5.0,Food Delivery,5,3,US,mobile,695.2,1,0,0,1,0,0
19876,2091,5.0,Travel,0,4,US,tablet,225.5,1,0,0,1,0,1
19886,4145,5.0,Online,0,3,US,mobile,46.4,0,0,0,1,0,1
19906,4257,5.0,Online,0,3,US,mobile,306.3,1,0,0,1,0,0
19909,2227,5.0,Grocery,4,1,US,desktop,274.4,5,0,0,1,1,0
19941,4474,5.0,Travel,17,0,CA,desktop,2.9,0,0,0,0,0,0
19964,1047,7.91,Online,5,0,US,mobile,106.5,0,0,0,1,0,0
19972,4835,5.0,Grocery,10,2,CA,desktop,190.7,1,1,0,0,1,0
19997,1651,5.0,Entertainment,18,4,JP,desktop,25.9,1,0,0,0,0,0
245,3514,5.0,Travel,20,6,DE,desktop,314.1,1,0,1,0,1,0
333,2239,5.0,Grocery,0,5,AU,desktop,1.0,1,0,1,1,0,0
886,3938,5.0,Entertainment,16,3,US,tablet,5.5,1,0,0,0,1,1
1100,2735,5.0,Grocery,2,5,US,desktop,106.3,0,1,1,1,0,0
1107,1976,5.0,Grocery,1,6,FR,desktop,3.5,2,0,1,1,0,1
1681,4770,5.0,Grocery,15,2,US,desktop,315.8,4,1,0,0,0,1
1762,2636,5.0,Entertainment,17,2,US,mobile,1.1,0,0,0,0,1,0
1763,1040,5.0,Grocery,2,5,US,desktop,229.4,2,1,1,1,0,0
1877,1931,5.0,Grocery,1,6,US,desktop,201.6,1,1,1,1,0,0
2073,2610,5.0,Grocery,18,6,US,mobile,9.9,4,0,1,0,0,0
2340,1371,5.9,Utilities,12,6,US,mobile,25.9,5,0,1,0,0,0
2356,2471,5.0,Grocery,0,6,CA,desktop,16.3,0,0,1,1,0,0
2502,1399,5.0,Entertainment,12,6,DE,desktop,321.6,1,0,1,0,1,0
2592,2514,5.0,Retail,17,1,US,desktop,146.0,3,1,0,0,0,0
2636,1106,5.0,Food Delivery,12,4,US,mobile,29.2,2,0,0,0,1,1
3233,3706,5.0,Grocery,5,6,US,desktop,133.7,1,1,1,1,0,0
3343,1395,5.0,Grocery,3,6,US,desktop,157.6,2,1,1,1,0,1
3684,3279,5.0,Grocery,8,6,US,mobile,1.4,5,0,1,0,0,0
3765,2650,16.99,Grocery,8,6,US,tablet,15.7,3,0,1,0,0,0
4081,4615,5.0,Travel,8,6,GB,desktop,324.7,0,0,1,0,1,0
4435,3337,5.0,Retail,1,6,US,desktop,104.5,0,1,1,1,0,1
4456,1268,5.0,Food Delivery,10,6,FR,desktop,99.4,2,0,1,0,1,0
4474,1545,5.0,Food Delivery,6,0,US,tablet,29.3,2,0,0,0,1,0
4485,2875,5.0,Online,15,5,BR,desktop,265.0,2,0,1,0,1,1
5002,1135,5.0,Grocery,14,5,US,mobile,21.7,3,0,1,0,0,0
5169,2411,5.0,Grocery,7,3,US,desktop,182.3,3,1,0,0,0,1
5308,3978,5.0,Food Delivery,9,6,BR,desktop,253.0,0,0,1,0,1,1
5618,1735,5.0,Grocery,4,6,FR,desktop,3.1,1,0,1,1,0,0
5763,1778,5.0,Online,20,5,JP,desktop,228.8,0,0,1,0,1,1
5793,2567,5.0,Entertainment,22,5,GB,desktop,103.9,2,0,1,0,1,1
6060,2511,5.0,Retail,0,6,DE,desktop,14.5,1,0,1,1,0,0
6243,4674,5.0,Online,13,0,US,mobile,9.9,1,0,0,0,1,1
6269,2096,5.0,Utilities,1,5,US,desktop,535.6,2,1,1,1,0,0
6286,4984,5.0,Grocery,17,0,US,desktop,45.5,4,1,0,0,0,0
6347,3236,5.0,Entertainment,16,6,DE,desktop,221.2,1,0,1,0,1,1
6376,4456,9.14,Travel,19,2,US,mobile,12.0,0,0,0,0,1,0
6466,3073,5.0,Retail,4,5,US,desktop,75.6,2,1,1,1,0,1
7096,4990,5.0,Utilities,0,5,AU,desktop,17.8,2,0,1,1,0,0
7163,3502,5.0,Grocery,4,6,US,desktop,86.9,1,1,1,1,0,0
7338,2519,5.0,Grocery,12,4,US,desktop,72.7,5,1,0,0,0,0
7550,4169,5.0,Entertainment,13,4,US,mobile,18.8,1,0,0,0,1,0
7848,4691,5.0,Retail,13,0,US,desktop,85.4,4,1,0,0,0,0
7962,1349,5.0,Grocery,1,5,US,desktop,458.4,0,1,1,1,0,1
7969,1035,5.0,Entertainment,12,1,US,mobile,7.7,1,0,0,0,1,1
8218,4661,5.0,Grocery,2,6,US,desktop,128.6,0,1,1,1,0,0
8253,1163,5.0,Travel,20,5,NG,desktop,373.5,0,0,1,0,1,0
8434,3715,5.73,Retail,18,1,US,desktop,159.6,3,1,0,0,0,1
8598,3132,5.0,Entertainment,22,3,US,tablet,22.1,0,0,0,0,1,0
8624,4192,7.92,Grocery,14,2,US,desktop,33.6,4,1,0,0,0,0
8731,3389,5.0,Utilities,6,3,US,desktop,269.8,3,1,0,0,0,0
8826,3969,5.93,Food Delivery,13,5,DE,desktop,107.0,1,0,1,0,1,1
8973,2309,5.0,Grocery,7,5,US,tablet,17.8,3,0,1,0,0,0
9131,3254,5.0,Online,15,4,US,mobile,2.2,1,0,0,0,1,1
9181,4407,5.0,Online,7,6,BR,desktop,210.5,0,0,1,0,1,0
9227,3885,5.0,Online,16,6,FR,desktop,30.1,2,0,1,0,1,0
9638,3162,5.0,Retail,5,6,US,desktop,766.2,0,1,1,1,0,0
9653,4353,5.0,Utilities,19,3,US,desktop,230.7,5,1,0,0,0,0
9891,3218,5.0,Online,15,6,BR,desktop,39.4,2,0,1,0,1,0
9982,1027,5.0,Online,15,1,US,mobile,29.1,1,0,0,0,1,0
10046,4516,5.0,Retail,23,6,US,desktop,155.6,1,1,1,1,0,0
10138,2104,5.0,Grocery,2,6,US,desktop,147.0,2,1,1,1,0,0
10434,2500,5.0,Food Delivery,19,4,US,mobile,21.9,1,0,0,0,1,0
10461,4899,5.0,Entertainment,13,1,US,mobile,29.6,0,0,0,0,1,0
10468,2620,5.0,Retail,2,5,US,desktop,109.9,2,1,1,1,0,0
10576,3219,5.0,Retail,3,5,CA,desktop,8.5,0,0,1,1,0,0
10604,3453,5.0,Online,8,2,US,mobile,22.9,1,0,0,0,1,0
10707,3506,5.0,Grocery,11,6,US,mobile,21.3,4,0,1,0,0,0
10801,3066,5.0,Grocery,1,6,JP,desktop,3.2,1,0,1,1,0,1
11341,4877,5.0,Grocery,1,6,US,desktop,242.2,2,1,1,1,0,0
11427,4854,5.0,Food Delivery,20,6,CA,desktop,155.9,0,0,1,0,1,1
11539,4331,5.0,Grocery,19,6,US,mobile,3.8,4,0,1,0,0,0
11878,3622,5.0,Travel,15,1,US,mobile,14.8,0,0,0,0,1,1
11882,3770,5.0,Travel,19,6,GB,desktop,43.9,0,0,1,0,1,0
12368,3642,5.0,Entertainment,15,6,DE,desktop,130.6,1,0,1,0,1,1
12426,2527,10.84,Entertainment,17,2,US,mobile,9.2,1,0,0,0,1,0
12655,3990,5.0,Retail,4,6,CA,desktop,12.3,2,0,1,1,0,0
12753,2448,5.0,Online,18,0,US,mobile,14.2,0,0,0,0,1,1
12760,2851,5.0,Entertainment,22,6,FR,desktop,106.8,0,0,1,0,1,0
12769,3446,5.0,Grocery,18,0,US,desktop,63.5,3,1,0,0,0,0
12900,4042,5.0,Retail,5,6,DE,desktop,17.2,0,0,1,1,0,0
13054,2210,6.46,Health,23,6,US,desktop,40.0,1,1,1,1,0,1
13074,1491,5.0,Retail,16,4,US,desktop,132.0,3,1,0,0,0,0
13176,4866,5.0,Travel,10,6,CA,desktop,445.8,0,0,1,0,1,1
13410,2833,5.0,Retail,7,6,US,mobile,6.8,4,0,1,0,0,0
13566,3467,5.0,Online,6,5,CA,desktop,189.9,0,0,1,0,1,1
13854,2042,10.95,Grocery,12,3,US,desktop,291.6,3,1,0,0,0,0
13927,2747,5.0,Travel,17,0,US,mobile,16.4,0,0,0,0,1,0
13975,4207,5.0,Online,16,5,FR,desktop,42.4,1,0,1,0,1,0
14230,4226,5.0,Grocery,14,0,US,desktop,226.0,4,1,0,0,0,0
14234,2530,5.0,Grocery,3,5,US,desktop,60.1,1,1,1,1,0,0
14508,3443,5.0,Retail,14,4,US,desktop,52.1,3,1,0,0,0,1
14576,1466,5.0,Entertainment,22,5,GB,desktop,96.4,1,0,1,0,1,1
14580,1748,5.0,Grocery,5,6,DE,desktop,10.9,2,0,1,1,0,0
14760,2402,5.0,Retail,15,6,US,mobile,22.0,3,0,1,0,0,0
14900,2956,5.0,Grocery,2,6,GB,desktop,19.6,0,0,1,1,0,1
14957,2421,5.68,Retail,16,4,US,desktop,399.3,3,1,0,0,0,0
15135,3643,5.0,Travel,9,3,US,mobile,1.1,1,0,0,0,1,1
15161,1565,5.0,Grocery,3,5,GB,desktop,1.3,1,0,1,1,0,0
15530,3539,5.0,Retail,20,2,US,desktop,100.7,3,1,0,0,0,1
15536,2509,5.0,Online,19,4,US,mobile,1.0,1,0,0,0,1,0
15933,3710,5.0,Travel,21,0,US,mobile,14.7,2,0,0,0,1,0
16597,4751,5.0,Utilities,5,5,US,desktop,293.3,1,1,1,1,0,0
17054,4283,5.0,Food Delivery,12,6,JP,desktop,354.0,1,0,1,0,1,1
17067,4893,5.0,Travel,19,5,DE,desktop,105.4,1,0,1,0,1,0
17157,2122,16.62,Retail,23,6,GB,desktop,5.6,0,0,1,1,0,1
17283,3059,5.0,Retail,11,6,US,tablet,12.0,5,0,1,0,0,0
17330,1303,5.0,Health,23,5,US,desktop,329.4,2,1,1,1,0,0
17347,2818,5.0,Retail,14,5,US,mobile,29.4,3,0,1,0,0,0
17380,4300,5.0,Retail,23,6,BR,desktop,15.3,2,0,1,1,0,0
17474,3149,5.0,Entertainment,12,5,CA,desktop,50.9,0,0,1,0,1,1
17694,4237,5.0,Retail,21,4,US,desktop,858.9,3,1,0,0,0,0
18612,2861,5.0,Grocery,3,6,FR,desktop,20.4,0,0,1,1,0,0
18730,4052,5.0,Grocery,14,2,US,desktop,54.9,4,1,0,0,0,0
18740,4083,6.83,Health,0,5,US,desktop,741.4,2,1,1,1,0,0
18795,4495,5.0,Health,2,6,GB,desktop,20.9,1,0,1,1,0,0
19075,2181,6.47,Retail,2,6,GB,desktop,1.0,2,0,1,1,0,0
19406,4911,5.0,Travel,7,6,BR,desktop,153.6,0,0,1,0,1,0
19810,3396,5.0,Travel,15,5,AU,desktop,191.7,1,0,1,0,1,0
19898,3526,5.0,Entertainment,15,5,AU,desktop,294.6,1,0,1,0,1,0
24,4707,5.0,Retail,8,3,CA,tablet,680.6,1,1,0,0,0,0
211,2044,5.0,Retail,4,4,US,mobile,54.0,3,0,0,1,0,0
398,1785,5.0,Grocery,1,3,US,tablet,154.1,3,0,0,1,0,0
446,3651,5.0,Retail,8,1,CA,tablet,506.8,1,1,0,0,0,0
496,2650,5.0,Retail,9,0,CA,tablet,172.2,0,1,0,0,0,0
501,1454,5.0,Retail,15,0,GB,mobile,46.1,0,1,0,0,0,0
665,3389,5.0,Health,10,3,GB,mobile,57.0,0,1,0,0,0,0
681,3893,5.0,Grocery,7,2,GB,mobile,111.7,0,1,0,0,0,0
794,4301,5.0,Utilities,0,3,US,mobile,467.0,3,0,0,1,0,1
807,3179,5.0,Retail,4,1,US,mobile,45.6,3,0,0,1,0,0
860,4203,5.0,Grocery,19,3,JP,mobile,89.9,0,1,0,0,0,0
920,3545,5.0,Grocery,14,4,DE,desktop,14.6,3,0,0,0,0,0
1131,2627,5.0,Retail,21,1,DE,desktop,26.9,3,0,0,0,0,0
1164,3125,5.0,Grocery,20,2,GB,mobile,102.6,0,1,0,0,0,0
1174,1710,5.0,Retail,5,1,US,mobile,116.0,3,0,0,1,0,0
1255,3599,9.36,Health,21,2,JP,mobile,322.2,2,1,0,0,0,0
1291,1934,5.0,Retail,9,0,GB,desktop,9.5,3,0,0,0,0,1
1513,3975,5.0,Grocery,18,4,GB,mobile,87.3,2,1,0,0,0,1
1538,1442,5.0,Health,15,3,FR,desktop,25.5,3,0,0,0,0,1
1588,1312,5.0,Retail,3,1,US,tablet,81.3,3,0,0,1,0,0
1610,1504,5.0,Retail,1,4,US,tablet,767.2,3,0,0,1,0,0
1731,4114,5.0,Retail,23,0,US,tablet,397.5,3,0,0,1,0,0
1760,3323,5.0,Retail,5,3,US,tablet,171.7,3,0,0,1,0,1
1790,4014,5.0,Grocery,7,3,GB,mobile,36.2,1,1,0,0,0,0
1803,2818,5.0,Retail,8,3,DE,tablet,236.8,0,1,0,0,0,1
1855,1426,5.24,Grocery,17,1,CA,mobile,69.3,2,1,0,0,0,0
1902,3123,5.0,Grocery,3,3,US,mobile,338.0,3,0,0,1,0,0
2150,4415,5.0,Grocery,13,2,FR,mobile,320.5,0,1,0,0,0,0
2159,4251,5.0,Grocery,4,0,US,mobile,60.8,3,0,0,1,0,0
2240,4539,5.0,Grocery,11,3,CA,mobile,355.9,2,1,0,0,0,0
2311,2122,7.25,Retail,5,1,US,tablet,147.0,3,0,0,1,0,1
2367,2348,5.0,Utilities,20,4,DE,mobile,90.2,1,1,0,0,0,0
2408,3842,5.0,Grocery,16,1,GB,tablet,171.6,0,1,0,0,0,0
2474,1827,5.0,Health,14,4,GB,mobile,257.2,0,1,0,0,0,0
2556,1413,5.0,Retail,17,1,DE,mobile,392.8,0,1,0,0,0,0
2602,1858,5.0,Retail,8,0,JP,tablet,879.7,2,1,0,0,0,0
2612,4710,5.0,Retail,8,4,CA,desktop,14.9,3,0,0,0,0,0
2753,3330,7.12,Grocery,14,4,DE,mobile,889.1,0,1,0,0,0,0
2759,2439,5.0,Retail,11,3,CA,mobile,127.5,1,1,0,0,0,0
2882,1945,5.0,Grocery,2,4,US,mobile,233.7,3,0,0,1,0,1
2906,4456,5.0,Grocery,3,0,US,mobile,319.2,4,0,0,1,0,0
2946,1429,5.0,Retail,23,1,US,tablet,84.6,3,0,0,1,0,0
2956,4979,5.0,Grocery,18,1,AU,tablet,346.5,0,1,0,0,0,0
3051,4344,5.0,Grocery,0,1,US,mobile,308.9,3,0,0,1,0,0
3100,2091,5.0,Grocery,12,3,AU,mobile,65.7,0,1,0,0,0,1
3269,1537,5.0,Grocery,19,0,CA,tablet,306.6,1,1,0,0,0,1
3414,1375,5.0,Grocery,2,0,US,mobile,524.3,3,0,0,1,0,0
3432,4080,5.0,Retail,6,4,GB,mobile,331.5,1,1,0,0,0,0
3441,4791,5.0,Retail,3,4,US,tablet,102.2,3,0,0,1,0,0
3508,4247,5.0,Grocery,5,3,US,mobile,154.7,3,0,0,1,0,1
3676,2727,12.26,Grocery,0,0,US,mobile,124.6,4,0,0,1,0,0
3789,4904,5.0,Retail,1,1,US,mobile,156.0,3,0,0,1,0,0
3880,1170,5.0,Retail,2,2,US,tablet,253.3,4,0,0,1,0,0
4067,4417,5.0,Retail,18,2,FR,tablet,239.3,2,1,0,0,0,1
4165,3857,5.0,Grocery,20,3,GB,mobile,70.1,0,1,0,0,0,1
4169,3027,5.93,Grocery,10,4,CA,mobile,531.3,1,1,0,0,0,0
4394,1270,5.0,Grocery,15,1,BR,mobile,47.7,2,1,0,0,0,0
4417,2883,7.05,Grocery,12,2,DE,mobile,50.8,1,1,0,0,0,1
4473,2952,6.72,Retail,15,3,FR,mobile,100.7,0,1,0,0,0,0
4672,3759,5.0,Retail,10,2,FR,mobile,718.5,1,1,0,0,0,0
4780,1287,5.0,Grocery,6,0,GB,mobile,204.4,0,1,0,0,0,1
4849,1612,5.74,Grocery,1,0,US,tablet,107.7,4,0,0,1,0,0
4876,3657,5.0,Grocery,12,3,DE,tablet,689.5,1,1,0,0,0,1
5147,2902,5.0,Grocery,9,3,CA,mobile,240.2,2,1,0,0,0,0
5206,2826,5.0,Retail,19,1,GB,tablet,52.9,1,1,0,0,0,1
5246,1913,6.89,Retail,15,2,CA,tablet,560.6,0,1,0,0,0,1
5268,3520,5.0,Grocery,13,2,DE,mobile,128.3,1,1,0,0,0,0
5416,1919,5.0,Grocery,18,3,FR,tablet,250.0,1,1,0,0,0,1
5506,4349,5.0,Grocery,2,3,US,mobile,139.3,4,0,0,1,0,0
5680,1182,5.0,Utilities,18,2,GB,mobile,230.6,1,1,0,0,0,0
5779,3828,5.12,Retail,22,2,CA,desktop,6.7,3,0,0,0,0,1
5826,3133,5.0,Grocery,3,0,US,mobile,586.4,3,0,0,1,0,0
5942,2876,5.0,Grocery,4,0,US,mobile,219.7,3,0,0,1,0,1
5996,1840,5.0,Grocery,1,3,US,mobile,213.4,6,0,0,1,0,0
6029,3113,5.0,Grocery,16,0,FR,mobile,40.4,1,1,0,0,0,0
6096,3570,5.0,Grocery,23,2,US,mobile,259.4,3,0,0,1,0,0
6138,3926,6.41,Grocery,6,2,DE,mobile,93.4,1,1,0,0,0,1
6372,1322,5.0,Retail,4,3,US,tablet,75.5,4,0,0,1,0,1
6388,3799,5.0,Grocery,14,3,DE,tablet,185.0,2,1,0,0,0,1
6392,2552,5.0,Grocery,20,2,BR,tablet,342.8,1,1,0,0,0,0
6397,3260,5.0,Grocery,0,1,US,mobile,367.8,4,0,0,1,0,0
6405,4251,5.0,Retail,3,2,US,mobile,40.6,4,0,0,1,0,0
6421,3507,14.94,Grocery,23,3,US,tablet,281.6,3,0,0,1,0,0
6544,3379,5.0,Grocery,0,3,US,tablet,203.3,3,0,0,1,0,0
6721,4447,5.0,Retail,5,2,US,mobile,227.1,5,0,0,1,0,0
6800,3591,5.0,Retail,16,0,CA,mobile,341.1,2,1,0,0,0,0
6880,3384,5.0,Utilities,4,4,US,mobile,481.9,3,0,0,1,0,0
6911,3537,5.0,Retail,7,1,GB,mobile,349.1,1,1,0,0,0,0
6921,2029,5.0,Grocery,12,1,CA,mobile,38.2,1,1,0,0,0,0
7258,3570,5.0,Health,4,2,US,tablet,97.6,6,0,0,1,0,0
7293,2113,7.35,Retail,0,3,US,mobile,113.3,3,0,0,1,0,0
7410,1243,5.0,Retail,4,3,US,mobile,630.0,3,0,0,1,0,0
7423,1735,5.0,Grocery,13,1,FR,tablet,156.1,1,1,0,0,0,1
7494,2000,5.75,Grocery,2,1,US,mobile,264.4,3,0,0,1,0,0
7533,4334,5.0,Grocery,23,1,US,tablet,101.4,4,0,0,1,0,0
7690,4836,5.0,Utilities,5,4,US,mobile,407.5,3,0,0,1,0,0
7752,2649,5.0,Grocery,3,2,US,mobile,196.2,3,0,0,1,0,0
7948,1787,5.0,Grocery,4,1,US,mobile,133.9,3,0,0,1,0,0
8027,3200,5.0,Grocery,7,2,JP,tablet,167.6,0,1,0,0,0,1
8033,3594,5.0,Retail,22,3,JP,mobile,160.8,1,1,0,0,0,0
8070,1496,5.0,Health,6,2,CA,tablet,74.0,0,1,0,0,0,0
8123,3961,5.85,Grocery,5,1,US,mobile,39.4,3,0,0,1,0,1
8130,1475,8.26,Retail,22,4,CA,mobile,50.7,0,1,0,0,0,0
8684,1498,5.0,Grocery,14,1,FR,desktop,2.8,3,0,0,0,0,1
8724,3167,5.0,Utilities,3,0,US,mobile,80.4,3,0,0,1,0,0
8740,2727,5.0,Retail,3,0,US,mobile,53.7,4,0,0,1,0,1
8796,4026,5.0,Grocery,18,1,FR,mobile,311.4,1,1,0,0,0,0
9022,3355,5.0,Grocery,1,2,US,mobile,170.4,3,0,0,1,0,0
9288,1155,5.0,Retail,20,0,DE,mobile,479.9,1,1,0,0,0,1
9442,2787,5.0,Grocery,4,2,US,mobile,721.9,3,0,0,1,0,0
9589,3008,5.0,Retail,2,0,US,tablet,44.2,3,0,0,1,0,1
9605,2729,5.0,Retail,9,4,GB,mobile,269.7,1,1,0,0,0,1
9649,4922,5.0,Grocery,20,3,NG,desktop,28.1,3,0,0,0,0,0
9677,4274,5.0,Grocery,8,1,GB,mobile,68.2,1,1,0,0,0,0
9727,4745,5.0,Grocery,9,1,GB,mobile,423.1,0,1,0,0,0,0
9868,2003,19.11,Grocery,5,4,US,tablet,237.4,4,0,0,1,0,1
9903,2138,14.77,Grocery,11,3,CA,tablet,31.9,0,1,0,0,0,0
9998,2412,5.0,Utilities,4,1,US,mobile,522.3,3,0,0,1,0,0
10112,2098,5.0,Retail,23,2,US,tablet,185.1,4,0,0,1,0,0
10117,4917,5.0,Retail,3,4,US,tablet,38.0,3,0,0,1,0,0
10136,2429,5.0,Health,23,4,US,mobile,453.6,3,0,0,1,0,1
10184,4035,5.0,Grocery,16,3,DE,mobile,60.8,0,1,0,0,0,0
10317,2233,5.0,Grocery,4,4,US,mobile,82.7,3,0,0,1,0,1
10320,2207,5.0,Retail,2,1,US,tablet,31.0,3,0,0,1,0,1
10393,3686,5.0,Retail,17,4,CA,desktop,8.2,3,0,0,0,0,1
10428,4643,5.0,Utilities,2,0,US,mobile,99.2,4,0,0,1,0,1
10456,1017,5.0,Grocery,15,4,DE,mobile,114.9,1,1,0,0,0,0
10477,3816,5.65,Grocery,14,2,DE,mobile,170.6,2,1,0,0,0,0
10508,4216,5.0,Health,16,1,DE,mobile,67.5,1,1,0,0,0,1
10516,2691,5.0,Grocery,15,3,GB,mobile,192.5,1,1,0,0,0,0
10543,3629,5.0,Utilities,22,2,GB,mobile,231.7,2,1,0,0,0,0
10567,1719,5.75,Retail,21,2,AU,mobile,55.5,2,1,0,0,0,0
10578,2228,5.0,Grocery,15,4,CA,desktop,23.6,3,0,0,0,0,1
10774,1343,5.0,Grocery,14,4,DE,mobile,86.4,2,1,0,0,0,1
10784,2550,10.01,Grocery,18,0,FR,mobile,30.6,1,1,0,0,0,0
10892,2082,5.0,Grocery,13,3,FR,mobile,80.1,2,1,0,0,0,1
11227,4699,5.0,Retail,17,4,AU,mobile,634.9,1,1,0,0,0,1
11384,1422,5.0,Utilities,13,0,DE,mobile,195.7,2,1,0,0,0,0
11409,3660,5.0,Retail,21,1,DE,mobile,476.5,0,1,0,0,0,0
11551,2458,5.3,Grocery,15,2,CA,tablet,59.5,0,1,0,0,0,0
11563,4447,5.0,Grocery,16,1,GB,tablet,786.3,0,1,0,0,0,0
11735,2874,5.0,Utilities,7,1,CA,mobile,188.9,1,1,0,0,0,0
11833,3583,5.52,Retail,5,2,US,mobile,195.6,4,0,0,1,0,0
12040,4795,5.0,Grocery,22,4,FR,mobile,159.5,1,1,0,0,0,0
12058,4695,5.0,Grocery,0,0,US,tablet,249.7,3,0,0,1,0,0
12111,2457,5.0,Retail,23,1,US,mobile,43.0,4,0,0,1,0,0
12177,4402,5.0,Retail,10,4,AU,mobile,146.5,1,1,0,0,0,1
12501,1698,5.0,Grocery,5,0,US,mobile,112.3,5,0,0,1,0,0
12692,3551,5.0,Grocery,16,0,NG,mobile,50.9,2,1,0,0,0,0
12730,4476,6.59,Retail,23,0,US,mobile,82.8,3,0,0,1,0,0
12732,2436,6.19,Grocery,23,3,US,mobile,64.4,5,0,0,1,0,1
12851,4653,5.0,Retail,14,1,GB,mobile,46.1,0,1,0,0,0,0
12915,1394,5.0,Grocery,6,0,CA,mobile,323.1,2,1,0,0,0,1
13093,4856,5.0,Retail,12,2,NG,tablet,49.1,2,1,0,0,0,1
13253,4960,5.0,Grocery,7,2,GB,tablet,174.6,0,1,0,0,0,0
13374,4768,12.9,Retail,19,1,BR,mobile,152.9,2,1,0,0,0,0
13565,3320,5.0,Health,14,3,DE,mobile,33.3,2,1,0,0,0,0
13606,2972,5.0,Retail,9,4,AU,tablet,227.2,1,1,0,0,0,0
13765,2927,5.0,Grocery,11,4,CA,mobile,137.9,2,1,0,0,0,0
13833,4691,5.0,Retail,6,4,GB,mobile,309.9,0,1,0,0,0,1
13867,2083,5.0,Retail,7,3,GB,tablet,193.8,0,1,0,0,0,0
13965,3285,5.0,Grocery,20,3,CA,tablet,95.4,1,1,0,0,0,1
14120,2626,5.0,Grocery,11,0,AU,desktop,18.3,3,0,0,0,0,0
14212,1179,5.0,Utilities,13,1,NG,desktop,15.6,3,0,0,0,0,0
14309,4638,5.29,Grocery,3,4,US,tablet,207.2,3,0,0,1,0,0
14333,2362,5.0,Retail,2,4,US,mobile,764.8,3,0,0,1,0,0
14497,4387,5.0,Retail,10,3,AU,mobile,211.2,2,1,0,0,0,0
14526,3186,5.0,Health,20,0,FR,mobile,789.0,1,1,0,0,0,0
14532,1218,5.03,Grocery,16,4,DE,mobile,262.5,0,1,0,0,0,0
14587,4186,5.0,Retail,15,3,CA,mobile,725.5,0,1,0,0,0,0
14712,2537,5.0,Retail,6,0,GB,mobile,42.5,1,1,0,0,0,1
14778,1137,8.38,Retail,2,2,US,tablet,195.2,5,0,0,1,0,1
14903,3552,5.0,Retail,15,3,CA,tablet,301.7,1,1,0,0,0,0
14963,2051,5.0,Retail,23,2,US,mobile,53.4,3,0,0,1,0,1
15012,3942,5.0,Grocery,18,4,FR,mobile,424.2,0,1,0,0,0,0
15034,4481,5.0,Retail,1,0,US,tablet,157.2,4,0,0,1,0,0
15040,1078,5.0,Grocery,20,3,FR,tablet,132.8,1,1,0,0,0,0
15154,4610,5.0,Retail,14,3,JP,mobile,86.6,1,1,0,0,0,0
15221,2709,5.0,Grocery,19,2,BR,mobile,168.5,2,1,0,0,0,0
15322,2690,5.0,Grocery,17,1,GB,mobile,425.7,0,1,0,0,0,0
15549,2231,5.0,Retail,6,4,DE,mobile,81.2,1,1,0,0,0,0
15717,3963,21.87,Grocery,4,3,US,mobile,345.2,3,0,0,1,0,0
15757,1153,8.7,Retail,1,4,US,mobile,162.1,4,0,0,1,0,1
15919,2279,5.0,Grocery,13,4,NG,tablet,310.6,1,1,0,0,0,1
16212,1104,5.0,Grocery,6,0,FR,mobile,129.1,2,1,0,0,0,0
16391,1598,5.0,Grocery,20,1,CA,mobile,93.2,2,1,0,0,0,0
16433,3914,5.0,Retail,20,2,BR,mobile,92.1,1,1,0,0,0,1
16527,2677,5.0,Utilities,23,1,US,tablet,153.0,3,0,0,1,0,1
16845,3108,5.0,Retail,23,0,US,mobile,298.0,3,0,0,1,0,1
16850,2370,5.0,Grocery,23,0,US,mobile,69.3,3,0,0,1,0,0
16851,2233,5.0,Health,6,1,NG,tablet,262.8,1,1,0,0,0,0
16891,4100,20.07,Retail,17,2,CA,mobile,63.4,1,1,0,0,0,0
16954,4174,13.84,Utilities,23,1,US,mobile,30.5,3,0,0,1,0,1
16961,1417,5.0,Retail,0,4,US,mobile,126.4,3,0,0,1,0,1
17065,4649,5.0,Retail,19,3,DE,desktop,25.7,5,0,0,0,0,1
17227,4443,5.0,Grocery,0,4,US,mobile,73.3,3,0,0,1,0,0
17243,1720,5.0,Utilities,7,0,DE,mobile,236.8,1,1,0,0,0,0
17309,1863,5.0,Grocery,5,4,US,mobile,105.1,3,0,0,1,0,0
17414,1514,5.0,Retail,9,1,BR,mobile,40.3,1,1,0,0,0,0
17500,3181,5.0,Retail,21,1,AU,mobile,204.7,2,1,0,0,0,0
17544,4874,5.0,Grocery,3,2,US,tablet,247.6,4,0,0,1,0,0
17553,3024,6.44,Grocery,18,0,AU,mobile,481.6,1,1,0,0,0,1
17625,2383,6.7,Retail,5,3,US,mobile,117.0,4,0,0,1,0,1
17654,3885,5.0,Retail,4,3,US,mobile,90.9,3,0,0,1,0,0
17671,2391,5.0,Retail,9,1,GB,mobile,390.6,1,1,0,0,0,0
17678,1696,5.0,Retail,18,1,DE,mobile,136.5,2,1,0,0,0,1
17693,3733,5.0,Grocery,23,0,US,mobile,51.3,4,0,0,1,0,1
17697,4070,5.0,Health,8,4,CA,tablet,177.7,0,1,0,0,0,1
17698,4189,5.0,Grocery,14,4,FR,mobile,103.6,1,1,0,0,0,0
17860,2402,6.64,Utilities,1,1,US,mobile,307.5,3,0,0,1,0,0
17891,2984,5.0,Retail,2,2,US,mobile,93.8,4,0,0,1,0,1
17920,3473,5.0,Grocery,4,3,US,tablet,45.0,3,0,0,1,0,0
17952,1312,5.6,Utilities,4,1,US,mobile,214.2,3,0,0,1,0,0
17983,4656,6.37,Health,23,3,US,tablet,446.6,3,0,0,1,0,0
17985,4316,5.0,Grocery,7,3,BR,mobile,90.2,1,1,0,0,0,1
18089,1060,5.0,Retail,0,2,US,mobile,54.2,3,0,0,1,0,0
18137,3856,5.0,Health,8,0,BR,mobile,103.9,0,1,0,0,0,0
18335,2723,5.0,Grocery,23,0,US,tablet,72.8,5,0,0,1,0,0
18463,3564,5.0,Grocery,10,0,NG,desktop,24.4,3,0,0,0,0,0
18491,1754,5.0,Retail,14,1,BR,tablet,460.7,1,1,0,0,0,0
18620,3569,5.0,Grocery,22,4,BR,mobile,237.4,2,1,0,0,0,0
18621,4041,5.0,Retail,14,3,DE,desktop,18.1,3,0,0,0,0,0
18713,4120,5.0,Retail,5,0,US,mobile,58.4,3,0,0,1,0,0
18915,1146,5.0,Retail,23,1,US,mobile,41.7,3,0,0,1,0,0
19085,2109,5.0,Grocery,3,4,US,mobile,120.3,4,0,0,1,0,0
19133,2784,5.0,Grocery,5,2,US,mobile,123.7,5,0,0,1,0,0
19140,3529,5.0,Grocery,17,3,BR,mobile,336.7,0,1,0,0,0,1
19307,3018,5.0,Utilities,17,4,JP,mobile,35.2,2,1,0,0,0,0
19332,3962,5.0,Retail,2,3,US,tablet,146.0,3,0,0,1,0,1
19334,4863,5.0,Grocery,13,2,GB,tablet,66.5,1,1,0,0,0,1
19341,3188,5.0,Grocery,14,3,DE,mobile,260.3,1,1,0,0,0,0
19549,2828,5.0,Grocery,12,0,NG,mobile,446.8,2,1,0,0,0,0
19790,3175,5.0,Grocery,22,0,NG,mobile,648.1,2,1,0,0,0,1
19804,1808,5.0,Grocery,4,1,US,mobile,316.2,4,0,0,1,0,0
19872,2165,5.0,Grocery,3,1,US,mobile,150.8,3,0,0,1,0,0
19885,3354,5.0,Grocery,13,3,CA,mobile,414.4,0,1,0,0,0,0
19922,2838,5.0,Retail,4,0,US,mobile,82.5,3,0,0,1,0,0
155,2737,5.0,Online,8,6,US,desktop,205.0,3,0,1,0,0,0
169,2337,5.0,Travel,19,6,GB,tablet,514.3,0,0,1,0,0,0
283,3684,5.0,Travel,22,5,DE,tablet,131.3,1,0,1,0,0,0
348,4744,5.0,Entertainment,6,5,JP,mobile,381.0,0,0,1,0,0,0
352,1179,5.0,Retail,4,5,US,mobile,26.7,0,0,1,1,1,0
388,4324,5.37,Entertainment,19,5,FR,mobile,178.0,1,0,1,0,0,0
454,1099,5.0,Grocery,23,3,BR,desktop,16.3,1,0,0,1,1,1
458,3535,5.0,Travel,11,6,CA,tablet,125.2,1,0,1,0,0,0
484,4187,8.77,Online,10,5,CA,mobile,522.6,0,0,1,0,0,0
516,1421,5.49,Travel,22,5,CA,mobile,103.1,1,0,1,0,0,0
531,3394,5.0,Food Delivery,10,6,JP,mobile,204.5,1,0,1,0,0,0
568,1997,5.0,Food Delivery,19,5,DE,tablet,39.0,1,0,1,0,0,0
652,3610,5.0,Online,12,6,DE,mobile,692.1,1,0,1,0,0,0
748,2257,5.0,Retail,22,6,US,desktop,28.6,1,1,1,0,1,1
809,2563,5.0,Online,21,6,CA,mobile,282.7,1,0,1,0,0,1
844,1144,5.69,Travel,20,5,DE,tablet,124.0,1,0,1,0,0,1
854,1954,5.0,Travel,8,6,GB,tablet,68.8,2,0,1,0,0,1
955,4142,5.0,Online,6,6,CA,mobile,71.7,1,0,1,0,0,1
1012,4199,5.0,Online,19,5,AU,mobile,114.1,2,0,1,0,0,0
1088,4961,5.0,Food Delivery,22,6,BR,mobile,276.6,0,0,1,0,0,0
1198,4927,5.0,Health,10,6,US,desktop,22.7,1,1,1,0,1,0
1232,3935,5.0,Travel,14,6,NG,mobile,218.4,1,0,1,0,0,0
1427,3686,5.0,Travel,15,6,GB,mobile,425.5,0,0,1,0,0,1
1446,1143,5.0,Food Delivery,22,6,JP,tablet,38.0,1,0,1,0,0,0
1485,2659,5.0,Online,16,6,JP,mobile,160.7,0,0,1,0,0,0
1512,1913,5.0,Travel,10,5,AU,mobile,69.9,1,0,1,0,0,1
1600,3832,5.0,Entertainment,20,6,CA,mobile,159.1,1,0,1,0,0,0
1706,4435,5.0,Travel,17,5,GB,mobile,104.2,1,0,1,0,0,0
1948,4667,5.0,Online,19,5,JP,tablet,396.5,0,0,1,0,0,1
1995,4015,5.0,Food Delivery,10,5,JP,tablet,335.5,0,0,1,0,0,0
2023,3632,5.0,Travel,21,6,DE,tablet,265.7,2,0,1,0,0,0
2101,4652,5.0,Food Delivery,14,6,GB,mobile,488.3,0,0,1,0,0,1
2215,1461,5.0,Travel,21,5,BR,mobile,204.2,0,0,1,0,0,0
2259,1004,20.08,Food Delivery,17,6,FR,mobile,196.5,2,0,1,0,0,1
2286,4328,5.0,Travel,8,5,CA,mobile,275.2,2,0,1,0,0,0
2418,2040,5.0,Entertainment,13,6,JP,mobile,402.9,2,0,1,0,0,0
2586,3217,5.0,Travel,21,5,DE,tablet,83.9,0,0,1,0,0,0
2598,3892,5.0,Grocery,5,4,US,desktop,754.6,0,1,0,1,1,0
2641,1957,5.0,Online,6,5,GB,mobile,41.6,0,0,1,0,0,0
2666,3145,5.0,Food Delivery,12,5,BR,tablet,171.5,1,0,1,0,0,0
2680,2497,5.0,Online,8,5,CA,tablet,149.7,1,0,1,0,0,0
2684,4243,5.0,Travel,11,6,CA,mobile,257.0,0,0,1,0,0,0
2785,4646,10.23,Online,6,6,AU,mobile,229.2,1,0,1,0,0,1
2795,1276,5.0,Travel,20,6,CA,mobile,362.7,0,0,1,0,0,1
2949,3124,5.0,Online,17,6,DE,mobile,366.0,0,0,1,0,0,0
3177,3458,5.0,Grocery,21,1,US,mobile,3.2,3,0,0,0,1,1
3186,4797,5.0,Travel,14,6,US,desktop,402.7,4,0,1,0,0,0
3249,1561,5.0,Food Delivery,13,6,CA,tablet,267.1,0,0,1,0,0,0
3268,3761,5.0,Travel,9,6,CA,mobile,86.7,0,0,1,0,0,0
3296,4184,5.0,Online,9,5,AU,mobile,956.2,1,0,1,0,0,1
3392,3092,5.0,Travel,8,5,FR,mobile,110.9,1,0,1,0,0,0
3415,3389,5.63,Food Delivery,13,6,JP,mobile,37.0,0,0,1,0,0,0
3449,3421,5.0,Online,21,6,CA,mobile,83.4,1,0,1,0,0,1
3510,2398,5.0,Entertainment,8,5,DE,mobile,91.5,1,0,1,0,0,0
3528,1360,5.0,Travel,16,5,JP,tablet,158.0,1,0,1,0,0,1
3639,1330,5.0,Grocery,2,5,US,tablet,20.2,1,0,1,1,1,1
3685,4902,5.0,Online,8,5,JP,mobile,355.8,1,0,1,0,0,1
3848,2438,5.0,Travel,14,5,US,desktop,80.3,3,0,1,0,0,0
3999,3925,5.0,Travel,17,5,CA,mobile,580.5,1,0,1,0,0,0
4039,2224,5.0,Entertainment,8,5,JP,mobile,64.5,1,0,1,0,0,0
4079,1988,5.0,Food Delivery,17,5,FR,mobile,299.3,1,0,1,0,0,1
4196,2978,5.0,Food Delivery,16,6,DE,mobile,36.5,1,0,1,0,0,0
4265,3397,5.0,Food Delivery,8,6,FR,mobile,184.7,2,0,1,0,0,0
4270,3016,5.0,Entertainment,19,6,US,desktop,176.1,3,0,1,0,0,0
4316,2103,5.0,Travel,22,6,GB,mobile,118.4,0,0,1,0,0,0
4354,2653,5.0,Food Delivery,19,5,FR,tablet,376.2,0,0,1,0,0,0
4450,4593,5.0,Online,11,5,FR,mobile,68.5,0,0,1,0,0,0
4525,4201,5.09,Food Delivery,16,6,GB,mobile,373.9,1,0,1,0,0,0
4541,3392,5.0,Travel,10,5,GB,mobile,446.0,2,0,1,0,0,0
4598,1019,5.0,Food Delivery,21,5,DE,mobile,111.0,1,0,1,0,0,1
4604,4026,5.0,Grocery,22,5,FR,desktop,337.4,4,0,1,0,1,0
4948,3079,5.0,Travel,18,6,NG,tablet,44.0,1,0,1,0,0,0
5067,3106,5.95,Travel,15,5,US,desktop,79.0,3,0,1,0,0,1
5181,4418,5.0,Travel,14,5,DE,mobile,69.4,0,0,1,0,0,0
5183,3549,5.0,Food Delivery,19,6,JP,mobile,647.1,1,0,1,0,0,0
5204,3669,5.0,Travel,10,5,JP,tablet,144.1,1,0,1,0,0,0
5406,2551,5.0,Entertainment,8,5,US,desktop,171.2,3,0,1,0,0,1
5420,3571,5.8,Entertainment,13,6,NG,tablet,135.8,0,0,1,0,0,0
5462,1010,5.0,Food Delivery,19,5,FR,mobile,296.4,1,0,1,0,0,0
5492,4131,5.0,Online,21,6,BR,mobile,78.9,1,0,1,0,0,1
5708,2283,5.0,Entertainment,6,6,FR,mobile,87.9,1,0,1,0,0,1
5780,1507,5.0,Online,19,6,FR,mobile,38.3,1,0,1,0,0,1
5902,1614,5.0,Online,13,5,FR,mobile,252.4,1,0,1,0,0,0
5925,4646,9.91,Entertainment,21,5,US,desktop,180.0,3,0,1,0,0,0
5962,3454,5.0,Food Delivery,19,5,FR,tablet,247.2,2,0,1,0,0,0
6003,3560,5.0,Online,18,5,CA,mobile,334.4,2,0,1,0,0,0
6118,1862,5.0,Online,20,6,US,desktop,138.7,3,0,1,0,0,0
6176,2814,5.0,Food Delivery,16,6,CA,mobile,907.8,0,0,1,0,0,0
6213,3318,5.0,Travel,14,6,DE,tablet,551.2,0,0,1,0,0,1
6255,2012,5.0,Travel,13,5,BR,mobile,149.5,0,0,1,0,0,1
6299,2184,5.0,Entertainment,8,5,DE,mobile,36.6,2,0,1,0,0,0
6445,1134,5.0,Entertainment,8,5,CA,mobile,320.9,1,0,1,0,0,0
6494,2382,5.0,Entertainment,11,5,NG,mobile,203.4,1,0,1,0,0,0
6497,3449,5.0,Grocery,21,0,US,mobile,29.1,3,0,0,0,1,0
6542,4838,5.0,Online,17,5,NG,mobile,133.9,2,0,1,0,0,0
6603,2900,5.0,Online,21,6,NG,tablet,33.6,1,0,1,0,0,0
6612,1189,5.0,Travel,14,6,NG,tablet,33.1,0,0,1,0,0,0
6714,3242,5.0,Travel,20,6,AU,mobile,66.8,1,0,1,0,0,1
6764,4465,5.0,Travel,9,5,FR,tablet,94.8,0,0,1,0,0,1
6905,3559,5.0,Travel,8,6,US,desktop,695.5,3,0,1,0,0,0
7049,4197,5.0,Entertainment,16,6,CA,mobile,31.0,2,0,1,0,0,1
7086,4543,5.0,Travel,21,6,GB,mobile,58.8,1,0,1,0,0,0
7087,2787,5.0,Online,7,5,US,desktop,149.5,3,0,1,0,0,0
7160,1294,5.0,Travel,12,6,DE,mobile,46.9,2,0,1,0,0,0
7291,3687,13.79,Entertainment,12,5,AU,tablet,80.0,1,0,1,0,0,0
7313,3008,5.0,Travel,15,5,DE,mobile,1120.3,2,0,1,0,0,1
7360,1213,5.0,Online,16,6,CA,tablet,857.3,2,0,1,0,0,1
7643,2669,6.27,Entertainment,21,5,JP,tablet,223.1,1,0,1,0,0,0
7660,3497,5.0,Travel,6,5,US,desktop,50.7,4,0,1,0,0,1
7711,2052,5.0,Travel,19,5,US,desktop,127.7,3,0,1,0,0,1
7793,3970,5.0,Food Delivery,15,5,CA,tablet,94.1,0,0,1,0,0,0
7865,1941,5.0,Entertainment,7,5,FR,tablet,84.1,0,0,1,0,0,1
7904,4836,5.0,Travel,7,6,CA,mobile,38.3,2,0,1,0,0,1
8263,4125,5.0,Food Delivery,13,6,CA,tablet,191.7,1,0,1,0,0,0
8396,4538,5.0,Travel,14,6,FR,mobile,412.3,2,0,1,0,0,0
8408,3457,5.0,Retail,3,6,US,tablet,12.5,1,0,1,1,1,1
8580,3418,5.0,Online,9,6,US,desktop,182.0,3,0,1,0,0,0
8587,4048,5.0,Retail,1,1,FR,desktop,18.7,1,0,0,1,1,0
8614,3214,5.0,Food Delivery,15,6,BR,mobile,78.6,2,0,1,0,0,0
8671,3715,5.0,Travel,9,6,GB,mobile,279.0,1,0,1,0,0,1
8717,3798,5.0,Online,19,6,GB,tablet,74.3,0,0,1,0,0,0
8751,1841,5.0,Entertainment,6,5,JP,mobile,138.6,0,0,1,0,0,0
8875,2535,5.0,Travel,17,5,GB,tablet,175.1,1,0,1,0,0,0
9004,2820,5.0,Online,17,5,FR,tablet,246.8,0,0,1,0,0,0
9076,4462,5.0,Online,13,5,GB,tablet,64.5,0,0,1,0,0,1
9094,4920,5.0,Health,17,0,US,mobile,7.7,4,0,0,0,1,0
9173,1285,5.0,Online,20,6,AU,tablet,432.2,1,0,1,0,0,1
9175,2701,5.0,Food Delivery,6,5,GB,tablet,102.9,2,0,1,0,0,1
9200,2589,5.0,Online,16,5,BR,mobile,142.8,2,0,1,0,0,0
9203,2354,6.72,Travel,8,6,AU,mobile,269.7,0,0,1,0,0,0
9357,3812,5.0,Food Delivery,15,5,FR,mobile,635.0,2,0,1,0,0,0
9368,3948,5.0,Food Delivery,14,5,CA,mobile,186.1,0,0,1,0,0,0
9398,3099,5.0,Grocery,18,2,US,tablet,18.4,5,0,0,0,1,1
9413,4253,5.85,Travel,7,6,AU,mobile,792.3,1,0,1,0,0,0
9418,1669,5.0,Online,14,5,DE,tablet,338.0,0,0,1,0,0,0
9448,3449,5.0,Travel,14,6,DE,tablet,105.9,0,0,1,0,0,1
9488,2143,6.12,Food Delivery,21,5,BR,tablet,197.5,2,0,1,0,0,1
9497,2580,5.0,Online,22,6,BR,mobile,529.4,0,0,1,0,0,0
9561,3205,5.0,Travel,21,5,CA,tablet,101.2,0,0,1,0,0,0
9744,1978,5.0,Travel,17,6,DE,mobile,91.2,2,0,1,0,0,0
9771,1510,5.0,Travel,15,5,BR,mobile,77.0,2,0,1,0,0,0
9792,2923,5.0,Food Delivery,11,5,US,desktop,366.8,6,0,1,0,0,0
9876,3897,7.49,Online,14,5,US,desktop,63.5,3,0,1,0,0,1
9897,4201,5.0,Utilities,5,4,FR,desktop,18.1,1,0,0,1,1,0
10015,3748,5.0,Travel,15,6,GB,mobile,39.9,1,0,1,0,0,0
10172,2654,5.0,Entertainment,9,6,DE,tablet,50.4,0,0,1,0,0,0
10186,2374,5.97,Travel,18,6,FR,mobile,98.3,2,0,1,0,0,0
10228,4744,5.0,Online,20,6,CA,mobile,30.4,1,0,1,0,0,0
10300,2107,5.0,Online,9,6,US,desktop,306.6,4,0,1,0,0,0
10322,4964,5.0,Online,6,5,NG,mobile,85.6,2,0,1,0,0,0
10327,4471,5.0,Food Delivery,15,6,GB,mobile,166.6,0,0,1,0,0,1
10396,2378,5.0,Food Delivery,12,5,AU,mobile,325.1,0,0,1,0,0,0
10565,4877,8.55,Grocery,23,4,GB,desktop,1.3,0,0,0,1,1,1
10649,2385,5.0,Online,18,6,FR,tablet,450.0,0,0,1,0,0,0
10747,3367,5.0,Travel,13,5,FR,tablet,484.2,0,0,1,0,0,0
10839,1177,5.0,Travel,19,6,FR,tablet,277.9,1,0,1,0,0,1
11019,1635,5.0,Travel,17,6,US,desktop,240.8,5,0,1,0,0,0
11030,1440,5.0,Food Delivery,7,5,FR,mobile,220.6,2,0,1,0,0,0
11142,1592,5.0,Entertainment,14,5,FR,mobile,147.1,1,0,1,0,0,0
11157,1923,5.0,Food Delivery,21,6,FR,mobile,238.6,1,0,1,0,0,0
11158,4402,5.0,Travel,16,6,CA,mobile,253.3,0,0,1,0,0,1
11213,1266,5.0,Online,11,5,CA,mobile,73.9,0,0,1,0,0,0
11251,4513,5.0,Online,14,5,US,desktop,371.9,3,0,1,0,0,0
11264,1719,5.0,Travel,20,5,FR,mobile,112.5,0,0,1,0,0,0
11285,3521,5.0,Travel,21,6,AU,tablet,371.5,0,0,1,0,0,1
11396,4602,5.67,Online,20,6,CA,mobile,72.5,0,0,1,0,0,0
11411,1357,5.0,Travel,6,6,CA,mobile,37.0,1,0,1,0,0,0
11540,3985,5.0,Travel,12,6,US,desktop,187.2,3,0,1,0,0,1
11574,4516,5.0,Online,22,5,AU,mobile,42.2,1,0,1,0,0,1
11576,4258,5.0,Online,19,5,DE,mobile,55.2,1,0,1,0,0,0
11605,3739,5.0,Food Delivery,18,6,CA,mobile,280.2,0,0,1,0,0,0
11623,4114,5.0,Food Delivery,17,5,JP,tablet,178.0,0,0,1,0,0,0
11641,3019,5.0,Food Delivery,20,5,CA,mobile,206.3,1,0,1,0,0,0
11730,3692,7.03,Travel,16,6,US,desktop,762.5,4,0,1,0,0,0
11927,1633,5.0,Food Delivery,20,6,CA,tablet,253.2,0,0,1,0,0,0
11964,3156,7.1,Travel,7,5,CA,mobile,542.8,1,0,1,0,0,0
11993,4058,5.0,Entertainment,7,5,CA,mobile,723.3,0,0,1,0,0,1
12048,4513,5.0,Travel,7,5,AU,mobile,335.0,2,0,1,0,0,1
12155,3615,8.79,Online,12,6,AU,tablet,232.7,1,0,1,0,0,0
12169,4769,5.0,Travel,13,5,FR,mobile,41.1,2,0,1,0,0,1
12192,2498,5.0,Grocery,5,2,DE,desktop,12.4,1,0,0,1,1,0
12198,3553,5.0,Food Delivery,16,6,GB,mobile,616.3,1,0,1,0,0,0
12348,2712,5.0,Travel,20,6,GB,tablet,184.7,0,0,1,0,0,0
12365,2550,5.0,Food Delivery,21,6,CA,mobile,148.3,1,0,1,0,0,0
12394,4152,5.0,Food Delivery,16,5,JP,mobile,97.3,1,0,1,0,0,0
12495,3525,5.0,Travel,20,5,DE,mobile,68.7,1,0,1,0,0,0
12550,1141,5.0,Online,11,5,FR,mobile,218.3,2,0,1,0,0,1
12611,4369,5.0,Travel,19,5,CA,tablet,63.8,1,0,1,0,0,0
12652,1737,5.0,Entertainment,6,5,DE,mobile,672.8,2,0,1,0,0,1
12918,3041,5.0,Online,10,6,CA,mobile,341.1,2,0,1,0,0,0
12920,3851,5.18,Travel,18,6,DE,mobile,269.0,0,0,1,0,0,1
13063,2696,5.0,Online,14,6,BR,mobile,242.7,1,0,1,0,0,0
13109,4211,5.0,Online,17,6,FR,mobile,452.9,0,0,1,0,0,1
13135,4051,5.0,Online,7,5,FR,mobile,733.1,0,0,1,0,0,0
13142,3797,5.0,Grocery,0,2,US,desktop,100.9,1,1,0,1,1,0
13149,2430,5.7,Online,22,5,BR,mobile,286.0,1,0,1,0,0,1
13197,2611,6.18,Food Delivery,14,6,AU,mobile,210.4,1,0,1,0,0,1
13198,1373,5.0,Travel,19,5,JP,mobile,241.6,1,0,1,0,0,0
13313,1532,5.0,Online,8,6,FR,tablet,101.5,1,0,1,0,0,0
13322,2329,5.0,Travel,20,6,CA,mobile,792.6,2,0,1,0,0,0
13475,4666,5.0,Food Delivery,15,6,GB,mobile,121.6,0,0,1,0,0,0
13617,3723,5.0,Online,20,5,GB,mobile,447.7,2,0,1,0,0,1
13871,1183,5.0,Online,7,6,CA,tablet,315.1,0,0,1,0,0,0
13879,4497,5.0,Online,11,5,FR,tablet,256.9,1,0,1,0,0,1
13976,1218,5.0,Online,22,6,CA,mobile,85.1,0,0,1,0,0,0
13999,3072,5.0,Entertainment,21,6,GB,mobile,205.7,1,0,1,0,0,1
14150,4186,5.0,Travel,11,6,GB,mobile,155.6,2,0,1,0,0,1
14202,2357,5.0,Travel,9,6,BR,mobile,87.6,0,0,1,0,0,0
14205,4315,5.0,Online,14,6,BR,mobile,306.4,1,0,1,0,0,1
14245,2166,5.0,Travel,10,6,CA,mobile,78.6,1,0,1,0,0,0
14437,4707,5.0,Travel,16,6,GB,tablet,312.9,2,0,1,0,0,0
14462,2211,5.0,Travel,22,6,GB,mobile,109.9,1,0,1,0,0,0
14473,4819,5.0,Entertainment,8,6,CA,mobile,120.4,2,0,1,0,0,0
14485,2851,5.0,Travel,17,5,AU,mobile,89.6,2,0,1,0,0,0
14547,4596,5.0,Travel,16,6,DE,mobile,280.0,1,0,1,0,0,0
14655,2539,5.0,Entertainment,21,5,BR,mobile,129.4,1,0,1,0,0,1
14716,1565,5.0,Food Delivery,10,5,DE,mobile,606.1,2,0,1,0,0,0
14759,2627,5.0,Food Delivery,11,5,DE,mobile,490.2,0,0,1,0,0,1
14847,3797,5.0,Food Delivery,9,6,DE,mobile,804.1,1,0,1,0,0,0
14977,2875,5.0,Travel,6,5,NG,mobile,300.4,1,0,1,0,0,1
15014,4857,5.0,Travel,14,5,BR,mobile,116.8,0,0,1,0,0,0
15023,3805,5.0,Travel,12,5,US,desktop,55.2,3,0,1,0,0,1
15033,1190,5.49,Entertainment,16,6,US,desktop,80.1,4,0,1,0,0,1
15047,4742,11.97,Online,15,6,US,desktop,117.0,3,0,1,0,0,0
15137,1531,5.0,Travel,20,5,AU,mobile,101.7,0,0,1,0,0,1
15141,1455,5.0,Travel,21,6,CA,mobile,35.7,2,0,1,0,0,1
15305,2683,5.0,Retail,18,5,DE,desktop,139.9,4,0,1,0,1,1
15473,3211,5.0,Online,8,5,CA,mobile,92.6,2,0,1,0,0,0
15534,3910,5.0,Entertainment,18,5,NG,mobile,140.2,1,0,1,0,0,1
15539,4767,5.0,Entertainment,10,5,FR,mobile,153.5,0,0,1,0,0,1
15586,1707,5.0,Food Delivery,17,5,DE,mobile,44.3,1,0,1,0,0,1
15646,2270,5.0,Online,19,5,DE,mobile,104.8,2,0,1,0,0,0
15762,2093,5.0,Entertainment,6,5,BR,mobile,498.9,1,0,1,0,0,0
15775,2451,5.0,Online,10,6,CA,mobile,115.7,1,0,1,0,0,0
15876,1915,5.0,Food Delivery,10,5,JP,mobile,308.9,2,0,1,0,0,0
15921,3827,5.0,Entertainment,16,5,BR,mobile,65.5,0,0,1,0,0,1
15947,3856,5.0,Travel,17,6,JP,mobile,45.7,1,0,1,0,0,0
15996,2916,5.0,Online,12,6,DE,mobile,359.5,1,0,1,0,0,1
16031,3345,5.0,Entertainment,14,6,JP,mobile,123.3,0,0,1,0,0,1
16037,2188,6.77,Entertainment,17,6,FR,mobile,162.0,2,0,1,0,0,1
16172,4274,5.0,Entertainment,20,6,JP,mobile,54.1,1,0,1,0,0,1
16301,3399,5.0,Online,12,6,BR,mobile,55.3,0,0,1,0,0,0
16445,2354,5.0,Food Delivery,11,5,DE,mobile,69.6,1,0,1,0,0,0
16447,1430,5.0,Travel,11,6,NG,mobile,57.8,2,0,1,0,0,0
16478,3673,6.01,Travel,6,6,CA,mobile,321.7,1,0,1,0,0,0
16535,4915,5.0,Online,13,6,FR,mobile,159.4,2,0,1,0,0,0
16634,4674,5.0,Food Delivery,7,5,US,desktop,117.8,4,0,1,0,0,0
16666,1321,5.0,Food Delivery,10,6,JP,mobile,49.6,0,0,1,0,0,0
16694,3507,5.0,Online,13,6,AU,mobile,184.3,2,0,1,0,0,0
16713,1450,5.0,Travel,17,6,JP,mobile,66.0,1,0,1,0,0,0
16724,4604,5.0,Grocery,23,4,US,desktop,42.3,1,1,0,1,1,0
16735,2227,5.0,Online,7,5,DE,tablet,46.3,1,0,1,0,0,0
16739,2244,5.0,Retail,17,5,GB,desktop,39.7,3,0,1,0,1,0
16865,2809,5.0,Food Delivery,10,6,DE,mobile,625.3,0,0,1,0,0,0
17051,1211,5.0,Online,8,6,NG,mobile,193.8,2,0,1,0,0,1
17090,2367,5.0,Online,6,6,FR,mobile,165.5,1,0,1,0,0,1
17169,3120,5.0,Online,18,5,FR,mobile,95.3,0,0,1,0,0,0
17213,4865,5.0,Online,11,5,CA,mobile,48.0,2,0,1,0,0,1
17289,1820,7.49,Food Delivery,9,6,BR,tablet,48.9,0,0,1,0,0,0
17367,2233,5.0,Entertainment,8,5,GB,tablet,252.5,1,0,1,0,0,0
17413,3329,5.0,Travel,14,6,CA,mobile,80.8,1,0,1,0,0,0
17505,4213,5.0,Online,14,6,CA,mobile,207.8,0,0,1,0,0,0
17542,1411,18.06,Entertainment,15,6,US,desktop,168.3,3,0,1,0,0,0
17556,4192,5.0,Travel,9,6,CA,mobile,569.9,2,0,1,0,0,0
17644,2600,5.0,Travel,6,5,CA,mobile,49.7,0,0,1,0,0,0
17757,3412,5.0,Grocery,6,3,US,mobile,10.2,3,0,0,0,1,0
17769,1583,5.0,Online,11,5,GB,mobile,344.6,0,0,1,0,0,0
17822,2474,5.0,Online,7,5,NG,mobile,738.5,0,0,1,0,0,1
18012,3821,5.0,Entertainment,21,5,FR,mobile,138.9,1,0,1,0,0,0
18024,3736,5.0,Travel,10,6,JP,mobile,297.4,1,0,1,0,0,1
18043,2044,5.0,Online,10,6,AU,mobile,289.5,1,0,1,0,0,1
18093,2892,5.0,Online,19,6,BR,mobile,52.2,2,0,1,0,0,0
18240,4404,6.53,Entertainment,6,5,DE,mobile,185.6,1,0,1,0,0,1
18287,1209,5.0,Food Delivery,17,5,AU,tablet,87.0,0,0,1,0,0,0
18304,2400,5.0,Travel,19,6,US,desktop,135.0,3,0,1,0,0,0
18367,3956,5.0,Entertainment,8,6,CA,mobile,35.0,0,0,1,0,0,0
18379,2905,5.0,Online,11,6,GB,mobile,130.0,0,0,1,0,0,0
18631,1871,5.0,Grocery,2,0,GB,desktop,3.8,1,0,0,1,1,0
18675,4215,5.0,Online,14,5,US,desktop,38.5,3,0,1,0,0,0
18778,1958,5.0,Travel,15,5,AU,mobile,101.7,0,0,1,0,0,1
18921,2543,5.0,Online,6,5,FR,mobile,254.2,0,0,1,0,0,0
18954,3188,5.0,Food Delivery,7,6,FR,tablet,338.4,2,0,1,0,0,0
18960,3877,10.31,Food Delivery,7,5,GB,mobile,460.1,1,0,1,0,0,1
19104,1460,5.0,Online,14,5,FR,mobile,107.1,0,0,1,0,0,0
19201,1722,5.0,Food Delivery,7,5,AU,tablet,218.3,0,0,1,0,0,0
19272,1097,5.0,Entertainment,12,5,JP,mobile,217.4,0,0,1,0,0,1
19310,4427,5.0,Online,17,6,US,desktop,67.4,4,0,1,0,0,0
19351,3224,5.0,Grocery,4,0,JP,desktop,25.8,0,0,0,1,1,0
19426,4437,5.0,Grocery,4,3,BR,desktop,17.5,1,0,0,1,1,1
19583,4333,8.81,Food Delivery,9,5,BR,tablet,419.3,2,0,1,0,0,1
19707,4009,5.0,Food Delivery,22,5,AU,mobile,37.0,1,0,1,0,0,0
19736,4144,5.0,Retail,7,2,US,mobile,9.9,4,0,0,0,1,1
19806,3850,5.0,Entertainment,19,6,CA,mobile,302.0,2,0,1,0,0,1
19816,4150,5.0,Online,18,5,DE,mobile,46.8,2,0,1,0,0,0
19917,1268,5.0,Online,6,5,DE,mobile,185.9,1,0,1,0,0,0
412,1918,5.0,Travel,0,4,US,desktop,23.4,0,0,0,1,0,0
1058,4088,5.0,Food Delivery,1,3,US,desktop,2.6,1,0,0,1,0,0
1316,2195,5.0,Entertainment,4,0,US,desktop,15.9,1,0,0,1,0,0
1502,2041,5.0,Food Delivery,1,3,US,desktop,27.2,0,0,0,1,0,0
1570,4938,5.0,Food Delivery,3,4,US,desktop,22.7,0,0,0,1,0,1
3084,1963,5.0,Food Delivery,23,3,US,desktop,28.1,1,0,0,1,0,0
4206,4227,5.0,Food Delivery,4,3,US,desktop,13.2,0,0,0,1,0,1
5097,3462,5.0,Food Delivery,23,2,US,desktop,1.0,0,0,0,1,0,0
6685,2496,5.0,Online,3,2,US,desktop,1.0,0,0,0,1,0,0
6867,2792,5.0,Online,23,4,US,desktop,3.8,0,0,0,1,0,1
7346,2185,5.0,Online,23,4,US,desktop,16.9,0,0,0,1,0,1
7927,4961,5.0,Entertainment,23,1,US,desktop,15.4,2,0,0,1,0,0
8673,2034,5.0,Online,23,2,US,desktop,9.5,1,0,0,1,0,0
9678,1491,6.45,Online,3,1,US,desktop,11.3,1,0,0,1,0,0
10355,3413,5.0,Entertainment,3,2,US,desktop,7.0,1,0,0,1,0,0
10385,3973,5.78,Travel,4,2,US,desktop,24.0,0,0,0,1,0,0
10795,2199,5.0,Travel,23,3,US,desktop,1.0,2,0,0,1,0,0
11094,4886,5.0,Online,2,1,US,desktop,28.6,0,0,0,1,0,1
12041,2855,6.34,Food Delivery,5,1,US,desktop,10.5,0,0,0,1,0,1
12184,1465,5.0,Online,0,1,US,desktop,1.0,0,0,0,1,0,0
12709,4126,5.0,Online,5,1,US,desktop,6.5,1,0,0,1,0,0
12856,2579,5.73,Entertainment,0,4,US,desktop,1.2,0,0,0,1,0,1
13158,4875,5.0,Online,3,3,US,desktop,3.4,1,0,0,1,0,0
13408,1489,5.0,Online,0,2,US,desktop,11.4,2,0,0,1,0,1
13700,4814,5.0,Travel,23,3,US,desktop,9.8,1,0,0,1,0,1
14738,4655,5.0,Food Delivery,3,3,US,desktop,27.3,1,0,0,1,0,1
14911,2134,5.0,Food Delivery,3,1,US,desktop,7.5,2,0,0,1,0,0
14944,4255,5.0,Travel,0,1,US,desktop,3.7,1,0,0,1,0,0
15832,4921,5.0,Travel,4,1,US,desktop,19.3,2,0,0,1,0,0
15987,2333,5.0,Food Delivery,3,1,US,desktop,2.8,2,0,0,1,0,0
16162,1841,5.0,Entertainment,1,4,US,desktop,3.2,1,0,0,1,0,0
16424,4893,17.67,Online,2,1,US,desktop,18.3,2,0,0,1,0,1
16517,3659,5.0,Travel,4,2,US,desktop,26.4,1,0,0,1,0,0
16537,3642,5.0,Online,1,2,US,desktop,1.0,2,0,0,1,0,0
16665,4839,8.17,Food Delivery,2,2,US,desktop,24.2,1,0,0,1,0,0
17145,4793,5.0,Travel,3,3,US,desktop,1.5,2,0,0,1,0,0
17684,1549,5.0,Entertainment,5,3,US,desktop,7.2,0,0,0,1,0,0
18408,2409,5.0,Food Delivery,4,4,US,desktop,25.7,1,0,0,1,0,0
19168,4298,5.0,Travel,1,3,US,desktop,22.3,0,0,0,1,0,0
19350,2608,5.0,Entertainment,2,4,US,desktop,22.1,1,0,0,1,0,0
19694,4339,5.33,Online,1,1,US,desktop,28.9,2,0,0,1,0,1
248,2663,5.0,Food Delivery,18,4,NG,mobile,261.4,1,0,0,0,1,0
318,3907,5.89,Travel,19,3,DE,mobile,178.2,0,0,0,0,1,0
324,4664,5.0,Grocery,2,3,US,mobile,555.2,0,1,0,1,0,0
355,4877,5.0,Travel,21,2,GB,mobile,81.9,2,0,0,0,1,1
360,3994,5.2,Entertainment,8,4,FR,mobile,384.8,0,0,0,0,1,0
400,2241,5.0,Health,2,0,CA,mobile,16.7,1,0,0,1,0,0
466,4864,5.0,Grocery,23,2,CA,mobile,5.3,1,0,0,1,0,0
565,4556,5.0,Online,13,1,NG,mobile,76.1,1,0,0,0,1,0
703,1670,5.0,Grocery,10,5,AU,tablet,77.6,3,0,1,0,0,0
813,3737,5.0,Travel,13,0,US,desktop,638.8,3,0,0,0,1,0
881,1344,5.0,Online,8,4,CA,mobile,107.9,2,0,0,0,1,0
1041,3824,5.0,Food Delivery,22,1,AU,mobile,96.5,2,0,0,0,1,0
1046,1614,11.05,Food Delivery,21,0,JP,mobile,426.4,0,0,0,0,1,1
1147,3125,5.0,Health,3,0,US,mobile,318.4,1,1,0,1,0,0
1152,3019,5.0,Grocery,3,0,GB,mobile,10.4,1,0,0,1,0,0
1212,4128,5.0,Entertainment,9,3,US,desktop,59.2,3,0,0,0,1,0
1289,1407,5.0,Grocery,3,3,US,mobile,134.8,1,1,0,1,0,0
1353,2983,5.0,Grocery,12,5,JP,mobile,324.5,3,0,1,0,0,0
1528,1552,5.0,Online,10,2,FR,mobile,238.9,1,0,0,0,1,0
1625,3213,5.0,Retail,3,3,GB,tablet,28.6,0,0,0,1,0,1
1704,1798,5.0,Retail,11,5,BR,tablet,206.4,3,0,1,0,0,0
1875,2633,5.0,Retail,23,1,US,mobile,314.3,2,1,0,1,0,0
1876,1482,5.0,Online,19,2,US,desktop,139.1,3,0,0,0,1,0
1933,4337,7.23,Travel,10,4,FR,mobile,34.6,0,0,0,0,1,0
2089,2220,5.0,Grocery,2,2,US,mobile,292.8,2,1,0,1,0,1
2208,4356,5.0,Health,21,5,CA,mobile,267.4,3,0,1,0,0,1
2232,1278,5.0,Travel,8,3,DE,mobile,462.3,1,0,0,0,1,1
2351,3155,5.0,Grocery,5,3,DE,tablet,24.9,0,0,0,1,0,0
2394,1883,5.0,Online,11,3,BR,tablet,208.3,0,0,0,0,1,0
2549,2880,5.0,Entertainment,15,2,GB,mobile,212.0,0,0,0,0,1,0
2600,2556,5.0,Travel,13,4,GB,tablet,49.4,1,0,0,0,1,0
2756,4485,5.0,Online,17,1,US,desktop,93.7,3,0,0,0,1,0
2920,2513,5.0,Grocery,10,5,CA,mobile,90.6,3,0,1,0,0,1
3089,1925,5.0,Utilities,0,3,US,mobile,171.3,0,1,0,1,0,1
3094,1963,5.0,Food Delivery,8,3,FR,tablet,243.8,1,0,0,0,1,0
3207,4996,5.01,Retail,5,0,US,tablet,48.4,2,1,0,1,0,1
3272,2647,8.4,Entertainment,7,0,AU,mobile,33.4,1,0,0,0,1,1
3350,4123,5.0,Food Delivery,3,6,US,desktop,285.5,1,0,1,1,1,0
3357,1226,5.0,Retail,12,5,DE,mobile,71.2,3,0,1,0,0,0
3359,1749,5.0,Grocery,11,5,CA,tablet,83.3,3,0,1,0,0,0
3381,4328,7.87,Retail,11,6,DE,mobile,67.2,3,0,1,0,0,0
3409,3637,5.0,Grocery,9,6,CA,mobile,217.3,4,0,1,0,0,0
3419,1389,5.0,Grocery,22,6,CA,mobile,61.2,4,0,1,0,0,1
3524,1676,5.0,Food Delivery,11,1,GB,mobile,184.7,1,0,0,0,1,0
3554,3850,5.0,Online,21,1,AU,tablet,348.9,1,0,0,0,1,0
3590,4639,5.0,Retail,1,1,CA,mobile,2.1,0,0,0,1,0,0
3595,1994,5.0,Travel,17,0,FR,tablet,443.1,1,0,0,0,1,0
3695,2581,5.0,Retail,23,4,US,mobile,199.7,1,1,0,1,0,0
3805,1088,5.0,Food Delivery,19,1,CA,mobile,187.1,0,0,0,0,1,1
3814,2771,5.0,Travel,22,0,CA,tablet,44.1,2,0,0,0,1,0
3854,2408,5.0,Grocery,3,4,GB,mobile,16.1,2,0,0,1,0,1
3919,1241,5.05,Food Delivery,16,2,US,desktop,188.8,3,0,0,0,1,0
4065,4026,5.0,Entertainment,8,4,FR,mobile,169.0,0,0,0,0,1,0
4108,4370,5.68,Utilities,1,0,DE,tablet,1.9,1,0,0,1,0,0
4321,3636,8.98,Food Delivery,7,0,JP,mobile,80.0,1,0,0,0,1,0
4404,4748,5.0,Retail,21,5,US,mobile,8.4,1,1,1,0,0,1
4409,2042,5.0,Grocery,4,3,US,mobile,72.7,1,1,0,1,0,0
4415,2963,5.0,Entertainment,20,3,US,desktop,439.0,3,0,0,0,1,0
4740,3085,5.0,Grocery,2,3,BR,mobile,24.9,0,0,0,1,0,1
4875,1762,8.22,Retail,4,0,US,mobile,70.3,0,1,0,1,0,0
4903,3485,5.0,Online,7,1,DE,tablet,60.7,0,0,0,0,1,0
5052,1603,5.0,Grocery,2,0,US,tablet,59.3,1,1,0,1,0,1
5053,4850,5.0,Retail,3,3,US,mobile,279.4,1,1,0,1,0,0
5149,2480,5.0,Health,0,3,AU,mobile,3.3,1,0,0,1,0,0
5264,2986,5.0,Grocery,23,3,FR,mobile,20.2,1,0,0,1,0,1
5402,3755,5.0,Retail,16,6,CA,tablet,96.4,3,0,1,0,0,0
5407,3922,5.0,Travel,18,2,BR,tablet,646.6,0,0,0,0,1,0
5411,1086,5.0,Online,23,5,US,desktop,58.8,2,0,1,1,1,0
5586,3959,5.0,Grocery,23,3,NG,mobile,20.7,2,0,0,1,0,1
5629,2776,5.0,Health,3,1,US,mobile,269.1,2,1,0,1,0,0
5636,3386,5.0,Online,11,1,DE,mobile,69.1,2,0,0,0,1,0
5720,2831,6.42,Grocery,5,0,GB,mobile,4.7,1,0,0,1,0,0
5842,4997,5.0,Food Delivery,16,1,AU,mobile,299.6,2,0,0,0,1,1
5859,2369,5.0,Grocery,4,2,US,tablet,286.0,2,1,0,1,0,0
5886,4259,5.0,Travel,19,1,JP,mobile,310.1,1,0,0,0,1,0
5905,1751,5.35,Retail,0,4,DE,mobile,10.5,1,0,0,1,0,0
5941,2021,5.0,Travel,6,2,US,desktop,69.8,5,0,0,0,1,1
5969,1770,5.0,Utilities,5,2,US,mobile,300.1,2,1,0,1,0,0
5988,3195,5.0,Grocery,13,6,DE,mobile,353.8,5,0,1,0,0,0
5989,4468,5.0,Entertainment,20,4,AU,mobile,666.9,1,0,0,0,1,1
6102,4546,5.0,Food Delivery,1,5,US,desktop,344.4,1,0,1,1,1,0
6252,1772,5.0,Health,23,1,AU,mobile,12.9,1,0,0,1,0,0
6400,4727,5.0,Grocery,5,2,CA,mobile,20.0,1,0,0,1,0,0
6423,1696,5.0,Retail,5,4,US,mobile,217.6,2,1,0,1,0,0
6456,1779,5.0,Travel,13,3,CA,mobile,53.5,0,0,0,0,1,0
6484,3251,5.0,Utilities,5,3,US,mobile,369.2,2,1,0,1,0,0
6496,4207,5.28,Travel,9,4,FR,tablet,47.0,2,0,0,0,1,0
6533,2997,5.0,Retail,1,2,CA,tablet,7.5,1,0,0,1,0,0
6617,2885,5.0,Grocery,2,3,US,tablet,232.1,1,1,0,1,0,0
6742,4570,5.0,Retail,15,6,JP,tablet,82.6,3,0,1,0,0,1
7113,4757,5.0,Online,1,5,US,desktop,61.6,1,0,1,1,1,0
7169,2595,6.91,Grocery,3,4,US,mobile,231.3,0,1,0,1,0,0
7324,4633,8.27,Utilities,1,4,FR,mobile,13.9,1,0,0,1,0,0
7401,3982,5.0,Food Delivery,19,4,GB,tablet,39.7,1,0,0,0,1,0
7479,4176,5.0,Health,0,4,GB,tablet,14.9,2,0,0,1,0,0
7490,1360,5.0,Health,1,2,US,mobile,77.2,2,1,0,1,0,0
7556,1313,5.0,Retail,0,1,US,mobile,39.3,1,1,0,1,0,1
7662,2903,5.0,Travel,9,0,BR,mobile,81.3,1,0,0,0,1,0
7776,4397,13.35,Grocery,22,5,FR,mobile,150.7,3,0,1,0,0,0
7779,2686,5.0,Travel,18,2,CA,mobile,107.0,1,0,0,0,1,0
7893,2287,6.5,Food Delivery,21,0,DE,mobile,658.9,2,0,0,0,1,0
7967,1839,5.0,Travel,0,5,US,desktop,98.7,2,0,1,1,1,0
8238,2271,5.0,Retail,12,6,FR,tablet,149.6,3,0,1,0,0,0
8268,3041,5.0,Retail,5,3,US,mobile,52.5,1,1,0,1,0,0
8282,2561,5.0,Grocery,12,6,AU,mobile,134.6,4,0,1,0,0,0
8427,2042,5.0,Retail,1,1,US,mobile,76.9,2,1,0,1,0,1
8714,4808,5.0,Utilities,3,0,JP,tablet,13.8,2,0,0,1,0,0
8832,4100,5.87,Grocery,4,3,US,mobile,397.0,0,1,0,1,0,0
9009,1031,5.0,Online,10,4,CA,tablet,111.3,1,0,0,0,1,0
9010,1522,5.0,Food Delivery,13,1,US,desktop,476.1,3,0,0,0,1,1
9122,4960,5.0,Grocery,2,1,CA,tablet,23.9,2,0,0,1,0,0
9193,4476,5.0,Entertainment,22,4,DE,mobile,61.4,1,0,0,0,1,1
9225,1293,5.63,Travel,5,5,US,desktop,133.6,0,0,1,1,1,1
9580,3738,5.0,Travel,12,2,GB,mobile,235.4,0,0,0,0,1,0
9588,4821,5.0,Grocery,7,5,CA,tablet,104.1,3,0,1,0,0,0
9592,1725,5.0,Retail,18,6,GB,mobile,297.0,3,0,1,0,0,0
9667,3430,5.0,Retail,2,0,US,tablet,50.6,1,1,0,1,0,0
9722,3021,5.0,Health,4,0,FR,tablet,24.5,1,0,0,1,0,0
9725,2137,5.0,Retail,1,4,US,mobile,47.0,1,1,0,1,0,1
9776,3780,9.37,Retail,8,6,GB,mobile,600.1,3,0,1,0,0,0
10069,2235,5.0,Grocery,16,5,US,tablet,20.4,1,1,1,0,0,0
10091,1604,5.0,Retail,23,1,US,mobile,266.0,0,1,0,1,0,1
10123,3898,5.0,Grocery,5,1,US,mobile,301.4,2,1,0,1,0,0
10149,3390,5.0,Travel,17,2,US,desktop,346.3,3,0,0,0,1,1
10213,4434,5.0,Retail,11,6,JP,tablet,116.3,3,0,1,0,0,0
10222,1687,6.74,Grocery,3,2,AU,mobile,25.4,1,0,0,1,0,1
10252,1167,5.0,Health,22,5,US,mobile,9.7,0,1,1,0,0,1
10334,2465,5.0,Retail,13,6,NG,mobile,158.1,5,0,1,0,0,1
10356,1017,9.4,Grocery,0,1,CA,mobile,25.4,1,0,0,1,0,1
10489,4947,9.93,Utilities,3,0,US,mobile,43.8,1,1,0,1,0,0
10490,2843,5.0,Entertainment,6,2,US,desktop,348.7,4,0,0,0,1,0
10579,3013,5.0,Online,0,6,US,desktop,32.1,1,0,1,1,1,0
10651,3133,5.0,Food Delivery,19,2,CA,tablet,207.7,0,0,0,0,1,0
10753,2190,5.0,Travel,7,4,FR,tablet,30.1,2,0,0,0,1,0
10766,4133,5.0,Grocery,1,1,CA,mobile,4.4,0,0,0,1,0,1
10821,4591,5.0,Grocery,1,4,US,tablet,243.4,0,1,0,1,0,0
10836,4839,5.0,Travel,20,3,US,desktop,238.8,3,0,0,0,1,0
10870,3926,5.0,Grocery,11,5,CA,mobile,336.5,3,0,1,0,0,1
10913,1706,5.0,Utilities,16,6,CA,mobile,224.9,4,0,1,0,0,0
10924,1442,5.0,Travel,14,4,CA,mobile,77.0,0,0,0,0,1,1
10938,3073,5.0,Grocery,4,1,DE,mobile,28.6,1,0,0,1,0,1
10970,4535,5.0,Food Delivery,5,6,US,desktop,474.8,1,0,1,1,1,0
11033,3483,5.0,Travel,16,3,AU,mobile,509.8,1,0,0,0,1,0
11324,1061,5.0,Grocery,1,2,US,mobile,104.0,2,1,0,1,0,1
11352,4615,5.0,Online,22,1,BR,tablet,511.8,2,0,0,0,1,0
11358,4017,5.0,Grocery,9,6,CA,mobile,222.4,3,0,1,0,0,0
11405,4335,5.0,Grocery,4,0,CA,tablet,12.8,0,0,0,1,0,0
11443,2320,5.0,Retail,4,1,AU,mobile,27.7,1,0,0,1,0,1
11505,2169,5.0,Grocery,3,0,US,mobile,128.9,0,1,0,1,0,1
11513,1899,5.0,Online,15,3,AU,tablet,76.5,2,0,0,0,1,0
11514,1571,5.0,Retail,13,5,FR,mobile,90.0,4,0,1,0,0,1
11631,3415,5.0,Grocery,8,6,CA,tablet,814.7,4,0,1,0,0,1
11649,2814,5.0,Retail,1,0,US,mobile,64.3,1,1,0,1,0,0
11700,4141,5.0,Travel,10,3,GB,mobile,67.4,1,0,0,0,1,1
11738,1513,5.0,Grocery,23,2,US,mobile,120.9,1,1,0,1,0,1
11758,3849,5.0,Grocery,15,5,GB,tablet,262.5,3,0,1,0,0,1
11842,2863,5.0,Online,19,1,GB,mobile,279.3,2,0,0,0,1,0
11903,1955,5.0,Grocery,1,1,US,mobile,435.4,1,1,0,1,0,0
11912,3564,6.48,Grocery,5,1,GB,tablet,4.2,0,0,0,1,0,1
11938,3483,5.0,Retail,2,3,US,mobile,175.9,2,1,0,1,0,0
12092,2553,5.0,Utilities,23,4,US,tablet,215.9,1,1,0,1,0,0
12133,2232,5.07,Utilities,9,6,US,mobile,13.5,2,1,1,0,0,0
12173,3083,5.0,Grocery,4,2,US,tablet,129.9,0,1,0,1,0,0
12326,2364,5.0,Food Delivery,6,2,FR,mobile,151.9,2,0,0,0,1,0
12360,2723,5.0,Retail,5,2,US,mobile,163.3,0,1,0,1,0,0
12391,1426,5.0,Grocery,1,3,BR,mobile,20.7,2,0,0,1,0,0
12395,3422,5.0,Retail,21,5,US,tablet,17.5,1,1,1,0,0,1
12397,4915,5.0,Grocery,1,1,BR,mobile,1.3,1,0,0,1,0,0
12481,4862,5.0,Retail,21,6,AU,mobile,280.7,4,0,1,0,0,1
12543,1272,5.0,Retail,1,1,US,mobile,183.6,0,1,0,1,0,0
12581,3000,5.0,Grocery,13,5,DE,tablet,167.0,3,0,1,0,0,1
12654,4386,5.0,Retail,20,5,BR,mobile,94.8,3,0,1,0,0,0
12728,1516,5.31,Grocery,15,5,US,mobile,9.8,2,1,1,0,0,0
12734,2730,15.9,Grocery,2,3,US,mobile,47.9,2,1,0,1,0,0
12744,1206,5.0,Retail,23,1,US,mobile,398.8,2,1,0,1,0,0
12784,3504,5.0,Retail,8,6,DE,tablet,108.8,3,0,1,0,0,0
12787,1791,5.0,Retail,4,4,BR,mobile,12.2,2,0,0,1,0,0
12827,2951,5.0,Utilities,1,3,CA,tablet,10.7,2,0,0,1,0,0
12921,4684,5.0,Food Delivery,7,4,AU,mobile,214.1,1,0,0,0,1,0
12997,1734,5.0,Grocery,0,1,JP,tablet,6.6,2,0,0,1,0,1
13047,4613,5.0,Retail,11,6,GB,mobile,46.5,3,0,1,0,0,0
13151,1912,5.0,Retail,2,4,US,tablet,42.8,0,1,0,1,0,0
13210,3928,5.0,Grocery,13,6,FR,tablet,117.9,3,0,1,0,0,0
13215,1439,5.0,Food Delivery,20,1,CA,tablet,207.8,2,0,0,0,1,0
13220,1040,10.09,Grocery,1,1,US,mobile,38.2,1,1,0,1,0,0
13264,1241,5.0,Food Delivery,11,1,DE,tablet,148.7,0,0,0,0,1,1
13278,4175,5.0,Retail,22,5,GB,mobile,109.9,3,0,1,0,0,0
