transaction_id,customer_id,amount,merchant_category,hour,day_of_week,country,device_type,card_age_days,velocity,is_international,is_weekend,is_night,is_new_card,is_fraud
7540,3522,5.0,Grocery,17,1,DE,mobile,182.4,1,0,0,0,0,0
7542,4759,5.0,Retail,14,3,FR,mobile,91.1,1,0,0,0,0,0
7553,2998,5.0,Utilities,17,4,CA,tablet,245.7,2,0,0,0,0,0
7572,4711,5.0,Grocery,13,3,DE,mobile,117.0,1,0,0,0,0,0
7576,1511,5.0,Utilities,17,4,DE,mobile,30.9,1,0,0,0,0,0
7598,2661,5.0,Retail,12,4,US,desktop,218.3,3,0,0,0,0,1
7604,1826,5.0,Health,18,4,CA,mobile,375.3,1,0,0,0,0,0
7659,3542,5.0,Grocery,19,3,GB,mobile,56.0,1,0,0,0,0,0
7687,1282,5.0,Health,7,3,DE,mobile,228.5,0,0,0,0,0,0
7689,1168,5.0,Grocery,17,0,FR,mobile,254.3,2,0,0,0,0,0
7722,2879,6.9,Utilities,17,4,US,desktop,117.0,4,0,0,0,0,0
7764,4658,5.0,Retail,20,3,BR,mobile,53.3,0,0,0,0,0,1
7774,4947,5.0,Retail,16,3,JP,mobile,117.3,2,0,0,0,0,0
7778,4715,5.0,Grocery,18,2,AU,mobile,48.5,0,0,0,0,0,1
7784,3653,6.81,Retail,9,1,DE,mobile,30.5,1,0,0,0,0,0
7852,3240,5.0,Retail,15,2,CA,mobile,259.0,1,0,0,0,0,0
7887,2296,5.0,Retail,19,0,DE,mobile,122.2,2,0,0,0,0,1
7942,4815,7.15,Retail,15,4,BR,mobile,85.5,1,0,0,0,0,0
7997,3872,5.0,Grocery,9,0,DE,mobile,92.6,1,0,0,0,0,1
7998,2358,5.0,Health,9,1,DE,mobile,92.3,2,0,0,0,0,0
8000,1721,5.0,Grocery,19,2,US,desktop,129.4,3,0,0,0,0,1
8007,2652,5.0,Retail,1,6,US,desktop,104.9,1,0,1,1,0,0
8012,1736,5.0,Grocery,5,5,US,desktop,242.5,2,0,1,1,0,0
8079,1166,5.0,Utilities,17,4,JP,mobile,102.3,0,0,0,0,0,0
8082,2769,6.68,Utilities,4,6,US,desktop,203.4,1,0,1,1,0,0
8083,3065,5.3,Retail,22,3,CA,tablet,116.3,1,0,0,0,0,0
8149,1387,5.0,Retail,20,3,AU,mobile,33.7,1,0,0,0,0,0
8162,2477,5.0,Grocery,20,4,FR,mobile,282.5,0,0,0,0,0,0
8183,3982,5.0,Grocery,11,0,US,desktop,371.6,3,0,0,0,0,0
8195,1593,5.0,Retail,8,2,FR,mobile,147.0,2,0,0,0,0,0
8202,2180,5.0,Grocery,16,0,DE,tablet,247.4,2,0,0,0,0,0
8213,4848,5.0,Grocery,9,1,DE,tablet,306.6,1,0,0,0,0,1
8214,3848,5.0,Health,3,6,US,desktop,212.5,1,0,1,1,0,0
8273,1499,7.19,Retail,10,2,CA,mobile,268.4,1,0,0,0,0,0
8290,2897,5.0,Grocery,10,4,FR,mobile,449.0,1,0,0,0,0,0
8301,4942,5.0,Grocery,21,4,CA,mobile,227.5,2,0,0,0,0,0
8399,4579,5.0,Retail,16,3,AU,mobile,322.6,1,0,0,0,0,1
8440,3738,5.0,Grocery,6,4,GB,mobile,748.7,1,0,0,0,0,0
8452,4491,5.0,Grocery,19,1,US,desktop,47.6,5,0,0,0,0,0
8478,3147,5.0,Retail,21,4,DE,mobile,154.8,0,0,0,0,0,0
8482,4132,5.0,Grocery,19,3,FR,tablet,760.9,0,0,0,0,0,0
8495,2245,5.0,Grocery,18,4,CA,mobile,401.6,0,0,0,0,0,0
8513,4370,5.0,Retail,1,6,US,desktop,305.0,1,0,1,1,0,0
8520,2116,5.0,Grocery,8,1,CA,tablet,93.7,1,0,0,0,0,0
8525,2739,5.0,Retail,7,3,CA,mobile,98.3,2,0,0,0,0,0
8545,1509,5.0,Grocery,2,5,US,desktop,278.0,2,0,1,1,0,0
8578,4977,5.0,Grocery,22,1,DE,mobile,282.4,0,0,0,0,0,1
8584,1261,5.0,Health,11,3,CA,mobile,157.2,2,0,0,0,0,0
8589,3071,5.0,Health,15,1,DE,tablet,142.0,1,0,0,0,0,0
8734,2901,5.0,Retail,11,4,NG,mobile,280.7,0,0,0,0,0,0
8768,2886,6.33,Retail,6,4,AU,mobile,99.0,1,0,0,0,0,0
8816,2502,5.0,Grocery,9,4,GB,mobile,188.6,1,0,0,0,0,0
8820,1653,5.0,Health,8,3,US,desktop,313.6,5,0,0,0,0,0
8825,3856,5.0,Retail,17,2,FR,mobile,109.6,1,0,0,0,0,0
8839,3710,5.0,Grocery,14,3,BR,tablet,80.4,1,0,0,0,0,0
8847,1959,5.32,Grocery,9,1,GB,mobile,244.6,2,0,0,0,0,0
8854,1746,6.84,Grocery,17,0,GB,mobile,353.9,0,0,0,0,0,0
8855,3275,5.0,Retail,15,4,AU,mobile,611.6,1,0,0,0,0,0
8865,4202,5.0,Grocery,8,1,JP,mobile,39.4,1,0,0,0,0,0
8869,3984,5.0,Grocery,5,6,US,desktop,161.8,0,0,1,1,0,0
8904,4894,7.57,Grocery,9,4,GB,mobile,86.5,2,0,0,0,0,0
8906,3613,9.73,Grocery,23,6,US,desktop,36.3,2,0,1,1,0,0
8928,4877,5.0,Grocery,10,2,DE,mobile,413.0,2,0,0,0,0,0
8929,3664,5.0,Retail,17,0,JP,tablet,204.0,2,0,0,0,0,0
8960,4880,5.0,Grocery,9,0,NG,mobile,137.2,0,0,0,0,0,0
8972,2120,5.0,Grocery,18,3,FR,mobile,172.3,1,0,0,0,0,0
8987,3983,5.0,Retail,10,0,US,desktop,231.5,3,0,0,0,0,0
9021,4007,5.0,Grocery,13,0,CA,tablet,240.1,1,0,0,0,0,0
9023,4112,5.0,Grocery,17,3,CA,mobile,112.0,1,0,0,0,0,0
9030,1457,5.0,Grocery,9,1,GB,mobile,353.6,0,0,0,0,0,0
9051,1121,5.0,Retail,15,4,DE,mobile,234.4,1,0,0,0,0,0
9093,3820,5.0,Utilities,9,2,CA,mobile,31.8,2,0,0,0,0,0
9126,2096,5.0,Grocery,14,1,BR,tablet,61.2,1,0,0,0,0,0
9139,4687,5.0,Retail,4,5,US,desktop,112.6,1,0,1,1,0,0
9140,3303,5.0,Retail,5,6,US,desktop,69.0,1,0,1,1,0,0
9157,4334,5.0,Health,19,4,AU,mobile,1379.0,2,0,0,0,0,0
9158,2956,5.0,Health,13,1,CA,mobile,519.1,2,0,0,0,0,0
9159,3361,5.0,Retail,6,1,AU,tablet,48.3,0,0,0,0,0,0
9178,3575,5.0,Health,6,0,US,desktop,33.2,3,0,0,0,0,0
9179,1737,5.0,Grocery,19,2,BR,tablet,58.8,2,0,0,0,0,0
9182,1941,5.0,Health,10,3,AU,tablet,42.8,0,0,0,0,0,0
9256,2323,5.0,Grocery,11,1,US,desktop,157.3,4,0,0,0,0,0
9262,2091,5.0,Retail,13,3,US,desktop,82.0,3,0,0,0,0,0
9299,4395,5.0,Retail,1,6,US,desktop,247.3,1,0,1,1,0,1
9317,4974,5.0,Grocery,12,3,DE,mobile,49.3,1,0,0,0,0,0
9324,4665,5.0,Health,15,4,US,desktop,90.4,3,0,0,0,0,0
9339,3773,5.0,Grocery,7,2,DE,tablet,203.3,2,0,0,0,0,0
9346,1139,5.0,Retail,9,2,AU,mobile,173.0,1,0,0,0,0,0
9355,2635,5.0,Utilities,12,3,NG,mobile,86.7,0,0,0,0,0,0
9382,2886,5.0,Retail,16,2,GB,mobile,719.3,0,0,0,0,0,0
9424,1983,5.0,Grocery,19,4,JP,mobile,54.1,2,0,0,0,0,0
9430,3267,5.0,Retail,22,2,CA,mobile,177.5,1,0,0,0,0,0
9447,4866,5.0,Grocery,7,0,AU,mobile,88.6,1,0,0,0,0,0
9463,2611,5.0,Retail,17,1,DE,mobile,260.5,1,0,0,0,0,1
9477,2388,5.0,Health,18,4,BR,mobile,52.2,1,0,0,0,0,0
9480,3553,5.0,Retail,13,2,US,desktop,59.9,3,0,0,0,0,0
9483,1070,12.48,Utilities,8,1,JP,mobile,221.6,2,0,0,0,0,0
9492,1145,5.0,Grocery,20,3,CA,tablet,286.2,1,0,0,0,0,0
9504,3119,5.0,Grocery,7,0,AU,tablet,762.3,2,0,0,0,0,0
9529,1646,5.0,Health,7,0,GB,mobile,252.7,1,0,0,0,0,1
9546,1017,5.0,Utilities,16,1,CA,tablet,277.5,0,0,0,0,0,0
9548,2786,5.0,Grocery,15,4,DE,mobile,464.9,1,0,0,0,0,0
9568,3341,5.0,Retail,8,3,CA,tablet,154.9,2,0,0,0,0,0
9581,2816,5.0,Grocery,19,2,CA,mobile,277.7,1,0,0,0,0,0
9601,3266,10.06,Grocery,21,2,US,desktop,54.8,3,0,0,0,0,0
9617,2831,5.0,Retail,7,4,DE,tablet,113.8,1,0,0,0,0,0
9620,3316,5.0,Grocery,20,3,CA,mobile,82.5,0,0,0,0,0,1
9629,3638,5.0,Grocery,22,1,DE,tablet,80.5,0,0,0,0,0,0
9634,1945,5.0,Grocery,7,4,FR,tablet,157.6,1,0,0,0,0,0
9647,2502,5.0,Health,15,4,GB,mobile,310.1,1,0,0,0,0,0
9681,1061,7.78,Retail,11,4,GB,mobile,58.1,0,0,0,0,0,0
9715,3749,5.0,Grocery,16,0,AU,mobile,257.5,1,0,0,0,0,0
9755,3298,5.0,Grocery,9,2,CA,tablet,42.0,1,0,0,0,0,0
9774,1436,5.0,Health,8,3,AU,tablet,46.3,1,0,0,0,0,0
9791,1802,5.0,Retail,17,2,US,desktop,33.6,3,0,0,0,0,0
9836,3671,5.0,Utilities,8,1,NG,mobile,86.3,2,0,0,0,0,1
9837,3345,5.0,Health,21,3,JP,tablet,316.4,2,0,0,0,0,0
9856,2939,5.0,Utilities,19,0,DE,mobile,107.0,2,0,0,0,0,0
9880,1751,5.0,Grocery,16,2,US,desktop,172.7,4,0,0,0,0,0
9904,3967,10.24,Retail,7,4,CA,tablet,195.2,0,0,0,0,0,0
9949,4674,5.0,Grocery,10,1,BR,mobile,73.5,1,0,0,0,0,0
9959,2208,5.0,Health,20,4,GB,mobile,290.7,2,0,0,0,0,0
9961,1428,5.0,Grocery,15,3,FR,mobile,515.5,1,0,0,0,0,0
9967,4198,6.43,Retail,3,6,US,desktop,173.7,0,0,1,1,0,1
9991,2272,5.0,Retail,14,2,DE,mobile,284.2,2,0,0,0,0,0
9996,2884,5.0,Health,22,3,FR,mobile,54.9,1,0,0,0,0,1
10001,2354,5.06,Health,17,0,US,desktop,98.3,3,0,0,0,0,0
10034,3026,5.03,Grocery,11,4,US,desktop,468.0,3,0,0,0,0,0
10082,1962,5.0,Retail,15,0,AU,mobile,185.9,1,0,0,0,0,0
10085,1701,5.0,Utilities,16,3,GB,mobile,136.7,0,0,0,0,0,0
10088,2591,5.0,Retail,7,1,JP,mobile,54.9,2,0,0,0,0,0
10148,3022,5.0,Grocery,9,0,GB,mobile,84.2,2,0,0,0,0,0
10201,1925,5.0,Health,3,6,US,desktop,424.2,1,0,1,1,0,0
10218,3039,5.0,Health,17,2,BR,tablet,251.8,1,0,0,0,0,0
10235,4251,5.0,Grocery,0,5,US,desktop,34.5,0,0,1,1,0,0
10264,1700,5.0,Grocery,15,1,GB,mobile,117.1,0,0,0,0,0,0
10266,1878,9.33,Utilities,8,1,CA,mobile,185.2,1,0,0,0,0,0
10289,2036,5.0,Grocery,23,5,US,desktop,210.5,2,0,1,1,0,0
10335,2191,5.0,Grocery,23,5,US,desktop,88.4,1,0,1,1,0,1
10353,1987,5.0,Health,21,3,DE,mobile,413.5,1,0,0,0,0,0
10362,3631,5.0,Grocery,12,2,GB,tablet,42.6,1,0,0,0,0,0
10363,3207,5.0,Utilities,8,1,US,desktop,114.1,4,0,0,0,0,1
10379,2254,5.0,Retail,4,5,US,desktop,183.3,0,0,1,1,0,0
10395,2073,5.0,Grocery,3,5,US,desktop,346.1,0,0,1,1,0,0
10406,1680,5.0,Grocery,16,4,CA,mobile,49.2,0,0,0,0,0,0
10449,2714,5.0,Health,3,5,US,desktop,281.0,1,0,1,1,0,0
10454,1550,5.0,Health,15,4,US,desktop,389.1,3,0,0,0,0,1
10478,2750,8.3,Health,21,2,FR,mobile,83.0,2,0,0,0,0,1
10506,2032,5.0,Retail,4,5,US,desktop,221.9,1,0,1,1,0,0
10512,4503,5.0,Utilities,12,3,CA,mobile,155.4,0,0,0,0,0,0
10528,4542,5.0,Grocery,17,4,JP,tablet,30.4,2,0,0,0,0,0
10575,3429,5.0,Retail,20,2,GB,tablet,124.2,2,0,0,0,0,0
10629,3774,5.0,Health,11,2,GB,mobile,379.3,0,0,0,0,0,1
10643,4177,5.0,Grocery,12,0,AU,tablet,36.6,0,0,0,0,0,0
10665,2131,5.0,Retail,17,1,FR,tablet,645.5,1,0,0,0,0,0
10670,2431,5.0,Grocery,13,1,CA,mobile,435.8,2,0,0,0,0,0
10671,2120,5.82,Retail,7,2,CA,mobile,426.5,0,0,0,0,0,0
10681,4499,5.0,Grocery,11,1,FR,tablet,177.8,0,0,0,0,0,1
10697,1509,5.0,Grocery,17,3,JP,mobile,74.2,0,0,0,0,0,0
10705,3121,14.26,Grocery,10,3,GB,tablet,581.3,1,0,0,0,0,0
10720,4276,5.0,Grocery,15,3,CA,mobile,46.9,1,0,0,0,0,0
10735,2555,5.78,Grocery,22,0,CA,mobile,56.6,2,0,0,0,0,0
10738,4312,5.0,Grocery,14,0,CA,mobile,468.9,0,0,0,0,0,0
10783,2751,5.0,Retail,8,2,JP,mobile,41.7,1,0,0,0,0,0
10846,4141,5.0,Grocery,21,1,GB,mobile,92.4,0,0,0,0,0,0
10862,2429,5.0,Retail,22,3,CA,mobile,48.4,0,0,0,0,0,0
10978,2648,6.17,Retail,6,1,GB,mobile,326.7,2,0,0,0,0,1
11043,2143,5.0,Retail,17,4,FR,mobile,134.8,0,0,0,0,0,0
11045,1860,5.0,Retail,8,4,DE,mobile,179.1,1,0,0,0,0,0
11048,3694,5.0,Grocery,17,3,GB,mobile,184.3,1,0,0,0,0,0
11054,2225,5.0,Grocery,17,2,AU,tablet,58.1,0,0,0,0,0,0
11058,4818,5.0,Grocery,7,0,US,desktop,53.6,3,0,0,0,0,0
11069,2654,5.0,Retail,13,0,DE,mobile,226.2,0,0,0,0,0,0
11085,1058,5.0,Grocery,7,3,AU,mobile,419.9,0,0,0,0,0,1
11127,2073,5.0,Grocery,20,2,FR,mobile,128.9,2,0,0,0,0,0
11128,1698,5.0,Grocery,12,2,CA,mobile,248.5,0,0,0,0,0,1
11167,4811,5.0,Grocery,7,2,FR,tablet,81.4,1,0,0,0,0,0
11171,2793,5.0,Retail,14,4,GB,mobile,950.4,2,0,0,0,0,0
11182,2706,5.0,Retail,2,6,US,desktop,609.7,1,0,1,1,0,0
11202,3126,5.0,Grocery,19,0,NG,mobile,140.7,2,0,0,0,0,1
11209,3130,5.0,Grocery,17,1,CA,mobile,97.5,1,0,0,0,0,1
11248,3458,5.0,Grocery,9,0,FR,mobile,115.4,1,0,0,0,0,1
11278,1192,5.0,Grocery,1,6,US,desktop,173.6,1,0,1,1,0,1
11303,1524,5.0,Grocery,23,6,US,desktop,470.9,2,0,1,1,0,1
11310,2154,5.0,Health,7,1,CA,tablet,140.1,1,0,0,0,0,0
11320,3986,5.0,Retail,14,0,CA,mobile,597.0,1,0,0,0,0,0
11332,3784,5.0,Grocery,8,0,JP,mobile,340.7,2,0,0,0,0,0
11399,3365,8.32,Grocery,17,2,GB,mobile,114.0,1,0,0,0,0,0
11419,3480,5.0,Retail,13,2,CA,tablet,857.1,1,0,0,0,0,0
11474,3450,5.0,Health,16,0,US,desktop,330.3,3,0,0,0,0,0
11476,3672,5.0,Retail,11,1,CA,mobile,121.7,1,0,0,0,0,0
11493,1011,5.0,Grocery,7,2,NG,tablet,219.9,0,0,0,0,0,1
11518,1958,5.0,Grocery,12,1,DE,mobile,138.9,2,0,0,0,0,0
11523,1987,5.0,Retail,10,3,DE,mobile,51.1,2,0,0,0,0,1
11529,4287,5.0,Utilities,1,6,US,desktop,155.4,2,0,1,1,0,0
11530,2879,5.0,Grocery,16,0,CA,tablet,108.6,0,0,0,0,0,0
11651,2984,5.0,Grocery,6,4,CA,tablet,307.4,2,0,0,0,0,0
11670,3197,5.0,Retail,13,1,AU,tablet,145.0,2,0,0,0,0,0
11698,1400,5.0,Grocery,22,0,GB,mobile,457.3,0,0,0,0,0,0
11721,2880,5.0,Grocery,15,1,CA,tablet,55.4,2,0,0,0,0,0
11741,3427,5.0,Grocery,8,0,AU,mobile,144.4,1,0,0,0,0,0
11774,2042,5.0,Utilities,9,0,BR,tablet,108.1,0,0,0,0,0,0
11822,4844,5.0,Grocery,11,4,GB,mobile,32.3,1,0,0,0,0,0
11834,4191,5.0,Grocery,8,2,NG,mobile,213.4,1,0,0,0,0,0
11837,4183,5.0,Retail,21,2,DE,mobile,39.6,1,0,0,0,0,0
11844,1037,5.0,Utilities,11,4,US,desktop,164.5,3,0,0,0,0,0
11854,4277,6.31,Retail,13,0,DE,mobile,234.0,1,0,0,0,0,0
11857,3575,5.0,Grocery,17,1,BR,tablet,80.9,1,0,0,0,0,0
11881,1912,7.5,Grocery,10,0,JP,mobile,64.7,0,0,0,0,0,0
11888,4264,5.0,Grocery,16,1,GB,mobile,77.7,0,0,0,0,0,0
11914,3184,5.0,Retail,20,1,AU,mobile,132.5,1,0,0,0,0,0
11919,2254,5.0,Retail,21,1,DE,mobile,129.1,2,0,0,0,0,1
11926,2990,5.0,Utilities,10,4,US,desktop,76.2,3,0,0,0,0,0
11939,3425,5.0,Grocery,21,4,GB,tablet,159.9,2,0,0,0,0,0
11955,2449,5.0,Utilities,22,0,US,desktop,151.9,3,0,0,0,0,0
11984,3751,5.0,Grocery,19,2,CA,mobile,128.0,1,0,0,0,0,0
12015,4927,5.0,Grocery,19,2,US,desktop,196.1,4,0,0,0,0,0
12032,1234,5.0,Retail,22,4,CA,mobile,299.6,1,0,0,0,0,0
12072,4506,5.0,Retail,20,3,US,desktop,251.2,3,0,0,0,0,0
12101,3865,5.0,Utilities,19,3,JP,mobile,439.6,2,0,0,0,0,0
12126,1618,5.0,Retail,19,1,FR,tablet,198.5,0,0,0,0,0,0
12129,4317,5.0,Grocery,6,1,BR,mobile,49.4,0,0,0,0,0,0
12165,1468,14.82,Retail,18,1,US,desktop,305.1,4,0,0,0,0,0
12199,2529,5.0,Retail,8,1,US,desktop,69.1,3,0,0,0,0,0
12222,1339,5.0,Retail,7,2,FR,mobile,162.7,2,0,0,0,0,0
12234,2546,5.0,Grocery,22,1,DE,tablet,88.9,0,0,0,0,0,0
12236,1527,5.0,Retail,4,6,US,desktop,296.3,0,0,1,1,0,1
12261,1412,5.0,Retail,6,3,US,desktop,185.1,3,0,0,0,0,0
12270,2316,5.0,Retail,4,5,US,desktop,1134.0,2,0,1,1,0,0
12274,4827,5.0,Retail,10,2,AU,tablet,178.7,2,0,0,0,0,1
12309,4374,5.0,Retail,16,4,AU,mobile,528.9,2,0,0,0,0,0
12339,1035,5.0,Retail,7,0,AU,mobile,407.6,1,0,0,0,0,1
12363,4894,5.0,Retail,16,1,GB,mobile,70.8,2,0,0,0,0,0
12380,3443,5.0,Retail,2,5,US,desktop,57.6,0,0,1,1,0,0
12393,2893,5.0,Utilities,9,3,DE,mobile,333.2,1,0,0,0,0,0
12396,1594,5.0,Retail,21,0,CA,mobile,102.9,2,0,0,0,0,0
12411,4374,5.0,Retail,22,0,FR,mobile,72.6,0,0,0,0,0,0
12417,4697,5.0,Grocery,16,2,CA,mobile,284.7,1,0,0,0,0,0
12436,3782,5.0,Health,16,0,US,desktop,64.7,3,0,0,0,0,0
12447,1186,5.0,Utilities,18,4,DE,mobile,230.5,0,0,0,0,0,0
12449,3265,5.0,Utilities,21,0,DE,mobile,32.3,0,0,0,0,0,0
12450,3038,5.0,Grocery,12,1,DE,mobile,79.7,1,0,0,0,0,0
12456,2246,5.0,Retail,12,3,FR,tablet,87.1,2,0,0,0,0,0
12470,2408,5.0,Retail,18,3,CA,mobile,288.5,0,0,0,0,0,0
12471,1385,11.27,Utilities,11,2,CA,tablet,114.9,2,0,0,0,0,1
12535,1627,5.0,Retail,16,3,US,desktop,94.2,4,0,0,0,0,0
12545,3465,5.0,Retail,13,1,BR,mobile,439.7,0,0,0,0,0,0
12585,4425,5.0,Grocery,5,5,US,desktop,295.2,1,0,1,1,0,0
12634,3125,5.0,Grocery,4,5,US,desktop,87.9,1,0,1,1,0,1
12658,2612,5.0,Retail,9,2,US,desktop,54.0,4,0,0,0,0,0
12661,2801,5.0,Retail,2,5,US,desktop,148.0,2,0,1,1,0,0
12671,4470,5.0,Grocery,16,1,GB,tablet,142.9,1,0,0,0,0,0
12691,4508,10.26,Health,21,2,CA,mobile,260.5,0,0,0,0,0,0
12720,2888,5.0,Grocery,15,3,GB,mobile,52.5,0,0,0,0,0,0
12739,1488,5.0,Utilities,5,5,US,desktop,98.9,1,0,1,1,0,0
12740,3808,5.0,Grocery,17,2,AU,mobile,166.2,2,0,0,0,0,0
12779,2573,5.0,Retail,14,2,US,desktop,368.9,5,0,0,0,0,1
12793,2840,5.0,Retail,20,2,GB,mobile,258.9,1,0,0,0,0,0
12826,2736,5.0,Utilities,15,1,CA,mobile,240.1,1,0,0,0,0,0
12864,2766,5.0,Retail,9,4,DE,mobile,133.3,2,0,0,0,0,0
12870,3396,5.0,Grocery,17,2,DE,tablet,142.8,1,0,0,0,0,0
12880,3300,5.0,Grocery,22,0,AU,tablet,34.2,2,0,0,0,0,0
12910,3669,5.0,Grocery,6,2,CA,mobile,308.1,1,0,0,0,0,0
12914,2888,5.0,Retail,16,2,DE,mobile,157.3,0,0,0,0,0,0
12925,2327,5.0,Retail,18,0,CA,mobile,250.7,0,0,0,0,0,1
12927,3812,5.0,Retail,9,2,GB,mobile,192.2,1,0,0,0,0,0
12943,1249,11.18,Health,13,0,CA,mobile,686.9,1,0,0,0,0,1
12948,3273,5.0,Grocery,9,1,JP,mobile,34.9,0,0,0,0,0,0
12950,1460,5.0,Grocery,0,5,US,desktop,331.0,1,0,1,1,0,1
12962,4029,5.0,Retail,0,5,US,desktop,127.1,0,0,1,1,0,0
12978,1082,5.0,Grocery,14,3,FR,tablet,130.0,0,0,0,0,0,0
12983,3618,5.0,Grocery,17,0,DE,tablet,375.2,0,0,0,0,0,0
13029,1818,5.0,Retail,19,1,GB,mobile,276.9,2,0,0,0,0,1
13097,1172,5.0,Health,17,0,AU,mobile,124.0,1,0,0,0,0,0
13103,2424,7.92,Health,16,4,JP,tablet,52.2,1,0,0,0,0,0
13115,3798,5.0,Grocery,10,4,AU,mobile,47.5,0,0,0,0,0,0
13150,2732,7.18,Utilities,21,1,AU,mobile,102.3,1,0,0,0,0,0
13168,1712,5.0,Health,15,2,JP,tablet,349.2,2,0,0,0,0,0
13190,4998,5.0,Grocery,13,0,NG,mobile,120.9,2,0,0,0,0,0
13208,1639,16.5,Health,22,1,NG,mobile,339.4,2,0,0,0,0,0
13237,4762,5.0,Health,1,6,US,desktop,60.5,0,0,1,1,0,0
13246,1011,5.0,Retail,13,2,DE,mobile,86.6,1,0,0,0,0,1
13260,3799,5.0,Grocery,15,2,US,desktop,65.9,3,0,0,0,0,0
13325,2306,6.85,Health,19,0,DE,mobile,254.8,2,0,0,0,0,0
13346,3040,5.46,Grocery,10,1,CA,mobile,47.1,2,0,0,0,0,0
13369,3172,5.0,Grocery,7,3,BR,mobile,286.0,1,0,0,0,0,0
13412,2976,5.0,Grocery,19,2,DE,mobile,907.3,1,0,0,0,0,0
13414,1667,5.0,Grocery,22,0,CA,mobile,124.6,0,0,0,0,0,1
13421,1610,5.0,Grocery,11,0,BR,mobile,40.5,1,0,0,0,0,1
13447,1282,5.0,Grocery,8,1,AU,mobile,176.5,0,0,0,0,0,0
13513,2446,5.0,Grocery,19,2,DE,mobile,141.2,0,0,0,0,0,0
13546,2858,12.3,Grocery,13,4,JP,mobile,99.8,2,0,0,0,0,0
13550,3065,5.0,Retail,11,0,DE,tablet,90.8,0,0,0,0,0,0
13590,3527,5.0,Retail,15,1,DE,mobile,100.7,2,0,0,0,0,0
13607,4381,5.0,Grocery,22,3,FR,mobile,198.9,2,0,0,0,0,0
13651,2485,5.0,Retail,20,1,FR,tablet,420.2,0,0,0,0,0,0
13659,1362,5.0,Grocery,13,2,CA,mobile,202.5,1,0,0,0,0,1
13676,3544,5.0,Grocery,20,1,JP,tablet,31.0,2,0,0,0,0,0
13677,2392,5.0,Grocery,20,2,JP,mobile,185.1,0,0,0,0,0,0
13691,4148,5.0,Grocery,16,3,DE,mobile,238.0,0,0,0,0,0,0
13693,3406,5.0,Retail,6,1,AU,mobile,233.9,0,0,0,0,0,0
13704,2483,5.0,Retail,12,4,CA,tablet,247.5,1,0,0,0,0,0
13708,2631,5.0,Grocery,18,2,US,desktop,173.5,3,0,0,0,0,0
13717,3395,10.1,Utilities,19,2,BR,mobile,229.4,0,0,0,0,0,0
13718,1860,5.0,Utilities,14,3,JP,tablet,109.4,2,0,0,0,0,1
13793,4330,5.0,Retail,12,1,DE,tablet,52.4,0,0,0,0,0,0
13805,3867,5.0,Grocery,14,2,JP,tablet,386.6,2,0,0,0,0,0
13813,2068,5.0,Grocery,12,1,BR,tablet,111.0,1,0,0,0,0,1
13859,1196,5.0,Retail,2,6,US,desktop,298.4,0,0,1,1,0,0
13888,3386,5.0,Health,21,3,NG,mobile,266.8,2,0,0,0,0,0
13897,4904,5.0,Grocery,19,3,CA,tablet,184.5,1,0,0,0,0,0
13919,1970,6.24,Retail,9,3,DE,tablet,194.9,1,0,0,0,0,0
13936,1692,5.0,Grocery,8,3,DE,mobile,237.5,0,0,0,0,0,0
13951,4289,5.0,Grocery,21,0,BR,mobile,411.3,0,0,0,0,0,0
13957,4028,5.0,Health,16,2,JP,mobile,128.3,1,0,0,0,0,0
13969,4984,5.0,Grocery,21,0,US,desktop,333.5,4,0,0,0,0,0
13972,3516,8.0,Grocery,18,2,US,desktop,157.4,4,0,0,0,0,1
13980,1231,5.0,Grocery,10,3,FR,mobile,203.7,0,0,0,0,0,1
14035,3104,5.0,Grocery,15,4,US,desktop,35.8,3,0,0,0,0,0
14044,4919,5.0,Retail,17,4,CA,mobile,111.9,2,0,0,0,0,0
14121,2765,5.0,Utilities,15,4,CA,mobile,1015.4,0,0,0,0,0,0
14146,2214,5.0,Grocery,23,5,US,desktop,493.7,1,0,1,1,0,0
14156,4973,5.0,Retail,23,5,US,desktop,242.6,2,0,1,1,0,0
14161,4036,5.0,Retail,21,1,GB,mobile,72.8,0,0,0,0,0,0
14170,3530,5.0,Retail,5,5,US,desktop,302.7,1,0,1,1,0,0
14187,2983,5.0,Grocery,22,2,US,desktop,83.8,4,0,0,0,0,0
14277,2078,5.0,Retail,23,6,US,desktop,252.2,2,0,1,1,0,1
14281,3409,5.0,Grocery,14,3,NG,tablet,147.7,0,0,0,0,0,0
14296,4055,5.0,Health,20,3,GB,mobile,1005.9,2,0,0,0,0,0
14302,3233,5.0,Retail,7,1,DE,tablet,34.0,1,0,0,0,0,1
14351,1557,5.0,Grocery,12,0,US,desktop,332.1,3,0,0,0,0,1
14411,4991,5.0,Utilities,23,5,US,desktop,283.6,1,0,1,1,0,0
14431,4475,5.0,Health,21,3,US,desktop,304.4,3,0,0,0,0,0
14457,4412,5.0,Utilities,23,5,US,desktop,339.1,2,0,1,1,0,0
14463,1382,5.0,Utilities,22,1,US,desktop,326.4,3,0,0,0,0,0
14482,3276,5.0,Retail,15,2,FR,tablet,170.1,0,0,0,0,0,0
14486,3814,5.0,Health,8,1,US,desktop,626.3,3,0,0,0,0,0
14504,3055,5.0,Grocery,13,0,CA,tablet,165.1,0,0,0,0,0,0
14525,4722,5.0,Grocery,11,1,JP,mobile,40.7,1,0,0,0,0,0
14527,1838,5.0,Grocery,11,4,CA,mobile,335.5,2,0,0,0,0,0
14530,3249,7.84,Grocery,15,0,BR,mobile,782.9,0,0,0,0,0,0
14592,4935,5.0,Retail,21,2,CA,mobile,68.8,1,0,0,0,0,0
14600,3572,5.0,Grocery,17,0,CA,mobile,275.1,0,0,0,0,0,0
14603,4005,6.21,Grocery,10,3,US,desktop,614.9,3,0,0,0,0,0
14618,1505,5.0,Retail,9,0,US,desktop,327.0,3,0,0,0,0,0
14627,3890,5.0,Grocery,18,3,GB,tablet,153.1,1,0,0,0,0,0
14629,2285,5.0,Grocery,10,3,GB,tablet,30.7,0,0,0,0,0,0
14679,3670,10.17,Health,23,6,US,desktop,166.1,1,0,1,1,0,0
14684,2140,5.0,Grocery,13,4,GB,mobile,456.5,2,0,0,0,0,0
14700,1520,5.0,Retail,20,3,FR,mobile,92.3,1,0,0,0,0,1
14701,1326,5.0,Retail,16,0,CA,tablet,170.9,1,0,0,0,0,0
14722,2916,17.92,Retail,15,0,DE,mobile,309.4,0,0,0,0,0,0
14746,3144,5.0,Grocery,14,2,FR,mobile,105.7,0,0,0,0,0,0
14815,3993,5.0,Utilities,13,1,FR,mobile,188.4,1,0,0,0,0,0
14832,4342,5.0,Health,12,3,JP,mobile,207.6,1,0,0,0,0,0
14833,2782,5.0,Health,22,1,DE,mobile,60.2,2,0,0,0,0,1
14864,3591,5.0,Retail,19,4,US,desktop,222.5,4,0,0,0,0,0
14896,2477,5.0,Grocery,5,6,US,desktop,559.8,1,0,1,1,0,0
14985,2069,5.0,Grocery,11,3,DE,mobile,128.9,2,0,0,0,0,0
15006,1752,5.0,Grocery,18,0,FR,mobile,60.5,0,0,0,0,0,0
15015,3699,5.0,Retail,6,0,JP,mobile,213.0,2,0,0,0,0,0
15017,3996,5.2,Retail,14,1,DE,mobile,228.1,2,0,0,0,0,0
15029,2911,5.0,Grocery,3,5,US,desktop,113.8,0,0,1,1,0,0
15038,2450,5.0,Retail,7,4,GB,mobile,34.5,1,0,0,0,0,1
15063,4062,5.0,Health,15,0,FR,tablet,97.1,1,0,0,0,0,0
15083,3601,5.0,Grocery,15,4,US,desktop,191.4,3,0,0,0,0,0
15143,1522,5.0,Retail,14,2,CA,mobile,228.1,2,0,0,0,0,0
15144,4799,5.0,Retail,6,2,JP,tablet,138.4,2,0,0,0,0,0
15151,4701,5.0,Grocery,5,5,US,desktop,52.4,2,0,1,1,0,0
15173,1103,5.0,Grocery,12,1,GB,mobile,389.4,0,0,0,0,0,0
15184,4622,5.0,Grocery,20,0,FR,mobile,279.7,1,0,0,0,0,0
15192,4551,5.0,Utilities,6,4,CA,mobile,156.8,1,0,0,0,0,0
15194,2197,5.0,Grocery,21,0,CA,mobile,91.8,2,0,0,0,0,0
15204,4938,5.0,Grocery,11,4,GB,mobile,81.1,1,0,0,0,0,0
15210,4589,7.67,Retail,21,2,DE,mobile,61.9,1,0,0,0,0,0
15285,1215,5.0,Grocery,10,1,CA,mobile,173.0,0,0,0,0,0,0
15310,1857,5.0,Grocery,5,6,US,desktop,63.1,1,0,1,1,0,1
15339,3548,5.0,Grocery,20,0,US,desktop,770.6,3,0,0,0,0,0
15345,4196,5.0,Retail,17,4,DE,tablet,134.0,1,0,0,0,0,0
15360,4891,6.1,Retail,6,1,CA,mobile,294.9,2,0,0,0,0,0
15367,3100,5.0,Grocery,14,0,FR,mobile,48.0,1,0,0,0,0,1
15375,2342,5.0,Grocery,22,2,US,desktop,78.6,5,0,0,0,0,0
15398,1445,5.0,Grocery,21,1,GB,mobile,234.3,1,0,0,0,0,0
15402,1640,5.0,Utilities,20,4,GB,mobile,194.4,1,0,0,0,0,0
15403,1171,5.0,Grocery,20,2,GB,mobile,37.5,0,0,0,0,0,0
15424,4117,5.0,Health,9,2,US,desktop,182.9,5,0,0,0,0,0
15432,1181,5.0,Retail,18,4,CA,mobile,55.3,1,0,0,0,0,1
15485,3359,5.0,Retail,16,0,GB,mobile,531.8,0,0,0,0,0,0
15488,4643,5.0,Grocery,12,4,US,desktop,370.5,3,0,0,0,0,0
15491,3786,5.0,Grocery,8,2,DE,tablet,139.5,1,0,0,0,0,0
15495,4433,5.0,Retail,17,1,DE,tablet,70.0,2,0,0,0,0,0
15514,1481,5.0,Grocery,18,1,GB,mobile,292.6,1,0,0,0,0,0
15541,2763,5.0,Health,15,0,GB,mobile,215.1,1,0,0,0,0,0
15560,3826,5.0,Grocery,12,4,JP,mobile,32.1,0,0,0,0,0,1
15569,2023,5.93,Retail,6,0,GB,mobile,413.3,2,0,0,0,0,0
15616,2357,5.78,Grocery,13,2,CA,mobile,58.9,2,0,0,0,0,1
15632,2273,5.0,Utilities,18,2,GB,mobile,36.1,1,0,0,0,0,0
15651,3433,5.0,Retail,4,6,US,desktop,60.7,1,0,1,1,0,0
15653,4686,5.0,Grocery,4,5,US,desktop,124.9,0,0,1,1,0,1
15670,3414,5.0,Retail,20,1,JP,mobile,37.5,1,0,0,0,0,0
15685,3862,5.0,Grocery,12,1,CA,mobile,58.1,2,0,0,0,0,0
15700,3812,5.0,Grocery,3,6,US,desktop,41.3,2,0,1,1,0,0
15737,4370,5.0,Retail,21,0,BR,mobile,196.1,2,0,0,0,0,0
15744,1173,5.0,Grocery,19,3,GB,mobile,42.7,2,0,0,0,0,0
15793,2859,5.0,Grocery,13,1,GB,mobile,55.6,1,0,0,0,0,0
15798,4833,5.0,Grocery,21,4,US,desktop,116.5,3,0,0,0,0,0
15799,4447,5.0,Grocery,14,0,FR,tablet,120.5,1,0,0,0,0,0
15814,3475,5.0,Retail,9,4,AU,mobile,152.9,1,0,0,0,0,0
15820,2448,5.0,Retail,3,5,US,desktop,455.2,0,0,1,1,0,1
15882,1670,5.0,Retail,8,3,AU,mobile,394.7,0,0,0,0,0,0
15944,1600,5.0,Utilities,10,0,BR,mobile,205.1,2,0,0,0,0,0
15968,4891,5.0,Retail,20,2,FR,mobile,653.8,2,0,0,0,0,0
16019,1593,5.0,Grocery,6,3,AU,mobile,184.6,1,0,0,0,0,0
16036,3839,5.0,Retail,8,3,DE,tablet,166.5,1,0,0,0,0,0
16082,1681,5.0,Grocery,7,0,CA,mobile,618.0,2,0,0,0,0,0
16086,4361,5.0,Grocery,8,0,AU,tablet,526.6,1,0,0,0,0,0
16122,3585,5.0,Retail,18,0,FR,mobile,107.6,2,0,0,0,0,0
16126,3176,5.0,Retail,22,1,DE,tablet,53.3,1,0,0,0,0,0
16179,1937,5.0,Retail,9,1,GB,mobile,1744.2,1,0,0,0,0,0
16188,4960,5.0,Grocery,16,3,GB,mobile,257.4,0,0,0,0,0,0
16207,1145,5.0,Retail,14,2,FR,mobile,210.8,0,0,0,0,0,0
16209,1903,5.0,Grocery,18,2,DE,mobile,221.7,1,0,0,0,0,1
16210,3796,7.81,Grocery,12,4,BR,mobile,125.3,1,0,0,0,0,0
16243,4778,5.0,Grocery,13,1,CA,mobile,105.6,2,0,0,0,0,0
16278,4079,5.0,Retail,14,1,GB,mobile,94.5,1,0,0,0,0,0
16320,2379,5.0,Grocery,5,5,US,desktop,95.9,0,0,1,1,0,0
16340,2571,5.32,Grocery,7,1,CA,mobile,275.1,0,0,0,0,0,0
16349,1775,5.0,Retail,9,4,US,desktop,389.4,3,0,0,0,0,0
16362,2018,5.0,Retail,13,0,BR,mobile,67.4,0,0,0,0,0,0
16403,1607,5.0,Grocery,20,2,FR,mobile,199.2,1,0,0,0,0,0
16414,2591,5.0,Retail,9,3,US,desktop,267.2,4,0,0,0,0,0
16461,1599,5.0,Retail,14,1,FR,mobile,101.1,1,0,0,0,0,0
16465,3451,5.0,Grocery,18,3,CA,mobile,45.6,1,0,0,0,0,0
16469,4662,5.0,Utilities,21,4,BR,mobile,198.7,1,0,0,0,0,0
16483,1129,5.0,Retail,14,4,DE,mobile,245.9,1,0,0,0,0,0
16491,2437,5.0,Retail,22,2,CA,mobile,144.9,2,0,0,0,0,0
16500,1209,5.0,Grocery,3,5,US,desktop,186.2,2,0,1,1,0,0
16529,4710,5.0,Utilities,6,4,BR,tablet,297.2,2,0,0,0,0,0
16541,4446,13.42,Utilities,8,0,GB,tablet,76.7,2,0,0,0,0,0
16546,4899,6.7,Retail,3,5,US,desktop,217.0,0,0,1,1,0,0
16559,4162,5.0,Retail,17,1,GB,mobile,47.0,1,0,0,0,0,1
16638,2223,5.0,Retail,8,4,FR,mobile,35.7,0,0,0,0,0,0
16664,3559,5.0,Retail,7,2,AU,tablet,32.1,2,0,0,0,0,1
16669,1687,7.32,Grocery,18,2,CA,mobile,99.8,1,0,0,0,0,0
16690,4327,5.0,Retail,15,4,BR,mobile,206.5,1,0,0,0,0,0
16700,1202,5.0,Grocery,20,4,BR,mobile,92.6,1,0,0,0,0,0
16720,1642,5.0,Grocery,7,2,GB,mobile,152.8,2,0,0,0,0,0
16733,4463,5.0,Retail,20,0,US,desktop,130.4,3,0,0,0,0,1
16742,2687,5.0,Retail,15,2,GB,mobile,462.8,1,0,0,0,0,0
16769,3380,5.0,Grocery,8,0,DE,tablet,34.0,2,0,0,0,0,0
16791,1014,5.0,Retail,14,3,US,desktop,328.1,3,0,0,0,0,0
16817,4457,5.0,Grocery,13,4,AU,tablet,276.5,2,0,0,0,0,0
16834,4772,5.0,Health,16,0,NG,mobile,427.2,1,0,0,0,0,0
16855,3242,5.1,Retail,19,3,US,desktop,312.4,3,0,0,0,0,0
16877,2635,5.0,Grocery,21,0,FR,tablet,196.4,0,0,0,0,0,0
16915,2194,5.0,Grocery,18,1,GB,tablet,203.3,2,0,0,0,0,0
16920,3205,5.0,Utilities,16,4,FR,mobile,83.3,2,0,0,0,0,0
16945,4238,5.0,Grocery,1,6,US,desktop,81.3,1,0,1,1,0,0
16973,3055,5.0,Grocery,19,2,FR,tablet,39.8,1,0,0,0,0,0
16988,4550,5.0,Grocery,21,3,BR,mobile,135.4,2,0,0,0,0,0
17017,1982,5.0,Grocery,8,0,CA,mobile,272.7,1,0,0,0,0,0
17028,4840,5.0,Retail,19,4,CA,tablet,413.5,0,0,0,0,0,0
17029,3289,6.27,Grocery,23,5,US,desktop,76.6,1,0,1,1,0,0
17035,1922,5.0,Grocery,9,2,FR,mobile,549.2,0,0,0,0,0,0
17059,3918,5.0,Grocery,22,1,DE,tablet,233.2,0,0,0,0,0,0
17066,1787,5.0,Retail,21,4,BR,mobile,112.4,1,0,0,0,0,0
17147,3023,5.0,Grocery,7,0,BR,tablet,159.4,2,0,0,0,0,0
17177,3369,5.0,Grocery,7,2,BR,mobile,103.4,1,0,0,0,0,0
17187,2427,5.0,Grocery,16,2,BR,mobile,325.3,0,0,0,0,0,0
17190,1307,5.0,Retail,20,1,NG,mobile,60.5,0,0,0,0,0,0
17211,3577,5.09,Grocery,16,4,FR,mobile,238.1,0,0,0,0,0,0
17215,1138,5.0,Grocery,10,3,AU,mobile,395.5,2,0,0,0,0,1
17233,4039,5.0,Grocery,20,2,JP,tablet,146.6,1,0,0,0,0,0
17269,2846,5.0,Grocery,12,1,FR,mobile,42.7,0,0,0,0,0,0
17276,2569,5.0,Retail,20,1,US,desktop,31.4,4,0,0,0,0,0
17299,1052,5.0,Retail,18,1,US,desktop,446.4,4,0,0,0,0,0
17310,2375,5.0,Retail,12,0,CA,tablet,172.3,1,0,0,0,0,0
17313,1603,5.0,Grocery,18,0,CA,mobile,548.8,1,0,0,0,0,0
17320,2702,5.04,Retail,13,1,CA,mobile,233.8,1,0,0,0,0,1
17345,3424,5.0,Grocery,17,4,FR,tablet,321.3,2,0,0,0,0,0
17351,2887,5.0,Grocery,9,2,US,desktop,260.0,3,0,0,0,0,0
17370,1984,5.0,Utilities,17,1,CA,tablet,181.8,1,0,0,0,0,0
17384,2306,5.0,Retail,6,2,CA,tablet,35.1,1,0,0,0,0,0
17389,1420,5.0,Health,20,0,NG,mobile,52.2,1,0,0,0,0,0
17404,3198,5.0,Grocery,9,3,US,desktop,141.4,3,0,0,0,0,0
17419,1700,5.0,Grocery,6,2,BR,mobile,265.9,1,0,0,0,0,0
17468,2921,5.0,Retail,21,0,CA,tablet,45.7,2,0,0,0,0,0
17513,1811,5.0,Grocery,0,6,US,desktop,45.9,0,0,1,1,0,0
17516,1664,5.0,Utilities,18,4,GB,tablet,138.7,1,0,0,0,0,0
17567,1534,5.0,Grocery,5,6,US,desktop,196.0,0,0,1,1,0,0
17719,2282,5.0,Retail,16,2,US,desktop,235.4,3,0,0,0,0,0
17741,4055,5.0,Utilities,13,3,JP,mobile,129.2,2,0,0,0,0,0
17767,1479,5.0,Retail,17,4,NG,mobile,773.3,0,0,0,0,0,0
17770,2998,5.0,Retail,7,2,DE,tablet,335.8,2,0,0,0,0,0
17772,1611,5.0,Retail,12,4,CA,mobile,132.0,2,0,0,0,0,0
17806,4135,5.0,Retail,8,1,US,desktop,360.4,3,0,0,0,0,1
17826,3482,5.0,Grocery,12,3,CA,mobile,36.3,0,0,0,0,0,0
17855,3893,5.0,Health,7,3,AU,mobile,160.9,2,0,0,0,0,0
17864,2125,5.0,Grocery,16,0,DE,mobile,409.6,0,0,0,0,0,0
17942,4463,5.0,Utilities,12,3,US,desktop,143.3,4,0,0,0,0,0
17948,1226,5.0,Retail,17,3,GB,mobile,167.8,2,0,0,0,0,1
17972,3994,5.0,Retail,21,0,DE,mobile,144.2,1,0,0,0,0,0
17989,1161,5.0,Retail,13,1,JP,mobile,45.6,1,0,0,0,0,0
18002,4494,9.56,Grocery,12,4,US,desktop,241.6,3,0,0,0,0,0
18030,4896,5.0,Retail,16,4,FR,mobile,380.4,0,0,0,0,0,0
18038,3844,5.44,Grocery,22,1,DE,mobile,113.4,1,0,0,0,0,0
18049,4303,21.26,Health,16,1,GB,tablet,78.6,0,0,0,0,0,0
18112,4712,5.0,Grocery,9,2,AU,tablet,54.5,0,0,0,0,0,0
18117,1770,6.06,Retail,9,0,GB,tablet,220.6,2,0,0,0,0,0
18131,2478,5.0,Retail,8,1,BR,mobile,238.1,1,0,0,0,0,0
18133,2080,5.0,Grocery,18,0,US,desktop,114.8,6,0,0,0,0,0
18179,3957,5.0,Retail,22,4,DE,mobile,202.1,1,0,0,0,0,0
18206,2921,5.0,Retail,22,3,GB,mobile,260.3,2,0,0,0,0,0
18209,3294,5.09,Grocery,8,3,NG,mobile,118.8,0,0,0,0,0,0
18214,1806,5.0,Retail,16,3,US,desktop,62.1,4,0,0,0,0,1
18231,2618,5.0,Utilities,22,3,AU,mobile,219.2,1,0,0,0,0,0
18258,2127,5.0,Grocery,16,4,US,desktop,136.3,3,0,0,0,0,0
18272,3781,5.0,Grocery,17,0,CA,tablet,509.9,2,0,0,0,0,0
18275,4241,6.51,Retail,16,1,CA,tablet,386.3,1,0,0,0,0,0
18294,1953,5.0,Retail,16,1,AU,tablet,98.4,1,0,0,0,0,0
18298,2471,5.0,Utilities,16,1,US,desktop,535.7,3,0,0,0,0,0
18312,4657,5.0,Grocery,8,0,US,desktop,316.8,5,0,0,0,0,0
18361,2816,5.0,Utilities,13,2,GB,mobile,365.3,1,0,0,0,0,0
18438,4136,5.0,Grocery,16,3,GB,mobile,97.1,1,0,0,0,0,0
18462,1263,5.0,Grocery,22,2,DE,mobile,57.7,0,0,0,0,0,1
18494,2883,5.0,Grocery,3,5,US,desktop,84.0,1,0,1,1,0,1
18530,1603,5.0,Retail,11,2,BR,tablet,69.5,0,0,0,0,0,0
18537,2958,5.0,Grocery,16,2,CA,mobile,257.1,0,0,0,0,0,1
18571,1759,5.0,Grocery,23,5,US,desktop,319.9,1,0,1,1,0,0
18586,3813,11.36,Retail,1,5,US,desktop,199.2,2,0,1,1,0,0
18593,4061,5.0,Retail,19,3,GB,mobile,76.4,0,0,0,0,0,0
18601,2171,5.0,Grocery,23,6,US,desktop,346.6,2,0,1,1,0,0
18615,3249,5.0,Retail,18,2,CA,mobile,289.5,1,0,0,0,0,0
18628,3285,9.8,Grocery,15,0,NG,tablet,513.6,1,0,0,0,0,0
18632,4764,5.0,Grocery,14,1,NG,mobile,125.7,0,0,0,0,0,1
18637,4798,5.0,Retail,19,1,GB,mobile,55.3,0,0,0,0,0,0
18638,4106,5.0,Grocery,9,2,US,desktop,64.9,3,0,0,0,0,0
18670,3626,5.0,Grocery,7,4,NG,mobile,236.7,1,0,0,0,0,0
18739,1155,5.0,Health,19,4,US,desktop,564.8,3,0,0,0,0,0
18745,1394,5.0,Grocery,19,1,CA,mobile,48.2,2,0,0,0,0,0
18762,2858,5.0,Grocery,6,0,JP,mobile,358.2,1,0,0,0,0,1
18819,4580,5.0,Grocery,21,2,FR,tablet,139.7,1,0,0,0,0,0
18865,4045,5.0,Retail,13,3,CA,mobile,43.6,2,0,0,0,0,0
18874,2117,5.0,Retail,13,2,FR,tablet,174.8,2,0,0,0,0,0
18883,1715,5.0,Retail,8,2,DE,tablet,199.0,2,0,0,0,0,0
18887,2587,5.0,Grocery,9,3,BR,tablet,42.4,1,0,0,0,0,0
18905,3426,5.0,Grocery,16,4,CA,mobile,234.7,2,0,0,0,0,0
18928,1629,5.0,Retail,11,4,AU,mobile,42.3,2,0,0,0,0,0
18964,2431,5.0,Health,9,3,GB,mobile,128.8,2,0,0,0,0,1
18981,3410,8.49,Retail,9,3,CA,mobile,111.4,0,0,0,0,0,0
18983,2713,5.0,Health,20,2,CA,mobile,121.4,1,0,0,0,0,0
18993,4114,5.0,Grocery,14,4,GB,mobile,124.0,0,0,0,0,0,0
19002,3763,5.0,Health,22,1,BR,tablet,209.7,1,0,0,0,0,0
19021,1640,5.0,Utilities,19,4,CA,mobile,105.2,0,0,0,0,0,0
19029,2866,5.0,Utilities,14,2,CA,mobile,114.0,2,0,0,0,0,0
19076,1943,5.0,Grocery,6,4,NG,mobile,281.9,2,0,0,0,0,0
19094,3697,5.0,Grocery,2,6,US,desktop,77.2,1,0,1,1,0,0
19118,3086,5.36,Grocery,8,4,AU,mobile,354.9,0,0,0,0,0,0
19165,4839,5.0,Retail,20,2,JP,tablet,223.9,0,0,0,0,0,0
19177,4566,5.0,Grocery,19,3,AU,mobile,290.2,1,0,0,0,0,0
19200,3163,5.0,Retail,0,5,US,desktop,151.1,0,0,1,1,0,0
19223,1951,5.0,Retail,5,6,US,desktop,117.3,1,0,1,1,0,0
19224,3779,5.0,Utilities,20,3,FR,mobile,525.6,0,0,0,0,0,0
19245,2564,5.0,Grocery,17,4,NG,mobile,252.9,2,0,0,0,0,0
19255,1058,5.0,Health,22,1,US,desktop,143.5,4,0,0,0,0,0
19309,1082,5.0,Grocery,18,4,GB,mobile,163.8,0,0,0,0,0,0
19320,2583,5.0,Retail,22,4,GB,mobile,87.9,2,0,0,0,0,1
19392,2531,5.0,Retail,9,1,AU,mobile,457.0,0,0,0,0,0,0
19430,1006,5.0,Health,16,2,CA,mobile,155.2,1,0,0,0,0,0
19496,4576,5.0,Health,19,0,DE,mobile,401.0,1,0,0,0,0,0
19508,1080,5.49,Grocery,11,2,GB,mobile,55.1,2,0,0,0,0,0
19557,4275,5.0,Retail,20,1,BR,mobile,122.5,2,0,0,0,0,0
19567,3899,11.62,Retail,14,3,CA,mobile,48.4,2,0,0,0,0,1
19601,2302,5.0,Retail,11,4,JP,tablet,125.9,0,0,0,0,0,0
19611,1785,6.23,Retail,8,2,FR,mobile,51.1,1,0,0,0,0,0
19629,2351,5.0,Grocery,20,0,DE,mobile,226.9,1,0,0,0,0,0
19633,1798,6.63,Retail,16,1,GB,mobile,92.7,2,0,0,0,0,0
19640,4537,5.0,Grocery,19,4,US,desktop,148.9,3,0,0,0,0,0
19653,4389,5.0,Utilities,3,6,US,desktop,42.5,1,0,1,1,0,0
19654,4638,5.0,Retail,8,3,AU,mobile,419.2,1,0,0,0,0,0
19728,4703,5.0,Grocery,21,1,DE,mobile,305.6,2,0,0,0,0,0
19750,1809,5.0,Retail,16,4,JP,mobile,257.2,0,0,0,0,0,0
19802,1901,5.0,Utilities,12,3,DE,mobile,70.1,0,0,0,0,0,0
19836,2651,5.0,Grocery,4,6,US,desktop,39.1,1,0,1,1,0,0
19848,1163,5.0,Grocery,16,0,JP,mobile,59.0,2,0,0,0,0,0
19862,1300,5.0,Retail,14,2,NG,mobile,63.4,0,0,0,0,0,0
19866,2997,5.0,Retail,20,4,JP,tablet,334.3,1,0,0,0,0,0
19891,1797,5.0,Grocery,22,3,FR,mobile,363.7,0,0,0,0,0,0
19907,4312,5.0,Grocery,10,0,CA,tablet,50.5,0,0,0,0,0,0
19908,2945,5.0,Retail,14,3,CA,mobile,403.5,2,0,0,0,0,0
19967,2475,5.0,Retail,15,4,JP,mobile,93.9,0,0,0,0,0,0
19986,2478,5.0,Retail,17,4,AU,tablet,135.8,1,0,0,0,0,0
55,2991,5.0,Retail,23,1,US,desktop,173.8,0,0,0,1,1,1
195,4838,5.0,Retail,3,4,US,desktop,178.3,1,0,0,1,1,0
1241,3032,5.0,Health,5,3,US,desktop,100.8,0,0,0,1,1,1
1493,1116,5.0,Grocery,2,3,US,desktop,48.2,0,0,0,1,1,1
2455,4320,5.0,Retail,1,4,US,desktop,72.4,2,0,0,1,1,0
2472,1396,5.0,Retail,23,2,US,desktop,62.1,0,0,0,1,1,0
4308,4196,5.0,Retail,1,4,US,desktop,332.9,0,0,0,1,1,0
5544,4198,5.0,Retail,23,2,US,desktop,228.3,0,0,0,1,1,0
5866,3252,5.0,Grocery,3,2,US,desktop,93.2,1,0,0,1,1,0
6793,4404,5.0,Grocery,4,2,US,desktop,793.2,1,0,0,1,1,1
6991,3285,5.0,Utilities,3,1,US,desktop,317.8,1,0,0,1,1,0
7276,1866,5.0,Grocery,5,2,US,desktop,304.4,2,0,0,1,1,1
7357,2191,13.47,Utilities,1,1,US,desktop,64.3,2,0,0,1,1,0
7376,4809,5.0,Retail,0,4,US,desktop,265.4,2,0,0,1,1,0
7608,1712,5.0,Retail,5,3,US,desktop,214.2,1,0,0,1,1,0
7905,3526,5.0,Health,2,2,US,desktop,178.4,2,0,0,1,1,0
8516,2860,5.0,Retail,4,2,US,desktop,357.8,0,0,0,1,1,0
8756,1780,5.0,Grocery,4,0,US,desktop,107.1,1,0,0,1,1,1
9809,1569,5.82,Grocery,0,4,US,desktop,110.9,2,0,0,1,1,0
10074,4582,5.0,Grocery,0,2,US,desktop,90.7,0,0,0,1,1,1
10948,1830,5.0,Grocery,5,3,US,desktop,73.9,1,0,0,1,1,1
11606,4041,8.67,Retail,5,0,US,desktop,64.8,2,0,0,1,1,0
11806,1553,5.0,Utilities,4,2,US,desktop,33.0,1,0,0,1,1,0
12137,1094,5.0,Retail,1,4,US,desktop,86.5,1,0,0,1,1,1
13739,3690,5.0,Grocery,4,3,US,desktop,206.0,2,0,0,1,1,0
13887,2164,5.0,Grocery,4,2,US,desktop,126.2,1,0,0,1,1,0
14921,3175,5.0,Health,5,3,US,desktop,290.8,0,0,0,1,1,0
15032,3049,5.0,Grocery,3,1,US,desktop,118.5,2,0,0,1,1,0
15107,3529,5.0,Grocery,1,3,US,desktop,95.5,2,0,0,1,1,0
15176,4990,5.0,Grocery,5,2,US,desktop,43.8,0,0,0,1,1,0
15516,1111,5.0,Utilities,2,1,US,desktop,598.2,1,0,0,1,1,0
15609,1429,5.0,Grocery,23,3,US,desktop,441.0,1,0,0,1,1,0
16410,2201,5.0,Grocery,5,0,US,desktop,397.9,0,0,0,1,1,0
16710,3101,5.0,Retail,5,3,US,desktop,72.9,0,0,0,1,1,0
16928,4374,5.0,Utilities,3,4,US,desktop,163.1,1,0,0,1,1,0
17472,2096,5.0,Grocery,3,3,US,desktop,33.9,2,0,0,1,1,1
17777,4313,5.0,Health,3,3,US,desktop,298.9,1,0,0,1,1,0
18247,4934,7.13,Utilities,23,2,US,desktop,120.1,2,0,0,1,1,0
19273,4998,5.0,Grocery,23,3,US,desktop,77.4,1,0,0,1,1,0
19578,1865,5.0,Retail,23,1,US,desktop,611.2,1,0,0,1,1,0
630,2465,5.0,Retail,7,5,US,desktop,8.1,1,0,1,0,1,0
2720,1653,5.0,Grocery,16,6,US,desktop,1.4,1,0,1,0,1,0
8477,2845,5.0,Grocery,7,5,US,desktop,28.2,1,0,1,0,1,0
9993,4667,5.83,Grocery,22,6,US,desktop,25.8,0,0,1,0,1,0
14247,3305,5.0,Grocery,16,6,US,desktop,27.2,2,0,1,0,1,0
17938,4651,5.0,Retail,9,5,US,desktop,25.6,2,0,1,0,1,0
18317,2159,5.0,Utilities,14,5,US,desktop,22.5,1,0,1,0,1,0
12,4902,5.0,Grocery,9,3,BR,desktop,19.6,0,0,0,0,0,1
32,1908,5.0,Utilities,5,2,US,mobile,608.3,1,0,0,1,0,0
117,1149,5.0,Grocery,22,0,US,desktop,587.6,1,1,0,0,0,0
161,4984,5.0,Grocery,0,3,US,mobile,335.3,1,0,0,1,0,0
185,2982,5.0,Utilities,2,3,US,mobile,218.7,0,0,0,1,0,0
228,3316,5.0,Grocery,1,2,US,mobile,163.5,1,0,0,1,0,0
253,1752,5.0,Grocery,7,1,US,desktop,154.0,0,1,0,0,0,1
305,3171,5.0,Grocery,3,0,US,mobile,114.9,1,0,0,1,0,0
364,4573,5.0,Retail,15,2,GB,desktop,13.6,1,0,0,0,0,0
370,4088,5.0,Retail,20,4,US,desktop,57.8,1,1,0,0,0,0
372,3646,5.0,Retail,3,4,US,tablet,80.0,1,0,0,1,0,0
374,2494,5.0,Retail,5,1,US,tablet,262.3,0,0,0,1,0,0
421,4710,5.0,Grocery,19,2,US,desktop,85.0,2,1,0,0,0,1
571,4795,5.0,Health,0,4,US,mobile,61.1,0,0,0,1,0,0
572,2665,5.0,Retail,2,2,US,mobile,250.2,1,0,0,1,0,0
649,4841,5.0,Retail,3,2,US,mobile,112.8,1,0,0,1,0,0
766,4121,5.0,Grocery,22,3,US,desktop,267.3,1,1,0,0,0,0
781,4511,5.0,Retail,6,4,DE,desktop,15.9,0,0,0,0,0,0
801,1048,5.0,Health,10,2,GB,desktop,1.6,1,0,0,0,0,0
850,3423,6.79,Utilities,0,3,US,mobile,182.6,2,0,0,1,0,0
861,4872,5.0,Grocery,1,4,US,mobile,107.9,1,0,0,1,0,0
906,3838,5.0,Grocery,10,0,GB,desktop,29.0,2,0,0,0,0,1
939,2846,5.0,Retail,5,0,US,mobile,51.5,0,0,0,1,0,0
976,1902,5.0,Grocery,0,0,US,mobile,126.1,2,0,0,1,0,1
987,3466,5.0,Utilities,21,0,US,desktop,204.6,0,1,0,0,0,1
988,2264,5.0,Retail,2,1,US,tablet,165.6,0,0,0,1,0,0
994,2725,5.0,Grocery,14,1,AU,desktop,7.8,1,0,0,0,0,0
995,3118,5.0,Retail,1,0,US,mobile,452.7,1,0,0,1,0,0
1004,4545,6.5,Grocery,2,3,US,tablet,122.7,1,0,0,1,0,0
1006,4684,5.0,Retail,5,2,US,tablet,154.9,2,0,0,1,0,0
1024,4367,5.0,Grocery,11,3,GB,desktop,4.9,0,0,0,0,0,1
1028,2122,5.0,Utilities,4,2,US,mobile,190.1,2,0,0,1,0,0
1063,1576,5.0,Retail,5,0,US,mobile,478.1,0,0,0,1,0,0
1065,4012,5.0,Grocery,5,4,US,mobile,240.5,1,0,0,1,0,0
1067,4702,5.0,Retail,5,4,US,mobile,152.2,1,0,0,1,0,0
1070,1042,5.0,Retail,5,0,US,mobile,713.0,1,0,0,1,0,0
1073,4026,5.0,Retail,11,3,US,desktop,157.4,0,1,0,0,0,0
1078,1663,5.0,Retail,23,4,US,tablet,115.5,2,0,0,1,0,0
1242,4109,5.0,Grocery,5,4,US,mobile,358.0,2,0,0,1,0,0
1252,2646,5.0,Utilities,5,2,US,tablet,58.3,2,0,0,1,0,0
1260,4208,6.04,Grocery,6,2,US,desktop,254.9,2,1,0,0,0,0
1270,1194,5.0,Grocery,4,3,US,mobile,150.3,0,0,0,1,0,0
1381,4922,5.0,Retail,1,2,US,mobile,155.5,2,0,0,1,0,0
1392,3118,5.0,Utilities,23,0,US,mobile,128.8,2,0,0,1,0,0
1399,1100,5.0,Retail,19,0,GB,desktop,14.1,0,0,0,0,0,0
1668,3710,5.0,Retail,21,1,US,desktop,314.0,0,1,0,0,0,1
1789,2891,5.0,Grocery,17,1,FR,desktop,4.3,1,0,0,0,0,0
1795,2912,5.0,Retail,1,0,US,tablet,30.5,0,0,0,1,0,0
1808,2925,5.0,Grocery,9,2,DE,desktop,8.3,0,0,0,0,0,0
1816,1442,5.0,Grocery,15,0,AU,desktop,8.6,0,0,0,0,0,0
1918,2962,5.0,Retail,4,4,US,tablet,260.9,1,0,0,1,0,0
1939,4839,5.0,Grocery,0,1,US,mobile,49.6,2,0,0,1,0,0
1965,4267,5.0,Grocery,0,2,US,mobile,205.8,0,0,0,1,0,0
1986,4174,5.0,Grocery,1,0,US,tablet,174.9,0,0,0,1,0,1
2067,3900,5.0,Health,4,0,US,mobile,288.4,2,0,0,1,0,0
2077,2857,5.0,Utilities,4,4,US,mobile,56.8,0,0,0,1,0,0
2095,1649,5.0,Grocery,23,0,US,mobile,79.8,1,0,0,1,0,1
2169,4744,5.0,Retail,4,2,US,mobile,261.2,0,0,0,1,0,0
2181,3799,5.0,Retail,13,1,US,desktop,61.3,2,1,0,0,0,0
2198,4442,5.0,Retail,0,4,US,mobile,450.1,0,0,0,1,0,0
2280,3689,5.0,Health,3,1,US,mobile,121.2,2,0,0,1,0,0
2307,2303,12.62,Retail,5,1,US,mobile,846.8,2,0,0,1,0,1
2352,4001,5.0,Grocery,23,3,US,tablet,259.7,1,0,0,1,0,1
2383,4671,5.0,Retail,2,1,US,mobile,337.8,1,0,0,1,0,0
2452,4561,5.0,Utilities,4,4,US,mobile,149.4,2,0,0,1,0,0
2548,3339,5.0,Retail,6,1,US,desktop,228.8,1,1,0,0,0,0
2561,3309,5.0,Grocery,4,0,US,mobile,174.6,0,0,0,1,0,0
2582,2847,5.0,Grocery,3,1,US,mobile,167.2,1,0,0,1,0,0
2605,4032,5.0,Grocery,8,1,CA,desktop,23.5,1,0,0,0,0,0
2607,3129,5.0,Grocery,3,0,US,mobile,73.2,1,0,0,1,0,0
2679,3318,5.0,Grocery,10,2,DE,desktop,8.4,0,0,0,0,0,0
2687,1977,5.0,Health,0,1,US,tablet,270.4,1,0,0,1,0,0
2689,3552,5.0,Grocery,8,1,US,desktop,88.6,2,1,0,0,0,0
2701,4524,5.0,Retail,18,3,GB,desktop,10.0,1,0,0,0,0,0
2736,1558,5.0,Retail,5,0,US,mobile,211.2,0,0,0,1,0,0
2741,1742,5.0,Grocery,12,2,US,desktop,296.6,0,1,0,0,0,0
2893,2457,5.0,Retail,3,0,US,mobile,43.6,1,0,0,1,0,0
2907,3499,5.0,Retail,4,4,US,mobile,136.8,0,0,0,1,0,0
2965,3935,5.0,Grocery,23,4,US,mobile,301.0,0,0,0,1,0,0
3085,2358,5.0,Grocery,0,0,US,tablet,100.0,1,0,0,1,0,0
3107,4441,5.0,Retail,15,1,US,desktop,123.3,1,1,0,0,0,0
3140,2977,5.0,Grocery,3,2,US,mobile,303.8,0,0,0,1,0,0
3211,4841,5.0,Retail,3,4,US,mobile,332.3,1,0,0,1,0,1
3225,3433,5.0,Grocery,21,2,US,desktop,50.1,0,1,0,0,0,1
3304,2096,5.0,Health,9,3,US,desktop,156.2,2,1,0,0,0,1
3398,4842,5.0,Grocery,0,4,US,mobile,106.4,1,0,0,1,0,0
3446,3847,6.97,Health,22,4,US,desktop,466.8,2,1,0,0,0,0
3450,2982,5.0,Grocery,4,1,US,mobile,261.9,1,0,0,1,0,0
3480,4117,5.0,Retail,5,0,US,mobile,205.2,1,0,0,1,0,1
3523,4311,5.0,Retail,19,0,US,desktop,55.1,1,1,0,0,0,0
3555,2658,5.0,Grocery,1,3,US,mobile,67.7,2,0,0,1,0,0
3596,2159,5.0,Health,9,1,US,desktop,184.7,0,1,0,0,0,0
3617,1205,5.0,Retail,19,3,FR,desktop,29.3,2,0,0,0,0,1
3665,3052,5.0,Retail,23,4,US,tablet,255.3,0,0,0,1,0,0
3667,3355,5.0,Grocery,17,1,US,desktop,489.1,2,1,0,0,0,0
3679,3154,5.0,Grocery,2,1,US,mobile,621.4,0,0,0,1,0,0
3709,2968,5.0,Grocery,2,2,US,mobile,403.4,1,0,0,1,0,0
3724,4974,5.0,Retail,0,0,US,mobile,236.1,2,0,0,1,0,1
3845,4683,5.0,Retail,2,2,US,mobile,308.2,1,0,0,1,0,0
3868,4242,5.0,Grocery,2,3,US,mobile,80.5,1,0,0,1,0,0
3914,3201,5.0,Retail,10,3,US,desktop,346.9,1,1,0,0,0,1
3947,1093,5.0,Grocery,9,0,FR,desktop,7.4,1,0,0,0,0,0
3963,3626,5.0,Grocery,23,0,US,mobile,490.6,0,0,0,1,0,0
3964,2512,5.0,Utilities,0,3,US,mobile,117.1,1,0,0,1,0,0
4066,2379,10.95,Retail,16,2,US,desktop,204.5,1,1,0,0,0,0
4068,2685,6.48,Retail,0,4,US,mobile,50.7,0,0,0,1,0,0
4069,3952,5.0,Grocery,20,3,CA,desktop,3.5,0,0,0,0,0,0
4111,1012,6.07,Utilities,5,1,US,mobile,100.1,0,0,0,1,0,0
4130,2694,5.0,Grocery,23,2,US,tablet,293.0,0,0,0,1,0,0
4219,3107,5.0,Grocery,0,3,US,tablet,528.7,2,0,0,1,0,1
4385,2533,5.0,Grocery,7,0,US,desktop,319.8,1,1,0,0,0,0
4420,1416,5.0,Grocery,5,3,US,tablet,263.2,0,0,0,1,0,0
4480,3148,5.0,Grocery,14,1,CA,desktop,16.1,1,0,0,0,0,0
4527,1075,5.0,Utilities,23,1,US,mobile,39.2,1,0,0,1,0,0
4565,4587,5.0,Retail,15,4,FR,desktop,2.9,2,0,0,0,0,1
4630,2408,5.0,Retail,12,0,GB,desktop,1.0,0,0,0,0,0,0
4637,4298,5.0,Grocery,0,1,US,tablet,235.4,0,0,0,1,0,0
4682,1681,5.0,Utilities,23,0,US,tablet,138.8,1,0,0,1,0,0
4689,1031,5.0,Grocery,23,3,US,mobile,320.6,1,0,0,1,0,0
4785,4377,5.0,Grocery,4,2,US,tablet,98.8,2,0,0,1,0,0
4790,3380,5.0,Retail,12,0,US,desktop,614.9,2,1,0,0,0,0
4805,3766,5.0,Retail,5,0,US,mobile,190.8,2,0,0,1,0,0
4812,1989,5.0,Retail,4,3,US,tablet,127.5,1,0,0,1,0,1
4833,2558,5.0,Retail,20,2,CA,desktop,29.2,2,0,0,0,0,1
4878,2748,5.0,Retail,1,4,US,mobile,31.4,2,0,0,1,0,0
4898,3331,5.0,Grocery,15,1,JP,desktop,1.0,1,0,0,0,0,0
4937,4843,5.0,Health,5,0,US,mobile,273.7,1,0,0,1,0,1
4949,2059,5.0,Grocery,10,0,US,desktop,118.7,1,1,0,0,0,0
4962,3020,5.0,Retail,5,0,US,mobile,317.5,1,0,0,1,0,0
5025,4488,5.0,Grocery,5,4,US,mobile,33.0,1,0,0,1,0,0
5084,2747,5.0,Grocery,10,3,US,desktop,202.0,0,1,0,0,0,0
5096,1691,5.0,Grocery,3,0,US,mobile,92.2,2,0,0,1,0,0
5180,2609,5.0,Retail,23,3,US,mobile,101.0,2,0,0,1,0,0
5195,2480,5.0,Utilities,23,2,US,mobile,438.5,2,0,0,1,0,0
5234,1789,5.0,Grocery,5,2,US,mobile,83.5,2,0,0,1,0,0
5237,3232,5.0,Retail,8,3,CA,desktop,8.2,2,0,0,0,0,0
5241,2404,5.0,Grocery,2,2,US,tablet,511.7,1,0,0,1,0,0
5266,4551,5.04,Grocery,11,2,US,desktop,280.6,0,1,0,0,0,0
5276,1837,5.0,Grocery,2,3,US,mobile,266.7,1,0,0,1,0,0
5330,2966,5.0,Retail,22,0,DE,desktop,4.7,1,0,0,0,0,0
5399,4743,5.0,Utilities,23,4,US,tablet,85.0,1,0,0,1,0,0
5415,2244,5.0,Retail,3,3,US,mobile,113.0,2,0,0,1,0,0
5471,3373,5.0,Retail,23,1,US,tablet,135.6,1,0,0,1,0,0
5513,4624,5.0,Utilities,1,0,US,mobile,105.9,1,0,0,1,0,0
5515,3034,5.0,Retail,11,3,DE,desktop,3.6,1,0,0,0,0,1
5537,1221,5.0,Utilities,4,2,US,mobile,40.3,2,0,0,1,0,0
5558,2038,5.0,Grocery,4,1,US,mobile,186.9,1,0,0,1,0,0
5572,3767,16.03,Retail,5,0,US,mobile,73.7,1,0,0,1,0,1
5579,2815,5.0,Retail,2,1,US,mobile,46.9,2,0,0,1,0,0
5594,3507,5.0,Health,4,0,US,tablet,146.9,1,0,0,1,0,0
5625,1831,5.0,Grocery,15,0,FR,desktop,20.0,1,0,0,0,0,0
5714,3643,9.62,Grocery,1,1,US,mobile,48.4,1,0,0,1,0,0
5748,1998,5.0,Retail,0,2,US,mobile,100.3,2,0,0,1,0,0
5769,2878,5.0,Retail,21,3,FR,desktop,16.4,2,0,0,0,0,0
5807,2710,8.96,Utilities,23,4,US,mobile,262.9,1,0,0,1,0,0
5834,1976,5.0,Grocery,3,3,US,mobile,247.6,1,0,0,1,0,0
5894,2297,5.0,Grocery,0,0,US,mobile,132.6,2,0,0,1,0,1
5999,4011,5.0,Grocery,1,1,US,mobile,30.9,1,0,0,1,0,0
6103,2951,5.0,Health,2,1,US,mobile,100.8,2,0,0,1,0,0
6135,3604,5.0,Retail,4,2,US,mobile,517.4,1,0,0,1,0,0
6152,4627,5.0,Grocery,4,2,US,mobile,38.4,1,0,0,1,0,1
6185,1711,5.0,Retail,15,2,US,desktop,69.7,0,1,0,0,0,1
6305,2203,5.63,Retail,23,4,US,mobile,167.5,0,0,0,1,0,0
6315,4409,5.0,Retail,5,4,US,tablet,44.8,0,0,0,1,0,0
6340,3416,12.4,Retail,22,4,US,desktop,100.8,2,1,0,0,0,0
6374,3908,5.0,Grocery,14,1,GB,desktop,4.8,0,0,0,0,0,0
6425,4882,5.0,Health,2,4,US,tablet,146.3,2,0,0,1,0,1
6448,3782,5.0,Grocery,0,3,US,tablet,455.1,1,0,0,1,0,0
6462,2757,18.81,Grocery,20,4,US,desktop,161.2,1,1,0,0,0,0
6509,3699,5.0,Grocery,5,3,US,mobile,423.7,0,0,0,1,0,0
6519,1779,5.0,Grocery,0,3,US,mobile,36.7,1,0,0,1,0,0
6625,3123,5.0,Retail,21,2,US,desktop,148.3,1,1,0,0,0,0
6626,3184,5.0,Health,2,3,US,tablet,36.2,1,0,0,1,0,0
6640,2244,5.0,Grocery,3,4,US,mobile,219.3,1,0,0,1,0,0
6656,4395,5.0,Grocery,13,4,AU,desktop,18.7,2,0,0,0,0,0
6704,1464,5.0,Retail,0,2,US,mobile,298.9,1,0,0,1,0,0
6707,1093,8.09,Health,16,2,AU,desktop,16.8,1,0,0,0,0,0
6758,2819,5.0,Health,1,3,US,mobile,105.8,2,0,0,1,0,0
6801,4405,5.0,Grocery,4,2,US,mobile,309.7,2,0,0,1,0,0
6807,2991,5.0,Grocery,3,4,US,mobile,87.4,0,0,0,1,0,0
6864,3230,5.0,Grocery,2,4,US,mobile,51.4,2,0,0,1,0,0
6883,4046,5.0,Retail,17,4,US,desktop,191.3,0,1,0,0,0,0
6887,4527,5.0,Grocery,3,3,US,mobile,574.5,0,0,0,1,0,1
6901,1148,5.0,Retail,3,4,US,mobile,59.0,2,0,0,1,0,1
6960,3257,5.0,Grocery,14,4,FR,desktop,7.4,0,0,0,0,0,0
6961,2134,5.0,Grocery,23,2,US,mobile,339.9,1,0,0,1,0,0
6972,3998,8.06,Grocery,5,1,US,mobile,55.6,1,0,0,1,0,0
6992,4265,5.0,Grocery,6,1,US,desktop,445.0,0,1,0,0,0,0
7052,2729,5.22,Retail,1,1,US,tablet,251.1,2,0,0,1,0,1
7088,1900,5.0,Grocery,0,2,US,tablet,175.4,0,0,0,1,0,1
7174,2561,5.0,Grocery,14,4,GB,desktop,14.0,2,0,0,0,0,0
7187,2878,5.0,Retail,19,4,CA,desktop,18.6,2,0,0,0,0,0
7198,4805,5.0,Grocery,9,0,US,desktop,143.3,1,1,0,0,0,0
7218,1795,5.0,Grocery,3,0,US,mobile,103.9,1,0,0,1,0,0
7251,2365,5.0,Grocery,21,1,DE,desktop,14.1,0,0,0,0,0,0
7281,3581,5.0,Grocery,7,1,CA,desktop,20.7,1,0,0,0,0,0
7317,3697,5.0,Grocery,19,4,GB,desktop,5.4,0,0,0,0,0,0
7372,1378,5.0,Retail,13,1,US,desktop,109.3,0,1,0,0,0,0
7397,2933,5.0,Grocery,1,2,US,mobile,177.5,0,0,0,1,0,0
7419,4527,5.0,Utilities,6,2,US,desktop,117.1,0,1,0,0,0,0
7430,4408,5.0,Grocery,20,1,DE,desktop,11.7,0,0,0,0,0,0
7435,2641,5.0,Health,4,2,US,mobile,1378.3,1,0,0,1,0,0
7456,1995,5.69,Grocery,19,3,US,desktop,145.8,2,1,0,0,0,0
7468,3316,5.0,Retail,5,4,US,mobile,31.8,1,0,0,1,0,1
7525,2615,8.82,Retail,15,4,US,desktop,78.9,0,1,0,0,0,0
7526,1353,5.0,Grocery,0,1,US,mobile,73.9,1,0,0,1,0,0
7531,2701,5.0,Health,4,4,US,mobile,64.1,2,0,0,1,0,0
7569,2425,5.0,Grocery,0,3,US,mobile,1025.8,2,0,0,1,0,0
7607,3026,5.0,Retail,1,2,US,tablet,219.3,2,0,0,1,0,0
7609,2092,8.58,Grocery,3,1,US,tablet,540.4,1,0,0,1,0,0
7616,3518,5.0,Retail,4,0,US,tablet,323.8,0,0,0,1,0,0
7649,3193,5.0,Utilities,2,1,US,mobile,137.8,2,0,0,1,0,0
7655,1517,5.0,Health,1,0,US,mobile,116.9,2,0,0,1,0,0
7700,2133,8.03,Grocery,19,3,CA,desktop,19.1,0,0,0,0,0,0
7702,2696,5.0,Retail,4,4,US,mobile,124.4,0,0,0,1,0,0
7877,2617,5.0,Grocery,4,4,US,mobile,108.1,2,0,0,1,0,0
7931,2343,5.0,Grocery,22,1,GB,desktop,14.8,0,0,0,0,0,0
7979,2883,5.0,Retail,6,0,US,desktop,63.7,0,1,0,0,0,0
8016,1609,8.15,Grocery,23,0,US,mobile,684.8,1,0,0,1,0,0
8021,2144,5.0,Retail,0,2,US,mobile,537.5,1,0,0,1,0,0
8032,3193,5.0,Retail,23,0,US,mobile,424.8,0,0,0,1,0,1
8078,2515,5.0,Grocery,1,4,US,mobile,269.5,0,0,0,1,0,0
8135,3948,5.0,Utilities,22,4,BR,desktop,18.2,1,0,0,0,0,0
8177,1611,5.0,Utilities,14,4,US,desktop,48.2,2,1,0,0,0,1
8185,3299,10.73,Grocery,20,1,JP,desktop,14.2,2,0,0,0,0,0
8196,3487,5.0,Grocery,12,0,AU,desktop,4.8,1,0,0,0,0,1
8221,2258,5.0,Grocery,23,0,US,mobile,154.0,0,0,0,1,0,0
8228,3001,5.0,Utilities,14,1,US,desktop,125.4,2,1,0,0,0,1
8318,2803,6.6,Health,8,4,CA,desktop,26.7,1,0,0,0,0,1
8322,3095,5.0,Grocery,5,4,US,tablet,45.7,2,0,0,1,0,0
8348,2180,11.26,Retail,2,1,US,mobile,71.8,0,0,0,1,0,0
8379,4790,5.0,Health,3,0,US,mobile,1020.0,2,0,0,1,0,0
8489,3113,5.0,Grocery,4,0,US,mobile,36.9,0,0,0,1,0,1
8501,2097,8.49,Utilities,23,3,US,mobile,196.4,0,0,0,1,0,0
8506,1747,5.0,Retail,4,2,US,mobile,119.0,2,0,0,1,0,0
8507,2832,5.0,Grocery,1,1,US,mobile,82.6,1,0,0,1,0,0
8515,3242,5.0,Retail,2,3,US,mobile,69.4,2,0,0,1,0,0
8539,1109,5.0,Grocery,10,0,CA,desktop,26.7,2,0,0,0,0,1
8569,1163,5.0,Retail,10,3,US,desktop,113.9,1,1,0,0,0,0
8602,2887,5.0,Grocery,0,0,US,mobile,63.9,0,0,0,1,0,0
8632,3478,5.0,Retail,3,2,US,mobile,120.7,2,0,0,1,0,0
8761,4835,5.0,Grocery,4,4,US,tablet,71.6,1,0,0,1,0,0
8776,1616,5.0,Retail,14,3,US,desktop,191.2,0,1,0,0,0,0
8815,2900,5.0,Grocery,23,4,US,mobile,322.1,1,0,0,1,0,0
8861,4846,5.0,Utilities,2,4,US,mobile,67.3,0,0,0,1,0,0
8867,1400,5.0,Grocery,5,1,US,mobile,54.5,1,0,0,1,0,0
8885,1613,5.0,Retail,3,3,US,mobile,87.4,1,0,0,1,0,1
8900,1081,5.0,Health,3,0,US,tablet,277.6,1,0,0,1,0,0
8901,1523,5.0,Grocery,3,4,US,tablet,130.8,2,0,0,1,0,0
8920,4298,5.04,Health,6,2,GB,desktop,11.2,1,0,0,0,0,0
8924,2659,8.29,Retail,5,3,US,mobile,90.5,2,0,0,1,0,0
8932,1605,5.0,Grocery,1,4,US,mobile,214.1,2,0,0,1,0,0
8962,2836,5.0,Health,1,3,US,mobile,555.3,1,0,0,1,0,1
9071,1457,8.91,Health,15,4,US,desktop,418.7,0,1,0,0,0,1
9090,2422,5.26,Grocery,3,3,US,tablet,201.8,0,0,0,1,0,0
9152,1762,5.0,Grocery,4,1,US,tablet,150.4,0,0,0,1,0,0
9172,4076,5.0,Grocery,3,1,US,tablet,319.7,0,0,0,1,0,0
9221,1611,5.0,Health,2,0,US,mobile,152.5,1,0,0,1,0,0
9320,1622,5.0,Grocery,2,2,US,mobile,126.7,1,0,0,1,0,0
9325,2630,5.0,Grocery,0,0,US,tablet,31.8,1,0,0,1,0,0
9371,2319,8.45,Grocery,13,3,GB,desktop,18.0,1,0,0,0,0,1
9404,2777,5.0,Utilities,0,2,US,mobile,177.8,1,0,0,1,0,0
9407,4514,5.0,Health,1,0,US,tablet,686.5,2,0,0,1,0,0
9520,4728,5.0,Retail,3,4,US,mobile,142.9,0,0,0,1,0,0
9522,3006,5.0,Retail,0,3,US,mobile,71.8,1,0,0,1,0,0
9536,3278,5.0,Grocery,23,4,US,mobile,576.7,1,0,0,1,0,0
9537,3950,5.0,Retail,5,0,US,tablet,61.2,1,0,0,1,0,0
9543,2038,5.81,Retail,4,0,US,mobile,450.8,0,0,0,1,0,0
9553,2955,5.0,Retail,5,4,US,tablet,87.0,1,0,0,1,0,1
9609,2890,14.58,Retail,23,3,US,tablet,50.8,0,0,0,1,0,0
9640,3209,5.0,Grocery,14,0,BR,desktop,26.5,0,0,0,0,0,0
9662,3374,8.42,Retail,3,0,US,tablet,163.6,1,0,0,1,0,0
9691,1024,5.15,Grocery,2,3,US,mobile,93.9,1,0,0,1,0,0
9709,4453,5.0,Retail,0,4,US,tablet,344.2,2,0,0,1,0,0
9729,4438,5.0,Health,0,4,US,mobile,105.2,2,0,0,1,0,0
9741,2397,5.0,Retail,10,2,US,desktop,685.7,1,1,0,0,0,0
9745,3084,5.0,Grocery,15,1,JP,desktop,13.3,2,0,0,0,0,0
9760,2453,5.0,Retail,15,4,JP,desktop,1.6,0,0,0,0,0,0
9815,3050,5.0,Grocery,21,3,JP,desktop,28.6,1,0,0,0,0,0
9881,2594,6.64,Grocery,5,1,US,mobile,121.8,1,0,0,1,0,0
9905,3473,5.0,Grocery,17,4,AU,desktop,5.6,1,0,0,0,0,1
9906,1951,5.58,Grocery,14,2,US,desktop,202.8,1,1,0,0,0,0
9910,1911,8.33,Health,22,3,CA,desktop,12.3,1,0,0,0,0,0
9976,1758,5.0,Retail,1,0,US,mobile,273.2,1,0,0,1,0,0
10096,4322,5.0,Retail,3,4,US,mobile,308.9,1,0,0,1,0,0
10114,3197,5.0,Retail,0,3,US,mobile,357.0,0,0,0,1,0,0
10159,4657,5.0,Grocery,3,4,US,mobile,310.3,1,0,0,1,0,0
10255,1494,5.0,Grocery,1,4,US,mobile,88.2,2,0,0,1,0,0
10310,1251,5.0,Utilities,3,4,US,tablet,190.0,2,0,0,1,0,0
10343,4353,5.0,Grocery,1,1,US,mobile,417.7,0,0,0,1,0,0
10447,2738,5.06,Health,14,0,DE,desktop,11.7,2,0,0,0,0,0
10504,1248,9.33,Health,23,0,US,mobile,199.1,0,0,0,1,0,0
10525,2604,5.0,Retail,0,3,US,mobile,421.3,1,0,0,1,0,0
10581,3959,6.24,Grocery,5,0,US,mobile,138.0,0,0,0,1,0,0
10620,2127,5.0,Retail,0,4,US,mobile,134.6,0,0,0,1,0,0
10628,3552,5.0,Grocery,1,4,US,mobile,232.3,1,0,0,1,0,0
10633,3161,6.9,Retail,2,1,US,mobile,249.2,1,0,0,1,0,0
10673,2326,5.0,Grocery,16,0,US,desktop,200.0,0,1,0,0,0,0
10677,2077,5.0,Retail,17,1,GB,desktop,29.1,0,0,0,0,0,0
10750,3600,5.0,Grocery,3,0,US,mobile,41.5,2,0,0,1,0,0
10788,2854,5.0,Utilities,1,2,US,mobile,66.1,1,0,0,1,0,0
10797,2495,5.0,Grocery,3,1,US,mobile,58.5,0,0,0,1,0,0
10799,1384,5.0,Grocery,2,4,US,mobile,128.1,0,0,0,1,0,0
10817,4023,5.0,Retail,3,3,US,tablet,516.7,2,0,0,1,0,0
10824,4098,5.0,Grocery,23,4,US,tablet,185.8,0,0,0,1,0,0
10828,1754,5.0,Retail,7,3,FR,desktop,20.1,1,0,0,0,0,0
10850,4729,5.0,Grocery,2,2,US,tablet,84.9,1,0,0,1,0,0
10855,2185,5.0,Grocery,23,4,US,tablet,177.5,1,0,0,1,0,0
10872,1367,5.0,Grocery,0,0,US,tablet,51.6,1,0,0,1,0,0
10897,3942,5.0,Retail,23,1,US,tablet,162.4,0,0,0,1,0,0
10920,1254,8.95,Retail,23,0,US,mobile,65.0,2,0,0,1,0,1
10974,4522,5.27,Retail,0,3,US,mobile,244.7,0,0,0,1,0,0
11001,4396,5.0,Grocery,6,4,US,desktop,357.5,1,1,0,0,0,0
11068,2387,5.0,Grocery,3,4,US,tablet,181.1,0,0,0,1,0,0
11075,1875,5.0,Retail,2,4,US,tablet,118.0,2,0,0,1,0,0
11110,3648,5.0,Grocery,9,4,US,desktop,141.0,2,1,0,0,0,0
11261,1953,5.0,Grocery,20,0,JP,desktop,29.2,1,0,0,0,0,1
11268,1284,5.0,Health,4,4,US,mobile,215.6,1,0,0,1,0,0
11274,2050,5.0,Retail,0,3,US,mobile,36.7,1,0,0,1,0,0
11325,2164,5.0,Utilities,6,3,CA,desktop,3.7,0,0,0,0,0,0
11367,3988,5.0,Grocery,1,2,US,tablet,270.9,1,0,0,1,0,0
11375,3569,5.0,Grocery,14,4,US,desktop,76.3,0,1,0,0,0,1
11457,2651,5.0,Grocery,22,1,US,desktop,124.6,2,1,0,0,0,0
11524,4643,5.0,Grocery,14,4,DE,desktop,9.1,2,0,0,0,0,0
11542,4205,5.0,Health,13,4,CA,desktop,29.2,0,0,0,0,0,0
11664,2193,5.0,Grocery,2,2,US,tablet,153.0,0,0,0,1,0,0
11711,3492,21.76,Retail,23,3,US,tablet,188.3,1,0,0,1,0,0
11739,1861,5.0,Health,23,2,US,mobile,59.4,2,0,0,1,0,0
11742,3548,5.0,Grocery,0,3,US,mobile,80.2,0,0,0,1,0,0
11791,3798,5.61,Grocery,5,4,US,mobile,70.8,1,0,0,1,0,0
11832,3378,5.0,Retail,0,1,US,mobile,159.1,0,0,0,1,0,0
11870,2070,5.0,Grocery,2,2,US,mobile,60.2,1,0,0,1,0,0
11877,3543,5.0,Grocery,12,0,CA,desktop,24.2,1,0,0,0,0,0
11885,4195,5.0,Retail,3,3,US,mobile,103.2,1,0,0,1,0,1
11887,2500,5.0,Grocery,12,3,NG,desktop,27.6,2,0,0,0,0,0
11992,2505,5.0,Retail,21,0,CA,desktop,26.7,0,0,0,0,0,0
12056,1467,5.0,Retail,4,1,US,mobile,143.0,0,0,0,1,0,0
12098,2064,5.0,Grocery,3,1,US,tablet,70.4,1,0,0,1,0,0
12181,3734,5.0,Grocery,5,0,US,mobile,105.2,0,0,0,1,0,0
12219,4747,5.0,Retail,21,0,DE,desktop,13.5,1,0,0,0,0,0
12226,2044,5.0,Retail,4,2,US,mobile,187.6,1,0,0,1,0,0
12246,3747,5.39,Grocery,0,4,US,mobile,327.1,2,0,0,1,0,0
12255,4880,5.0,Grocery,9,1,US,desktop,333.2,0,1,0,0,0,0
12288,3560,5.0,Grocery,1,1,US,tablet,197.9,0,0,0,1,0,0
12297,3933,5.0,Grocery,4,3,US,tablet,828.3,1,0,0,1,0,1
12310,2690,5.0,Retail,3,3,US,mobile,66.0,1,0,0,1,0,0
12367,3468,5.0,Grocery,5,4,US,mobile,64.5,0,0,0,1,0,0
12410,1588,6.68,Grocery,2,3,US,tablet,127.0,1,0,0,1,0,0
12427,3525,5.0,Health,0,2,US,tablet,510.5,2,0,0,1,0,0
12438,1781,5.0,Grocery,8,4,US,desktop,456.0,1,1,0,0,0,0
12440,2745,5.0,Retail,3,1,US,mobile,244.4,1,0,0,1,0,0
12502,4332,5.0,Grocery,11,1,FR,desktop,17.3,2,0,0,0,0,0
12526,1217,5.0,Grocery,1,1,US,mobile,263.6,0,0,0,1,0,0
12569,4988,5.0,Retail,0,3,US,mobile,65.2,0,0,0,1,0,0
12575,1843,5.0,Retail,0,4,US,mobile,118.6,0,0,0,1,0,0
12689,2647,5.2,Grocery,23,1,US,mobile,439.6,0,0,0,1,0,0
12700,3755,5.0,Retail,1,0,US,mobile,226.4,0,0,0,1,0,1
12726,3080,5.0,Retail,9,0,GB,desktop,27.9,1,0,0,0,0,0
12783,3198,5.0,Retail,4,3,US,mobile,382.6,1,0,0,1,0,1
12845,3779,5.0,Health,18,4,GB,desktop,5.5,0,0,0,0,0,1
12877,4485,17.95,Retail,2,4,US,mobile,115.0,0,0,0,1,0,0
12902,2181,5.79,Grocery,0,4,US,mobile,81.8,1,0,0,1,0,1
12905,4693,5.0,Health,2,2,US,mobile,398.2,0,0,0,1,0,1
12937,3473,5.0,Grocery,5,3,US,mobile,158.7,2,0,0,1,0,0
13057,1051,5.0,Retail,4,0,US,mobile,420.5,1,0,0,1,0,0
13116,1578,5.0,Retail,10,1,US,desktop,54.6,2,1,0,0,0,0
13147,2070,5.0,Retail,3,1,US,mobile,91.1,0,0,0,1,0,1
13153,1793,5.0,Grocery,13,2,US,desktop,224.7,2,1,0,0,0,0
13199,1325,5.0,Grocery,23,3,US,mobile,376.5,2,0,0,1,0,0
13213,3436,5.0,Health,18,2,US,desktop,76.4,1,1,0,0,0,0
13298,4666,5.96,Retail,9,1,CA,desktop,14.7,1,0,0,0,0,0
13323,3864,5.0,Utilities,0,2,US,tablet,61.1,2,0,0,1,0,0
13342,2470,5.0,Grocery,23,0,US,mobile,183.8,2,0,0,1,0,1
13348,2740,5.0,Retail,4,0,US,mobile,55.5,0,0,0,1,0,0
13357,3595,5.0,Health,4,2,US,tablet,31.7,0,0,0,1,0,1
13400,3226,5.0,Grocery,4,3,US,tablet,516.4,0,0,0,1,0,0
13417,3335,5.0,Utilities,2,2,US,mobile,40.8,1,0,0,1,0,0
13435,2622,5.0,Retail,3,2,US,mobile,529.4,2,0,0,1,0,0
13445,2567,5.0,Retail,20,0,US,desktop,63.8,1,1,0,0,0,0
13561,2112,5.0,Grocery,6,3,US,desktop,150.0,0,1,0,0,0,0
13623,3531,5.0,Retail,2,0,US,mobile,44.2,1,0,0,1,0,0
13663,3330,5.0,Retail,5,1,US,tablet,207.1,1,0,0,1,0,0
13713,4182,5.0,Retail,1,2,US,mobile,353.9,1,0,0,1,0,0
13744,3269,5.0,Grocery,11,1,US,desktop,30.3,0,1,0,0,0,0
13753,4767,5.0,Grocery,3,2,US,tablet,379.6,1,0,0,1,0,0
13797,4457,5.0,Retail,20,0,FR,desktop,29.7,2,0,0,0,0,0
13858,2235,5.0,Retail,0,2,US,mobile,272.5,1,0,0,1,0,1
13929,3666,5.0,Utilities,11,0,CA,desktop,3.5,0,0,0,0,0,0
13942,4094,5.0,Utilities,9,1,US,desktop,543.6,0,1,0,0,0,1
13960,3820,5.0,Grocery,22,2,US,desktop,43.0,1,1,0,0,0,0
13984,2030,5.0,Health,22,3,US,desktop,272.2,1,1,0,0,0,0
13992,4353,5.0,Health,2,3,US,mobile,255.2,2,0,0,1,0,0
13997,4557,5.65,Grocery,2,3,US,mobile,37.9,1,0,0,1,0,1
14004,4606,5.0,Retail,0,1,US,mobile,319.9,1,0,0,1,0,1
14062,1003,5.0,Grocery,3,2,US,mobile,426.2,2,0,0,1,0,1
14085,2618,12.39,Grocery,0,0,US,tablet,30.2,2,0,0,1,0,0
14086,1341,5.0,Grocery,6,3,US,desktop,555.0,0,1,0,0,0,0
14143,4129,5.0,Utilities,19,3,US,desktop,160.7,2,1,0,0,0,0
14158,1462,5.0,Grocery,20,3,US,desktop,300.5,1,1,0,0,0,0
14171,3923,5.0,Retail,2,4,US,mobile,316.3,1,0,0,1,0,0
14221,4726,5.0,Retail,4,3,US,tablet,62.5,1,0,0,1,0,0
14270,2237,5.0,Retail,15,3,CA,desktop,6.8,2,0,0,0,0,0
14273,3265,5.0,Retail,16,0,US,desktop,329.7,2,1,0,0,0,0
14297,2408,5.0,Grocery,23,0,US,mobile,74.4,2,0,0,1,0,0
14320,1661,5.0,Grocery,15,2,US,desktop,1120.3,1,1,0,0,0,0
14322,3345,5.0,Retail,3,2,US,mobile,66.8,2,0,0,1,0,0
14334,3871,5.0,Grocery,0,0,US,mobile,146.3,1,0,0,1,0,1
14387,1263,5.32,Grocery,9,0,US,desktop,161.2,2,1,0,0,0,0
14396,4535,5.0,Retail,6,4,US,desktop,59.7,1,1,0,0,0,0
14556,3627,5.0,Grocery,3,0,US,mobile,505.5,0,0,0,1,0,0
14579,4462,5.0,Retail,3,0,US,mobile,154.2,0,0,0,1,0,0
14626,2610,5.0,Health,13,2,DE,desktop,22.2,1,0,0,0,0,0
14678,1528,5.0,Grocery,23,1,US,mobile,339.0,1,0,0,1,0,1
14686,4511,5.0,Retail,3,1,US,tablet,73.2,0,0,0,1,0,0
14720,3623,5.0,Grocery,11,0,DE,desktop,9.2,2,0,0,0,0,0
14726,4588,10.08,Retail,2,0,US,mobile,452.0,0,0,0,1,0,0
14740,4701,5.09,Retail,2,0,US,tablet,156.5,1,0,0,1,0,0
14845,1511,5.0,Utilities,2,1,US,mobile,122.1,1,0,0,1,0,0
14856,1646,5.0,Retail,2,4,US,mobile,299.8,2,0,0,1,0,0
14909,3933,5.0,Grocery,16,2,CA,desktop,1.0,1,0,0,0,0,0
14929,3294,5.0,Grocery,23,0,US,tablet,96.9,1,0,0,1,0,0
14931,2410,5.0,Grocery,17,2,US,desktop,249.3,0,1,0,0,0,0
14948,2843,15.54,Grocery,4,1,US,mobile,66.7,0,0,0,1,0,0
14956,2098,6.08,Retail,3,0,US,tablet,498.9,0,0,0,1,0,0
15030,3865,5.0,Utilities,0,1,US,mobile,305.8,0,0,0,1,0,0
15089,2910,5.0,Grocery,6,0,US,desktop,46.5,1,1,0,0,0,1
15092,2221,7.88,Retail,5,3,US,mobile,204.7,1,0,0,1,0,0
15136,3535,5.0,Retail,7,0,US,desktop,459.9,2,1,0,0,0,0
15237,1729,5.0,Retail,23,2,US,mobile,364.9,0,0,0,1,0,1
15300,3801,5.0,Grocery,23,4,US,mobile,100.9,0,0,0,1,0,0
15411,4080,5.0,Retail,23,4,US,mobile,61.1,2,0,0,1,0,0
15566,3019,5.0,Grocery,13,3,DE,desktop,3.2,1,0,0,0,0,0
15577,3725,5.0,Retail,2,4,US,tablet,60.6,2,0,0,1,0,1
15660,1742,5.0,Retail,5,1,US,tablet,362.2,1,0,0,1,0,0
15773,4168,5.0,Grocery,3,4,US,mobile,62.0,2,0,0,1,0,0
15828,4493,5.0,Grocery,0,0,US,mobile,192.2,0,0,0,1,0,0
15865,4131,5.0,Retail,19,1,US,desktop,37.4,1,1,0,0,0,0
15912,3711,6.45,Health,17,4,US,desktop,216.9,0,1,0,0,0,1
15915,2702,5.0,Retail,2,0,US,mobile,569.1,0,0,0,1,0,0
15958,4612,5.0,Grocery,0,3,US,tablet,44.9,1,0,0,1,0,0
15967,2596,5.61,Grocery,2,3,US,mobile,106.6,1,0,0,1,0,0
15991,1477,5.0,Grocery,1,3,US,mobile,322.3,1,0,0,1,0,0
16003,1153,5.0,Grocery,1,4,US,tablet,144.9,0,0,0,1,0,0
16043,3318,5.0,Utilities,15,2,GB,desktop,8.1,1,0,0,0,0,0
16057,2332,5.0,Retail,5,4,US,mobile,110.7,1,0,0,1,0,0
16066,3258,20.87,Retail,15,2,CA,desktop,10.9,0,0,0,0,0,0
16078,1334,5.0,Health,19,0,US,desktop,274.2,1,1,0,0,0,0
16161,3413,5.0,Utilities,4,2,US,mobile,60.6,1,0,0,1,0,0
16280,2293,5.78,Retail,3,2,US,tablet,261.3,0,0,0,1,0,0
16289,4019,5.0,Retail,2,4,US,mobile,283.2,1,0,0,1,0,0
16300,1370,5.0,Grocery,2,3,US,mobile,38.1,1,0,0,1,0,0
16319,2049,5.0,Grocery,4,2,US,mobile,39.0,2,0,0,1,0,1
16370,2596,5.0,Retail,5,1,US,mobile,300.4,2,0,0,1,0,1
16497,2996,5.0,Utilities,4,4,US,tablet,561.4,1,0,0,1,0,0
16505,4219,11.36,Grocery,11,3,JP,desktop,8.3,2,0,0,0,0,0
16613,2815,5.0,Retail,5,2,US,mobile,210.9,2,0,0,1,0,0
16619,1400,5.0,Grocery,23,4,US,mobile,136.5,0,0,0,1,0,0
16627,1678,5.0,Grocery,12,1,CA,desktop,29.6,1,0,0,0,0,0
16643,1118,5.0,Grocery,22,0,US,desktop,590.7,1,1,0,0,0,0
16718,4582,5.0,Health,4,4,US,mobile,318.7,2,0,0,1,0,0
16736,4027,5.0,Retail,0,2,US,mobile,606.4,2,0,0,1,0,0
16744,3195,5.0,Utilities,2,0,US,mobile,818.7,1,0,0,1,0,0
16770,1687,5.0,Retail,6,4,NG,desktop,2.0,1,0,0,0,0,0
16798,4930,5.24,Grocery,1,3,US,mobile,532.8,1,0,0,1,0,0
16828,2177,5.0,Health,9,3,US,desktop,719.0,0,1,0,0,0,0
16839,1229,5.0,Grocery,0,1,US,mobile,117.0,0,0,0,1,0,1
16840,1374,5.0,Retail,17,1,US,desktop,185.2,1,1,0,0,0,0
16864,1100,5.0,Grocery,5,0,US,tablet,125.0,0,0,0,1,0,0
16970,4094,5.0,Retail,13,2,US,desktop,603.7,1,1,0,0,0,0
16984,4726,5.0,Retail,11,0,DE,desktop,1.0,0,0,0,0,0,1
17010,3724,5.0,Retail,8,1,JP,desktop,27.3,2,0,0,0,0,0
17070,3956,5.0,Grocery,0,1,US,mobile,245.6,2,0,0,1,0,0
17081,1282,5.0,Grocery,2,0,US,mobile,316.6,2,0,0,1,0,0
17112,1582,12.66,Grocery,4,3,US,mobile,127.8,1,0,0,1,0,1
17130,2662,5.0,Grocery,10,3,GB,desktop,1.0,1,0,0,0,0,0
17201,4459,5.0,Grocery,4,1,US,mobile,202.7,2,0,0,1,0,0
17256,4622,5.0,Retail,1,2,US,mobile,276.1,0,0,0,1,0,1
17303,3412,5.0,Retail,2,0,US,mobile,85.5,0,0,0,1,0,1
17312,1831,5.0,Retail,1,4,US,tablet,996.4,2,0,0,1,0,1
17358,4104,5.0,Grocery,18,3,US,desktop,269.1,0,1,0,0,0,0
17396,2434,5.0,Grocery,5,3,US,mobile,44.1,1,0,0,1,0,1
17402,2105,5.0,Grocery,23,2,US,mobile,381.7,2,0,0,1,0,0
17406,1840,5.0,Grocery,16,3,US,desktop,50.1,0,1,0,0,0,0
17475,4012,5.0,Health,23,3,US,mobile,59.1,2,0,0,1,0,0
17526,2079,6.23,Utilities,22,2,US,desktop,83.2,2,1,0,0,0,1
17577,2701,5.0,Retail,18,4,US,desktop,99.0,1,1,0,0,0,0
17602,1710,6.13,Grocery,9,1,GB,desktop,14.7,1,0,0,0,0,0
17632,2252,5.0,Grocery,5,4,US,mobile,127.4,1,0,0,1,0,1
17650,4518,5.0,Retail,19,4,US,desktop,405.5,0,1,0,0,0,0
17659,3896,5.0,Retail,3,2,US,tablet,168.8,0,0,0,1,0,0
17682,1716,5.0,Grocery,5,2,US,tablet,74.9,1,0,0,1,0,1
17724,2549,5.0,Retail,19,2,FR,desktop,24.2,2,0,0,0,0,0
17746,1065,5.0,Grocery,9,2,US,desktop,88.6,2,1,0,0,0,0
17887,2056,5.0,Health,9,2,JP,desktop,9.4,1,0,0,0,0,0
17912,2488,5.0,Grocery,23,2,US,mobile,241.9,0,0,0,1,0,0
17917,3265,5.0,Grocery,3,2,US,mobile,51.1,2,0,0,1,0,0
17957,3884,5.0,Retail,3,3,US,mobile,516.1,0,0,0,1,0,0
18039,4489,5.0,Retail,13,3,US,desktop,599.6,1,1,0,0,0,0
18062,2345,5.0,Grocery,1,2,US,mobile,318.9,2,0,0,1,0,1
18069,2258,6.05,Grocery,4,0,US,tablet,44.7,2,0,0,1,0,0
18097,2807,5.0,Grocery,0,4,US,mobile,60.5,1,0,0,1,0,0
18162,2866,5.0,Grocery,2,1,US,tablet,185.1,0,0,0,1,0,0
18185,2535,5.0,Retail,10,1,US,desktop,88.6,1,1,0,0,0,0
18203,4937,5.0,Retail,0,2,US,tablet,102.5,0,0,0,1,0,1
18210,3921,5.0,Retail,1,2,US,mobile,111.6,1,0,0,1,0,0
18216,2796,5.0,Grocery,11,0,US,desktop,142.7,0,1,0,0,0,1
18217,2252,5.0,Utilities,5,4,US,mobile,442.5,2,0,0,1,0,0
18292,3872,5.0,Retail,0,3,US,mobile,32.7,2,0,0,1,0,0
18336,1498,5.0,Grocery,17,3,CA,desktop,11.5,0,0,0,0,0,0
18371,1510,5.0,Utilities,4,3,US,mobile,71.0,0,0,0,1,0,0
18377,2537,5.0,Retail,0,2,US,mobile,159.9,0,0,0,1,0,0
18452,4303,5.0,Retail,1,3,US,mobile,60.0,0,0,0,1,0,0
18495,4799,5.0,Grocery,18,3,US,desktop,138.8,0,1,0,0,0,0
18515,1812,5.0,Grocery,4,3,US,tablet,145.2,2,0,0,1,0,0
18584,4464,5.0,Retail,4,0,US,mobile,345.4,0,0,0,1,0,0
18618,2370,6.8,Retail,2,4,US,mobile,631.7,2,0,0,1,0,0
18630,1686,17.41,Grocery,0,2,US,mobile,556.2,1,0,0,1,0,0
18649,4888,5.0,Utilities,9,2,FR,desktop,18.0,2,0,0,0,0,0
18658,1205,5.0,Grocery,15,2,CA,desktop,23.3,1,0,0,0,0,0
18688,1800,5.0,Grocery,18,0,US,desktop,82.7,1,1,0,0,0,0
18704,3027,5.0,Utilities,4,1,US,mobile,128.7,0,0,0,1,0,0
18799,4822,5.0,Grocery,8,2,US,desktop,30.5,2,1,0,0,0,0
18857,1986,5.0,Grocery,5,0,US,mobile,271.9,2,0,0,1,0,1
18859,2464,5.0,Grocery,8,2,CA,desktop,24.4,0,0,0,0,0,0
18869,4740,6.11,Grocery,15,2,CA,desktop,15.0,1,0,0,0,0,0
18892,2130,5.0,Retail,6,4,US,desktop,57.1,1,1,0,0,0,0
18934,1805,8.47,Utilities,0,3,US,mobile,354.8,2,0,0,1,0,0
18935,4320,5.0,Retail,5,4,US,mobile,67.3,1,0,0,1,0,0
18984,4787,5.0,Grocery,5,2,US,tablet,388.4,0,0,0,1,0,0
19009,4723,5.0,Grocery,2,4,US,mobile,175.7,2,0,0,1,0,0
19072,2419,5.0,Retail,7,0,US,desktop,303.0,1,1,0,0,0,0
19082,4944,5.0,Retail,4,4,US,tablet,98.3,2,0,0,1,0,0
19106,3516,5.0,Health,17,4,US,desktop,112.8,1,1,0,0,0,0
19120,3698,5.0,Retail,2,0,US,mobile,570.1,2,0,0,1,0,0
19135,3692,5.0,Grocery,5,3,US,mobile,51.6,2,0,0,1,0,0
19153,3412,5.0,Retail,5,1,US,tablet,64.3,1,0,0,1,0,1
19181,4008,5.0,Grocery,3,3,US,tablet,192.1,1,0,0,1,0,0
19225,4517,5.37,Retail,16,3,BR,desktop,9.6,0,0,0,0,0,0
19416,4696,5.0,Grocery,17,1,US,desktop,439.6,2,1,0,0,0,0
19435,3551,5.0,Retail,3,4,US,mobile,172.0,1,0,0,1,0,0
19441,1242,5.0,Grocery,21,4,US,desktop,255.1,0,1,0,0,0,0
19442,3920,5.0,Grocery,23,0,US,tablet,203.7,0,0,0,1,0,0
19579,3704,7.76,Health,5,2,US,mobile,82.0,0,0,0,1,0,0
19604,3430,10.28,Grocery,16,4,CA,desktop,17.5,1,0,0,0,0,0
19770,1901,5.0,Utilities,1,4,US,mobile,56.6,1,0,0,1,0,0
19778,1156,5.0,Retail,5,3,US,mobile,177.4,1,0,0,1,0,0
19807,4561,5.0,Grocery,9,2,US,desktop,376.7,2,1,0,0,0,0
19899,1799,5.0,Utilities,2,1,US,mobile,118.7,1,0,0,1,0,0
19927,1452,5.0,Retail,0,4,US,tablet,126.5,1,0,0,1,0,0
19928,4905,5.0,Retail,23,3,US,tablet,155.2,0,0,0,1,0,1
19963,3752,5.0,Retail,9,0,AU,desktop,17.4,1,0,0,0,0,0
223,3816,5.0,Utilities,6,5,US,mobile,17.1,1,0,1,0,0,1
546,1213,5.0,Grocery,14,5,US,tablet,29.1,1,0,1,0,0,0
677,3323,5.0,Retail,15,5,US,mobile,18.2,2,0,1,0,0,0
728,1350,5.0,Grocery,7,5,US,tablet,3.4,2,0,1,0,0,0
857,1979,7.31,Grocery,12,5,US,mobile,3.4,1,0,1,0,0,0
1244,2958,5.0,Grocery,18,5,US,tablet,12.1,2,0,1,0,0,0
1257,1887,5.0,Grocery,19,6,US,mobile,10.5,1,0,1,0,0,0
1329,3700,5.0,Retail,17,5,US,mobile,3.7,2,0,1,0,0,0
1431,2881,5.0,Retail,11,6,US,mobile,17.1,0,0,1,0,0,0
1490,3032,5.0,Health,17,6,US,tablet,7.4,1,0,1,0,0,0
2274,2844,5.0,Retail,19,6,US,tablet,7.1,1,0,1,0,0,0
2850,2446,5.0,Grocery,6,5,US,mobile,1.5,1,0,1,0,0,0
2922,4083,5.0,Retail,21,6,US,mobile,1.0,0,0,1,0,0,1
3020,3980,5.0,Utilities,21,5,US,tablet,18.0,1,0,1,0,0,1
3370,1471,5.0,Grocery,7,5,US,mobile,13.6,1,0,1,0,0,0
3494,3975,5.0,Grocery,8,5,US,mobile,20.7,1,0,1,0,0,0
3607,2309,5.0,Grocery,21,5,US,mobile,16.5,1,0,1,0,0,0
4131,1033,5.0,Retail,20,6,US,tablet,15.7,0,0,1,0,0,0
4166,3720,5.0,Grocery,16,5,US,mobile,17.1,0,0,1,0,0,0
4229,2390,5.0,Grocery,11,5,US,mobile,16.0,1,0,1,0,0,0
4668,1554,5.0,Retail,18,6,US,mobile,25.7,2,0,1,0,0,0
4816,2189,5.0,Retail,18,6,US,mobile,13.2,2,0,1,0,0,0
4980,3434,6.8,Utilities,7,5,US,mobile,1.9,2,0,1,0,0,0
5701,3491,5.0,Retail,20,5,US,mobile,25.6,1,0,1,0,0,0
5819,2573,5.0,Retail,12,6,US,mobile,15.8,1,0,1,0,0,0
6034,4792,5.0,Utilities,20,6,US,mobile,20.2,1,0,1,0,0,0
6318,4664,5.0,Retail,14,5,US,mobile,23.2,2,0,1,0,0,0
6431,4409,5.0,Grocery,13,6,US,mobile,28.9,1,0,1,0,0,0
6611,2342,5.72,Retail,12,5,US,tablet,17.3,1,0,1,0,0,0
6718,3711,5.0,Retail,19,5,US,mobile,14.3,0,0,1,0,0,0
7202,2147,5.47,Grocery,15,5,US,mobile,3.0,1,0,1,0,0,0
7816,4524,5.0,Retail,15,5,US,mobile,19.5,2,0,1,0,0,0
7874,2370,5.0,Grocery,10,5,US,mobile,11.1,2,0,1,0,0,1
7946,3087,5.0,Grocery,6,5,US,mobile,9.4,2,0,1,0,0,1
8075,4284,5.0,Retail,13,6,US,mobile,11.8,1,0,1,0,0,0
8697,3911,5.0,Grocery,9,5,US,mobile,26.5,1,0,1,0,0,0
8729,4978,5.0,Grocery,12,6,US,mobile,29.8,0,0,1,0,0,0
9038,4052,5.0,Health,22,5,US,mobile,16.5,2,0,1,0,0,0
9194,2738,5.53,Retail,18,5,US,mobile,9.9,2,0,1,0,0,0
9429,2759,5.0,Retail,18,6,US,mobile,27.1,0,0,1,0,0,0
9551,4155,5.0,Utilities,14,6,US,mobile,15.6,0,0,1,0,0,0
9651,2180,5.0,Grocery,13,6,US,mobile,15.8,2,0,1,0,0,0
10134,3494,5.0,Utilities,17,6,US,mobile,6.6,2,0,1,0,0,1
10263,4720,5.75,Retail,12,5,US,tablet,17.5,2,0,1,0,0,0
10488,2045,5.0,Retail,20,5,US,mobile,18.5,1,0,1,0,0,0
10684,1169,5.0,Health,18,5,US,mobile,22.5,2,0,1,0,0,0
10952,1513,5.0,Retail,9,6,US,mobile,20.2,2,0,1,0,0,0
11118,3681,5.0,Grocery,12,5,US,mobile,17.3,1,0,1,0,0,0
11266,2682,5.0,Retail,20,5,US,mobile,1.4,0,0,1,0,0,0
11439,4897,5.0,Grocery,21,5,US,mobile,1.9,2,0,1,0,0,0
11567,1521,5.0,Health,17,6,US,mobile,15.1,2,0,1,0,0,0
11807,4128,5.0,Grocery,14,5,US,mobile,17.9,2,0,1,0,0,0
12218,2470,5.0,Grocery,21,6,US,mobile,2.8,0,0,1,0,0,0
12273,2093,5.0,Retail,10,6,US,mobile,22.0,2,0,1,0,0,0
12500,2514,5.0,Retail,18,5,US,mobile,1.8,2,0,1,0,0,0
12659,1273,5.0,Utilities,13,6,US,mobile,5.0,1,0,1,0,0,0
12800,4254,5.0,Retail,21,5,US,tablet,14.2,1,0,1,0,0,0
13056,1105,5.0,Grocery,9,5,US,mobile,3.2,2,0,1,0,0,0
13395,2921,5.0,Health,12,6,US,tablet,24.1,1,0,1,0,0,0
13491,2432,5.0,Retail,20,6,US,tablet,2.6,1,0,1,0,0,1
13512,1325,5.0,Grocery,10,6,US,mobile,1.0,1,0,1,0,0,0
13608,2518,5.0,Retail,13,5,US,mobile,19.9,2,0,1,0,0,0
13695,1307,14.72,Health,9,5,US,mobile,1.0,2,0,1,0,0,0
13884,2976,5.0,Retail,7,5,US,tablet,10.7,1,0,1,0,0,0
13905,2520,5.0,Retail,9,5,US,mobile,2.4,0,0,1,0,0,0
13911,1130,5.0,Grocery,7,5,US,mobile,26.3,0,0,1,0,0,0
14363,4360,5.0,Grocery,7,6,US,mobile,5.4,0,0,1,0,0,0
14489,1119,5.0,Retail,14,6,US,mobile,3.5,1,0,1,0,0,0
14585,1519,5.0,Health,9,5,US,mobile,26.8,1,0,1,0,0,0
14780,1896,5.0,Grocery,10,5,US,mobile,11.9,1,0,1,0,0,0
14831,2492,6.35,Grocery,16,6,US,mobile,27.0,2,0,1,0,0,0
15397,1850,5.0,Retail,16,6,US,mobile,9.0,1,0,1,0,0,0
15440,2751,5.0,Retail,16,6,US,mobile,7.5,2,0,1,0,0,0
16263,4699,5.0,Utilities,17,6,US,mobile,25.7,0,0,1,0,0,1
16626,1124,5.0,Grocery,9,6,US,mobile,22.9,1,0,1,0,0,0
16630,1818,5.0,Retail,11,6,US,mobile,10.7,0,0,1,0,0,0
16636,4481,5.0,Grocery,13,5,US,mobile,10.2,1,0,1,0,0,0
16649,2945,5.0,Retail,19,6,US,mobile,13.8,2,0,1,0,0,1
16709,3093,19.21,Grocery,11,5,US,mobile,6.5,1,0,1,0,0,0
16825,2434,5.0,Grocery,9,6,US,mobile,2.1,2,0,1,0,0,1
17023,2130,5.0,Grocery,19,6,US,mobile,6.7,1,0,1,0,0,0
17293,3538,8.88,Grocery,14,6,US,mobile,25.6,2,0,1,0,0,0
18718,3423,8.23,Utilities,18,6,US,tablet,24.7,2,0,1,0,0,0
18721,3957,5.0,Grocery,21,5,US,tablet,7.3,2,0,1,0,0,0
18801,1748,5.0,Grocery,12,5,US,tablet,8.9,0,0,1,0,0,0
18909,1380,5.0,Utilities,19,6,US,mobile,11.9,2,0,1,0,0,0
19324,4038,5.0,Grocery,13,6,US,mobile,9.8,1,0,1,0,0,0
19515,1215,5.0,Grocery,9,5,US,mobile,25.3,2,0,1,0,0,0
19741,4251,5.0,Grocery,16,5,US,mobile,15.4,2,0,1,0,0,0
19822,1430,5.0,Health,17,5,US,tablet,24.7,1,0,1,0,0,1
19914,3978,5.0,Grocery,18,5,US,mobile,9.5,0,0,1,0,0,0
19923,4110,5.0,Grocery,9,5,US,mobile,1.0,1,0,1,0,0,0
59,3973,5.0,Online,9,5,US,desktop,43.3,1,0,1,0,0,0
76,2902,5.0,Online,14,6,US,desktop,182.3,2,0,1,0,0,0
166,4256,5.0,Online,6,5,US,desktop,249.8,1,0,1,0,0,0
357,1606,5.0,Entertainment,12,5,US,desktop,103.3,1,0,1,0,0,0
620,1559,5.0,Entertainment,9,5,US,desktop,275.6,2,0,1,0,0,1
656,3130,5.0,Food Delivery,20,5,US,desktop,335.4,2,0,1,0,0,0
887,1212,5.97,Food Delivery,10,6,US,desktop,39.2,2,0,1,0,0,0
907,2646,5.0,Online,19,5,US,desktop,44.6,1,0,1,0,0,0
933,2029,5.0,Online,21,5,US,desktop,393.3,0,0,1,0,0,0
980,3263,5.0,Travel,13,5,US,desktop,146.5,1,0,1,0,0,0
999,4847,5.0,Food Delivery,16,5,US,desktop,656.0,0,0,1,0,0,0
1087,4206,5.0,Travel,16,6,US,desktop,199.5,1,0,1,0,0,0
1203,4939,5.0,Entertainment,7,5,US,desktop,151.6,0,0,1,0,0,0
1338,2185,5.0,Online,15,6,US,desktop,43.2,2,0,1,0,0,0
1451,2174,5.0,Travel,20,5,US,desktop,65.1,2,0,1,0,0,0
1497,3204,5.0,Online,11,6,US,desktop,438.1,0,0,1,0,0,0
1509,4453,5.0,Online,7,5,US,desktop,107.9,1,0,1,0,0,0
1590,1119,5.0,Travel,22,5,US,desktop,881.4,2,0,1,0,0,0
1680,3058,5.0,Food Delivery,19,6,US,desktop,90.7,1,0,1,0,0,0
1708,4650,5.0,Travel,12,5,US,desktop,77.2,2,0,1,0,0,0
1823,2206,5.0,Food Delivery,6,6,US,desktop,151.6,0,0,1,0,0,1
1914,4109,5.0,Entertainment,11,5,US,desktop,153.7,1,0,1,0,0,1
1964,4273,5.0,Travel,9,5,US,desktop,156.9,1,0,1,0,0,0
1980,4177,5.0,Utilities,13,3,US,tablet,26.5,1,0,0,0,1,1
2047,2811,5.0,Food Delivery,19,6,US,desktop,59.7,1,0,1,0,0,0
2130,2281,5.0,Online,20,5,US,desktop,108.3,2,0,1,0,0,0
2136,3741,5.0,Online,7,5,US,desktop,53.6,2,0,1,0,0,0
2370,1701,5.0,Food Delivery,12,6,US,desktop,310.8,2,0,1,0,0,1
2387,4811,5.37,Online,10,5,US,desktop,34.4,1,0,1,0,0,0
2437,3557,5.45,Food Delivery,15,6,US,desktop,347.2,1,0,1,0,0,0
2454,2879,5.0,Entertainment,19,5,US,desktop,217.9,2,0,1,0,0,0
2482,4441,5.0,Entertainment,21,5,US,desktop,270.2,1,0,1,0,0,0
2531,4663,5.0,Entertainment,8,6,US,desktop,108.9,2,0,1,0,0,1
2537,2304,7.69,Food Delivery,17,5,US,desktop,236.5,0,0,1,0,0,1
2606,4022,5.0,Food Delivery,12,5,US,desktop,753.4,0,0,1,0,0,1
2656,3260,5.0,Travel,22,6,US,desktop,306.1,1,0,1,0,0,0
2798,3269,5.0,Retail,7,4,US,tablet,16.3,1,0,0,0,1,1
2895,2043,6.77,Entertainment,10,6,US,desktop,127.4,2,0,1,0,0,1
2905,3607,5.0,Food Delivery,17,5,US,desktop,298.3,1,0,1,0,0,0
2936,1914,5.0,Food Delivery,12,5,US,desktop,248.1,2,0,1,0,0,0
3133,4040,5.0,Entertainment,8,6,US,desktop,116.0,2,0,1,0,0,0
3157,4082,5.0,Entertainment,19,6,US,desktop,70.3,2,0,1,0,0,0
3229,3951,5.0,Online,14,6,US,desktop,582.6,2,0,1,0,0,1
3238,4976,5.0,Travel,19,5,US,desktop,129.2,1,0,1,0,0,0
3298,4630,8.94,Food Delivery,12,6,US,desktop,143.6,1,0,1,0,0,0
3340,4469,5.0,Food Delivery,20,6,US,desktop,74.4,1,0,1,0,0,0
3371,4947,5.0,Travel,13,6,US,desktop,189.4,2,0,1,0,0,1
3653,2639,5.0,Online,18,6,US,desktop,73.8,1,0,1,0,0,0
3793,2021,5.0,Food Delivery,10,5,US,desktop,172.5,0,0,1,0,0,0
3837,1785,5.0,Online,8,5,US,desktop,64.7,1,0,1,0,0,0
3842,2976,5.0,Travel,18,5,US,desktop,42.6,2,0,1,0,0,1
3927,3007,5.0,Food Delivery,17,5,US,desktop,241.9,1,0,1,0,0,0
3953,3912,5.0,Entertainment,12,5,US,desktop,894.2,0,0,1,0,0,0
3976,3771,8.79,Food Delivery,10,6,US,desktop,257.1,0,0,1,0,0,0
4025,2818,5.0,Online,10,5,US,desktop,43.7,0,0,1,0,0,0
4204,1523,5.0,Food Delivery,8,6,US,desktop,463.8,1,0,1,0,0,0
4343,2870,5.0,Entertainment,9,6,US,desktop,196.7,2,0,1,0,0,1
4488,2018,5.81,Food Delivery,9,5,US,desktop,217.6,2,0,1,0,0,0
4560,3593,5.0,Travel,11,6,US,desktop,33.4,0,0,1,0,0,0
4574,4552,5.0,Online,13,6,US,desktop,161.4,1,0,1,0,0,0
4653,2325,5.0,Travel,15,6,US,desktop,165.1,0,0,1,0,0,0
4741,2059,5.0,Travel,6,6,US,desktop,68.4,2,0,1,0,0,0
4798,1495,5.0,Entertainment,11,5,US,desktop,395.0,1,0,1,0,0,0
4817,4490,5.0,Online,7,6,US,desktop,577.6,1,0,1,0,0,0
4847,4351,5.0,Grocery,14,1,US,mobile,13.2,1,0,0,0,1,0
4860,4029,5.0,Entertainment,15,6,US,desktop,76.4,0,0,1,0,0,0
5000,2994,5.0,Online,20,6,US,desktop,240.2,2,0,1,0,0,1
5259,3677,5.0,Food Delivery,9,5,US,desktop,60.1,1,0,1,0,0,0
5315,2636,5.0,Entertainment,21,6,US,desktop,44.9,2,0,1,0,0,0
5382,4794,5.0,Entertainment,17,5,US,desktop,574.4,1,0,1,0,0,0
5520,3100,5.0,Online,12,6,US,desktop,208.0,1,0,1,0,0,0
5621,1087,5.0,Retail,16,0,US,tablet,5.3,1,0,0,0,1,0
5660,3945,5.0,Entertainment,20,6,US,desktop,300.6,1,0,1,0,0,0
5827,1609,5.0,Food Delivery,19,6,US,desktop,205.5,0,0,1,0,0,0
5914,1628,5.0,Online,11,5,US,desktop,63.9,1,0,1,0,0,0
5937,1635,5.0,Online,22,6,US,desktop,191.9,2,0,1,0,0,0
6076,1019,11.49,Online,16,5,US,desktop,127.8,2,0,1,0,0,0
6170,4043,8.82,Health,13,1,US,mobile,26.2,2,0,0,0,1,0
6214,2325,5.0,Travel,14,6,US,desktop,37.0,0,0,1,0,0,0
6407,3966,5.0,Travel,18,6,US,desktop,457.7,1,0,1,0,0,0
6412,2666,5.0,Online,19,6,US,desktop,134.8,1,0,1,0,0,0
6777,3090,5.0,Entertainment,12,6,US,desktop,327.0,2,0,1,0,0,0
6947,2872,5.0,Entertainment,18,5,US,desktop,498.6,0,0,1,0,0,0
7092,2883,5.0,Travel,6,5,US,desktop,486.4,1,0,1,0,0,0
7146,2228,5.0,Food Delivery,12,5,US,desktop,172.5,2,0,1,0,0,0
7266,3395,5.0,Grocery,7,0,US,mobile,25.9,0,0,0,0,1,0
7319,3142,5.0,Travel,22,5,US,desktop,88.4,2,0,1,0,0,0
7547,3646,5.0,Food Delivery,8,5,US,desktop,418.1,2,0,1,0,0,0
7624,1550,5.0,Retail,17,4,US,mobile,20.3,1,0,0,0,1,0
7683,4448,5.0,Online,15,5,US,desktop,87.2,1,0,1,0,0,0
8060,4620,6.19,Entertainment,19,5,US,desktop,557.4,2,0,1,0,0,0
8145,3408,5.0,Entertainment,11,6,US,desktop,683.3,2,0,1,0,0,1
8153,2749,5.0,Travel,8,6,US,desktop,345.5,0,0,1,0,0,0
8206,3238,5.0,Travel,20,5,US,desktop,246.8,2,0,1,0,0,0
8306,2752,5.0,Food Delivery,22,5,US,desktop,122.8,1,0,1,0,0,1
8321,3660,5.0,Online,20,5,US,desktop,687.1,1,0,1,0,0,0
8461,3979,5.0,Online,10,6,US,desktop,74.0,1,0,1,0,0,0
8523,3915,5.0,Food Delivery,9,6,US,desktop,99.4,2,0,1,0,0,0
8552,1168,5.0,Travel,10,5,US,desktop,177.9,2,0,1,0,0,1
8558,2156,5.0,Food Delivery,21,5,US,desktop,73.7,1,0,1,0,0,1
8698,3078,5.0,Travel,17,6,US,desktop,257.8,2,0,1,0,0,0
8701,3228,5.0,Entertainment,16,6,US,desktop,137.6,2,0,1,0,0,0
8710,4569,5.0,Travel,8,6,US,desktop,257.3,2,0,1,0,0,1
8722,1971,5.0,Food Delivery,16,5,US,desktop,203.6,0,0,1,0,0,0
8738,1586,5.0,Online,18,6,US,desktop,53.0,1,0,1,0,0,0
8888,4647,5.0,Food Delivery,16,5,US,desktop,94.8,1,0,1,0,0,0
8895,2977,5.0,Travel,10,6,US,desktop,565.5,1,0,1,0,0,0
9050,3933,5.0,Travel,10,6,US,desktop,208.3,1,0,1,0,0,1
9115,3072,5.0,Online,9,6,US,desktop,222.7,1,0,1,0,0,0
9150,4394,5.0,Online,17,6,US,desktop,154.2,0,0,1,0,0,0
9207,2468,5.0,Online,19,5,US,desktop,65.6,1,0,1,0,0,0
9215,4577,5.0,Retail,11,2,US,mobile,1.0,0,0,0,0,1,0
9260,2060,7.03,Travel,20,5,US,desktop,180.9,1,0,1,0,0,0
9343,2796,5.0,Entertainment,20,5,US,desktop,54.1,2,0,1,0,0,0
9369,4097,6.49,Entertainment,11,6,US,desktop,142.3,0,0,1,0,0,0
9472,3983,6.83,Travel,8,6,US,desktop,348.5,2,0,1,0,0,0
9503,1993,5.0,Travel,16,5,US,desktop,50.5,0,0,1,0,0,0
9860,2146,5.0,Travel,15,5,US,desktop,286.7,2,0,1,0,0,0
10052,3436,5.0,Travel,19,6,US,desktop,141.5,1,0,1,0,0,1
10182,2648,5.0,Online,11,5,US,desktop,239.7,1,0,1,0,0,0
10196,3573,5.0,Online,9,5,US,desktop,411.3,0,0,1,0,0,0
10204,2178,5.0,Entertainment,18,6,US,desktop,50.7,2,0,1,0,0,0
10292,4339,5.0,Grocery,21,1,US,mobile,9.1,0,0,0,0,1,0
10421,4598,5.0,Entertainment,21,5,US,desktop,54.7,1,0,1,0,0,0
10552,4025,5.0,Travel,11,5,US,desktop,93.8,1,0,1,0,0,1
10570,1798,5.0,Entertainment,8,6,US,desktop,33.0,1,0,1,0,0,0
10573,1713,5.0,Entertainment,12,6,US,desktop,525.7,1,0,1,0,0,0
10580,3433,5.0,Travel,20,6,US,desktop,110.1,1,0,1,0,0,0
10603,1293,5.0,Entertainment,9,6,US,desktop,191.4,1,0,1,0,0,1
10630,2380,5.0,Travel,22,6,US,desktop,350.6,0,0,1,0,0,0
10701,2905,5.0,Online,9,6,US,desktop,200.6,1,0,1,0,0,0
10772,4116,5.0,Travel,15,5,US,desktop,32.0,1,0,1,0,0,1
10859,1586,5.0,Food Delivery,7,6,US,desktop,225.3,0,0,1,0,0,0
10940,1386,5.0,Travel,10,6,US,desktop,384.6,1,0,1,0,0,0
10964,1001,5.0,Travel,7,5,US,desktop,141.2,2,0,1,0,0,0
11262,2685,5.0,Entertainment,13,5,US,desktop,31.6,2,0,1,0,0,0
11308,2441,5.0,Travel,17,5,US,desktop,237.4,1,0,1,0,0,0
11380,4568,5.0,Entertainment,9,6,US,desktop,162.8,2,0,1,0,0,0
11442,4053,5.0,Food Delivery,9,6,US,desktop,71.6,1,0,1,0,0,0
11654,3746,5.0,Entertainment,19,6,US,desktop,167.0,2,0,1,0,0,0
11803,3160,5.0,Online,18,6,US,desktop,63.2,1,0,1,0,0,1
11809,4297,5.0,Online,11,5,US,desktop,193.7,0,0,1,0,0,0
11841,3132,8.42,Online,22,6,US,desktop,362.0,2,0,1,0,0,1
11846,3987,5.0,Food Delivery,20,5,US,desktop,560.3,2,0,1,0,0,0
11858,4509,5.0,Entertainment,16,6,US,desktop,315.1,2,0,1,0,0,0
12006,3276,5.0,Health,20,1,US,mobile,1.0,2,0,0,0,1,0
12036,4293,5.0,Travel,15,6,US,desktop,177.7,2,0,1,0,0,0
12298,4673,5.0,Travel,10,6,US,desktop,507.7,1,0,1,0,0,0
12320,4725,5.0,Travel,16,5,US,desktop,159.8,0,0,1,0,0,0
12330,4566,5.0,Entertainment,8,6,US,desktop,95.6,1,0,1,0,0,0
12465,4852,8.03,Online,17,5,US,desktop,40.2,0,0,1,0,0,0
12574,3018,5.0,Entertainment,6,5,US,desktop,151.7,2,0,1,0,0,1
12618,2397,9.84,Travel,22,5,US,desktop,149.9,1,0,1,0,0,0
12702,4090,5.0,Entertainment,20,5,US,desktop,117.6,0,0,1,0,0,0
12773,3078,5.0,Online,19,6,US,desktop,181.9,2,0,1,0,0,1
13004,2307,5.0,Retail,9,1,US,mobile,25.0,0,0,0,0,1,0
13076,3348,5.0,Grocery,7,2,US,mobile,26.5,1,0,0,0,1,0
13129,3391,5.0,Entertainment,9,6,US,desktop,81.8,0,0,1,0,0,0
13386,4569,5.0,Travel,16,6,US,desktop,228.2,0,0,1,0,0,0
13773,4547,5.0,Online,10,6,US,desktop,33.9,2,0,1,0,0,0
13870,3575,5.0,Entertainment,10,6,US,desktop,250.6,2,0,1,0,0,0
13921,2165,8.07,Online,14,6,US,desktop,128.1,1,0,1,0,0,0
13987,2004,5.0,Travel,8,5,US,desktop,69.8,1,0,1,0,0,0
14042,4946,5.0,Retail,22,4,US,mobile,24.5,2,0,0,0,1,1
14052,3088,6.55,Entertainment,9,5,US,desktop,32.4,1,0,1,0,0,0
14162,4236,6.63,Food Delivery,15,5,US,desktop,69.3,2,0,1,0,0,0
14328,4192,5.0,Travel,19,5,US,desktop,329.2,0,0,1,0,0,0
14711,4564,5.0,Retail,19,4,US,mobile,21.5,0,0,0,0,1,1
14946,2413,5.0,Retail,21,0,US,mobile,13.4,1,0,0,0,1,0
15148,2437,5.0,Travel,12,5,US,desktop,117.0,1,0,1,0,0,0
15195,3083,5.0,Entertainment,12,5,US,desktop,300.1,2,0,1,0,0,0
15232,4235,5.0,Retail,18,0,US,tablet,24.1,1,0,0,0,1,1
15242,2279,5.0,Online,14,5,US,desktop,139.0,1,0,1,0,0,0
15283,3892,5.0,Online,10,5,US,desktop,83.4,0,0,1,0,0,0
15315,4975,5.0,Online,14,5,US,desktop,105.0,2,0,1,0,0,0
15340,3046,5.0,Travel,15,5,US,desktop,477.3,0,0,1,0,0,0
15389,2571,5.0,Food Delivery,22,6,US,desktop,352.0,2,0,1,0,0,0
15694,3028,5.0,Travel,21,6,US,desktop,327.4,2,0,1,0,0,0
15998,1928,5.0,Grocery,16,4,US,mobile,3.4,1,0,0,0,1,0
16005,4802,5.47,Travel,8,5,US,desktop,301.9,2,0,1,0,0,0
16110,4743,5.0,Food Delivery,18,5,US,desktop,141.3,1,0,1,0,0,0
16155,4224,5.0,Entertainment,15,5,US,desktop,140.0,1,0,1,0,0,0
16228,3911,5.0,Entertainment,15,5,US,desktop,351.0,1,0,1,0,0,0
16310,3495,5.0,Grocery,22,4,US,mobile,19.3,2,0,0,0,1,0
16387,3514,5.0,Online,14,6,US,desktop,35.0,1,0,1,0,0,0
16456,1651,5.0,Food Delivery,22,6,US,desktop,213.2,1,0,1,0,0,0
16549,4582,5.0,Travel,10,6,US,desktop,215.1,1,0,1,0,0,1
16605,4758,5.0,Food Delivery,19,6,US,desktop,45.6,0,0,1,0,0,1
16947,4170,5.89,Entertainment,15,5,US,desktop,139.9,0,0,1,0,0,0
17053,1148,5.0,Travel,7,5,US,desktop,215.1,1,0,1,0,0,0
17078,1448,5.0,Travel,6,6,US,desktop,171.8,0,0,1,0,0,0
17129,3208,5.0,Online,22,5,US,desktop,48.3,2,0,1,0,0,1
17244,3404,5.0,Travel,13,6,US,desktop,131.8,0,0,1,0,0,0
17295,1520,5.0,Travel,14,6,US,desktop,206.7,1,0,1,0,0,0
17306,4918,5.0,Travel,22,5,US,desktop,130.1,1,0,1,0,0,0
17314,1747,5.0,Online,9,5,US,desktop,68.1,0,0,1,0,0,0
17364,3432,5.0,Food Delivery,8,5,US,desktop,69.7,1,0,1,0,0,0
17518,2570,5.0,Travel,11,6,US,desktop,217.9,1,0,1,0,0,1
17525,4255,5.0,Entertainment,19,5,US,desktop,117.2,1,0,1,0,0,0
17531,3971,5.0,Retail,21,1,US,mobile,1.0,1,0,0,0,1,0
17536,4938,5.0,Online,15,6,US,desktop,31.3,2,0,1,0,0,1
17541,4806,10.38,Online,15,5,US,desktop,256.3,2,0,1,0,0,0
17764,4749,5.0,Grocery,7,2,US,mobile,1.0,2,0,0,0,1,0
17821,4401,5.0,Travel,21,6,US,desktop,364.2,2,0,1,0,0,0
17913,1862,5.0,Food Delivery,19,5,US,desktop,341.5,1,0,1,0,0,0
17928,3229,5.0,Travel,9,5,US,desktop,99.3,0,0,1,0,0,0
17936,2277,5.0,Online,15,5,US,desktop,220.6,1,0,1,0,0,0
17987,4149,5.0,Travel,9,5,US,desktop,207.8,0,0,1,0,0,0
18031,1612,5.0,Online,10,5,US,desktop,59.5,2,0,1,0,0,0
18244,4840,5.0,Food Delivery,13,5,US,desktop,106.8,1,0,1,0,0,0
18384,2170,5.0,Entertainment,12,6,US,desktop,222.9,0,0,1,0,0,0
18460,2561,5.0,Online,18,6,US,desktop,347.1,0,0,1,0,0,0
18600,1379,5.0,Grocery,6,2,US,mobile,28.9,2,0,0,0,1,0
18654,3082,5.0,Food Delivery,9,6,US,desktop,337.6,1,0,1,0,0,0
18659,4500,20.55,Travel,9,5,US,desktop,224.5,0,0,1,0,0,0
18756,1698,5.35,Travel,8,5,US,desktop,495.6,1,0,1,0,0,0
18844,1137,5.0,Travel,11,5,US,desktop,271.0,1,0,1,0,0,1
18876,4017,5.0,Online,16,5,US,desktop,488.4,2,0,1,0,0,0
18914,1818,5.0,Grocery,8,0,US,mobile,10.3,1,0,0,0,1,0
18975,1330,5.0,Food Delivery,8,6,US,desktop,159.5,2,0,1,0,0,0
19071,4335,5.0,Travel,14,5,US,desktop,146.4,1,0,1,0,0,0
19174,2304,5.0,Food Delivery,11,6,US,desktop,39.6,1,0,1,0,0,0
19175,1797,8.33,Food Delivery,6,5,US,desktop,99.1,0,0,1,0,0,0
19286,4579,7.73,Food Delivery,10,6,US,desktop,140.4,0,0,1,0,0,0
19288,1403,10.28,Entertainment,21,5,US,desktop,185.9,0,0,1,0,0,1
19497,2657,5.0,Entertainment,17,6,US,desktop,693.6,2,0,1,0,0,0
19616,1226,5.0,Travel,19,6,US,desktop,134.8,2,0,1,0,0,0
19641,3967,5.0,Online,22,5,US,desktop,56.1,1,0,1,0,0,0
19670,4398,5.0,Entertainment,18,5,US,desktop,205.7,1,0,1,0,0,0
19769,2418,5.0,Travel,13,6,US,desktop,136.6,1,0,1,0,0,0
19771,3399,5.0,Travel,14,5,US,desktop,462.5,1,0,1,0,0,0
19889,2601,5.0,Travel,9,6,US,desktop,478.7,2,0,1,0,0,0
19919,1480,10.17,Online,16,6,US,desktop,91.1,0,0,1,0,0,1
19935,3625,5.0,Travel,15,5,US,desktop,101.7,1,0,1,0,0,0
415,1071,5.0,Grocery,21,5,CA,desktop,344.3,1,0,1,0,1,0
967,3406,5.0,Retail,18,5,DE,desktop,150.5,2,0,1,0,1,1
1847,2610,5.0,Grocery,9,5,JP,desktop,94.8,1,0,1,0,1,0
2263,1127,5.0,Retail,16,6,GB,desktop,47.8,0,0,1,0,1,0
3397,2815,5.0,Grocery,22,5,JP,desktop,202.3,2,0,1,0,1,0
3413,1888,5.0,Grocery,12,5,GB,desktop,318.2,1,0,1,0,1,1
3698,2649,5.0,Grocery,13,5,GB,desktop,521.2,1,0,1,0,1,0
5176,1663,5.0,Grocery,6,5,GB,desktop,35.0,0,0,1,0,1,0
5232,2977,5.0,Retail,21,5,CA,desktop,56.4,0,0,1,0,1,0
6254,3166,5.0,Health,22,6,CA,desktop,104.2,0,0,1,0,1,0
7528,1994,5.0,Grocery,10,5,AU,desktop,803.3,0,0,1,0,1,0
7546,3722,5.0,Retail,21,6,AU,desktop,183.3,2,0,1,0,1,0
7688,3432,5.0,Retail,10,5,JP,desktop,168.7,0,0,1,0,1,0
7742,2482,5.0,Utilities,22,6,DE,desktop,90.1,1,0,1,0,1,1
8758,4585,5.0,Retail,11,6,CA,desktop,120.0,1,0,1,0,1,0
9762,1598,5.0,Retail,14,5,CA,desktop,150.9,2,0,1,0,1,0
9928,1974,5.0,Retail,19,6,GB,desktop,33.0,1,0,1,0,1,0
10426,4850,5.0,Grocery,21,6,JP,desktop,503.9,2,0,1,0,1,0
10644,3536,5.0,Grocery,17,5,NG,desktop,49.3,2,0,1,0,1,1
11691,1421,5.0,Grocery,12,5,CA,desktop,41.4,0,0,1,0,1,0
13583,4150,5.0,Retail,20,6,BR,desktop,88.4,2,0,1,0,1,0
13852,1676,5.0,Retail,21,5,CA,desktop,70.4,1,0,1,0,1,0
14439,1750,5.0,Grocery,19,6,FR,desktop,30.0,0,0,1,0,1,0
14798,4999,5.0,Retail,16,6,DE,desktop,113.5,2,0,1,0,1,0
15916,2025,5.0,Grocery,19,5,FR,desktop,310.3,2,0,1,0,1,0
16440,4247,5.0,Retail,21,6,GB,desktop,162.8,0,0,1,0,1,0
16516,1998,5.0,Grocery,6,6,CA,desktop,248.1,2,0,1,0,1,0
16599,1432,5.0,Utilities,11,5,JP,desktop,248.8,0,0,1,0,1,0
18167,4584,7.23,Retail,8,6,GB,desktop,186.2,0,0,1,0,1,0
19915,1845,9.01,Health,7,5,CA,desktop,369.9,1,0,1,0,1,0
19995,3917,5.0,Health,16,6,GB,desktop,49.9,1,0,1,0,1,0
1,1357,5.0,Retail,16,6,BR,tablet,72.6,1,0,1,0,0,0
50,4113,5.0,Travel,21,1,US,desktop,425.3,1,0,0,0,1,0
54,2866,5.0,Health,20,5,US,desktop,145.2,4,0,1,0,0,0
64,4870,5.0,Travel,15,0,US,desktop,57.1,2,0,0,0,1,0
143,2106,5.0,Travel,9,2,US,desktop,69.1,1,0,0,0,1,0
218,1385,5.0,Grocery,11,6,DE,tablet,76.5,0,0,1,0,0,0
312,3688,5.0,Retail,16,6,JP,mobile,186.7,1,0,1,0,0,0
329,1565,5.0,Grocery,9,5,CA,mobile,48.8,0,0,1,0,0,1
361,4382,5.89,Food Delivery,15,2,US,desktop,401.1,2,0,0,0,1,1
439,1323,7.35,Travel,8,3,US,desktop,285.7,2,0,0,0,1,0
493,4013,5.0,Online,10,0,US,desktop,197.3,0,0,0,0,1,0
544,1698,5.0,Grocery,14,6,AU,mobile,50.1,0,0,1,0,0,0
556,3018,5.0,Retail,22,6,GB,mobile,124.4,2,0,1,0,0,1
596,4208,5.0,Grocery,7,6,US,desktop,102.2,6,0,1,0,0,1
600,3569,7.06,Grocery,20,6,DE,tablet,208.2,1,0,1,0,0,1
714,4055,5.0,Grocery,6,5,CA,mobile,36.6,0,0,1,0,0,0
752,1591,5.0,Retail,15,5,CA,mobile,87.8,1,0,1,0,0,0
759,1511,5.0,Retail,17,6,DE,mobile,113.1,2,0,1,0,0,0
783,1490,5.0,Retail,2,4,US,desktop,3.9,0,0,0,1,0,0
795,2725,5.0,Retail,4,0,US,desktop,10.2,0,0,0,1,0,0
880,3520,5.0,Grocery,6,6,BR,mobile,614.4,1,0,1,0,0,0
900,3465,8.7,Online,16,3,US,desktop,118.7,2,0,0,0,1,0
951,1373,5.0,Retail,14,5,DE,mobile,250.4,1,0,1,0,0,0
982,3808,5.0,Entertainment,7,1,US,desktop,211.2,0,0,0,0,1,0
1068,3563,5.0,Retail,18,6,DE,mobile,144.7,2,0,1,0,0,0
1089,3603,5.0,Grocery,4,3,US,desktop,1.4,1,0,0,1,0,0
1155,2219,5.0,Grocery,19,5,GB,mobile,76.9,2,0,1,0,0,0
1166,1419,5.0,Retail,0,3,US,desktop,28.0,1,0,0,1,0,1
1168,2594,5.0,Grocery,13,6,GB,mobile,79.4,0,0,1,0,0,0
1370,3538,11.16,Health,17,6,GB,tablet,219.7,1,0,1,0,0,1
1411,1242,5.0,Grocery,22,6,GB,mobile,760.5,2,0,1,0,0,0
1450,1412,5.0,Utilities,20,5,FR,tablet,232.8,1,0,1,0,0,0
1479,1922,5.0,Retail,9,6,FR,tablet,119.6,1,0,1,0,0,1
1495,2640,5.0,Retail,19,5,FR,mobile,500.7,0,0,1,0,0,0
1498,4122,5.0,Food Delivery,18,3,US,desktop,43.6,0,0,0,0,1,0
1549,2975,5.0,Online,10,4,US,desktop,198.8,0,0,0,0,1,0
1557,4586,5.0,Health,10,5,US,desktop,509.7,3,0,1,0,0,0
1558,4091,5.0,Utilities,20,5,DE,mobile,168.5,2,0,1,0,0,0
1572,2446,5.0,Retail,9,6,AU,mobile,133.8,1,0,1,0,0,0
1607,1591,5.0,Grocery,22,5,US,desktop,57.8,3,0,1,0,0,0
1666,2584,5.0,Retail,11,5,CA,mobile,66.6,1,0,1,0,0,0
1690,1376,5.0,Retail,17,6,GB,tablet,313.1,0,0,1,0,0,0
1811,1978,5.0,Grocery,23,3,US,desktop,20.3,1,0,0,1,0,1
1865,4340,5.0,Retail,8,5,NG,mobile,231.5,2,0,1,0,0,0
1985,3549,5.0,Grocery,13,5,US,desktop,67.4,5,0,1,0,0,0
1987,4309,5.0,Grocery,15,6,CA,mobile,267.2,1,0,1,0,0,1
2019,3878,6.32,Retail,12,5,JP,mobile,148.9,1,0,1,0,0,1
2029,3102,5.0,Grocery,22,5,FR,mobile,396.0,2,0,1,0,0,0
2033,1362,5.0,Health,15,5,AU,mobile,415.9,2,0,1,0,0,0
2052,2209,5.0,Grocery,11,6,GB,tablet,49.9,2,0,1,0,0,0
2065,3358,5.0,Retail,17,6,AU,mobile,121.4,2,0,1,0,0,1
2069,2321,5.0,Grocery,20,6,FR,mobile,61.8,0,0,1,0,0,0
2235,3354,5.0,Grocery,22,5,BR,mobile,136.8,1,0,1,0,0,0
2299,1887,5.0,Utilities,7,6,CA,tablet,78.7,0,0,1,0,0,0
2302,1575,5.0,Utilities,8,6,FR,mobile,312.6,2,0,1,0,0,0
2315,1906,5.0,Grocery,20,6,DE,mobile,102.6,1,0,1,0,0,0
2386,4500,5.0,Food Delivery,14,1,US,desktop,538.8,0,0,0,0,1,0
2464,3343,5.0,Retail,7,6,GB,mobile,90.9,2,0,1,0,0,1
2488,1221,5.0,Grocery,14,5,GB,tablet,83.9,2,0,1,0,0,0
2533,4699,11.74,Grocery,6,6,FR,mobile,75.8,1,0,1,0,0,1
2539,3123,5.0,Grocery,18,5,DE,mobile,121.1,0,0,1,0,0,0
2577,2083,5.0,Utilities,4,3,US,desktop,28.4,1,0,0,1,0,0
2581,2534,5.0,Retail,14,5,CA,mobile,228.3,2,0,1,0,0,0
2652,4515,5.0,Grocery,4,3,US,desktop,3.2,1,0,0,1,0,0
2768,4974,5.0,Grocery,8,6,GB,tablet,94.0,0,0,1,0,0,0
2777,3088,5.0,Grocery,11,6,GB,mobile,282.0,2,0,1,0,0,0
2783,4047,5.0,Grocery,18,5,DE,mobile,215.6,1,0,1,0,0,1
2847,4450,5.0,Grocery,17,6,DE,mobile,85.0,2,0,1,0,0,1
2923,1494,5.0,Grocery,0,2,US,desktop,11.8,1,0,0,1,0,0
2930,3612,5.0,Grocery,11,5,US,desktop,140.5,3,0,1,0,0,0
2981,3868,5.0,Entertainment,13,3,US,desktop,100.0,0,0,0,0,1,0
2985,3878,5.0,Travel,14,2,US,desktop,65.2,2,0,0,0,1,0
3023,2547,5.0,Grocery,15,5,US,desktop,145.6,3,0,1,0,0,0
3055,4150,5.0,Retail,3,2,US,desktop,28.6,1,0,0,1,0,0
3076,3991,5.0,Retail,22,5,JP,mobile,284.9,1,0,1,0,0,0
3079,1824,5.0,Retail,22,6,BR,tablet,271.4,2,0,1,0,0,0
3095,4639,5.0,Travel,13,1,US,desktop,291.8,1,0,0,0,1,0
3149,4958,5.0,Food Delivery,18,2,US,desktop,82.4,0,0,0,0,1,0
3162,4559,5.0,Utilities,13,5,CA,tablet,127.2,1,0,1,0,0,1
3168,2072,5.0,Retail,15,6,BR,tablet,47.6,2,0,1,0,0,0
3293,1951,5.0,Travel,10,0,US,desktop,209.2,1,0,0,0,1,0
3303,3405,5.0,Travel,13,4,US,desktop,59.6,1,0,0,0,1,0
3328,1843,5.0,Online,17,4,US,desktop,128.1,1,0,0,0,1,0
3341,3165,5.0,Grocery,11,6,DE,tablet,67.2,2,0,1,0,0,0
3451,2897,5.0,Grocery,22,6,FR,mobile,335.7,1,0,1,0,0,1
3549,2230,5.0,Grocery,20,6,CA,mobile,436.0,0,0,1,0,0,0
3567,2687,5.0,Grocery,21,5,US,desktop,146.2,3,0,1,0,0,0
3633,1148,5.0,Travel,15,3,US,desktop,408.0,1,0,0,0,1,0
3706,3000,5.37,Retail,15,5,GB,mobile,185.9,0,0,1,0,0,1
3784,4037,5.0,Travel,7,3,US,desktop,139.0,2,0,0,0,1,0
3796,2100,5.0,Travel,9,3,US,desktop,302.4,1,0,0,0,1,0
3846,2908,5.0,Utilities,16,6,US,desktop,317.4,3,0,1,0,0,0
3852,1183,5.0,Grocery,6,6,GB,tablet,373.6,0,0,1,0,0,0
3900,4699,7.26,Grocery,3,4,US,desktop,18.4,0,0,0,1,0,1
3990,2901,5.0,Grocery,16,6,BR,mobile,142.8,2,0,1,0,0,0
4063,3529,5.0,Grocery,9,5,DE,mobile,370.7,0,0,1,0,0,0
4172,2053,5.0,Retail,18,5,DE,mobile,80.2,2,0,1,0,0,1
4176,2395,5.0,Health,11,6,BR,tablet,105.4,2,0,1,0,0,0
4238,1432,5.0,Retail,20,5,FR,mobile,252.3,0,0,1,0,0,0
4244,1131,5.0,Retail,1,2,US,desktop,12.9,1,0,0,1,0,0
4272,3127,5.0,Utilities,22,5,CA,mobile,159.5,1,0,1,0,0,0
4299,1145,5.0,Retail,5,3,US,desktop,8.2,2,0,0,1,0,0
4315,4007,5.0,Utilities,6,6,FR,mobile,67.8,0,0,1,0,0,0
4392,4263,5.0,Grocery,10,6,US,desktop,286.9,3,0,1,0,0,0
4419,3851,5.0,Retail,22,6,BR,mobile,211.2,2,0,1,0,0,0
4467,4196,5.0,Retail,17,5,DE,mobile,440.5,0,0,1,0,0,0
4534,4006,5.0,Retail,14,6,CA,mobile,320.0,1,0,1,0,0,1
4535,1119,5.0,Retail,12,5,GB,tablet,103.8,2,0,1,0,0,1
4615,3240,5.0,Grocery,10,6,CA,mobile,42.7,1,0,1,0,0,1
4616,2724,5.0,Retail,21,6,GB,mobile,1122.7,2,0,1,0,0,0
4651,2589,5.0,Grocery,13,5,CA,mobile,126.1,2,0,1,0,0,0
4688,2152,5.0,Grocery,11,6,AU,mobile,182.1,1,0,1,0,0,0
4736,2674,5.0,Retail,8,6,US,desktop,102.9,3,0,1,0,0,0
4766,1602,5.13,Grocery,20,5,DE,mobile,138.9,1,0,1,0,0,0
4807,2871,8.28,Grocery,22,6,NG,tablet,82.3,2,0,1,0,0,0
4829,4673,5.0,Online,17,0,US,desktop,32.3,0,0,0,0,1,0
4887,3764,5.0,Retail,12,6,DE,mobile,995.0,2,0,1,0,0,0
4893,1232,5.0,Grocery,15,5,DE,mobile,77.3,0,0,1,0,0,0
4911,4786,5.0,Retail,19,5,BR,mobile,157.7,1,0,1,0,0,0
4934,4309,5.0,Retail,7,5,US,desktop,161.1,3,0,1,0,0,0
4969,1148,5.0,Retail,20,5,DE,mobile,263.5,0,0,1,0,0,0
4987,4865,5.0,Retail,8,6,GB,tablet,144.3,2,0,1,0,0,0
5006,4801,5.0,Grocery,1,2,US,desktop,12.0,2,0,0,1,0,0
5026,1477,5.0,Grocery,3,4,US,desktop,28.1,1,0,0,1,0,1
5030,1930,5.0,Retail,8,5,FR,mobile,100.3,0,0,1,0,0,0
5033,2440,5.0,Grocery,17,5,FR,mobile,227.3,0,0,1,0,0,1
5083,1000,5.0,Utilities,6,6,GB,mobile,127.6,0,0,1,0,0,1
5098,2278,5.0,Retail,21,6,CA,mobile,157.2,2,0,1,0,0,1
5156,4435,9.6,Grocery,15,6,FR,mobile,85.3,2,0,1,0,0,1
5262,1329,5.0,Utilities,15,5,GB,tablet,136.4,0,0,1,0,0,0
5277,1997,5.0,Utilities,13,6,CA,tablet,88.1,2,0,1,0,0,0
5323,3758,5.0,Travel,14,1,US,desktop,247.6,0,0,0,0,1,0
5371,4134,5.0,Grocery,20,5,GB,mobile,218.5,2,0,1,0,0,0
5398,2573,5.0,Travel,17,4,US,desktop,56.7,2,0,0,0,1,0
5410,3838,5.0,Utilities,6,6,DE,mobile,236.3,2,0,1,0,0,0
5457,1638,5.0,Grocery,11,5,CA,mobile,214.5,0,0,1,0,0,0
5459,3071,5.0,Entertainment,19,1,US,desktop,67.7,0,0,0,0,1,0
5467,1135,5.0,Retail,6,5,US,desktop,207.9,3,0,1,0,0,0
5531,3365,5.0,Utilities,18,6,GB,mobile,108.8,0,0,1,0,0,0
5557,1405,5.78,Grocery,16,5,GB,mobile,64.9,2,0,1,0,0,0
5605,3435,5.0,Entertainment,16,0,US,desktop,287.4,1,0,0,0,1,0
5655,1980,5.0,Retail,1,0,US,desktop,1.0,1,0,0,1,0,0
5659,3088,6.8,Retail,20,6,FR,mobile,213.2,0,0,1,0,0,1
5668,4305,5.0,Retail,20,5,DE,mobile,93.6,2,0,1,0,0,0
5681,1760,5.0,Retail,14,6,DE,mobile,281.6,2,0,1,0,0,1
5789,3176,5.0,Retail,1,3,US,desktop,10.9,1,0,0,1,0,1
5813,2197,6.13,Grocery,13,5,CA,mobile,373.1,2,0,1,0,0,0
5832,1619,5.0,Retail,6,5,GB,mobile,126.0,1,0,1,0,0,0
5836,4417,5.0,Utilities,7,6,DE,mobile,80.7,2,0,1,0,0,0
5917,2300,5.0,Grocery,7,6,US,desktop,39.3,3,0,1,0,0,0
5958,3864,5.0,Grocery,20,6,DE,mobile,40.4,0,0,1,0,0,0
5965,3975,5.0,Retail,23,0,US,desktop,13.5,0,0,0,1,0,0
5993,4298,5.0,Online,18,1,US,desktop,38.7,0,0,0,0,1,0
6019,4032,5.0,Grocery,8,6,BR,mobile,125.0,0,0,1,0,0,0
6039,2743,5.0,Grocery,12,5,AU,mobile,287.4,1,0,1,0,0,0
6040,1938,5.0,Grocery,16,5,GB,mobile,338.7,2,0,1,0,0,0
6045,3370,5.0,Utilities,10,6,CA,mobile,44.2,1,0,1,0,0,1
6047,1450,5.0,Grocery,9,5,GB,tablet,340.2,0,0,1,0,0,1
6088,2789,5.0,Grocery,9,5,NG,tablet,80.5,2,0,1,0,0,0
6090,3998,5.0,Grocery,15,5,FR,mobile,511.1,0,0,1,0,0,0
6147,3156,5.0,Grocery,7,5,BR,mobile,82.8,2,0,1,0,0,0
6174,1821,5.03,Retail,21,5,GB,tablet,192.3,0,0,1,0,0,0
6279,1154,5.0,Travel,19,3,US,desktop,672.7,0,0,0,0,1,0
6312,2326,5.0,Retail,9,5,GB,mobile,225.0,2,0,1,0,0,0
6434,2419,5.0,Retail,11,5,BR,mobile,696.6,2,0,1,0,0,0
6440,2322,5.0,Grocery,13,6,FR,tablet,31.6,1,0,1,0,0,0
6453,4925,5.0,Travel,22,4,US,desktop,660.1,2,0,0,0,1,0
6477,1970,5.0,Retail,10,5,NG,mobile,107.1,1,0,1,0,0,0
6510,1149,5.0,Retail,22,5,US,desktop,96.5,3,0,1,0,0,0
6643,4890,5.0,Health,10,6,CA,mobile,105.6,2,0,1,0,0,0
6674,3098,5.0,Grocery,7,5,CA,tablet,158.4,1,0,1,0,0,0
6696,3358,5.0,Grocery,2,2,US,desktop,6.9,2,0,0,1,0,0
6703,3101,5.0,Utilities,15,5,CA,tablet,85.8,0,0,1,0,0,0
6727,4454,5.0,Retail,20,6,DE,mobile,113.0,1,0,1,0,0,0
6871,1604,5.0,Travel,19,2,US,desktop,149.5,1,0,0,0,1,0
6924,4158,5.0,Grocery,19,5,BR,mobile,170.0,1,0,1,0,0,0
7042,3083,5.0,Grocery,5,3,US,desktop,21.5,2,0,0,1,0,0
7044,4472,5.0,Retail,19,5,FR,mobile,188.7,1,0,1,0,0,0
7090,2320,5.95,Utilities,15,6,AU,mobile,142.5,1,0,1,0,0,1
7131,2284,5.0,Grocery,8,5,GB,mobile,373.6,0,0,1,0,0,0
7138,4348,5.0,Food Delivery,7,3,US,desktop,436.6,0,0,0,0,1,0
7164,4168,5.0,Grocery,12,5,AU,mobile,67.2,0,0,1,0,0,0
7172,4202,5.0,Grocery,2,2,US,desktop,17.8,1,0,0,1,0,1
7206,3004,5.0,Retail,3,2,US,desktop,28.6,0,0,0,1,0,0
7209,2760,5.0,Retail,3,1,US,desktop,1.0,2,0,0,1,0,0
7231,3298,5.0,Grocery,12,5,AU,mobile,161.3,1,0,1,0,0,0
7257,4658,5.0,Retail,7,5,US,desktop,353.0,4,0,1,0,0,0
7295,1947,5.0,Retail,12,6,GB,mobile,65.8,2,0,1,0,0,0
7375,2481,5.0,Health,15,6,US,desktop,104.6,4,0,1,0,0,0
7418,2756,5.0,Grocery,7,6,FR,tablet,571.3,0,0,1,0,0,0
7424,4033,5.0,Grocery,8,5,GB,mobile,358.6,2,0,1,0,0,0
7471,3919,5.0,Health,18,5,GB,mobile,364.4,1,0,1,0,0,0
7484,1755,5.0,Grocery,23,1,US,desktop,10.2,0,0,0,1,0,0
7505,4029,5.0,Health,22,5,JP,mobile,220.1,2,0,1,0,0,0
7573,1779,5.0,Retail,10,5,BR,mobile,117.8,2,0,1,0,0,0
7630,2723,5.79,Utilities,14,5,CA,mobile,525.2,0,0,1,0,0,0
7762,3869,5.0,Entertainment,15,2,US,desktop,34.8,1,0,0,0,1,0
7780,2019,5.0,Online,16,2,US,desktop,553.4,2,0,0,0,1,0
7799,3182,5.0,Retail,11,5,GB,tablet,104.7,0,0,1,0,0,1
7829,3206,5.0,Retail,16,6,BR,mobile,179.7,2,0,1,0,0,1
7851,2259,5.0,Retail,11,5,DE,mobile,114.8,0,0,1,0,0,0
7881,2439,5.0,Entertainment,19,0,US,desktop,278.7,1,0,0,0,1,0
7886,1763,5.0,Travel,7,2,US,desktop,130.0,2,0,0,0,1,0
8054,3607,5.0,Retail,12,6,CA,mobile,51.9,1,0,1,0,0,0
8056,3651,5.0,Retail,19,5,DE,mobile,132.6,0,0,1,0,0,0
8108,2794,5.0,Health,7,6,BR,mobile,229.2,1,0,1,0,0,1
8164,2096,5.0,Retail,21,5,US,desktop,123.1,4,0,1,0,0,0
8186,4343,23.24,Retail,22,6,CA,tablet,106.2,1,0,1,0,0,0
8188,1745,13.52,Utilities,16,6,CA,tablet,313.5,1,0,1,0,0,0
8204,3635,5.0,Entertainment,11,4,US,desktop,125.2,1,0,0,0,1,0
8244,4192,7.78,Grocery,15,5,US,desktop,286.6,3,0,1,0,0,0
8304,3151,5.0,Grocery,17,6,FR,tablet,232.8,2,0,1,0,0,0
8315,1147,5.0,Food Delivery,18,0,US,desktop,523.0,1,0,0,0,1,0
8317,3717,5.0,Retail,20,5,GB,mobile,42.0,2,0,1,0,0,0
8335,4956,5.0,Grocery,9,6,FR,mobile,149.1,1,0,1,0,0,0
8365,4525,5.0,Grocery,7,6,AU,tablet,246.0,1,0,1,0,0,0
8398,1700,5.0,Travel,16,0,US,desktop,109.4,1,0,0,0,1,0
8448,1611,5.0,Grocery,4,4,US,desktop,21.0,1,0,0,1,0,0
8458,3226,5.0,Utilities,16,5,US,desktop,37.5,3,0,1,0,0,0
8564,2421,5.0,Grocery,4,1,US,desktop,22.6,0,0,0,1,0,0
8651,4561,5.0,Retail,0,1,US,desktop,18.1,1,0,0,1,0,1
8688,1937,5.0,Travel,18,2,US,desktop,688.3,0,0,0,0,1,0
8699,2775,5.0,Health,14,6,CA,mobile,193.7,1,0,1,0,0,1
8704,1273,5.0,Health,11,6,CA,mobile,134.6,2,0,1,0,0,0
8732,1472,5.0,Online,19,0,US,desktop,44.5,2,0,0,0,1,1
8798,1628,5.0,Retail,21,6,GB,mobile,80.7,2,0,1,0,0,0
8807,3388,5.0,Grocery,16,5,DE,mobile,490.8,0,0,1,0,0,0
8813,3202,5.0,Entertainment,18,4,US,desktop,99.9,1,0,0,0,1,0
8858,1947,5.0,Health,15,6,DE,mobile,358.0,0,0,1,0,0,0
8882,1163,5.0,Retail,22,6,DE,mobile,75.1,0,0,1,0,0,0
8894,2525,5.0,Utilities,6,5,DE,mobile,108.0,1,0,1,0,0,0
8915,3687,5.0,Utilities,16,5,CA,tablet,56.9,2,0,1,0,0,1
8940,1941,5.0,Grocery,11,6,GB,mobile,137.2,2,0,1,0,0,0
9043,3173,5.0,Food Delivery,6,1,US,desktop,93.6,2,0,0,0,1,1
9092,2099,5.0,Retail,13,5,US,desktop,116.6,4,0,1,0,0,0
9149,2748,5.0,Online,11,3,US,desktop,259.7,1,0,0,0,1,0
9170,3688,5.0,Grocery,17,6,AU,tablet,279.0,2,0,1,0,0,0
9199,1050,5.0,Retail,14,6,GB,mobile,278.3,1,0,1,0,0,0
9218,1425,5.0,Food Delivery,18,1,US,desktop,366.0,1,0,0,0,1,0
9254,4397,5.0,Health,15,6,US,desktop,36.3,3,0,1,0,0,0
9270,3594,5.0,Health,5,1,US,desktop,4.3,1,0,0,1,0,1
9283,1495,5.0,Grocery,14,5,CA,mobile,49.2,2,0,1,0,0,0
9314,4528,5.0,Grocery,8,5,CA,tablet,48.4,1,0,1,0,0,0
9345,4970,5.0,Utilities,6,5,US,desktop,92.4,3,0,1,0,0,1
9354,1445,11.47,Retail,10,6,JP,mobile,114.2,0,0,1,0,0,0
9392,3674,5.0,Travel,13,3,US,desktop,313.0,1,0,0,0,1,1
9495,3330,5.0,Retail,7,5,FR,tablet,111.0,2,0,1,0,0,0
9515,3530,5.0,Health,7,6,GB,mobile,63.5,0,0,1,0,0,1
9633,1885,5.0,Utilities,1,0,US,desktop,17.1,2,0,0,1,0,0
9641,2432,5.0,Retail,19,5,JP,mobile,53.0,1,0,1,0,0,0
9664,2197,8.61,Grocery,17,5,FR,mobile,88.7,2,0,1,0,0,0
9769,3804,5.0,Grocery,20,6,CA,tablet,252.4,1,0,1,0,0,0
9780,4998,5.0,Travel,18,0,US,desktop,399.1,2,0,0,0,1,0
9851,1760,5.0,Retail,9,5,FR,mobile,70.1,0,0,1,0,0,0
9887,3516,5.0,Retail,9,5,FR,mobile,174.2,1,0,1,0,0,0
9979,2005,7.49,Entertainment,13,0,US,desktop,97.5,1,0,0,0,1,0
10033,4427,5.0,Retail,18,6,CA,tablet,137.3,2,0,1,0,0,0
10043,2489,5.0,Travel,18,1,US,desktop,162.6,1,0,0,0,1,0
10051,2304,5.0,Grocery,11,6,JP,mobile,130.5,2,0,1,0,0,0
10080,4051,5.0,Retail,12,5,US,desktop,300.9,4,0,1,0,0,1
10126,2208,5.0,Grocery,13,6,FR,tablet,306.8,1,0,1,0,0,0
10128,1579,5.0,Health,18,6,DE,mobile,75.5,2,0,1,0,0,0
10157,1423,5.0,Retail,17,6,BR,mobile,44.9,0,0,1,0,0,0
10195,4603,5.0,Utilities,12,5,GB,mobile,109.2,0,0,1,0,0,0
10226,4013,5.0,Grocery,14,6,AU,mobile,101.3,0,0,1,0,0,0
10365,3354,5.0,Online,14,0,US,desktop,489.9,1,0,0,0,1,0
10381,3979,9.65,Retail,4,4,US,desktop,16.5,0,0,0,1,0,0
10466,2623,5.0,Utilities,11,5,GB,mobile,78.9,1,0,1,0,0,0
10582,2328,5.0,Retail,12,6,GB,tablet,122.7,2,0,1,0,0,0
10592,3333,5.0,Entertainment,14,3,US,desktop,402.7,1,0,0,0,1,1
10691,2507,5.0,Retail,18,6,JP,tablet,379.2,1,0,1,0,0,1
10708,3603,10.74,Food Delivery,20,3,US,desktop,55.3,1,0,0,0,1,0
10710,4617,5.0,Grocery,9,6,AU,mobile,77.5,0,0,1,0,0,0
10749,1272,5.0,Utilities,2,2,US,desktop,10.0,1,0,0,1,0,0
10842,2539,5.0,Health,17,6,GB,tablet,41.5,1,0,1,0,0,0
10865,4244,5.0,Travel,19,1,US,desktop,315.0,0,0,0,0,1,0
10875,2908,5.0,Retail,17,6,CA,mobile,31.1,0,0,1,0,0,0
10958,3292,5.0,Online,16,1,US,desktop,237.7,1,0,0,0,1,1
10966,2401,5.0,Grocery,17,5,FR,mobile,114.4,0,0,1,0,0,0
11047,2805,5.0,Grocery,17,6,JP,mobile,666.4,2,0,1,0,0,0
11166,2297,11.3,Retail,3,0,US,desktop,19.0,0,0,0,1,0,0
11263,3900,5.0,Food Delivery,18,0,US,desktop,236.4,2,0,0,0,1,0
11265,4892,6.84,Travel,11,2,US,desktop,264.9,2,0,0,0,1,0
11401,2383,5.0,Utilities,3,0,US,desktop,10.3,2,0,0,1,0,0
11484,3561,5.0,Grocery,20,5,BR,mobile,260.7,0,0,1,0,0,0
11570,1974,5.0,Retail,21,5,GB,mobile,276.9,0,0,1,0,0,0
11596,4629,10.24,Retail,19,5,GB,mobile,35.2,0,0,1,0,0,0
11598,3638,5.0,Entertainment,22,3,US,desktop,35.7,2,0,0,0,1,0
11665,4291,5.0,Retail,17,6,CA,mobile,77.5,2,0,1,0,0,0
11704,4454,6.02,Retail,17,6,BR,mobile,281.9,1,0,1,0,0,0
11707,4844,5.0,Grocery,18,6,FR,mobile,168.8,2,0,1,0,0,0
11719,4743,5.0,Health,7,5,JP,mobile,42.7,1,0,1,0,0,0
11733,2481,19.29,Retail,8,6,AU,mobile,30.2,1,0,1,0,0,0
11813,3235,5.0,Utilities,17,5,DE,mobile,263.1,1,0,1,0,0,0
11855,3918,5.0,Grocery,2,4,US,desktop,9.6,1,0,0,1,0,0
11880,4344,5.0,Utilities,6,6,BR,mobile,256.2,2,0,1,0,0,0
11902,2388,5.0,Grocery,16,6,JP,mobile,306.1,1,0,1,0,0,0
12025,4680,5.0,Health,18,6,GB,mobile,81.2,2,0,1,0,0,1
12083,4191,5.0,Utilities,16,6,AU,mobile,104.5,2,0,1,0,0,0
12178,2394,6.82,Grocery,14,6,DE,tablet,265.8,1,0,1,0,0,0
12190,4889,5.0,Retail,21,5,GB,mobile,117.8,2,0,1,0,0,1
12235,3667,5.0,Grocery,15,6,JP,tablet,119.6,2,0,1,0,0,0
12256,1021,5.0,Retail,19,6,JP,mobile,140.1,1,0,1,0,0,0
12267,2175,5.0,Retail,15,6,US,desktop,190.5,3,0,1,0,0,0
12271,4350,9.57,Retail,16,5,US,desktop,32.4,4,0,1,0,0,0
12300,3932,5.0,Grocery,11,6,CA,mobile,725.1,1,0,1,0,0,0
12311,1839,5.0,Food Delivery,10,2,US,desktop,30.7,2,0,0,0,1,0
12338,2382,5.0,Grocery,8,6,CA,mobile,42.7,2,0,1,0,0,0
12351,1900,5.0,Retail,12,6,GB,tablet,45.1,1,0,1,0,0,1
12371,1353,5.0,Travel,16,3,US,desktop,59.9,0,0,0,0,1,0
12452,1453,5.0,Utilities,16,6,US,desktop,93.6,4,0,1,0,0,0
12617,1272,5.0,Retail,21,6,GB,mobile,543.2,1,0,1,0,0,1
12621,4431,5.0,Retail,15,6,US,desktop,187.9,3,0,1,0,0,0
12664,4830,5.0,Travel,13,4,US,desktop,241.7,1,0,0,0,1,0
12731,4607,5.0,Retail,0,1,US,desktop,10.1,1,0,0,1,0,0
12762,3822,5.0,Grocery,10,6,AU,mobile,155.5,1,0,1,0,0,1
12820,1847,5.0,Grocery,14,6,DE,mobile,68.5,0,0,1,0,0,0
12831,4723,5.0,Grocery,6,6,DE,mobile,150.9,1,0,1,0,0,0
12837,1478,5.0,Travel,13,2,US,desktop,41.4,1,0,0,0,1,0
12847,2653,5.0,Grocery,17,5,GB,mobile,161.7,1,0,1,0,0,0
12953,4619,5.0,Retail,9,6,CA,tablet,157.0,1,0,1,0,0,0
12972,4554,5.0,Retail,21,5,FR,mobile,335.0,1,0,1,0,0,0
12974,2018,5.0,Utilities,19,5,GB,mobile,692.9,2,0,1,0,0,0
13007,3132,5.0,Grocery,10,5,CA,mobile,403.0,1,0,1,0,0,1
13042,4875,5.0,Retail,19,5,AU,mobile,78.9,1,0,1,0,0,0
13065,2227,5.0,Retail,0,3,US,desktop,4.5,1,0,0,1,0,1
13072,1686,5.0,Grocery,11,6,CA,mobile,448.5,2,0,1,0,0,0
13085,1619,5.0,Food Delivery,17,0,US,desktop,125.8,2,0,0,0,1,1
13121,1515,5.0,Utilities,22,5,CA,mobile,168.7,1,0,1,0,0,0
13136,3006,5.0,Grocery,7,6,GB,mobile,73.0,2,0,1,0,0,0
13177,4401,5.0,Grocery,19,5,NG,mobile,97.7,1,0,1,0,0,0
13240,2067,5.0,Retail,4,1,US,desktop,8.6,0,0,0,1,0,0
13247,1056,13.74,Health,20,6,CA,mobile,155.1,0,0,1,0,0,0
13391,1101,5.0,Food Delivery,6,1,US,desktop,180.5,1,0,0,0,1,0
13396,1492,5.0,Retail,11,5,AU,tablet,252.6,2,0,1,0,0,0
13420,1629,5.0,Retail,18,6,CA,mobile,184.7,1,0,1,0,0,0
13432,4356,5.0,Retail,21,5,DE,tablet,138.7,1,0,1,0,0,1
13535,2438,5.0,Retail,22,5,CA,mobile,273.0,1,0,1,0,0,0
13619,4415,5.9,Retail,9,5,GB,mobile,36.6,1,0,1,0,0,0
13645,2282,5.0,Grocery,19,6,FR,mobile,71.1,1,0,1,0,0,0
13705,3307,5.0,Retail,10,6,JP,mobile,142.4,0,0,1,0,0,0
13714,1933,5.0,Grocery,16,5,DE,mobile,192.3,2,0,1,0,0,0
13775,3814,5.0,Grocery,11,6,GB,mobile,161.3,1,0,1,0,0,0
13820,2481,5.0,Grocery,20,5,AU,tablet,102.1,2,0,1,0,0,0
13988,3074,5.0,Grocery,11,5,US,desktop,149.2,5,0,1,0,0,0
14009,1012,5.0,Retail,16,5,GB,mobile,40.0,1,0,1,0,0,1
14020,3113,10.41,Retail,15,6,DE,mobile,244.0,1,0,1,0,0,0
14057,3660,5.0,Retail,11,5,JP,tablet,33.3,2,0,1,0,0,0
14117,4778,5.0,Grocery,20,5,FR,tablet,169.4,2,0,1,0,0,0
14181,2548,5.0,Retail,10,6,DE,mobile,72.7,1,0,1,0,0,0
14183,3851,5.0,Food Delivery,15,4,US,desktop,88.5,1,0,0,0,1,0
14240,3607,5.0,Grocery,14,5,BR,tablet,41.2,1,0,1,0,0,1
14293,1590,5.0,Health,21,6,FR,mobile,84.4,1,0,1,0,0,0
14436,3862,5.0,Retail,18,5,BR,mobile,157.0,1,0,1,0,0,0
14444,1792,5.0,Online,7,3,US,desktop,71.5,0,0,0,0,1,0
14606,4516,5.0,Retail,10,5,CA,mobile,149.2,1,0,1,0,0,0
14638,2834,5.0,Grocery,22,5,US,desktop,80.1,4,0,1,0,0,0
14731,1583,5.0,Retail,12,5,DE,tablet,161.2,1,0,1,0,0,0
14817,4624,5.0,Grocery,23,0,US,desktop,2.0,2,0,0,1,0,0
14891,3949,5.0,Travel,6,3,US,desktop,30.8,0,0,0,0,1,0
14902,1959,5.0,Retail,22,5,CA,mobile,157.1,2,0,1,0,0,0
14912,3153,5.0,Grocery,12,6,AU,mobile,217.3,2,0,1,0,0,0
14915,3499,5.0,Utilities,21,6,CA,mobile,128.0,2,0,1,0,0,0
14951,2787,5.0,Retail,20,5,US,desktop,84.0,4,0,1,0,0,0
14998,3647,5.0,Grocery,17,6,GB,tablet,101.3,0,0,1,0,0,1
15001,1300,5.0,Retail,7,6,DE,mobile,46.9,1,0,1,0,0,0
15073,3456,5.0,Retail,11,5,US,desktop,51.6,3,0,1,0,0,0
15174,1582,5.0,Retail,11,5,CA,tablet,505.9,1,0,1,0,0,0
15185,4689,5.0,Grocery,5,3,US,desktop,25.9,0,0,0,1,0,0
15191,4785,5.0,Retail,22,6,US,desktop,147.7,3,0,1,0,0,1
15217,2588,5.0,Online,18,0,US,desktop,103.0,2,0,0,0,1,0
15306,3112,5.0,Retail,17,6,NG,mobile,34.7,0,0,1,0,0,0
15371,3778,5.0,Retail,6,5,FR,tablet,122.7,1,0,1,0,0,0
15414,1723,5.0,Travel,10,3,US,desktop,82.7,2,0,0,0,1,0
15427,2050,5.0,Grocery,9,5,FR,tablet,213.5,2,0,1,0,0,0
15524,4768,5.0,Food Delivery,15,1,US,desktop,120.3,2,0,0,0,1,0
15543,1987,5.0,Retail,22,5,GB,mobile,56.9,2,0,1,0,0,0
15570,2515,5.0,Grocery,21,5,FR,mobile,61.8,1,0,1,0,0,0
15583,1083,5.0,Travel,20,0,US,desktop,76.9,1,0,0,0,1,0
15633,1040,5.0,Food Delivery,9,1,US,desktop,303.8,1,0,0,0,1,0
15658,4217,5.0,Grocery,11,5,CA,tablet,212.4,0,0,1,0,0,0
15668,3772,5.0,Grocery,18,5,US,desktop,36.9,3,0,1,0,0,1
15680,2308,5.0,Food Delivery,18,0,US,desktop,550.5,0,0,0,0,1,0
15697,2814,5.0,Travel,17,3,US,desktop,322.8,1,0,0,0,1,0
15708,2933,5.0,Entertainment,18,3,US,desktop,125.8,2,0,0,0,1,0
15772,2438,5.0,Retail,8,5,CA,mobile,146.9,2,0,1,0,0,0
15787,3788,5.0,Utilities,15,5,BR,mobile,1059.5,2,0,1,0,0,0
15816,4315,10.77,Health,18,6,JP,mobile,95.5,2,0,1,0,0,0
15817,1073,5.0,Retail,15,6,DE,mobile,180.1,1,0,1,0,0,0
15827,2731,5.0,Grocery,7,6,CA,tablet,85.8,2,0,1,0,0,0
15830,4601,5.02,Grocery,14,5,JP,mobile,721.9,0,0,1,0,0,0
15887,1839,5.0,Grocery,13,6,FR,mobile,229.5,2,0,1,0,0,0
15993,2370,5.0,Retail,13,5,US,desktop,624.7,3,0,1,0,0,0
16000,4808,5.0,Retail,10,6,JP,mobile,291.5,1,0,1,0,0,0
16045,2107,5.0,Grocery,2,1,US,desktop,8.3,1,0,0,1,0,1
16200,4726,5.0,Retail,12,6,GB,mobile,87.2,0,0,1,0,0,0
16206,3994,5.0,Online,18,2,US,desktop,68.3,1,0,0,0,1,1
16286,2133,5.43,Grocery,4,3,US,desktop,25.7,0,0,0,1,0,0
16311,2266,5.0,Grocery,15,6,DE,mobile,172.4,1,0,1,0,0,0
16313,2006,5.0,Grocery,6,5,CA,mobile,172.9,1,0,1,0,0,0
16351,4869,5.0,Utilities,0,0,US,desktop,20.3,2,0,0,1,0,1
16356,3286,5.43,Food Delivery,15,3,US,desktop,155.9,1,0,0,0,1,1
16381,1757,5.0,Grocery,5,4,US,desktop,11.8,1,0,0,1,0,0
16394,3498,5.0,Utilities,1,0,US,desktop,20.0,1,0,0,1,0,0
16402,1087,5.0,Retail,5,1,US,desktop,27.6,0,0,0,1,0,1
16474,4701,5.0,Grocery,2,1,US,desktop,15.4,2,0,0,1,0,0
16502,2578,5.0,Retail,9,6,US,desktop,294.7,3,0,1,0,0,0
16554,2689,5.0,Grocery,6,5,FR,mobile,47.7,0,0,1,0,0,0
16574,2604,5.0,Grocery,7,6,AU,mobile,568.0,2,0,1,0,0,0
16624,2264,5.0,Utilities,11,6,CA,mobile,420.3,2,0,1,0,0,0
16684,3266,5.0,Grocery,5,1,US,desktop,23.7,0,0,0,1,0,1
16715,4332,5.0,Grocery,2,2,US,desktop,11.7,2,0,0,1,0,0
16721,4215,5.0,Grocery,12,5,JP,tablet,310.2,1,0,1,0,0,0
16795,3881,5.0,Grocery,9,5,US,desktop,103.9,3,0,1,0,0,1
16842,2120,5.0,Grocery,0,2,US,desktop,6.1,0,0,0,1,0,0
16852,3205,5.0,Retail,16,6,DE,mobile,405.4,0,0,1,0,0,0
16866,4528,5.0,Travel,10,1,US,desktop,111.7,0,0,0,0,1,0
16884,2231,5.0,Travel,19,3,US,desktop,428.8,1,0,0,0,1,1
16914,4808,5.0,Retail,18,5,GB,mobile,47.5,1,0,1,0,0,0
16948,1102,5.0,Health,16,6,FR,mobile,104.3,2,0,1,0,0,1
16966,4307,6.02,Grocery,1,0,US,desktop,13.3,1,0,0,1,0,0
17073,4251,5.0,Grocery,15,6,FR,mobile,125.8,0,0,1,0,0,0
17074,1445,5.0,Travel,20,3,US,desktop,103.4,1,0,0,0,1,0
17080,2028,6.42,Health,21,6,DE,mobile,428.9,1,0,1,0,0,0
17084,1029,5.0,Health,19,6,US,desktop,113.9,4,0,1,0,0,1
17168,1007,5.0,Grocery,15,5,CA,tablet,31.7,0,0,1,0,0,0
17191,2272,5.0,Online,20,2,US,desktop,42.1,1,0,0,0,1,0
17204,1202,5.0,Grocery,21,5,US,desktop,324.4,5,0,1,0,0,0
17236,3743,5.0,Utilities,18,5,JP,mobile,48.9,2,0,1,0,0,0
17290,2285,8.48,Retail,6,6,DE,mobile,121.3,2,0,1,0,0,0
17301,2202,5.0,Grocery,4,0,US,desktop,14.0,0,0,0,1,0,0
17357,4261,5.0,Grocery,21,6,GB,tablet,38.3,2,0,1,0,0,1
17379,1357,5.0,Grocery,22,6,CA,tablet,119.9,1,0,1,0,0,0
17382,3023,5.0,Grocery,6,5,US,desktop,158.4,3,0,1,0,0,0
17411,1556,5.0,Retail,7,6,GB,mobile,336.2,1,0,1,0,0,0
17416,1155,5.0,Food Delivery,10,4,US,desktop,130.3,0,0,0,0,1,1
17636,4169,5.0,Grocery,6,6,CA,mobile,818.6,2,0,1,0,0,0
17700,4906,5.0,Grocery,12,6,FR,mobile,305.3,1,0,1,0,0,1
17736,2624,5.0,Grocery,17,6,GB,mobile,292.6,1,0,1,0,0,0
17835,4774,5.0,Grocery,23,4,US,desktop,27.4,2,0,0,1,0,0
17883,1557,5.0,Food Delivery,21,0,US,desktop,33.0,0,0,0,0,1,0
17889,4494,5.0,Retail,7,6,FR,mobile,111.7,0,0,1,0,0,0
17892,3781,5.0,Retail,6,5,GB,mobile,148.1,2,0,1,0,0,0
17967,4772,25.65,Health,10,6,JP,mobile,215.8,1,0,1,0,0,0
18041,3074,5.0,Grocery,20,5,GB,mobile,120.1,1,0,1,0,0,0
18082,1443,5.0,Health,14,5,NG,mobile,270.5,2,0,1,0,0,0
18153,2400,5.0,Retail,6,5,GB,tablet,456.1,1,0,1,0,0,0
18166,1469,5.0,Grocery,23,2,US,desktop,13.5,2,0,0,1,0,0
18237,4982,5.0,Health,19,6,AU,mobile,64.0,2,0,1,0,0,0
18269,1137,5.0,Grocery,14,6,FR,mobile,65.6,2,0,1,0,0,0
18323,4484,5.0,Retail,13,5,CA,tablet,346.8,1,0,1,0,0,0
18354,2950,5.0,Health,18,5,FR,mobile,370.4,1,0,1,0,0,0
18395,2120,5.0,Grocery,11,6,CA,tablet,478.4,1,0,1,0,0,0
18435,4859,5.0,Utilities,11,6,FR,tablet,89.4,2,0,1,0,0,0
18483,4593,5.0,Grocery,17,5,CA,mobile,166.8,0,0,1,0,0,0
18536,4411,5.0,Grocery,10,6,FR,mobile,174.7,2,0,1,0,0,1
18554,4424,5.0,Retail,20,6,GB,mobile,314.4,0,0,1,0,0,0
18597,1522,5.0,Retail,19,5,CA,mobile,283.9,1,0,1,0,0,0
18604,2473,5.0,Travel,11,0,US,desktop,539.5,2,0,0,0,1,0
18616,4712,5.0,Online,11,2,US,desktop,36.3,1,0,0,0,1,0
18676,3193,5.0,Health,14,6,FR,mobile,95.3,1,0,1,0,0,0
18734,3808,5.0,Retail,22,5,BR,mobile,228.7,1,0,1,0,0,0
18761,4410,6.79,Grocery,18,6,GB,mobile,194.7,1,0,1,0,0,0
18772,3058,5.0,Grocery,9,6,FR,mobile,109.4,1,0,1,0,0,0
18809,4094,5.0,Retail,6,6,FR,mobile,118.2,1,0,1,0,0,0
18827,3444,5.0,Grocery,20,5,DE,mobile,262.1,2,0,1,0,0,1
18834,2606,5.0,Grocery,16,6,FR,mobile,71.7,2,0,1,0,0,0
18894,3170,5.0,Grocery,17,6,CA,mobile,43.4,1,0,1,0,0,0
18944,1388,5.0,Retail,17,5,GB,mobile,145.2,0,0,1,0,0,0
19017,2848,5.0,Utilities,15,5,FR,mobile,173.0,1,0,1,0,0,0
19062,3165,5.0,Retail,11,5,US,desktop,215.4,3,0,1,0,0,1
19068,2975,5.0,Retail,19,5,JP,mobile,95.1,2,0,1,0,0,0
19115,2137,5.0,Grocery,20,6,NG,mobile,141.6,0,0,1,0,0,0
19146,2670,5.0,Retail,13,5,DE,mobile,197.6,0,0,1,0,0,1
19156,3729,5.0,Online,15,3,US,desktop,192.8,1,0,0,0,1,0
19198,3908,5.0,Retail,17,5,FR,tablet,210.9,2,0,1,0,0,0
19285,4518,5.0,Health,2,4,US,desktop,4.3,0,0,0,1,0,0
19313,1311,5.0,Online,14,1,US,desktop,252.1,1,0,0,0,1,0
19314,2702,5.0,Retail,14,5,JP,mobile,134.2,2,0,1,0,0,0
19380,1608,5.0,Online,19,3,US,desktop,110.7,2,0,0,0,1,1
19389,4613,5.0,Retail,20,5,CA,mobile,142.5,1,0,1,0,0,0
19395,1983,5.0,Grocery,16,5,CA,mobile,88.9,0,0,1,0,0,1
19525,1083,5.0,Grocery,16,5,BR,mobile,288.2,2,0,1,0,0,1
19559,2270,5.0,Retail,12,5,NG,mobile,691.4,0,0,1,0,0,1
19624,2526,5.0,Grocery,12,5,AU,mobile,272.9,2,0,1,0,0,1
19668,3843,5.0,Grocery,19,5,AU,mobile,95.7,1,0,1,0,0,0
19738,1664,5.0,Utilities,9,5,AU,tablet,109.2,1,0,1,0,0,0
19842,1818,5.0,Grocery,19,5,CA,mobile,71.2,2,0,1,0,0,0
19874,2138,5.0,Grocery,13,5,GB,mobile,155.1,1,0,1,0,0,1
19910,3721,5.0,Grocery,14,5,NG,mobile,51.6,2,0,1,0,0,0
19940,3132,5.0,Food Delivery,11,0,US,desktop,64.0,2,0,0,0,1,0
19993,1086,5.0,Travel,7,1,US,desktop,180.6,2,0,0,0,1,1
9,1805,5.0,Travel,8,3,US,mobile,243.2,1,0,0,0,0,1
57,3186,24.66,Travel,9,2,US,mobile,513.1,0,0,0,0,0,0
58,1617,5.0,Food Delivery,14,0,US,tablet,131.0,2,0,0,0,0,0
83,1642,5.0,Online,18,3,US,tablet,368.5,0,0,0,0,0,0
144,2634,5.0,Online,22,2,US,tablet,142.2,0,0,0,0,0,0
204,3798,5.0,Food Delivery,11,0,US,mobile,92.4,1,0,0,0,0,0
212,3867,5.0,Food Delivery,13,3,US,tablet,165.0,1,0,0,0,0,0
215,3947,5.0,Online,18,4,US,mobile,142.4,2,0,0,0,0,0
325,4900,5.0,Online,13,1,US,mobile,79.2,1,0,0,0,0,0
366,3075,5.0,Food Delivery,22,4,US,tablet,39.5,2,0,0,0,0,0
373,2640,5.0,Online,12,2,US,mobile,80.0,2,0,0,0,0,0
399,2122,5.0,Entertainment,7,0,US,tablet,66.9,0,0,0,0,0,0
404,4887,5.0,Travel,20,4,US,mobile,122.4,0,0,0,0,0,0
413,2117,5.0,Entertainment,20,3,US,tablet,42.6,2,0,0,0,0,0
416,3710,5.0,Food Delivery,14,1,US,mobile,459.8,1,0,0,0,0,1
425,2668,5.0,Travel,16,3,US,tablet,130.2,0,0,0,0,0,0
440,2590,5.0,Grocery,4,6,US,desktop,579.1,1,0,1,1,1,1
462,1561,5.9,Food Delivery,22,3,US,mobile,265.7,0,0,0,0,0,0
486,1930,5.0,Travel,15,3,US,tablet,129.7,1,0,0,0,0,0
514,4266,5.0,Entertainment,20,2,US,mobile,426.0,1,0,0,0,0,0
517,4526,5.0,Online,17,0,US,tablet,279.3,1,0,0,0,0,0
560,4404,5.0,Food Delivery,18,0,US,tablet,88.0,2,0,0,0,0,0
582,4333,5.0,Online,13,0,US,tablet,65.7,1,0,0,0,0,0
584,1207,5.0,Online,12,2,US,mobile,205.3,2,0,0,0,0,1
585,2616,5.0,Travel,20,2,US,mobile,120.9,1,0,0,0,0,1
612,2851,5.0,Online,8,4,US,mobile,521.8,0,0,0,0,0,0
648,3141,5.0,Online,12,4,US,mobile,93.7,0,0,0,0,0,1
650,4394,5.0,Travel,17,2,US,mobile,489.5,0,0,0,0,0,0
653,1809,5.0,Online,20,3,US,tablet,143.8,2,0,0,0,0,0
707,1031,5.0,Food Delivery,14,4,US,mobile,170.6,2,0,0,0,0,1
726,1468,5.0,Entertainment,14,0,US,tablet,572.2,1,0,0,0,0,1
755,3220,5.0,Travel,21,4,US,mobile,248.4,2,0,0,0,0,0
764,4744,7.89,Food Delivery,16,4,US,mobile,142.5,0,0,0,0,0,0
814,2135,5.0,Online,7,2,US,mobile,455.9,1,0,0,0,0,1
815,4111,6.72,Food Delivery,6,4,US,mobile,209.7,0,0,0,0,0,0
827,3722,5.0,Travel,9,1,US,tablet,37.7,1,0,0,0,0,0
863,1480,5.0,Travel,16,1,US,mobile,133.2,1,0,0,0,0,1
870,1160,5.0,Entertainment,16,4,US,tablet,89.6,2,0,0,0,0,0
889,1062,9.38,Food Delivery,7,1,US,tablet,106.3,1,0,0,0,0,1
899,1280,5.0,Online,10,2,US,tablet,218.7,0,0,0,0,0,0
990,4149,5.0,Food Delivery,20,1,US,tablet,77.8,2,0,0,0,0,0
996,3504,5.0,Online,21,2,US,mobile,197.9,2,0,0,0,0,0
1052,2459,5.0,Entertainment,10,0,US,mobile,67.5,2,0,0,0,0,1
1072,1836,5.0,Travel,20,0,US,mobile,195.1,2,0,0,0,0,0
1200,3481,5.0,Food Delivery,13,1,US,mobile,229.8,0,0,0,0,0,0
1213,2842,5.0,Online,17,2,US,mobile,121.0,1,0,0,0,0,1
1222,3212,5.0,Entertainment,16,0,US,mobile,237.0,1,0,0,0,0,0
1231,4285,5.0,Food Delivery,9,0,US,mobile,61.3,2,0,0,0,0,0
1236,2385,5.0,Online,14,2,US,mobile,92.4,1,0,0,0,0,0
1245,4500,5.0,Travel,8,3,US,mobile,334.7,1,0,0,0,0,0
1258,3221,6.11,Food Delivery,13,3,US,tablet,110.4,1,0,0,0,0,0
1304,4582,5.0,Online,22,3,US,mobile,104.4,1,0,0,0,0,1
1320,2587,5.14,Entertainment,14,2,US,tablet,658.2,2,0,0,0,0,0
1321,1458,5.0,Online,20,0,US,mobile,197.0,0,0,0,0,0,0
1333,2699,5.0,Online,12,1,US,mobile,43.6,1,0,0,0,0,0
1351,1241,5.0,Online,12,0,US,mobile,230.8,2,0,0,0,0,0
1362,1268,5.0,Online,21,0,US,mobile,93.9,0,0,0,0,0,1
1379,3012,5.0,Entertainment,14,1,US,mobile,50.6,2,0,0,0,0,0
1398,3613,5.0,Entertainment,6,2,US,mobile,283.2,0,0,0,0,0,1
1413,2002,5.0,Online,21,4,US,tablet,266.9,1,0,0,0,0,1
1443,4738,5.0,Online,12,1,US,mobile,41.9,1,0,0,0,0,0
1486,4451,5.0,Travel,14,3,US,mobile,36.2,0,0,0,0,0,0
1531,1359,5.0,Food Delivery,8,4,US,tablet,142.4,0,0,0,0,0,0
1548,4397,5.0,Travel,17,3,US,mobile,352.3,0,0,0,0,0,0
1565,3227,5.0,Online,16,4,US,mobile,272.2,0,0,0,0,0,0
1594,1076,5.0,Travel,18,0,US,mobile,69.0,1,0,0,0,0,0
1595,3808,5.0,Online,12,3,US,mobile,33.1,2,0,0,0,0,0
1641,3886,5.0,Travel,6,1,US,mobile,266.2,1,0,0,0,0,0
1676,4933,5.0,Entertainment,6,0,US,mobile,131.7,2,0,0,0,0,0
1723,3611,5.0,Travel,7,3,US,tablet,309.8,1,0,0,0,0,0
1765,3303,5.0,Online,21,1,US,tablet,323.1,1,0,0,0,0,0
1772,2508,8.6,Entertainment,15,2,US,mobile,396.8,0,0,0,0,0,0
1809,1359,5.0,Food Delivery,22,3,US,mobile,309.2,2,0,0,0,0,0
1810,4837,5.0,Food Delivery,19,4,US,mobile,323.5,2,0,0,0,0,0
1842,1387,5.0,Food Delivery,17,4,US,mobile,33.6,2,0,0,0,0,0
1845,3971,5.0,Travel,19,0,US,mobile,37.3,2,0,0,0,0,0
1864,2485,5.0,Food Delivery,11,4,US,tablet,58.3,0,0,0,0,0,0
1870,4089,5.0,Food Delivery,8,3,US,tablet,237.5,1,0,0,0,0,0
1909,1146,5.0,Entertainment,6,4,US,mobile,882.3,1,0,0,0,0,0
1941,1657,5.0,Travel,8,0,US,mobile,434.2,0,0,0,0,0,0
1955,4883,5.0,Entertainment,9,0,US,mobile,176.0,1,0,0,0,0,0
1968,2875,5.0,Online,8,3,US,mobile,329.9,2,0,0,0,0,0
1983,1216,5.0,Food Delivery,20,0,US,mobile,285.5,2,0,0,0,0,0
1993,2148,5.0,Online,16,4,US,mobile,83.1,0,0,0,0,0,0
1996,1009,5.0,Entertainment,17,3,US,mobile,250.3,2,0,0,0,0,1
2025,1291,5.0,Food Delivery,11,1,US,mobile,330.5,2,0,0,0,0,0
2059,2576,5.0,Entertainment,21,4,US,mobile,149.8,2,0,0,0,0,1
2068,4628,5.0,Online,10,3,US,mobile,173.5,2,0,0,0,0,0
2082,1366,5.05,Entertainment,11,2,US,mobile,60.8,0,0,0,0,0,0
2090,1079,5.0,Travel,13,0,US,mobile,53.1,1,0,0,0,0,0
2171,1083,6.87,Online,21,2,US,mobile,76.4,2,0,0,0,0,0
2193,2145,5.0,Travel,17,4,US,mobile,63.9,1,0,0,0,0,0
2260,4968,5.0,Travel,21,4,US,mobile,102.5,1,0,0,0,0,0
2305,4662,5.0,Online,10,1,US,mobile,126.4,1,0,0,0,0,0
2316,1002,5.0,Entertainment,16,0,US,mobile,246.6,1,0,0,0,0,0
2317,1347,5.0,Online,6,1,US,mobile,131.2,2,0,0,0,0,0
2328,1672,5.0,Food Delivery,7,3,US,tablet,201.3,2,0,0,0,0,0
2341,2693,10.65,Online,22,0,US,mobile,127.3,2,0,0,0,0,0
2361,3594,5.0,Food Delivery,16,3,US,mobile,82.2,1,0,0,0,0,0
2364,1475,5.0,Online,14,0,US,mobile,462.4,1,0,0,0,0,0
2365,4038,5.0,Retail,3,5,US,desktop,359.6,1,0,1,1,1,0
2385,1734,5.0,Travel,13,4,US,mobile,92.9,0,0,0,0,0,0
2388,4902,5.0,Online,19,2,US,mobile,109.4,2,0,0,0,0,0
2439,4377,5.0,Food Delivery,9,4,US,mobile,176.8,0,0,0,0,0,1
2442,1004,5.0,Travel,17,2,US,mobile,304.9,2,0,0,0,0,1
2563,3666,5.0,Online,18,0,US,mobile,186.3,2,0,0,0,0,0
2585,2401,5.0,Entertainment,10,3,US,mobile,111.3,2,0,0,0,0,1
2604,3250,5.0,Food Delivery,11,1,US,tablet,473.8,0,0,0,0,0,0
2629,3466,5.0,Online,20,2,US,mobile,339.2,1,0,0,0,0,0
2654,2492,5.0,Entertainment,21,3,US,mobile,97.6,2,0,0,0,0,0
2668,4861,5.0,Travel,18,0,US,mobile,52.5,1,0,0,0,0,0
2691,3917,5.0,Travel,11,2,US,mobile,192.3,1,0,0,0,0,0
2725,4162,5.0,Travel,15,1,US,mobile,227.5,1,0,0,0,0,0
2744,4789,5.0,Online,22,3,US,mobile,232.9,0,0,0,0,0,0
2755,4962,5.0,Health,0,5,US,desktop,36.5,0,0,1,1,1,0
2852,2566,5.0,Online,20,4,US,mobile,105.4,2,0,0,0,0,0
2854,1359,9.38,Travel,21,2,US,mobile,492.5,0,0,0,0,0,0
2874,1874,5.0,Travel,12,3,US,tablet,1549.4,0,0,0,0,0,0
2951,1125,5.0,Travel,7,4,US,mobile,105.7,0,0,0,0,0,0
2958,2945,9.63,Entertainment,20,2,US,mobile,168.9,0,0,0,0,0,0
2967,1962,5.0,Entertainment,17,0,US,mobile,109.5,1,0,0,0,0,0
2974,4925,6.0,Travel,20,4,US,mobile,47.1,0,0,0,0,0,0
2986,3592,5.0,Entertainment,10,0,US,mobile,267.7,0,0,0,0,0,0
3005,3819,6.36,Food Delivery,21,2,US,mobile,75.7,0,0,0,0,0,0
3029,1898,5.0,Entertainment,10,2,US,mobile,135.3,1,0,0,0,0,0
3037,4209,5.0,Travel,18,0,US,mobile,114.8,2,0,0,0,0,1
3066,3200,5.0,Travel,14,1,US,mobile,440.8,0,0,0,0,0,0
3112,4052,5.0,Online,19,2,US,mobile,261.6,0,0,0,0,0,0
3121,3494,9.27,Food Delivery,17,2,US,mobile,240.0,2,0,0,0,0,1
3132,2843,5.0,Online,16,0,US,mobile,57.3,0,0,0,0,0,1
3219,4944,5.0,Online,21,2,US,tablet,118.0,2,0,0,0,0,1
3223,4102,6.6,Online,12,0,US,mobile,156.3,1,0,0,0,0,0
3226,4087,5.0,Online,6,4,US,mobile,393.4,1,0,0,0,0,0
3256,1755,5.0,Retail,3,6,US,desktop,182.2,0,0,1,1,1,0
3280,3919,5.0,Travel,10,3,US,mobile,162.9,2,0,0,0,0,1
3306,2018,5.0,Food Delivery,7,3,US,mobile,31.0,2,0,0,0,0,0
3322,1647,5.0,Entertainment,18,0,US,mobile,41.0,1,0,0,0,0,0
3324,3557,5.0,Online,19,3,US,tablet,191.7,2,0,0,0,0,0
3330,4669,5.0,Grocery,3,6,US,desktop,79.9,0,0,1,1,1,0
3335,1289,5.0,Food Delivery,16,4,US,tablet,48.5,1,0,0,0,0,0
3342,2223,5.0,Travel,18,1,US,tablet,348.6,1,0,0,0,0,1
3349,1487,5.0,Travel,6,4,US,mobile,99.1,1,0,0,0,0,0
3387,4097,5.0,Online,14,2,US,mobile,312.3,2,0,0,0,0,1
3405,2569,5.0,Online,7,1,US,mobile,596.9,1,0,0,0,0,0
3442,1097,5.0,Online,10,1,US,mobile,108.9,1,0,0,0,0,0
3452,1220,5.0,Travel,10,1,US,tablet,96.9,0,0,0,0,0,0
3484,1922,5.0,Online,15,4,US,mobile,60.7,2,0,0,0,0,0
3516,4889,5.0,Food Delivery,15,0,US,mobile,170.6,1,0,0,0,0,1
3517,1678,5.0,Travel,16,3,US,mobile,455.0,0,0,0,0,0,1
3536,1296,5.0,Food Delivery,14,4,US,mobile,38.3,2,0,0,0,0,1
3612,3730,5.0,Food Delivery,10,1,US,mobile,688.9,1,0,0,0,0,0
3636,2890,5.0,Travel,21,4,US,tablet,383.7,2,0,0,0,0,0
3638,2996,5.0,Travel,18,2,US,mobile,139.9,1,0,0,0,0,0
3692,3506,6.36,Online,16,3,US,mobile,120.3,2,0,0,0,0,0
3707,1625,5.0,Food Delivery,19,0,US,mobile,88.5,2,0,0,0,0,1
3716,2147,5.47,Entertainment,6,3,US,tablet,569.1,1,0,0,0,0,0
3717,2399,5.0,Entertainment,17,3,US,mobile,40.4,0,0,0,0,0,1
3727,1437,5.0,Entertainment,17,1,US,mobile,46.9,1,0,0,0,0,0
3761,1697,5.0,Grocery,3,6,US,desktop,502.8,1,0,1,1,1,0
3787,1707,5.0,Food Delivery,18,3,US,mobile,80.3,0,0,0,0,0,0
3819,3507,5.0,Entertainment,12,3,US,mobile,121.9,1,0,0,0,0,1
3886,2655,5.0,Entertainment,9,3,US,tablet,203.5,0,0,0,0,0,0
3903,3037,5.0,Travel,16,0,US,tablet,136.4,2,0,0,0,0,0
3932,1300,5.0,Travel,13,1,US,mobile,46.2,1,0,0,0,0,0
3955,3372,5.0,Entertainment,6,2,US,mobile,427.6,1,0,0,0,0,0
3971,2909,8.0,Travel,6,2,US,mobile,373.5,2,0,0,0,0,0
3995,3045,6.51,Food Delivery,19,3,US,tablet,345.4,1,0,0,0,0,0
4078,3405,5.0,Online,15,0,US,mobile,235.5,2,0,0,0,0,0
4117,1074,5.0,Entertainment,14,4,US,tablet,39.2,1,0,0,0,0,1
4119,1829,5.0,Travel,18,4,US,mobile,31.3,0,0,0,0,0,0
4138,2035,5.0,Travel,9,1,US,tablet,127.6,2,0,0,0,0,0
4155,1907,6.04,Travel,17,4,US,mobile,91.8,0,0,0,0,0,0
4157,3827,5.0,Food Delivery,11,2,US,mobile,106.6,1,0,0,0,0,1
4200,1953,5.0,Food Delivery,16,4,US,mobile,604.1,2,0,0,0,0,0
4251,2672,5.0,Food Delivery,10,2,US,mobile,226.9,1,0,0,0,0,0
4274,2258,5.0,Food Delivery,12,0,US,mobile,192.7,1,0,0,0,0,0
4278,4059,5.0,Entertainment,6,3,US,mobile,179.1,1,0,0,0,0,0
4284,2737,5.0,Travel,15,0,US,mobile,191.2,0,0,0,0,0,0
4295,4708,5.0,Entertainment,17,4,US,mobile,422.4,1,0,0,0,0,1
4352,3263,5.0,Online,8,0,US,tablet,131.7,1,0,0,0,0,0
4361,1030,5.0,Entertainment,6,4,US,mobile,45.0,0,0,0,0,0,0
4386,3884,5.0,Food Delivery,10,0,US,mobile,90.4,0,0,0,0,0,0
4398,2034,5.0,Travel,18,4,US,mobile,208.1,1,0,0,0,0,0
4405,2044,5.0,Food Delivery,15,0,US,mobile,41.1,0,0,0,0,0,0
4442,2420,5.0,Food Delivery,20,2,US,mobile,74.0,1,0,0,0,0,0
4489,3658,5.0,Travel,17,4,US,mobile,183.7,2,0,0,0,0,0
4554,3224,5.0,Travel,11,0,US,mobile,74.2,2,0,0,0,0,0
4559,4002,5.0,Travel,9,1,US,mobile,63.5,1,0,0,0,0,0
4579,2100,5.0,Food Delivery,13,3,US,mobile,347.0,2,0,0,0,0,0
4597,4596,5.0,Travel,6,2,US,mobile,175.8,0,0,0,0,0,0
4631,1591,5.0,Entertainment,14,0,US,mobile,311.9,1,0,0,0,0,0
4641,4370,5.0,Food Delivery,9,3,US,mobile,53.6,1,0,0,0,0,1
4642,1130,10.53,Travel,22,3,US,tablet,350.8,2,0,0,0,0,1
4669,3944,5.0,Food Delivery,19,4,US,mobile,170.2,0,0,0,0,0,0
4670,2713,5.0,Online,9,3,US,mobile,125.9,1,0,0,0,0,1
4690,3894,5.0,Food Delivery,9,1,US,mobile,115.0,1,0,0,0,0,1
4697,1301,5.0,Online,8,3,US,mobile,71.0,0,0,0,0,0,0
4743,2711,5.0,Food Delivery,20,4,US,tablet,65.1,1,0,0,0,0,0
4749,4459,5.0,Travel,12,1,US,mobile,88.3,2,0,0,0,0,0
4754,4488,5.0,Travel,21,1,US,tablet,79.7,0,0,0,0,0,0
4760,3775,5.0,Food Delivery,9,3,US,tablet,264.0,2,0,0,0,0,0
4788,1043,5.0,Travel,6,2,US,mobile,191.8,1,0,0,0,0,0
4803,1885,5.0,Travel,12,3,US,tablet,54.0,0,0,0,0,0,1
4825,2997,5.0,Online,22,4,US,tablet,90.0,1,0,0,0,0,1
4844,1791,5.0,Food Delivery,9,0,US,tablet,275.7,1,0,0,0,0,0
4916,1404,5.0,Travel,9,4,US,tablet,215.0,0,0,0,0,0,1
4943,4349,5.0,Entertainment,21,2,US,mobile,153.8,0,0,0,0,0,1
5015,3635,5.0,Travel,10,1,US,mobile,94.1,1,0,0,0,0,0
5039,4979,5.0,Online,15,1,US,mobile,54.1,2,0,0,0,0,0
5064,3556,14.99,Food Delivery,8,2,US,mobile,583.3,2,0,0,0,0,0
5086,2358,5.0,Travel,9,1,US,mobile,30.5,2,0,0,0,0,1
5103,1969,5.0,Online,15,2,US,mobile,42.3,1,0,0,0,0,0
5114,1100,5.0,Travel,22,3,US,mobile,157.1,1,0,0,0,0,1
5144,3230,5.0,Online,13,3,US,tablet,121.7,0,0,0,0,0,0
5167,3888,5.0,Travel,6,1,US,tablet,155.2,1,0,0,0,0,0
5253,3856,5.0,Travel,6,3,US,tablet,30.8,2,0,0,0,0,0
5299,1679,5.0,Entertainment,15,4,US,mobile,56.8,1,0,0,0,0,0
5303,1709,5.0,Online,11,4,US,mobile,323.4,1,0,0,0,0,0
5338,3299,5.0,Entertainment,15,2,US,tablet,62.5,0,0,0,0,0,1
5343,3267,5.29,Food Delivery,8,2,US,mobile,116.7,1,0,0,0,0,0
5355,4135,5.98,Online,13,0,US,tablet,165.0,2,0,0,0,0,0
5360,2365,5.0,Entertainment,15,3,US,mobile,58.8,0,0,0,0,0,0
5376,3685,5.0,Travel,11,2,US,tablet,178.1,0,0,0,0,0,0
5389,2984,5.0,Travel,20,2,US,mobile,56.5,0,0,0,0,0,0
5397,4774,5.0,Food Delivery,8,4,US,mobile,179.8,0,0,0,0,0,1
5432,1905,5.0,Online,12,3,US,mobile,644.9,0,0,0,0,0,0
5451,2017,8.25,Entertainment,18,3,US,mobile,83.2,1,0,0,0,0,0
5452,3963,5.0,Food Delivery,19,3,US,tablet,113.7,1,0,0,0,0,0
5465,1791,5.0,Online,17,3,US,mobile,92.0,0,0,0,0,0,0
5468,2336,7.93,Food Delivery,9,0,US,mobile,314.9,0,0,0,0,0,1
5511,2623,5.0,Travel,15,0,US,mobile,222.9,2,0,0,0,0,0
5512,4190,5.0,Online,9,2,US,tablet,213.5,2,0,0,0,0,0
5517,3102,5.0,Food Delivery,10,3,US,tablet,470.5,0,0,0,0,0,0
5549,1877,5.0,Travel,15,1,US,tablet,154.1,1,0,0,0,0,0
5591,1326,5.0,Travel,9,3,US,tablet,97.1,2,0,0,0,0,0
5619,4614,5.86,Online,18,3,US,tablet,413.0,1,0,0,0,0,0
5683,2522,7.64,Entertainment,17,1,US,mobile,121.5,1,0,0,0,0,0
5709,3144,5.0,Online,13,0,US,mobile,580.2,1,0,0,0,0,0
5788,3441,5.0,Food Delivery,8,3,US,mobile,53.2,2,0,0,0,0,0
5812,3595,5.0,Travel,16,4,US,tablet,145.8,1,0,0,0,0,0
5817,2630,5.0,Travel,19,4,US,tablet,40.4,0,0,0,0,0,0
5870,3667,10.09,Travel,9,1,US,mobile,225.5,1,0,0,0,0,0
5872,2887,5.0,Entertainment,7,4,US,mobile,303.4,1,0,0,0,0,0
5974,1242,5.0,Travel,17,4,US,tablet,178.3,1,0,0,0,0,0
5994,3620,12.17,Online,22,2,US,tablet,158.5,2,0,0,0,0,0
6016,1443,5.0,Online,10,0,US,mobile,73.9,1,0,0,0,0,0
6018,1318,5.0,Food Delivery,17,1,US,tablet,33.7,0,0,0,0,0,0
6053,2557,5.0,Travel,10,4,US,mobile,120.0,2,0,0,0,0,0
6078,1737,5.0,Online,6,3,US,tablet,41.6,1,0,0,0,0,0
6093,1703,5.93,Online,7,2,US,mobile,240.9,2,0,0,0,0,0
6095,2258,5.0,Online,18,0,US,mobile,290.3,0,0,0,0,0,0
6101,1826,5.0,Travel,14,1,US,mobile,397.9,0,0,0,0,0,0
6114,3469,5.0,Online,7,3,US,mobile,294.6,1,0,0,0,0,0
6120,2079,5.0,Entertainment,13,0,US,mobile,47.8,2,0,0,0,0,0
6330,3403,5.0,Online,19,3,US,mobile,164.0,0,0,0,0,0,0
6333,1926,5.0,Food Delivery,22,1,US,tablet,529.4,1,0,0,0,0,0
6365,4260,5.0,Food Delivery,7,0,US,mobile,137.9,1,0,0,0,0,0
6378,1573,5.0,Entertainment,11,3,US,mobile,39.8,2,0,0,0,0,0
6387,2946,5.0,Online,10,0,US,mobile,159.4,2,0,0,0,0,0
6413,1342,5.0,Food Delivery,22,0,US,tablet,105.6,2,0,0,0,0,0
6432,3991,5.0,Travel,20,1,US,mobile,50.1,2,0,0,0,0,1
6433,2016,5.13,Online,17,1,US,mobile,264.5,1,0,0,0,0,0
6447,2154,5.0,Entertainment,21,2,US,mobile,219.0,1,0,0,0,0,0
6449,1752,5.59,Online,21,3,US,tablet,102.5,1,0,0,0,0,0
6469,3057,5.0,Travel,14,2,US,mobile,211.6,1,0,0,0,0,0
6516,2234,5.0,Online,10,1,US,mobile,43.8,0,0,0,0,0,1
6540,1560,5.0,Travel,15,0,US,mobile,289.8,2,0,0,0,0,1
6554,2933,5.0,Online,15,0,US,mobile,572.5,2,0,0,0,0,0
6587,3182,5.0,Food Delivery,19,0,US,mobile,94.0,0,0,0,0,0,0
6600,1105,5.0,Entertainment,16,2,US,tablet,180.7,1,0,0,0,0,0
6602,4770,5.0,Travel,21,0,US,mobile,223.2,2,0,0,0,0,0
6606,2023,5.0,Travel,10,4,US,mobile,66.9,2,0,0,0,0,0
6635,4472,5.0,Online,11,4,US,tablet,206.7,2,0,0,0,0,0
6691,2804,5.0,Online,10,0,US,mobile,256.9,0,0,0,0,0,0
6710,2981,17.09,Online,7,1,US,mobile,148.0,1,0,0,0,0,0
6713,3259,5.0,Entertainment,21,3,US,mobile,55.7,2,0,0,0,0,0
6723,1713,5.0,Online,15,0,US,mobile,147.7,1,0,0,0,0,0
6796,1440,5.0,Travel,11,4,US,tablet,131.5,1,0,0,0,0,0
6815,2475,5.0,Food Delivery,10,3,US,tablet,759.9,2,0,0,0,0,0
6820,1403,5.0,Travel,12,1,US,tablet,30.5,1,0,0,0,0,0
6873,4960,5.0,Entertainment,12,1,US,mobile,975.7,2,0,0,0,0,0
6892,2346,5.0,Travel,22,0,US,mobile,163.5,0,0,0,0,0,0
6915,1795,5.0,Online,6,1,US,mobile,45.5,2,0,0,0,0,0
6941,4263,5.0,Food Delivery,17,2,US,mobile,72.7,2,0,0,0,0,1
6942,2756,5.0,Entertainment,22,1,US,mobile,283.3,2,0,0,0,0,1
6968,3251,5.0,Food Delivery,9,4,US,tablet,212.0,1,0,0,0,0,0
7061,2938,6.65,Travel,19,2,US,mobile,365.4,2,0,0,0,0,0
7075,3849,10.35,Food Delivery,8,0,US,mobile,80.0,0,0,0,0,0,0
7076,3368,5.68,Online,18,4,US,mobile,170.2,2,0,0,0,0,0
7104,3212,5.0,Food Delivery,15,1,US,tablet,161.9,0,0,0,0,0,0
7126,4618,5.0,Online,8,3,US,mobile,107.2,0,0,0,0,0,0
7139,1897,5.0,Online,16,0,US,tablet,356.5,0,0,0,0,0,0
7147,4556,6.11,Travel,11,1,US,tablet,251.3,2,0,0,0,0,0
7167,3358,5.0,Travel,10,3,US,tablet,239.3,0,0,0,0,0,0
7178,4117,5.0,Food Delivery,17,2,US,mobile,129.4,0,0,0,0,0,0
7180,2170,5.0,Travel,10,0,US,mobile,795.9,1,0,0,0,0,0
7182,4215,5.0,Food Delivery,20,1,US,mobile,204.4,0,0,0,0,0,0
7193,3268,5.0,Online,22,2,US,mobile,35.7,1,0,0,0,0,0
7238,2282,5.0,Online,8,3,US,mobile,257.1,0,0,0,0,0,0
7358,2112,5.0,Travel,10,4,US,tablet,197.0,2,0,0,0,0,0
7363,1005,5.0,Online,21,2,US,mobile,41.1,2,0,0,0,0,0
7472,4899,5.0,Online,20,4,US,tablet,247.7,1,0,0,0,0,1
7475,2900,5.0,Travel,14,2,US,mobile,365.0,1,0,0,0,0,0
7514,2046,5.0,Travel,7,4,US,mobile,415.3,0,0,0,0,0,0
7539,2170,5.0,Travel,13,4,US,mobile,113.6,2,0,0,0,0,0
7566,4731,5.0,Online,6,4,US,tablet,172.0,1,0,0,0,0,0
7578,2396,5.0,Online,15,1,US,mobile,186.4,0,0,0,0,0,1
7582,1886,5.0,Travel,12,4,US,mobile,566.5,1,0,0,0,0,0
7671,1315,5.0,Travel,18,4,US,mobile,236.4,1,0,0,0,0,0
7682,3730,5.0,Travel,7,2,US,mobile,322.9,0,0,0,0,0,0
7693,2496,5.0,Food Delivery,21,4,US,mobile,102.5,1,0,0,0,0,0
7744,1814,5.0,Grocery,4,6,US,desktop,75.5,1,0,1,1,1,0
7757,1574,5.0,Online,12,2,US,mobile,297.9,2,0,0,0,0,1
7807,1940,5.0,Travel,13,2,US,tablet,77.1,1,0,0,0,0,1
7812,3673,5.0,Travel,7,2,US,mobile,582.8,1,0,0,0,0,1
7831,1712,5.0,Online,14,2,US,mobile,100.3,1,0,0,0,0,1
7843,4459,5.0,Food Delivery,11,1,US,mobile,41.1,1,0,0,0,0,1
7884,1742,5.0,Travel,9,2,US,mobile,50.1,2,0,0,0,0,0
7923,3114,5.0,Food Delivery,14,1,US,tablet,493.0,1,0,0,0,0,1
7928,2095,5.0,Entertainment,13,4,US,mobile,30.9,0,0,0,0,0,0
7936,1632,5.0,Food Delivery,22,3,US,tablet,850.5,1,0,0,0,0,0
7978,4961,5.0,Online,16,4,US,mobile,137.3,1,0,0,0,0,0
7989,1029,5.0,Food Delivery,11,0,US,mobile,242.4,0,0,0,0,0,0
8042,1886,5.0,Entertainment,19,3,US,mobile,278.4,1,0,0,0,0,0
8050,4185,5.0,Online,12,2,US,mobile,649.1,2,0,0,0,0,0
8061,2559,5.0,Travel,14,0,US,mobile,130.1,1,0,0,0,0,0
8076,4387,5.77,Food Delivery,12,2,US,mobile,85.9,1,0,0,0,0,0
8081,4581,5.0,Online,10,1,US,mobile,74.0,1,0,0,0,0,1
8097,2341,5.0,Travel,15,2,US,mobile,156.2,0,0,0,0,0,0
8102,4798,5.0,Food Delivery,22,2,US,tablet,109.4,2,0,0,0,0,0
8134,2125,5.0,Online,20,1,US,mobile,232.9,0,0,0,0,0,1
8152,2626,5.0,Travel,19,3,US,mobile,343.9,0,0,0,0,0,0
8165,2174,5.0,Entertainment,17,1,US,tablet,309.8,1,0,0,0,0,0
8174,3157,5.0,Travel,11,0,US,tablet,95.9,2,0,0,0,0,0
8233,4471,6.98,Entertainment,9,3,US,mobile,133.1,0,0,0,0,0,0
8262,3924,9.1,Food Delivery,10,3,US,mobile,288.9,2,0,0,0,0,0
8287,1210,5.0,Travel,20,3,US,mobile,209.8,0,0,0,0,0,0
8337,2594,5.0,Travel,8,3,US,mobile,95.9,1,0,0,0,0,0
8347,2013,5.0,Travel,10,4,US,tablet,126.3,0,0,0,0,0,0
8364,1509,5.0,Entertainment,19,3,US,tablet,307.0,1,0,0,0,0,0
8381,1943,16.05,Online,12,2,US,mobile,31.0,1,0,0,0,0,0
8397,3690,5.0,Travel,15,3,US,mobile,100.0,1,0,0,0,0,0
8409,1114,5.0,Food Delivery,16,4,US,mobile,133.3,1,0,0,0,0,1
8454,3412,5.0,Food Delivery,16,4,US,mobile,746.2,0,0,0,0,0,0
8469,3829,5.0,Online,20,1,US,mobile,328.8,1,0,0,0,0,0
8471,3231,5.0,Travel,16,3,US,mobile,162.4,2,0,0,0,0,0
8473,2946,5.0,Entertainment,14,1,US,tablet,59.4,1,0,0,0,0,0
8510,4384,5.0,Travel,22,4,US,mobile,146.2,1,0,0,0,0,0
8518,4824,5.0,Entertainment,22,3,US,mobile,38.7,1,0,0,0,0,0
8562,1029,5.0,Online,7,3,US,mobile,419.3,1,0,0,0,0,0
8657,2508,5.0,Travel,7,3,US,mobile,93.6,1,0,0,0,0,0
8670,4361,5.0,Food Delivery,21,4,US,mobile,152.5,0,0,0,0,0,0
8675,4819,5.0,Online,20,0,US,mobile,171.3,0,0,0,0,0,0
8685,3730,5.0,Entertainment,20,4,US,mobile,273.1,0,0,0,0,0,0
8686,3274,5.0,Online,22,4,US,mobile,559.8,2,0,0,0,0,0
8712,3766,5.0,Food Delivery,11,2,US,tablet,77.1,1,0,0,0,0,0
8730,3978,5.0,Travel,13,1,US,mobile,84.0,2,0,0,0,0,0
8735,4122,5.0,Travel,12,3,US,mobile,480.6,1,0,0,0,0,0
8743,4517,5.0,Food Delivery,19,3,US,mobile,374.1,2,0,0,0,0,0
8777,4296,5.0,Entertainment,14,2,US,tablet,327.4,2,0,0,0,0,0
8878,2185,5.0,Travel,22,1,US,mobile,118.2,0,0,0,0,0,0
8899,3934,5.0,Travel,19,0,US,mobile,76.9,2,0,0,0,0,0
8916,3336,5.0,Food Delivery,11,4,US,mobile,38.0,1,0,0,0,0,0
8926,2308,5.0,Food Delivery,20,4,US,tablet,320.5,0,0,0,0,0,0
8957,3586,5.0,Online,8,2,US,mobile,32.1,0,0,0,0,0,0
8970,4457,5.0,Online,14,0,US,mobile,125.9,2,0,0,0,0,1
8977,4060,9.86,Food Delivery,7,2,US,mobile,68.0,1,0,0,0,0,0
8978,2153,5.0,Entertainment,20,4,US,mobile,411.2,2,0,0,0,0,0
8980,3134,7.37,Entertainment,8,4,US,mobile,70.1,1,0,0,0,0,0
9069,3007,5.0,Food Delivery,8,3,US,tablet,167.3,0,0,0,0,0,1
9177,1290,5.0,Food Delivery,19,0,US,tablet,467.5,0,0,0,0,0,0
9183,4486,5.0,Travel,6,3,US,tablet,61.4,1,0,0,0,0,0
9185,4884,5.0,Entertainment,22,4,US,mobile,44.0,2,0,0,0,0,0
9196,1727,5.0,Travel,18,2,US,mobile,51.5,1,0,0,0,0,0
9211,3982,5.0,Online,17,0,US,mobile,105.4,1,0,0,0,0,0
9216,1871,5.0,Travel,16,4,US,mobile,409.4,1,0,0,0,0,0
9264,2788,5.0,Food Delivery,12,0,US,tablet,40.6,1,0,0,0,0,0
9278,1703,5.0,Retail,0,5,US,desktop,41.2,0,0,1,1,1,0
9287,2736,5.0,Food Delivery,8,3,US,mobile,35.7,1,0,0,0,0,1
9303,3201,5.0,Travel,19,3,US,tablet,82.4,2,0,0,0,0,1
9307,3724,5.0,Food Delivery,6,0,US,mobile,547.0,2,0,0,0,0,0
9372,2391,5.0,Online,22,4,US,mobile,59.9,2,0,0,0,0,0
9399,4554,6.16,Online,13,4,US,tablet,197.8,2,0,0,0,0,0
9415,3003,5.0,Food Delivery,6,1,US,mobile,118.4,2,0,0,0,0,0
9416,2711,5.0,Travel,22,3,US,mobile,85.1,1,0,0,0,0,1
9438,3026,5.0,Travel,13,0,US,mobile,198.3,0,0,0,0,0,0
9457,1238,5.0,Online,13,3,US,mobile,138.9,0,0,0,0,0,0
9470,4637,5.0,Food Delivery,18,0,US,tablet,139.3,0,0,0,0,0,0
9490,1286,5.0,Food Delivery,8,1,US,mobile,113.3,1,0,0,0,0,0
9671,3705,5.0,Food Delivery,16,1,US,mobile,255.6,1,0,0,0,0,0
9684,2699,5.0,Travel,7,3,US,mobile,135.3,1,0,0,0,0,0
9708,1501,5.0,Food Delivery,10,2,US,tablet,640.0,1,0,0,0,0,1
9735,2593,5.0,Travel,21,4,US,mobile,80.2,2,0,0,0,0,0
9739,4673,5.0,Food Delivery,10,4,US,mobile,242.5,0,0,0,0,0,0
9783,4966,5.0,Entertainment,13,2,US,mobile,136.4,2,0,0,0,0,0
9784,2122,5.0,Travel,17,1,US,mobile,116.0,2,0,0,0,0,0
9817,1997,5.0,Online,7,4,US,tablet,76.5,0,0,0,0,0,0
9821,4196,5.0,Food Delivery,22,3,US,mobile,179.9,1,0,0,0,0,0
9822,1482,5.0,Travel,8,2,US,mobile,62.2,1,0,0,0,0,0
9829,4487,5.0,Food Delivery,13,0,US,tablet,64.1,2,0,0,0,0,1
9842,2558,5.0,Food Delivery,6,2,US,tablet,128.5,2,0,0,0,0,0
9870,3524,5.0,Food Delivery,18,0,US,mobile,592.2,0,0,0,0,0,0
9968,1642,5.0,Entertainment,22,3,US,tablet,243.7,0,0,0,0,0,0
9973,3410,5.0,Food Delivery,17,2,US,mobile,94.0,0,0,0,0,0,0
9988,2421,5.0,Entertainment,22,4,US,mobile,63.2,1,0,0,0,0,0
9997,4986,5.0,Online,17,1,US,tablet,102.3,2,0,0,0,0,0
9999,3262,5.0,Travel,20,4,US,tablet,303.3,1,0,0,0,0,0
10024,3127,5.0,Online,7,3,US,mobile,254.7,2,0,0,0,0,0
10026,1817,5.0,Online,20,2,US,mobile,1071.1,2,0,0,0,0,0
10053,4155,5.0,Food Delivery,21,2,US,mobile,158.6,1,0,0,0,0,0
10059,3065,5.0,Food Delivery,8,1,US,tablet,185.3,2,0,0,0,0,0
10083,1874,5.0,Online,20,3,US,tablet,87.9,2,0,0,0,0,0
10111,3194,5.0,Food Delivery,9,1,US,mobile,309.8,1,0,0,0,0,0
10127,2735,5.88,Food Delivery,17,2,US,mobile,45.9,2,0,0,0,0,0
10143,2651,5.0,Entertainment,19,4,US,mobile,278.5,1,0,0,0,0,1
10144,2374,8.7,Travel,10,4,US,mobile,46.8,2,0,0,0,0,0
10177,3995,5.0,Entertainment,15,0,US,mobile,474.0,1,0,0,0,0,0
10205,3700,5.0,Entertainment,17,1,US,mobile,436.8,1,0,0,0,0,1
10224,3448,5.0,Travel,19,3,US,mobile,128.8,1,0,0,0,0,0
10248,3217,5.0,Travel,14,2,US,mobile,78.8,2,0,0,0,0,0
10274,1221,5.0,Travel,10,4,US,mobile,128.4,1,0,0,0,0,0
10354,1768,5.0,Entertainment,10,4,US,mobile,44.4,2,0,0,0,0,0
10357,1068,5.0,Entertainment,8,2,US,mobile,58.3,0,0,0,0,0,1
10386,1489,5.0,Food Delivery,12,2,US,tablet,610.3,2,0,0,0,0,0
10404,1688,5.2,Food Delivery,16,1,US,tablet,68.0,0,0,0,0,0,0
10413,4934,5.0,Food Delivery,22,2,US,mobile,466.4,1,0,0,0,0,0
10424,1980,5.0,Travel,22,4,US,mobile,270.0,1,0,0,0,0,0
10439,1281,5.0,Online,21,4,US,mobile,32.5,2,0,0,0,0,0
10444,3243,5.0,Online,8,3,US,mobile,85.3,1,0,0,0,0,0
10492,3612,5.0,Entertainment,10,0,US,mobile,248.3,0,0,0,0,0,0
10495,2667,5.0,Food Delivery,12,3,US,tablet,53.5,0,0,0,0,0,0
10519,3078,5.0,Online,12,4,US,mobile,230.7,1,0,0,0,0,0
10551,4939,5.0,Online,10,4,US,mobile,175.2,1,0,0,0,0,0
10556,3878,5.0,Entertainment,9,4,US,mobile,364.9,1,0,0,0,0,1
10560,3925,5.0,Food Delivery,18,4,US,mobile,109.1,2,0,0,0,0,0
10563,2307,5.0,Online,15,1,US,mobile,189.7,1,0,0,0,0,1
10568,2513,5.0,Online,18,4,US,mobile,102.8,0,0,0,0,0,0
10587,2574,5.0,Entertainment,22,3,US,mobile,493.0,2,0,0,0,0,0
10602,3216,5.0,Travel,14,4,US,mobile,600.3,1,0,0,0,0,0
10635,1314,5.0,Food Delivery,20,1,US,tablet,33.1,0,0,0,0,0,0
10663,2047,5.0,Online,21,4,US,tablet,109.4,1,0,0,0,0,0
10699,4053,5.0,Online,15,1,US,mobile,324.3,0,0,0,0,0,0
10712,4713,5.0,Entertainment,16,3,US,mobile,340.6,2,0,0,0,0,0
10768,1755,5.0,Entertainment,21,4,US,mobile,54.6,1,0,0,0,0,0
10852,3583,5.0,Food Delivery,6,4,US,mobile,95.4,2,0,0,0,0,0
10866,3632,5.0,Travel,22,3,US,tablet,41.3,0,0,0,0,0,1
10888,3955,5.0,Travel,13,4,US,tablet,159.6,1,0,0,0,0,1
10889,2129,5.0,Online,13,2,US,mobile,90.1,2,0,0,0,0,0
10894,4306,5.0,Online,12,1,US,mobile,163.8,0,0,0,0,0,1
10898,3149,5.0,Travel,11,0,US,mobile,47.8,1,0,0,0,0,1
10901,1256,5.0,Grocery,23,6,US,desktop,450.0,0,0,1,1,1,0
10908,1698,5.0,Online,13,1,US,tablet,31.0,1,0,0,0,0,0
10945,3417,5.0,Entertainment,15,2,US,mobile,272.7,2,0,0,0,0,0
10950,3731,5.0,Travel,15,0,US,mobile,105.7,1,0,0,0,0,0
11024,3148,5.0,Entertainment,14,3,US,mobile,247.9,1,0,0,0,0,0
11039,3475,6.35,Entertainment,17,3,US,mobile,99.8,0,0,0,0,0,1
11060,4242,5.0,Food Delivery,9,0,US,mobile,306.7,1,0,0,0,0,1
11089,1164,5.0,Entertainment,10,4,US,mobile,53.7,1,0,0,0,0,0
11135,4477,5.0,Online,15,1,US,mobile,81.9,2,0,0,0,0,1
11136,1624,5.0,Travel,19,0,US,tablet,241.3,0,0,0,0,0,0
11138,1776,5.0,Travel,13,3,US,mobile,83.4,2,0,0,0,0,0
11151,1017,5.0,Utilities,23,6,US,desktop,93.2,0,0,1,1,1,0
11199,3006,5.0,Entertainment,12,2,US,tablet,115.6,1,0,0,0,0,0
11222,1188,5.0,Travel,16,0,US,mobile,67.1,2,0,0,0,0,0
11249,4706,9.44,Travel,7,4,US,tablet,229.6,1,0,0,0,0,1
11322,2674,5.0,Travel,7,1,US,mobile,57.3,2,0,0,0,0,0
11323,3093,5.0,Food Delivery,6,3,US,mobile,316.5,1,0,0,0,0,0
11339,3771,5.0,Travel,16,0,US,mobile,508.0,2,0,0,0,0,0
11355,4950,5.0,Online,12,2,US,mobile,123.6,1,0,0,0,0,0
11357,2148,5.0,Online,9,0,US,tablet,49.8,0,0,0,0,0,0
11359,2538,5.0,Travel,12,3,US,mobile,319.7,1,0,0,0,0,0
11374,1279,5.0,Travel,22,1,US,mobile,129.1,2,0,0,0,0,0
11387,3171,5.0,Online,18,4,US,mobile,576.3,0,0,0,0,0,0
11393,1700,5.0,Online,17,3,US,mobile,58.6,1,0,0,0,0,0
11426,4932,5.0,Travel,12,3,US,mobile,307.3,0,0,0,0,0,1
11447,3688,5.0,Travel,15,1,US,tablet,136.9,1,0,0,0,0,0
11458,4625,5.0,Online,22,1,US,tablet,306.5,0,0,0,0,0,0
11481,1952,5.0,Entertainment,22,1,US,mobile,416.6,1,0,0,0,0,0
11616,4321,5.0,Travel,20,0,US,mobile,67.7,0,0,0,0,0,1
11622,3055,5.0,Travel,7,0,US,mobile,30.7,1,0,0,0,0,0
11625,3576,5.0,Travel,9,3,US,tablet,39.3,0,0,0,0,0,0
11647,1459,5.81,Online,20,0,US,tablet,623.0,2,0,0,0,0,1
11694,4765,5.0,Travel,8,0,US,tablet,190.9,1,0,0,0,0,0
11765,2978,5.0,Food Delivery,17,4,US,mobile,201.4,2,0,0,0,0,0
11801,1823,5.0,Food Delivery,10,0,US,mobile,125.1,1,0,0,0,0,0
11826,3116,5.0,Food Delivery,9,4,US,mobile,42.9,0,0,0,0,0,1
11849,2243,5.0,Entertainment,17,4,US,mobile,113.5,1,0,0,0,0,0
11856,4269,5.73,Online,9,1,US,mobile,30.1,0,0,0,0,0,1
11863,3562,5.56,Entertainment,19,4,US,tablet,250.6,2,0,0,0,0,0
11957,4340,5.0,Travel,16,1,US,tablet,118.6,2,0,0,0,0,0
11960,3663,5.0,Online,7,1,US,mobile,183.1,1,0,0,0,0,0
11978,4800,5.0,Entertainment,8,0,US,tablet,189.2,2,0,0,0,0,0
12000,4275,5.0,Entertainment,8,0,US,mobile,181.8,1,0,0,0,0,1
12013,3467,5.0,Travel,22,4,US,mobile,110.3,1,0,0,0,0,0
12038,3975,5.0,Food Delivery,7,3,US,mobile,272.4,2,0,0,0,0,1
12045,3930,5.0,Food Delivery,8,4,US,mobile,283.0,2,0,0,0,0,1
12053,4155,5.0,Travel,13,1,US,mobile,59.9,2,0,0,0,0,1
12096,1384,5.0,Travel,15,2,US,mobile,182.8,1,0,0,0,0,0
12159,1429,5.0,Entertainment,19,0,US,mobile,77.0,1,0,0,0,0,0
12197,1091,5.0,Online,20,3,US,tablet,77.0,1,0,0,0,0,0
12275,3614,5.0,Food Delivery,9,3,US,mobile,265.4,0,0,0,0,0,0
12289,2062,5.0,Travel,6,4,US,tablet,181.0,2,0,0,0,0,1
12306,2433,5.0,Travel,14,3,US,mobile,40.4,1,0,0,0,0,1
12319,2209,7.14,Entertainment,22,0,US,mobile,69.8,0,0,0,0,0,1
12381,1191,5.0,Travel,16,2,US,mobile,220.3,1,0,0,0,0,0
12387,3144,5.48,Online,19,1,US,mobile,196.8,1,0,0,0,0,1
12404,2993,5.0,Online,19,2,US,mobile,77.1,1,0,0,0,0,0
12409,2154,5.0,Food Delivery,6,3,US,mobile,178.1,2,0,0,0,0,0
12412,3709,5.0,Travel,17,1,US,mobile,312.1,0,0,0,0,0,0
12437,2506,5.0,Food Delivery,18,1,US,mobile,565.8,1,0,0,0,0,1
12446,3260,5.0,Travel,6,2,US,tablet,85.2,1,0,0,0,0,0
12454,2942,5.0,Entertainment,11,0,US,tablet,66.6,0,0,0,0,0,0
12485,2705,5.0,Online,12,4,US,mobile,54.0,2,0,0,0,0,1
12533,1738,5.0,Food Delivery,20,0,US,mobile,35.7,1,0,0,0,0,0
12540,1112,5.0,Food Delivery,15,2,US,mobile,78.4,1,0,0,0,0,0
12576,4874,5.0,Travel,21,0,US,tablet,182.0,0,0,0,0,0,0
12578,2338,5.0,Entertainment,12,4,US,mobile,407.2,2,0,0,0,0,0
12583,4604,7.46,Food Delivery,13,1,US,mobile,250.8,1,0,0,0,0,0
12619,1141,5.0,Online,11,4,US,mobile,413.0,0,0,0,0,0,0
12626,4808,5.0,Travel,13,0,US,mobile,59.3,1,0,0,0,0,0
12675,3245,5.0,Food Delivery,20,3,US,mobile,109.1,2,0,0,0,0,0
12701,4646,5.0,Food Delivery,11,1,US,mobile,119.8,0,0,0,0,0,0
12719,4340,5.0,Travel,9,1,US,mobile,97.3,1,0,0,0,0,0
12755,3689,5.0,Online,20,3,US,mobile,342.1,0,0,0,0,0,0
12767,2728,8.65,Online,19,3,US,tablet,187.1,2,0,0,0,0,0
12805,1426,5.0,Travel,6,0,US,mobile,240.8,1,0,0,0,0,1
12815,1445,5.0,Online,15,1,US,mobile,140.6,1,0,0,0,0,0
12842,2364,5.0,Entertainment,8,1,US,tablet,295.5,2,0,0,0,0,1
12887,4203,5.0,Entertainment,18,3,US,mobile,120.3,1,0,0,0,0,0
12954,4161,5.0,Online,15,4,US,tablet,98.1,1,0,0,0,0,1
12963,1393,8.15,Entertainment,15,0,US,mobile,199.9,0,0,0,0,0,0
13008,4509,5.0,Online,21,4,US,mobile,184.9,2,0,0,0,0,0
13017,3722,5.0,Travel,11,3,US,mobile,123.3,2,0,0,0,0,1
13018,3355,5.0,Food Delivery,10,2,US,tablet,48.6,1,0,0,0,0,0
13028,4008,5.0,Travel,14,3,US,mobile,339.9,1,0,0,0,0,0
13041,1260,5.0,Entertainment,9,1,US,mobile,85.7,2,0,0,0,0,0
13066,3818,5.0,Entertainment,8,1,US,mobile,619.6,2,0,0,0,0,0
13070,2794,5.0,Travel,22,1,US,mobile,101.0,1,0,0,0,0,0
13099,4781,5.0,Travel,7,2,US,mobile,250.0,2,0,0,0,0,1
13110,1639,5.0,Online,21,1,US,mobile,57.1,1,0,0,0,0,0
13111,1555,5.0,Online,19,4,US,tablet,44.5,1,0,0,0,0,0
13156,4030,5.84,Food Delivery,7,2,US,mobile,101.3,2,0,0,0,0,1
13161,2408,5.0,Food Delivery,19,2,US,tablet,157.0,2,0,0,0,0,0
13228,1446,5.0,Travel,8,0,US,mobile,46.4,2,0,0,0,0,0
13243,2358,5.0,Travel,19,4,US,mobile,165.0,2,0,0,0,0,0
13262,3709,5.92,Travel,16,4,US,mobile,137.5,0,0,0,0,0,0
13263,3434,5.09,Food Delivery,7,1,US,mobile,91.6,2,0,0,0,0,0
13271,2806,5.0,Travel,9,4,US,mobile,183.6,1,0,0,0,0,0
13280,2544,5.0,Entertainment,16,1,US,mobile,152.1,0,0,0,0,0,1
13306,3677,5.0,Grocery,23,6,US,desktop,69.7,2,0,1,1,1,0
13307,3008,6.61,Travel,15,4,US,mobile,481.5,0,0,0,0,0,0
13341,1044,5.0,Travel,8,4,US,mobile,551.5,2,0,0,0,0,0
13352,1548,5.0,Travel,18,0,US,mobile,66.6,1,0,0,0,0,0
13438,3500,5.0,Travel,6,4,US,mobile,143.9,1,0,0,0,0,0
13449,2296,5.0,Food Delivery,11,1,US,mobile,75.2,1,0,0,0,0,0
13472,4908,5.0,Travel,14,3,US,mobile,215.3,0,0,0,0,0,0
13477,1876,5.0,Travel,9,1,US,mobile,47.0,1,0,0,0,0,1
13479,2574,5.0,Online,12,0,US,mobile,37.4,0,0,0,0,0,1
13498,2821,5.0,Online,9,1,US,mobile,41.6,1,0,0,0,0,1
13503,2747,8.73,Travel,21,1,US,mobile,39.7,0,0,0,0,0,0
13525,3376,5.0,Entertainment,6,2,US,mobile,276.0,2,0,0,0,0,0
13542,2394,5.0,Online,11,2,US,mobile,310.7,2,0,0,0,0,0
13580,4385,5.0,Food Delivery,8,0,US,mobile,279.1,1,0,0,0,0,0
13629,3908,5.0,Entertainment,7,4,US,mobile,65.5,1,0,0,0,0,1
13637,1494,5.0,Food Delivery,11,1,US,mobile,74.6,0,0,0,0,0,0
13670,2602,5.0,Food Delivery,20,2,US,mobile,65.2,1,0,0,0,0,0
13675,1939,5.0,Food Delivery,16,1,US,mobile,335.9,0,0,0,0,0,0
13689,2022,5.0,Entertainment,20,3,US,mobile,60.3,2,0,0,0,0,0
13745,2277,5.0,Travel,7,1,US,mobile,69.4,0,0,0,0,0,0
13748,2400,5.0,Food Delivery,8,4,US,mobile,336.4,2,0,0,0,0,0
13770,4749,5.0,Food Delivery,13,1,US,mobile,183.3,2,0,0,0,0,0
13776,2057,5.0,Entertainment,19,3,US,mobile,92.6,1,0,0,0,0,0
13795,3339,8.18,Food Delivery,22,3,US,mobile,2000.0,1,0,0,0,0,0
13800,4789,5.0,Food Delivery,7,4,US,mobile,160.0,1,0,0,0,0,0
13807,4357,5.0,Online,16,2,US,mobile,603.7,2,0,0,0,0,0
13826,3666,5.0,Food Delivery,9,4,US,tablet,306.6,2,0,0,0,0,1
13837,1360,5.0,Travel,21,3,US,mobile,458.0,1,0,0,0,0,0
13853,2362,5.0,Food Delivery,9,2,US,tablet,253.0,2,0,0,0,0,0
13876,3253,5.0,Entertainment,10,2,US,mobile,378.5,1,0,0,0,0,0
13896,3857,5.0,Entertainment,17,4,US,tablet,502.1,1,0,0,0,0,0
13900,4561,5.0,Online,16,1,US,mobile,274.4,0,0,0,0,0,0
13907,4537,5.0,Online,18,2,US,mobile,398.3,0,0,0,0,0,0
13961,3504,5.0,Online,14,4,US,mobile,42.8,1,0,0,0,0,0
13968,4065,5.0,Food Delivery,18,1,US,mobile,110.6,1,0,0,0,0,1
13993,4469,5.0,Online,14,1,US,mobile,80.5,1,0,0,0,0,0
14002,3972,5.0,Online,7,2,US,mobile,230.3,1,0,0,0,0,1
14003,1357,5.0,Travel,20,1,US,tablet,298.0,0,0,0,0,0,0
14074,1410,5.0,Travel,18,2,US,tablet,84.5,1,0,0,0,0,0
14084,1789,5.0,Food Delivery,12,3,US,mobile,188.7,1,0,0,0,0,0
14125,1278,5.0,Online,10,1,US,mobile,892.0,2,0,0,0,0,0
14141,1369,5.0,Entertainment,9,2,US,mobile,79.3,0,0,0,0,0,1
14195,2139,5.0,Online,12,4,US,mobile,165.8,1,0,0,0,0,0
14226,3716,5.0,Travel,10,4,US,tablet,365.5,0,0,0,0,0,0
14258,4405,5.0,Online,16,1,US,tablet,145.1,2,0,0,0,0,0
14264,3662,5.0,Entertainment,8,3,US,mobile,211.9,2,0,0,0,0,0
14274,1543,5.0,Food Delivery,12,4,US,tablet,92.0,0,0,0,0,0,1
14284,3851,5.41,Travel,21,0,US,mobile,54.9,1,0,0,0,0,0
14372,2611,7.77,Food Delivery,7,0,US,tablet,50.9,1,0,0,0,0,0
14378,1651,5.0,Food Delivery,12,4,US,mobile,200.1,2,0,0,0,0,0
14389,2557,5.0,Travel,6,0,US,tablet,141.5,1,0,0,0,0,0
14433,4642,5.0,Online,16,2,US,mobile,45.2,2,0,0,0,0,1
14452,1420,5.0,Entertainment,9,0,US,mobile,45.4,2,0,0,0,0,0
14454,1107,5.0,Travel,13,0,US,tablet,169.5,2,0,0,0,0,0
14498,4147,5.0,Travel,6,1,US,tablet,36.5,0,0,0,0,0,0
14509,3677,7.75,Travel,10,1,US,mobile,671.7,0,0,0,0,0,0
14518,3846,5.0,Food Delivery,7,2,US,mobile,67.0,1,0,0,0,0,0
14523,2958,14.24,Grocery,23,5,US,desktop,366.6,0,0,1,1,1,0
14539,3723,5.0,Food Delivery,14,2,US,tablet,84.6,0,0,0,0,0,0
14569,1586,5.0,Food Delivery,20,4,US,mobile,38.9,1,0,0,0,0,0
14646,2571,5.0,Online,8,1,US,mobile,335.8,0,0,0,0,0,0
14648,4720,7.44,Food Delivery,11,3,US,mobile,137.0,1,0,0,0,0,0
14659,3538,5.0,Online,8,2,US,tablet,529.9,2,0,0,0,0,0
14733,4822,5.0,Retail,23,6,US,desktop,81.0,0,0,1,1,1,0
14785,1533,5.0,Online,21,2,US,mobile,30.0,1,0,0,0,0,0
14872,2736,8.67,Food Delivery,22,0,US,mobile,193.5,0,0,0,0,0,0
14928,4624,10.95,Online,7,0,US,mobile,141.8,2,0,0,0,0,0
14936,1720,5.0,Travel,8,3,US,mobile,249.1,2,0,0,0,0,0
15060,1689,5.0,Travel,7,2,US,mobile,118.6,1,0,0,0,0,0
15071,3924,5.0,Travel,18,1,US,mobile,113.4,0,0,0,0,0,0
15075,2345,5.0,Online,21,4,US,mobile,133.3,1,0,0,0,0,0
15088,4904,5.0,Travel,7,0,US,mobile,103.9,1,0,0,0,0,0
15091,4613,5.24,Travel,21,0,US,mobile,140.7,1,0,0,0,0,0
15105,3674,5.0,Entertainment,8,4,US,tablet,89.6,2,0,0,0,0,0
15150,1034,11.06,Online,17,3,US,mobile,194.3,1,0,0,0,0,0
15164,4387,5.0,Travel,7,2,US,mobile,153.8,1,0,0,0,0,1
15201,1143,5.0,Entertainment,11,3,US,mobile,164.7,2,0,0,0,0,0
15215,1559,5.0,Travel,6,4,US,mobile,210.7,0,0,0,0,0,0
15261,2982,5.0,Online,18,4,US,mobile,48.7,2,0,0,0,0,0
15276,4796,5.0,Online,13,4,US,mobile,134.0,1,0,0,0,0,0
15318,1569,5.0,Food Delivery,21,0,US,mobile,55.2,0,0,0,0,0,0
15323,1668,5.0,Travel,20,2,US,mobile,158.0,1,0,0,0,0,0
15328,4740,6.1,Travel,7,4,US,mobile,353.5,0,0,0,0,0,0
15329,2899,5.0,Online,14,3,US,mobile,527.3,1,0,0,0,0,0
15376,3692,5.0,Travel,6,4,US,tablet,96.9,2,0,0,0,0,0
15381,1179,5.0,Food Delivery,15,1,US,mobile,205.1,0,0,0,0,0,0
15399,1957,5.0,Travel,16,3,US,mobile,155.4,0,0,0,0,0,0
15439,2828,5.0,Online,6,0,US,mobile,126.7,1,0,0,0,0,0
15450,4426,5.0,Online,6,3,US,mobile,238.4,2,0,0,0,0,1
15456,2063,5.0,Travel,6,3,US,mobile,46.6,2,0,0,0,0,0
15508,4394,5.0,Online,22,3,US,tablet,74.6,1,0,0,0,0,0
15546,1352,5.0,Travel,20,4,US,mobile,72.4,1,0,0,0,0,0
15581,2451,5.0,Food Delivery,16,3,US,mobile,95.2,0,0,0,0,0,0
15585,4417,5.0,Entertainment,6,2,US,tablet,31.2,0,0,0,0,0,0
15594,1972,5.0,Food Delivery,18,4,US,mobile,383.9,1,0,0,0,0,0
15604,4216,5.0,Travel,14,1,US,mobile,239.6,2,0,0,0,0,0
15614,4124,5.0,Online,12,0,US,mobile,137.0,1,0,0,0,0,0
15693,1476,5.0,Online,8,3,US,mobile,136.1,0,0,0,0,0,0
15707,4643,5.0,Entertainment,20,4,US,mobile,35.8,1,0,0,0,0,0
15718,4366,5.91,Retail,3,6,US,desktop,64.0,1,0,1,1,1,0
15728,2999,5.0,Travel,21,2,US,tablet,307.3,2,0,0,0,0,1
15753,1145,5.0,Online,6,1,US,mobile,147.0,0,0,0,0,0,0
15754,3592,5.0,Online,16,3,US,mobile,183.7,0,0,0,0,0,0
15759,3130,5.0,Food Delivery,8,0,US,mobile,379.3,2,0,0,0,0,0
15770,1239,5.0,Food Delivery,18,1,US,mobile,331.2,2,0,0,0,0,0
15788,1598,5.0,Travel,10,2,US,mobile,262.4,2,0,0,0,0,0
15797,4065,6.35,Online,19,0,US,mobile,252.4,1,0,0,0,0,0
15845,4417,5.0,Online,15,4,US,mobile,370.6,1,0,0,0,0,0
15846,4254,5.0,Travel,19,4,US,tablet,420.8,0,0,0,0,0,0
15860,3771,5.0,Travel,7,4,US,mobile,215.5,1,0,0,0,0,0
15878,1859,5.0,Online,13,1,US,mobile,321.4,2,0,0,0,0,0
15898,2147,5.0,Travel,11,2,US,tablet,37.5,1,0,0,0,0,1
15906,4546,5.0,Travel,6,2,US,tablet,77.7,1,0,0,0,0,1
15910,4350,5.0,Food Delivery,6,1,US,tablet,73.6,1,0,0,0,0,0
15911,4256,7.71,Travel,21,2,US,mobile,164.1,2,0,0,0,0,0
15920,4764,5.0,Food Delivery,12,2,US,mobile,494.8,2,0,0,0,0,0
15934,3041,5.62,Travel,14,2,US,mobile,71.5,1,0,0,0,0,0
15961,3742,18.65,Online,18,1,US,tablet,175.7,1,0,0,0,0,1
15971,4022,5.0,Online,13,1,US,mobile,423.8,1,0,0,0,0,0
16040,3502,5.0,Travel,13,4,US,tablet,46.5,1,0,0,0,0,0
16053,3877,8.3,Food Delivery,9,3,US,mobile,111.2,0,0,0,0,0,0
16060,3366,5.0,Travel,18,0,US,mobile,403.2,2,0,0,0,0,0
16089,2689,8.61,Travel,10,4,US,mobile,57.4,2,0,0,0,0,0
16098,3198,5.0,Travel,17,1,US,mobile,200.0,0,0,0,0,0,0
16099,2974,5.0,Travel,22,0,US,mobile,316.0,0,0,0,0,0,0
16111,1042,5.0,Food Delivery,10,4,US,tablet,43.2,2,0,0,0,0,0
16117,4563,5.0,Entertainment,12,0,US,mobile,90.1,0,0,0,0,0,0
16158,4913,5.0,Travel,15,2,US,tablet,63.7,1,0,0,0,0,0
16183,3957,5.0,Travel,6,4,US,mobile,68.7,1,0,0,0,0,0
16220,3408,5.0,Travel,7,3,US,tablet,44.4,0,0,0,0,0,0
16248,1781,5.0,Online,19,2,US,tablet,499.4,1,0,0,0,0,0
16250,4776,5.0,Food Delivery,10,0,US,tablet,49.8,0,0,0,0,0,0
16252,2424,5.0,Food Delivery,6,1,US,mobile,46.1,1,0,0,0,0,1
16264,4611,5.0,Food Delivery,21,4,US,mobile,40.8,0,0,0,0,0,0
16275,1328,5.87,Food Delivery,6,3,US,mobile,152.5,1,0,0,0,0,0
16277,2748,5.0,Travel,6,4,US,mobile,46.8,1,0,0,0,0,0
16281,1656,5.0,Travel,21,3,US,mobile,310.5,2,0,0,0,0,0
16302,3051,5.0,Online,13,3,US,tablet,387.5,1,0,0,0,0,0
16303,1880,5.0,Online,6,3,US,mobile,144.0,2,0,0,0,0,0
16314,4485,5.0,Travel,13,1,US,tablet,237.4,1,0,0,0,0,1
16353,3741,5.0,Food Delivery,21,3,US,mobile,42.5,2,0,0,0,0,0
16355,1959,5.0,Food Delivery,8,0,US,tablet,384.6,0,0,0,0,0,0
16358,3158,5.0,Online,11,1,US,mobile,339.0,1,0,0,0,0,0
16389,4376,5.0,Entertainment,14,0,US,tablet,148.1,0,0,0,0,0,0
16412,2482,5.0,Entertainment,14,0,US,tablet,33.1,1,0,0,0,0,0
16470,4574,5.0,Online,22,3,US,mobile,84.6,0,0,0,0,0,1
16490,4775,5.0,Travel,14,0,US,mobile,91.1,2,0,0,0,0,1
16496,1292,5.0,Food Delivery,20,1,US,mobile,221.5,0,0,0,0,0,1
16507,3431,5.0,Online,19,2,US,mobile,467.7,2,0,0,0,0,0
16508,4333,5.0,Travel,22,0,US,mobile,44.3,1,0,0,0,0,1
16547,3864,5.0,Travel,9,1,US,mobile,45.5,0,0,0,0,0,0
16550,2067,5.0,Food Delivery,18,2,US,mobile,292.3,2,0,0,0,0,0
16565,2749,5.0,Entertainment,20,3,US,mobile,447.9,1,0,0,0,0,0
16593,4452,7.4,Travel,12,1,US,mobile,240.4,2,0,0,0,0,1
16608,2856,5.0,Food Delivery,8,3,US,mobile,265.7,2,0,0,0,0,1
16673,2194,5.0,Travel,20,2,US,mobile,143.2,2,0,0,0,0,0
16788,3805,11.68,Travel,19,0,US,mobile,83.1,1,0,0,0,0,0
16815,2197,5.0,Travel,6,1,US,tablet,299.8,1,0,0,0,0,1
16829,2198,5.0,Travel,13,2,US,mobile,70.6,0,0,0,0,0,0
16857,3258,5.0,Online,19,3,US,mobile,132.6,2,0,0,0,0,1
16871,3602,5.0,Entertainment,8,1,US,mobile,215.3,0,0,0,0,0,1
16909,3015,5.0,Food Delivery,15,0,US,mobile,53.4,2,0,0,0,0,0
16933,1087,5.0,Food Delivery,10,0,US,mobile,187.4,1,0,0,0,0,0
16944,4207,5.0,Travel,7,4,US,tablet,712.3,1,0,0,0,0,1
16949,1619,6.55,Entertainment,13,1,US,mobile,160.0,2,0,0,0,0,0
17009,2607,5.0,Food Delivery,6,1,US,tablet,30.3,0,0,0,0,0,0
17062,3568,5.0,Online,9,3,US,mobile,1177.9,1,0,0,0,0,0
17072,1922,5.0,Entertainment,7,3,US,mobile,55.6,2,0,0,0,0,0
17104,3598,9.63,Online,13,4,US,mobile,51.7,2,0,0,0,0,0
17121,4587,5.0,Travel,12,0,US,mobile,93.9,2,0,0,0,0,0
17231,4822,5.0,Travel,18,2,US,mobile,154.8,2,0,0,0,0,0
17253,4417,10.32,Online,7,0,US,mobile,270.0,0,0,0,0,0,0
17272,2914,5.0,Food Delivery,18,0,US,tablet,54.6,0,0,0,0,0,1
17329,4414,10.9,Online,14,0,US,mobile,71.6,1,0,0,0,0,0
17341,1338,5.0,Travel,19,3,US,mobile,196.7,1,0,0,0,0,0
17373,2621,5.0,Travel,12,2,US,mobile,45.5,2,0,0,0,0,1
17476,2340,5.0,Food Delivery,14,0,US,mobile,177.4,1,0,0,0,0,0
17477,1152,5.0,Online,19,3,US,mobile,102.5,1,0,0,0,0,0
17496,4426,5.0,Food Delivery,21,1,US,mobile,411.3,1,0,0,0,0,0
17509,2305,10.8,Online,21,1,US,mobile,30.2,1,0,0,0,0,0
17543,2074,5.0,Online,15,2,US,mobile,74.1,0,0,0,0,0,1
17555,1610,5.0,Entertainment,22,0,US,mobile,111.0,2,0,0,0,0,0
17557,2207,5.0,Food Delivery,21,2,US,tablet,184.8,0,0,0,0,0,0
17600,2635,5.0,Entertainment,11,3,US,mobile,55.6,2,0,0,0,0,1
17601,1643,5.0,Entertainment,7,1,US,tablet,139.4,2,0,0,0,0,0
17613,4142,5.0,Online,8,0,US,mobile,150.7,1,0,0,0,0,0
17634,4453,5.0,Online,13,0,US,mobile,261.3,2,0,0,0,0,0
17642,2536,5.0,Online,18,3,US,mobile,317.7,2,0,0,0,0,0
17643,1354,5.0,Food Delivery,7,3,US,tablet,309.3,2,0,0,0,0,0
17663,3645,5.0,Entertainment,11,3,US,mobile,60.3,2,0,0,0,0,0
17721,3242,5.0,Travel,8,3,US,mobile,215.3,0,0,0,0,0,0
17725,4869,5.0,Food Delivery,14,2,US,mobile,48.7,1,0,0,0,0,1
17793,3269,5.0,Entertainment,17,4,US,mobile,74.7,2,0,0,0,0,0
17797,4818,5.0,Travel,17,1,US,mobile,142.2,1,0,0,0,0,0
17802,1754,5.0,Online,7,2,US,mobile,206.2,2,0,0,0,0,1
17807,3787,5.0,Travel,10,2,US,tablet,38.2,1,0,0,0,0,1
17808,2377,5.0,Travel,6,2,US,mobile,349.8,1,0,0,0,0,0
17831,4880,5.0,Online,19,2,US,mobile,30.9,0,0,0,0,0,0
17884,1468,5.0,Travel,20,3,US,mobile,60.7,2,0,0,0,0,0
17894,1213,5.0,Online,7,2,US,mobile,85.2,0,0,0,0,0,0
17897,2545,5.0,Food Delivery,20,3,US,mobile,158.8,2,0,0,0,0,1
17927,2927,5.0,Travel,20,0,US,mobile,85.4,2,0,0,0,0,0
17940,3137,5.0,Online,20,1,US,tablet,99.5,2,0,0,0,0,0
17953,1331,5.0,Online,15,4,US,mobile,39.2,1,0,0,0,0,1
17964,3278,5.0,Travel,6,0,US,mobile,94.8,0,0,0,0,0,0
17966,3554,5.0,Travel,7,2,US,mobile,59.5,1,0,0,0,0,0
17969,2993,5.0,Entertainment,14,1,US,tablet,106.5,1,0,0,0,0,0
17974,2123,6.42,Online,20,4,US,mobile,122.6,2,0,0,0,0,0
17988,2461,5.0,Travel,21,4,US,mobile,159.4,1,0,0,0,0,0
17994,4344,6.44,Online,15,3,US,mobile,171.4,1,0,0,0,0,0
17996,2856,5.0,Online,21,1,US,mobile,211.8,1,0,0,0,0,0
18020,1128,5.0,Travel,11,0,US,mobile,155.6,1,0,0,0,0,1
18032,4378,5.0,Entertainment,19,3,US,mobile,144.5,2,0,0,0,0,1
18079,2179,5.0,Online,6,3,US,tablet,193.3,2,0,0,0,0,1
18105,1083,5.0,Travel,15,3,US,mobile,78.2,2,0,0,0,0,0
18152,1506,5.56,Food Delivery,10,4,US,mobile,308.5,0,0,0,0,0,0
18159,4725,5.0,Entertainment,8,1,US,mobile,345.4,2,0,0,0,0,0
18194,2846,7.33,Food Delivery,17,0,US,mobile,162.0,0,0,0,0,0,1
18196,2550,5.0,Travel,8,4,US,mobile,164.0,2,0,0,0,0,0
18212,3916,5.0,Online,14,3,US,mobile,169.1,1,0,0,0,0,0
18235,1565,5.0,Travel,19,4,US,mobile,94.6,2,0,0,0,0,0
18260,3598,5.0,Travel,11,2,US,mobile,141.5,0,0,0,0,0,0
18309,3920,5.0,Online,6,4,US,tablet,97.1,0,0,0,0,0,0
18330,2964,5.0,Travel,22,3,US,mobile,193.3,1,0,0,0,0,0
18355,1182,8.74,Entertainment,22,2,US,mobile,229.3,1,0,0,0,0,0
18378,4016,5.0,Food Delivery,7,1,US,mobile,54.8,1,0,0,0,0,0
18393,2580,5.0,Food Delivery,6,1,US,mobile,334.0,1,0,0,0,0,0
18413,4874,5.0,Travel,15,1,US,mobile,312.2,0,0,0,0,0,0
18437,1063,15.31,Retail,5,6,US,desktop,129.6,2,0,1,1,1,0
18444,2311,5.0,Travel,12,3,US,mobile,66.7,2,0,0,0,0,1
18471,1978,5.0,Travel,7,1,US,tablet,180.8,0,0,0,0,0,0
18478,4150,5.0,Travel,18,1,US,mobile,46.8,0,0,0,0,0,1
18479,3634,5.0,Entertainment,12,2,US,mobile,37.7,0,0,0,0,0,1
18540,4489,5.0,Online,9,4,US,tablet,53.9,0,0,0,0,0,0
18543,3901,5.0,Food Delivery,10,0,US,tablet,42.5,1,0,0,0,0,0
18568,1709,5.0,Online,7,4,US,mobile,937.4,2,0,0,0,0,0
18594,1405,6.52,Travel,10,4,US,mobile,226.6,1,0,0,0,0,0
18607,4373,5.0,Food Delivery,14,0,US,mobile,251.2,1,0,0,0,0,1
18627,4646,5.0,Travel,10,3,US,mobile,258.4,0,0,0,0,0,0
18707,3727,5.0,Online,21,3,US,mobile,163.9,2,0,0,0,0,0
18716,3594,5.0,Food Delivery,15,0,US,tablet,213.7,2,0,0,0,0,0
18722,2117,5.0,Food Delivery,7,4,US,tablet,46.8,1,0,0,0,0,1
18735,2630,5.0,Online,6,4,US,mobile,169.6,1,0,0,0,0,0
18737,4737,5.0,Online,14,3,US,mobile,176.7,1,0,0,0,0,1
18759,1519,5.0,Food Delivery,9,3,US,mobile,280.7,0,0,0,0,0,0
18782,3517,5.0,Travel,8,1,US,mobile,38.3,1,0,0,0,0,0
18806,3100,5.0,Food Delivery,22,4,US,mobile,31.5,1,0,0,0,0,0
18868,2818,5.0,Travel,10,3,US,mobile,328.0,2,0,0,0,0,1
18882,3252,5.0,Food Delivery,22,4,US,mobile,63.1,1,0,0,0,0,0
18946,1077,5.0,Travel,10,3,US,mobile,88.6,1,0,0,0,0,0
19010,3317,5.0,Travel,14,4,US,mobile,40.0,0,0,0,0,0,0
19037,2264,5.0,Food Delivery,15,3,US,mobile,68.1,2,0,0,0,0,0
19052,3295,5.0,Travel,9,1,US,mobile,248.5,1,0,0,0,0,0
19054,3035,6.92,Online,18,1,US,tablet,108.5,1,0,0,0,0,1
19159,3438,5.0,Food Delivery,10,0,US,mobile,123.2,2,0,0,0,0,0
19170,4238,5.0,Travel,18,3,US,mobile,93.0,0,0,0,0,0,0
19186,4653,5.0,Travel,6,1,US,mobile,45.4,1,0,0,0,0,1
19239,4687,5.0,Online,8,0,US,mobile,41.1,1,0,0,0,0,0
19269,2323,5.0,Online,10,1,US,mobile,136.9,2,0,0,0,0,0
19301,1191,5.0,Travel,16,3,US,mobile,98.3,0,0,0,0,0,0
19326,2055,5.0,Travel,9,4,US,tablet,97.4,1,0,0,0,0,0
19331,4428,5.0,Online,21,0,US,mobile,163.3,2,0,0,0,0,1
19338,4695,5.0,Food Delivery,8,2,US,tablet,162.9,2,0,0,0,0,0
19366,4831,5.0,Entertainment,8,1,US,mobile,287.7,2,0,0,0,0,0
19403,3440,5.02,Online,8,0,US,mobile,38.2,0,0,0,0,0,1
19411,2282,5.0,Entertainment,12,3,US,mobile,205.0,0,0,0,0,0,0
19418,4159,5.0,Online,18,3,US,mobile,365.5,1,0,0,0,0,0
19440,1031,5.0,Online,7,4,US,mobile,66.2,0,0,0,0,0,0
19476,1721,5.0,Online,10,4,US,mobile,97.9,0,0,0,0,0,1
19478,3488,5.0,Travel,15,3,US,mobile,120.7,2,0,0,0,0,1
19510,3415,5.0,Online,16,4,US,mobile,102.2,2,0,0,0,0,0
19552,1430,5.0,Travel,11,4,US,mobile,973.7,1,0,0,0,0,0
19581,3474,5.0,Travel,14,0,US,mobile,48.4,0,0,0,0,0,0
19598,1232,5.0,Food Delivery,9,1,US,mobile,82.7,1,0,0,0,0,1
19612,4474,5.1,Travel,12,0,US,mobile,79.7,2,0,0,0,0,0
19646,3135,5.0,Travel,21,2,US,mobile,122.4,2,0,0,0,0,0
19688,3557,5.0,Food Delivery,14,4,US,mobile,203.3,1,0,0,0,0,0
19690,1840,5.0,Utilities,1,6,US,desktop,132.4,2,0,1,1,1,0
19701,4005,5.0,Travel,21,4,US,mobile,219.0,1,0,0,0,0,0
19752,2430,5.0,Travel,18,3,US,mobile,219.1,1,0,0,0,0,1
19755,3695,8.8,Travel,18,0,US,mobile,80.2,2,0,0,0,0,0
19762,1949,8.45,Food Delivery,11,0,US,mobile,441.1,2,0,0,0,0,0
19781,1621,5.0,Grocery,0,5,US,desktop,115.5,2,0,1,1,1,1
19787,3678,6.05,Travel,22,2,US,mobile,316.5,1,0,0,0,0,0
19794,3622,5.0,Food Delivery,7,1,US,mobile,423.6,1,0,0,0,0,0
19818,2275,5.0,Online,18,1,US,mobile,103.4,2,0,0,0,0,0
19829,4987,5.0,Travel,17,2,US,mobile,129.1,0,0,0,0,0,0
19835,2169,5.0,Online,13,1,US,tablet,401.9,1,0,0,0,0,0
19856,1134,5.0,Entertainment,8,0,US,mobile,74.8,2,0,0,0,0,1
19863,4194,5.0,Travel,15,0,US,mobile,62.0,1,0,0,0,0,0
19896,1964,12.4,Entertainment,8,2,US,mobile,135.5,0,0,0,0,0,0
19931,3260,5.0,Travel,20,0,US,mobile,1327.4,2,0,0,0,0,1
19958,1421,5.0,Food Delivery,9,2,US,mobile,133.0,0,0,0,0,0,0
19999,2427,5.0,Food Delivery,14,2,US,tablet,32.9,0,0,0,0,0,0
154,2174,5.0,Grocery,7,3,AU,mobile,105.9,1,0,0,0,1,0
423,4064,18.02,Retail,21,4,CA,tablet,188.1,0,0,0,0,1,0
500,2703,5.0,Grocery,22,4,GB,mobile,135.9,1,0,0,0,1,0
698,3360,5.0,Utilities,22,0,GB,mobile,158.4,1,0,0,0,1,0
830,1115,5.0,Retail,10,3,AU,tablet,169.6,2,0,0,0,1,0
1135,3455,5.0,Grocery,15,4,CA,mobile,154.2,2,0,0,0,1,0
1348,3803,5.0,Grocery,13,4,CA,mobile,100.9,1,0,0,0,1,0
1448,4839,8.1,Retail,18,4,CA,mobile,100.7,0,0,0,0,1,0
1615,1240,5.0,Grocery,21,1,FR,mobile,72.4,0,0,0,0,1,0
1643,2788,5.0,Grocery,18,0,JP,mobile,883.2,2,0,0,0,1,0
1769,1270,5.0,Grocery,18,2,JP,mobile,332.8,0,0,0,0,1,1
1799,2915,5.0,Grocery,18,3,AU,tablet,231.2,0,0,0,0,1,0
1843,4265,5.0,Retail,9,1,FR,mobile,64.0,2,0,0,0,1,0
2164,4650,5.0,Retail,14,4,JP,tablet,182.3,1,0,0,0,1,0
2224,2691,5.0,Retail,10,3,DE,mobile,38.5,2,0,0,0,1,0
2519,1572,5.0,Retail,17,4,US,desktop,60.0,4,0,0,0,1,0
2564,2634,5.0,Retail,15,0,AU,mobile,283.0,1,0,0,0,1,1
2696,2479,5.0,Grocery,6,1,AU,mobile,388.9,1,0,0,0,1,0
2761,1534,5.0,Retail,7,2,GB,mobile,81.0,2,0,0,0,1,0
2775,3180,5.0,Retail,6,0,CA,mobile,108.8,1,0,0,0,1,1
2831,4691,21.87,Health,22,3,AU,tablet,210.2,1,0,0,0,1,1
2959,3050,5.0,Grocery,14,3,CA,tablet,133.0,2,0,0,0,1,0
3520,4687,5.0,Retail,6,2,GB,tablet,80.3,0,0,0,0,1,0
3601,2781,5.0,Grocery,10,1,CA,mobile,443.1,0,0,0,0,1,0
3640,3478,5.0,Retail,9,3,GB,mobile,123.5,0,0,0,0,1,1
4359,3677,5.0,Grocery,16,4,BR,mobile,36.2,0,0,0,0,1,0
4391,1722,5.0,Grocery,20,4,BR,mobile,52.7,0,0,0,0,1,0
4469,4554,5.0,Retail,21,0,US,desktop,124.1,3,0,0,0,1,0
4555,3835,5.0,Retail,7,2,GB,mobile,52.9,2,0,0,0,1,0
4638,2985,5.0,Retail,7,4,GB,tablet,44.5,0,0,0,0,1,0
4765,2746,13.15,Grocery,13,4,CA,tablet,109.0,2,0,0,0,1,0
4924,3716,5.0,Retail,18,3,CA,mobile,160.8,1,0,0,0,1,0
5106,3574,5.0,Retail,19,0,GB,mobile,188.8,1,0,0,0,1,0
5115,1953,5.0,Utilities,18,2,GB,mobile,139.1,1,0,0,0,1,1
5142,1063,5.0,Utilities,21,0,CA,mobile,111.2,1,0,0,0,1,1
5301,1268,8.01,Retail,8,4,GB,mobile,41.3,2,0,0,0,1,0
5559,3110,5.0,Health,11,1,DE,mobile,173.5,2,0,0,0,1,0
5806,1596,5.0,Retail,17,3,DE,mobile,30.6,1,0,0,0,1,0
5887,4960,5.0,Retail,22,2,CA,mobile,39.7,0,0,0,0,1,0
6128,4531,5.0,Retail,18,0,US,desktop,166.2,3,0,0,0,1,1
6186,4401,5.0,Grocery,16,0,BR,mobile,87.5,1,0,0,0,1,1
6230,2805,5.0,Retail,20,2,FR,mobile,89.8,1,0,0,0,1,0
6270,3885,5.0,Health,16,4,GB,tablet,247.1,0,0,0,0,1,0
6648,4205,5.0,Grocery,9,0,AU,mobile,37.5,2,0,0,0,1,0
6818,3023,5.0,Grocery,21,2,AU,mobile,72.5,2,0,0,0,1,0
7451,4113,5.0,Grocery,15,1,GB,mobile,58.1,2,0,0,0,1,1
7504,3046,5.0,Grocery,15,3,GB,mobile,31.7,1,0,0,0,1,0
7663,2692,5.0,Retail,13,1,AU,mobile,204.5,0,0,0,0,1,1
7918,1424,5.0,Health,21,4,US,desktop,112.7,5,0,0,0,1,1
8006,4407,5.0,Retail,6,4,JP,mobile,268.2,2,0,0,0,1,0
8069,4247,5.0,Grocery,16,1,BR,tablet,35.4,1,0,0,0,1,0
8275,1315,5.0,Health,16,4,GB,mobile,298.8,1,0,0,0,1,0
8680,4246,5.0,Retail,20,2,US,desktop,248.8,3,0,0,0,1,0
8954,3145,5.0,Retail,10,3,DE,mobile,728.8,2,0,0,0,1,0
8959,2695,5.0,Utilities,15,3,CA,tablet,169.7,0,0,0,0,1,0
9135,1847,5.0,Retail,12,2,FR,mobile,139.8,1,0,0,0,1,0
9137,3534,5.0,Grocery,21,1,FR,mobile,505.0,0,0,0,0,1,0
9306,1504,5.0,Grocery,11,1,US,desktop,88.0,3,0,0,0,1,0
9335,4753,13.31,Health,16,4,CA,mobile,454.4,2,0,0,0,1,0
9764,3387,5.0,Retail,8,2,CA,tablet,159.0,0,0,0,0,1,0
9841,4959,5.39,Grocery,22,3,FR,tablet,47.7,2,0,0,0,1,0
9847,3288,5.0,Retail,9,1,FR,mobile,48.7,2,0,0,0,1,0
9972,2331,6.15,Grocery,9,0,AU,tablet,404.7,2,0,0,0,1,1
10140,3012,17.74,Retail,14,0,US,desktop,177.3,3,0,0,0,1,0
10188,2457,5.0,Grocery,13,1,DE,mobile,107.1,0,0,0,0,1,1
10272,3000,5.0,Grocery,19,0,GB,tablet,388.3,0,0,0,0,1,0
10352,1193,5.0,Retail,13,3,CA,mobile,31.2,1,0,0,0,1,1
10366,1012,5.27,Grocery,7,3,AU,mobile,49.5,2,0,0,0,1,1
10389,1475,5.0,Retail,7,3,DE,tablet,211.7,0,0,0,0,1,0
10427,4048,5.0,Retail,22,2,US,desktop,70.5,3,0,0,0,1,1
10486,2223,5.0,Retail,8,2,GB,mobile,299.8,2,0,0,0,1,0
10507,1157,5.0,Grocery,9,3,DE,mobile,89.8,1,0,0,0,1,0
10843,4997,5.0,Grocery,16,2,CA,tablet,192.4,1,0,0,0,1,0
10928,3959,5.0,Grocery,11,2,JP,mobile,381.2,0,0,0,0,1,0
11886,1590,5.0,Grocery,22,4,GB,mobile,31.8,0,0,0,0,1,0
11917,2686,5.0,Retail,14,3,JP,tablet,345.4,2,0,0,0,1,0
12095,3290,5.0,Grocery,9,2,GB,mobile,361.1,2,0,0,0,1,0
12420,4384,5.0,Grocery,9,4,GB,mobile,117.3,2,0,0,0,1,1
12512,4679,5.0,Retail,8,4,US,desktop,729.8,3,0,0,0,1,1
12597,4057,5.0,Grocery,15,1,AU,mobile,439.1,1,0,0,0,1,0
12638,2954,5.0,Retail,14,1,NG,tablet,105.0,1,0,0,0,1,0
12747,2287,5.0,Grocery,8,4,CA,mobile,131.1,0,0,0,0,1,0
12959,2690,5.0,Health,19,0,JP,mobile,267.5,0,0,0,0,1,0
13277,2306,5.0,Retail,20,1,AU,mobile,265.9,1,0,0,0,1,1
13327,4301,5.0,Utilities,13,0,US,desktop,120.5,3,0,0,0,1,1
13433,3501,5.0,Grocery,16,2,US,desktop,197.6,3,0,0,0,1,0
13504,2083,5.0,Retail,11,2,CA,mobile,149.1,2,0,0,0,1,1
13568,1243,5.0,Retail,11,0,AU,mobile,39.3,0,0,0,0,1,0
13646,2959,5.0,Utilities,17,4,DE,mobile,116.3,2,0,0,0,1,0
13730,3113,5.0,Grocery,21,4,CA,mobile,129.8,1,0,0,0,1,0
13979,3281,5.0,Grocery,18,1,GB,mobile,53.4,0,0,0,0,1,0
14317,2803,5.0,Retail,16,2,NG,mobile,174.8,2,0,0,0,1,0
14325,1691,5.0,Retail,21,0,GB,tablet,228.9,1,0,0,0,1,0
14374,2042,5.0,Grocery,20,1,GB,tablet,137.3,1,0,0,0,1,0
14450,3637,5.0,Grocery,18,2,CA,mobile,157.3,1,0,0,0,1,0
14456,2277,5.0,Health,11,3,AU,mobile,73.3,2,0,0,0,1,0
14721,3290,5.0,Retail,18,4,FR,mobile,281.7,1,0,0,0,1,0
15027,3684,6.07,Health,8,2,CA,mobile,566.1,1,0,0,0,1,0
15072,4846,5.0,Grocery,18,2,NG,mobile,169.1,1,0,0,0,1,0
15348,2606,6.26,Grocery,21,0,FR,mobile,35.6,2,0,0,0,1,0
15464,2752,5.0,Health,17,2,GB,tablet,424.2,0,0,0,0,1,0
15470,4293,5.0,Health,20,1,NG,mobile,175.6,2,0,0,0,1,0
15526,2018,5.0,Grocery,21,2,AU,mobile,416.4,2,0,0,0,1,0
15639,3723,5.0,Grocery,22,4,CA,mobile,76.8,0,0,0,0,1,0
15802,2435,5.0,Grocery,22,1,US,desktop,319.2,3,0,0,0,1,0
15831,4131,5.0,Utilities,19,2,CA,mobile,46.8,1,0,0,0,1,0
16372,4714,5.0,Retail,7,0,JP,tablet,170.5,1,0,0,0,1,1
16494,1618,5.0,Utilities,16,4,US,desktop,86.5,3,0,0,0,1,0
16572,1670,5.0,Grocery,9,0,CA,mobile,107.3,2,0,0,0,1,0
16642,1146,5.0,Grocery,16,1,DE,mobile,177.1,2,0,0,0,1,1
16703,2638,6.3,Retail,6,2,GB,mobile,124.7,2,0,0,0,1,0
16761,3661,5.0,Retail,18,2,US,desktop,86.4,3,0,0,0,1,1
16919,3811,5.0,Retail,14,4,GB,mobile,298.4,1,0,0,0,1,0
17044,2462,5.0,Grocery,22,0,GB,tablet,55.8,2,0,0,0,1,0
17335,2976,5.0,Health,16,0,CA,mobile,370.4,2,0,0,0,1,0
17425,2549,5.0,Grocery,15,4,GB,tablet,301.5,0,0,0,0,1,1
17578,2313,5.0,Grocery,22,1,GB,mobile,261.1,2,0,0,0,1,0
17674,3592,5.0,Retail,6,3,GB,tablet,186.6,2,0,0,0,1,0
17785,3815,5.0,Retail,7,1,CA,mobile,44.9,1,0,0,0,1,0
17956,4675,5.0,Health,17,3,CA,mobile,59.4,0,0,0,0,1,0
18021,3767,5.0,Retail,7,1,GB,tablet,45.1,1,0,0,0,1,0
18100,2571,11.02,Grocery,11,0,DE,mobile,91.2,1,0,0,0,1,0
18139,1564,5.74,Grocery,19,4,US,desktop,44.8,4,0,0,0,1,0
18686,4344,5.0,Grocery,15,0,NG,mobile,56.4,1,0,0,0,1,0
19160,1294,5.0,Grocery,16,4,AU,tablet,48.6,1,0,0,0,1,0
19284,1584,5.0,Retail,18,3,DE,tablet,455.7,2,0,0,0,1,0
19381,1230,5.0,Grocery,22,1,NG,mobile,99.3,2,0,0,0,1,0
19491,1152,5.0,Retail,16,0,BR,tablet,427.0,1,0,0,0,1,0
19719,1669,5.0,Grocery,13,0,DE,tablet,139.5,2,0,0,0,1,1
19742,1175,5.0,Grocery,22,4,DE,tablet,44.2,0,0,0,0,1,0
19761,4767,5.0,Retail,11,1,GB,mobile,97.2,1,0,0,0,1,0
11,3105,5.0,Grocery,2,5,US,mobile,268.0,2,0,1,1,0,1
19,4358,5.0,Grocery,16,3,US,mobile,342.7,3,0,0,0,0,0
56,1175,5.0,Retail,5,2,AU,desktop,1006.1,2,0,0,1,0,0
92,4219,5.0,Health,2,6,US,mobile,379.9,0,0,1,1,0,0
100,1559,5.0,Health,20,2,US,tablet,257.1,4,0,0,0,0,1
156,3647,5.0,Grocery,5,5,US,mobile,200.6,0,0,1,1,0,0
160,4135,5.0,Utilities,0,4,NG,desktop,56.4,1,0,0,1,0,0
170,1090,5.0,Grocery,8,5,CA,desktop,14.1,1,0,1,0,0,0
196,1350,5.0,Retail,9,2,US,mobile,151.4,3,0,0,0,0,0
207,4056,5.0,Health,4,4,DE,desktop,253.4,0,0,0,1,0,0
246,1337,5.0,Grocery,16,3,US,mobile,340.6,5,0,0,0,0,0
256,1578,5.27,Grocery,0,4,CA,desktop,118.0,1,0,0,1,0,0
295,3180,5.0,Grocery,3,4,BR,desktop,556.9,1,0,0,1,0,0
332,2483,5.0,Utilities,8,2,US,mobile,105.5,4,0,0,0,0,0
336,4233,5.0,Retail,3,6,US,tablet,44.2,0,0,1,1,0,0
359,1363,5.0,Retail,0,2,JP,desktop,74.4,0,0,0,1,0,0
392,1717,5.0,Grocery,0,3,CA,desktop,170.8,0,0,0,1,0,0
405,2997,5.0,Health,3,0,BR,desktop,458.9,1,0,0,1,0,0
417,4877,5.0,Retail,22,4,US,mobile,215.3,3,0,0,0,0,0
432,3955,5.0,Retail,4,0,CA,desktop,549.2,2,0,0,1,0,0
474,2869,5.0,Grocery,7,2,US,tablet,657.1,5,0,0,0,0,0
527,4693,5.0,Grocery,9,6,CA,desktop,12.6,0,0,1,0,0,0
541,3836,5.0,Grocery,0,0,FR,desktop,196.1,1,0,0,1,0,0
589,4348,5.0,Grocery,9,3,US,mobile,92.5,4,0,0,0,0,1
611,4334,5.0,Grocery,23,5,US,mobile,165.3,1,0,1,1,0,0
618,2065,5.0,Utilities,11,4,US,mobile,223.6,3,0,0,0,0,0
680,4743,5.0,Retail,9,6,US,desktop,143.6,2,1,1,0,0,0
699,1200,5.0,Grocery,4,4,CA,desktop,591.9,0,0,0,1,0,1
837,4233,5.0,Retail,19,2,US,mobile,331.9,3,0,0,0,0,0
874,1499,5.0,Retail,5,0,CA,desktop,315.0,2,0,0,1,0,0
902,1169,5.0,Retail,5,4,CA,desktop,321.0,0,0,0,1,0,0
943,4654,5.0,Grocery,5,0,FR,desktop,255.6,0,0,0,1,0,0
1000,3050,5.0,Utilities,11,5,US,desktop,280.6,0,1,1,0,0,0
1144,4377,8.03,Retail,20,6,CA,desktop,16.5,2,0,1,0,0,0
1153,2723,5.0,Grocery,0,6,US,tablet,161.2,1,0,1,1,0,0
1187,1569,7.07,Health,1,6,US,mobile,54.0,1,0,1,1,0,0
1199,4211,5.0,Retail,13,0,US,mobile,56.5,3,0,0,0,0,0
1206,4613,7.47,Grocery,23,3,BR,desktop,158.3,1,0,0,1,0,0
1216,1456,5.0,Grocery,23,1,GB,desktop,59.9,2,0,0,1,0,0
1318,3361,5.0,Retail,17,6,JP,desktop,8.6,1,0,1,0,0,0
1322,2099,5.0,Grocery,11,4,US,mobile,367.1,3,0,0,0,0,0
1357,2376,5.0,Grocery,10,5,US,desktop,236.0,2,1,1,0,0,0
1358,1537,5.0,Grocery,3,6,US,mobile,53.2,0,0,1,1,0,0
1369,4852,5.0,Retail,5,6,US,mobile,98.4,1,0,1,1,0,0
1395,1862,5.0,Retail,1,6,US,tablet,59.7,1,0,1,1,0,1
1415,3340,5.0,Grocery,20,2,US,mobile,106.0,6,0,0,0,0,0
1433,1684,5.0,Grocery,11,5,CA,desktop,17.7,1,0,1,0,0,0
1437,2708,5.0,Health,10,0,US,mobile,416.1,3,0,0,0,0,0
1457,4938,5.0,Retail,20,5,GB,desktop,28.2,0,0,1,0,0,0
1488,1004,5.0,Retail,22,5,US,desktop,306.4,2,1,1,0,0,0
1510,3733,5.0,Health,4,5,US,mobile,145.4,2,0,1,1,0,0
1517,2930,5.0,Grocery,10,0,US,mobile,216.0,3,0,0,0,0,1
1521,4455,5.0,Health,4,5,US,mobile,44.5,1,0,1,1,0,0
1561,2164,5.0,Grocery,20,4,US,tablet,373.9,4,0,0,0,0,1
1569,4637,5.05,Grocery,3,1,BR,desktop,238.9,1,0,0,1,0,0
1609,1945,5.0,Grocery,20,4,US,tablet,187.1,4,0,0,0,0,1
1613,3680,5.0,Retail,4,0,CA,desktop,230.3,1,0,0,1,0,0
1616,1691,5.0,Grocery,15,6,US,desktop,197.3,1,1,1,0,0,0
1629,2552,5.0,Grocery,4,6,US,mobile,74.1,0,0,1,1,0,0
1639,1729,5.0,Retail,18,3,US,mobile,100.7,3,0,0,0,0,0
1661,3478,5.0,Grocery,1,3,FR,desktop,128.4,1,0,0,1,0,1
1677,1599,5.0,Retail,0,1,BR,desktop,139.8,0,0,0,1,0,0
1689,4757,6.06,Retail,11,3,US,tablet,205.8,4,0,0,0,0,0
1746,4916,5.0,Utilities,1,2,CA,desktop,116.2,2,0,0,1,0,0
1813,3693,5.0,Grocery,1,4,BR,desktop,441.5,2,0,0,1,0,0
1857,2499,5.0,Retail,5,4,CA,desktop,64.0,1,0,0,1,0,0
1860,3940,5.0,Grocery,19,2,US,mobile,114.4,3,0,0,0,0,0
1868,4040,5.0,Grocery,0,4,CA,desktop,78.1,1,0,0,1,0,0
1873,3413,9.45,Grocery,23,3,FR,desktop,37.5,0,0,0,1,0,0
1874,4766,5.0,Retail,3,5,US,mobile,97.1,1,0,1,1,0,0
1894,3840,5.0,Retail,1,2,AU,desktop,466.6,0,0,0,1,0,0
1917,2128,5.0,Grocery,7,0,US,mobile,184.1,3,0,0,0,0,0
1956,2601,5.0,Retail,2,0,AU,desktop,56.5,1,0,0,1,0,0
2009,4150,5.0,Retail,10,2,US,mobile,182.5,3,0,0,0,0,0
2013,1612,5.0,Grocery,22,2,US,mobile,36.6,5,0,0,0,0,1
2086,3622,5.0,Grocery,15,4,US,mobile,502.9,4,0,0,0,0,0
2091,4549,5.0,Retail,0,1,AU,desktop,314.4,0,0,0,1,0,0
2094,1791,5.0,Grocery,2,2,BR,desktop,101.1,0,0,0,1,0,0
2100,1986,5.0,Health,2,4,DE,desktop,85.6,2,0,0,1,0,0
2118,3168,5.0,Grocery,5,3,AU,desktop,106.9,0,0,0,1,0,0
2121,4076,10.91,Grocery,5,3,GB,desktop,56.0,1,0,0,1,0,0
2139,3156,5.0,Grocery,3,4,FR,desktop,222.0,2,0,0,1,0,0
2152,2288,5.0,Retail,15,1,US,mobile,94.6,4,0,0,0,0,0
2166,4695,5.0,Grocery,22,3,US,tablet,265.3,3,0,0,0,0,0
2206,4190,5.0,Health,9,3,US,mobile,469.4,3,0,0,0,0,0
2237,1997,5.0,Retail,9,0,US,mobile,117.8,3,0,0,0,0,1
2254,3003,5.0,Retail,0,1,FR,desktop,110.6,2,0,0,1,0,0
2276,2699,5.0,Retail,1,1,BR,desktop,132.2,1,0,0,1,0,0
2288,4284,5.0,Grocery,1,3,DE,desktop,135.2,0,0,0,1,0,0
2294,3995,5.0,Grocery,18,1,US,mobile,97.6,4,0,0,0,0,0
2372,4292,5.0,Retail,3,1,BR,desktop,1221.0,1,0,0,1,0,1
2450,1687,5.0,Health,0,5,US,mobile,183.0,0,0,1,1,0,0
2489,3100,5.0,Retail,22,0,US,tablet,71.1,3,0,0,0,0,0
2497,4204,5.0,Grocery,6,6,US,desktop,362.0,1,1,1,0,0,1
2535,4205,7.13,Grocery,18,5,AU,desktop,26.7,1,0,1,0,0,0
2565,2758,5.0,Health,3,0,DE,desktop,137.9,1,0,0,1,0,0
2566,2726,5.0,Grocery,12,1,US,mobile,75.4,3,0,0,0,0,0
2570,4707,5.0,Retail,23,0,CA,desktop,55.9,0,0,0,1,0,0
2642,2985,5.0,Grocery,1,5,US,mobile,352.0,2,0,1,1,0,0
2661,2738,5.0,Grocery,19,3,US,tablet,67.2,3,0,0,0,0,0
2707,3824,5.0,Retail,4,5,US,mobile,54.0,2,0,1,1,0,0
2723,1454,5.0,Retail,4,2,FR,desktop,79.8,0,0,0,1,0,0
2745,1794,5.0,Retail,1,2,AU,desktop,179.6,1,0,0,1,0,0
2791,4747,5.0,Grocery,4,1,JP,desktop,50.1,0,0,0,1,0,0
2807,2155,5.0,Retail,3,0,GB,desktop,147.0,1,0,0,1,0,1
2811,3054,5.0,Retail,23,5,US,mobile,233.7,2,0,1,1,0,1
2813,1791,5.0,Grocery,20,2,US,mobile,41.9,3,0,0,0,0,0
2816,1377,5.0,Utilities,5,1,DE,desktop,247.3,1,0,0,1,0,1
2840,4887,5.0,Retail,16,5,US,desktop,177.9,1,1,1,0,0,0
2883,3252,5.0,Retail,4,2,CA,desktop,480.1,1,0,0,1,0,0
2886,1614,5.0,Grocery,2,2,DE,desktop,44.9,1,0,0,1,0,0
2896,3148,5.0,Grocery,8,6,US,desktop,284.9,0,1,1,0,0,0
2908,4795,5.0,Retail,6,2,US,mobile,545.6,3,0,0,0,0,0
2917,3483,5.0,Health,0,3,FR,desktop,328.9,1,0,0,1,0,0
2944,1751,5.0,Grocery,3,2,AU,desktop,61.1,0,0,0,1,0,0
2973,3391,5.43,Retail,12,2,US,mobile,53.6,3,0,0,0,0,1
3025,2495,5.0,Grocery,2,0,BR,desktop,461.2,0,0,0,1,0,0
3056,2913,5.0,Grocery,6,4,US,mobile,53.8,3,0,0,0,0,0
3103,1057,9.1,Grocery,4,5,US,mobile,224.9,2,0,1,1,0,1
3109,4603,5.4,Grocery,0,1,CA,desktop,106.8,2,0,0,1,0,0
3129,3017,5.0,Grocery,2,6,US,mobile,224.8,2,0,1,1,0,0
3138,2908,5.0,Retail,21,6,JP,desktop,14.9,0,0,1,0,0,0
3143,2805,5.0,Retail,22,2,US,mobile,456.6,4,0,0,0,0,0
3236,3284,5.0,Retail,3,5,US,mobile,49.6,0,0,1,1,0,0
3291,2614,5.0,Grocery,14,2,US,mobile,138.4,3,0,0,0,0,0
3329,2570,5.0,Grocery,1,2,CA,desktop,64.2,0,0,0,1,0,0
3348,1513,5.0,Grocery,1,6,US,mobile,188.2,1,0,1,1,0,1
3379,4430,12.46,Retail,5,4,JP,desktop,462.8,2,0,0,1,0,0
3400,3887,5.0,Grocery,4,0,CA,desktop,56.8,2,0,0,1,0,1
3458,1123,5.0,Utilities,1,6,US,tablet,46.0,0,0,1,1,0,0
3461,2665,5.0,Grocery,3,5,US,mobile,100.1,2,0,1,1,0,0
3481,4196,5.14,Grocery,2,6,US,mobile,42.4,0,0,1,1,0,0
3506,4552,5.0,Health,8,1,US,mobile,103.0,3,0,0,0,0,0
3519,3712,5.0,Retail,7,3,US,mobile,228.9,3,0,0,0,0,0
3527,1532,5.0,Grocery,16,2,US,mobile,92.5,3,0,0,0,0,0
3585,4010,5.0,Grocery,12,1,US,mobile,56.9,3,0,0,0,0,1
3621,4984,5.0,Utilities,3,1,GB,desktop,308.8,1,0,0,1,0,1
3641,3885,5.0,Grocery,1,1,AU,desktop,88.3,1,0,0,1,0,0
3675,3584,5.0,Utilities,6,1,US,tablet,146.7,3,0,0,0,0,0
3703,1999,5.0,Retail,2,6,US,mobile,180.9,1,0,1,1,0,0
3751,3327,6.85,Retail,1,0,BR,desktop,614.4,0,0,0,1,0,0
3757,3547,5.0,Grocery,3,0,DE,desktop,59.0,0,0,0,1,0,0
3801,4692,8.68,Utilities,21,4,US,mobile,327.4,3,0,0,0,0,0
3808,1621,5.0,Retail,15,5,AU,desktop,19.5,0,0,1,0,0,0
3829,3726,5.0,Grocery,17,5,US,desktop,137.4,0,1,1,0,0,0
3858,1073,5.0,Utilities,5,1,DE,desktop,42.2,0,0,0,1,0,1
3862,3576,5.0,Health,20,2,US,mobile,880.8,3,0,0,0,0,0
3897,3130,5.0,Utilities,10,3,US,mobile,69.7,3,0,0,0,0,0
3926,3287,8.74,Utilities,15,5,DE,desktop,8.0,0,0,1,0,0,0
3979,3169,5.0,Retail,4,6,US,mobile,144.2,2,0,1,1,0,0
4059,1821,5.0,Grocery,7,4,US,mobile,153.8,3,0,0,0,0,0
4095,4839,5.0,Health,1,1,DE,desktop,422.9,0,0,0,1,0,1
4120,1206,5.0,Health,3,6,US,tablet,55.1,1,0,1,1,0,1
4152,3122,5.0,Utilities,23,1,CA,desktop,34.2,2,0,0,1,0,1
4153,4647,5.91,Retail,2,4,AU,desktop,103.7,0,0,0,1,0,0
4181,3612,5.0,Retail,0,3,CA,desktop,63.0,0,0,0,1,0,0
4207,4625,5.0,Retail,1,3,NG,desktop,169.5,1,0,0,1,0,0
4225,4127,5.0,Retail,5,0,GB,desktop,46.1,1,0,0,1,0,0
4233,3420,5.0,Retail,19,2,US,mobile,440.7,3,0,0,0,0,0
4332,2081,5.0,Retail,1,6,US,mobile,135.7,1,0,1,1,0,0
4380,4718,5.0,Retail,5,0,AU,desktop,126.3,0,0,0,1,0,0
4401,2516,5.0,Grocery,13,3,US,mobile,71.8,3,0,0,0,0,0
4460,3614,5.0,Retail,4,2,CA,desktop,191.8,1,0,0,1,0,0
4538,3893,6.94,Grocery,6,2,US,tablet,214.0,3,0,0,0,0,0
4585,3347,5.0,Grocery,0,4,GB,desktop,117.0,1,0,0,1,0,1
4601,4952,5.0,Retail,5,5,US,tablet,93.9,1,0,1,1,0,1
4606,2886,5.0,Health,0,3,CA,desktop,108.8,2,0,0,1,0,0
4611,1369,5.0,Grocery,0,6,US,mobile,310.0,1,0,1,1,0,1
4678,3270,5.0,Grocery,15,6,AU,desktop,28.2,0,0,1,0,0,0
4681,2299,5.0,Retail,0,5,US,mobile,279.6,2,0,1,1,0,0
4695,3830,5.0,Retail,8,0,US,mobile,37.0,3,0,0,0,0,1
4718,4956,5.0,Grocery,0,5,US,mobile,60.7,1,0,1,1,0,0
4729,1448,5.0,Grocery,11,0,US,mobile,102.3,3,0,0,0,0,0
4739,2399,5.0,Grocery,6,6,DE,desktop,1.2,1,0,1,0,0,0
4744,2307,5.0,Grocery,7,6,DE,desktop,23.1,2,0,1,0,0,0
4799,2563,5.0,Health,12,0,US,tablet,50.2,4,0,0,0,0,1
4842,1495,5.0,Grocery,18,5,US,desktop,85.8,0,1,1,0,0,0
4882,4990,5.0,Utilities,21,2,US,mobile,136.2,3,0,0,0,0,0
5042,1652,5.0,Health,4,6,US,mobile,162.6,2,0,1,1,0,1
5055,1198,6.32,Grocery,8,6,US,desktop,167.2,2,1,1,0,0,0
5074,4125,5.0,Utilities,8,1,US,mobile,147.1,3,0,0,0,0,0
5121,4263,5.0,Retail,12,4,US,mobile,308.2,4,0,0,0,0,0
5139,1321,5.0,Grocery,5,1,GB,desktop,92.0,0,0,0,1,0,0
5154,3786,5.0,Grocery,3,1,GB,desktop,385.0,1,0,0,1,0,1
5182,4070,5.0,Health,14,0,US,mobile,329.3,3,0,0,0,0,0
5197,4746,5.0,Grocery,6,2,US,mobile,254.3,3,0,0,0,0,0
5217,4146,5.0,Grocery,17,3,US,mobile,206.9,3,0,0,0,0,0
5297,1019,5.0,Grocery,4,5,US,tablet,45.9,0,0,1,1,0,0
5324,2586,5.0,Grocery,3,0,DE,desktop,610.9,2,0,0,1,0,0
5353,1486,5.0,Retail,19,4,US,mobile,164.8,3,0,0,0,0,0
5356,4271,5.0,Grocery,4,6,US,mobile,313.6,2,0,1,1,0,1
5361,3617,5.0,Grocery,17,3,US,mobile,177.9,3,0,0,0,0,0
5405,1099,5.0,Grocery,15,0,US,mobile,101.8,5,0,0,0,0,1
5423,1294,5.0,Retail,18,5,US,desktop,292.4,1,1,1,0,0,0
5429,1118,5.0,Retail,8,3,US,mobile,118.0,3,0,0,0,0,0
5431,4846,5.0,Utilities,14,4,US,tablet,409.7,3,0,0,0,0,1
5439,2691,5.0,Utilities,10,4,US,mobile,497.8,3,0,0,0,0,0
5456,1546,5.0,Grocery,20,5,FR,desktop,1.0,0,0,1,0,0,0
5541,2137,5.0,Retail,23,0,GB,desktop,90.8,0,0,0,1,0,1
5562,1467,5.15,Grocery,17,2,US,mobile,196.6,3,0,0,0,0,1
5573,1955,5.0,Retail,13,4,US,mobile,766.0,3,0,0,0,0,0
5584,1300,5.0,Grocery,17,5,US,desktop,638.3,0,1,1,0,0,0
5642,2151,5.0,Grocery,23,6,US,tablet,108.2,2,0,1,1,0,0
5774,1096,5.0,Retail,23,3,DE,desktop,102.8,1,0,0,1,0,1
5781,1774,5.0,Retail,0,6,US,mobile,233.9,1,0,1,1,0,0
5808,4988,5.0,Grocery,8,0,US,mobile,63.0,4,0,0,0,0,0
5840,3835,5.0,Grocery,4,4,DE,desktop,78.4,2,0,0,1,0,1
5853,2021,5.0,Health,19,2,US,mobile,248.6,3,0,0,0,0,0
5857,2899,5.0,Retail,18,1,US,mobile,52.7,3,0,0,0,0,0
5897,1084,5.0,Grocery,3,6,US,mobile,136.8,1,0,1,1,0,0
5912,2345,5.0,Retail,3,3,CA,desktop,140.9,1,0,0,1,0,0
5931,4707,5.0,Retail,0,5,US,mobile,140.4,1,0,1,1,0,0
5963,4318,5.0,Grocery,22,2,US,tablet,128.3,3,0,0,0,0,0
5966,1398,5.0,Grocery,10,3,US,mobile,65.5,3,0,0,0,0,0
5972,1965,5.0,Utilities,4,6,US,mobile,69.0,2,0,1,1,0,0
5980,3441,5.0,Health,17,4,US,mobile,179.4,5,0,0,0,0,1
6025,2954,5.0,Grocery,0,4,FR,desktop,284.6,1,0,0,1,0,0
6032,3835,5.0,Grocery,4,4,CA,desktop,235.0,1,0,0,1,0,1
6033,4077,5.0,Grocery,9,4,US,mobile,166.6,4,0,0,0,0,0
6082,2518,5.0,Retail,2,4,CA,desktop,145.1,2,0,0,1,0,0
6091,1842,5.0,Retail,0,5,US,mobile,69.7,1,0,1,1,0,0
6124,2767,5.0,Grocery,16,3,US,tablet,940.3,3,0,0,0,0,0
6201,4753,5.0,Retail,23,6,US,mobile,54.3,1,0,1,1,0,0
6217,2755,5.0,Retail,1,6,US,mobile,215.1,1,0,1,1,0,1
6235,4049,5.0,Retail,13,3,US,mobile,180.8,3,0,0,0,0,0
6245,4209,5.0,Utilities,2,2,BR,desktop,72.5,0,0,0,1,0,1
6256,1515,5.0,Retail,20,6,US,desktop,84.6,2,1,1,0,0,1
6263,1935,5.0,Health,4,1,AU,desktop,214.1,0,0,0,1,0,0
6268,1171,5.0,Grocery,4,2,CA,desktop,110.9,1,0,0,1,0,0
6289,2084,5.0,Grocery,2,0,CA,desktop,53.4,1,0,0,1,0,1
6296,3846,5.0,Retail,7,6,GB,desktop,12.7,2,0,1,0,0,0
6316,1227,5.0,Grocery,4,1,JP,desktop,68.9,1,0,0,1,0,0
6323,1481,5.0,Grocery,20,2,US,mobile,124.6,3,0,0,0,0,0
6398,1617,5.0,Grocery,17,6,US,desktop,260.5,1,1,1,0,0,0
6437,4271,7.05,Retail,2,1,CA,desktop,164.6,1,0,0,1,0,0
6441,4343,5.0,Grocery,23,1,JP,desktop,428.2,2,0,0,1,0,1
6457,2180,5.0,Retail,0,5,US,mobile,80.8,0,0,1,1,0,1
6460,2934,5.0,Utilities,1,4,FR,desktop,112.5,1,0,0,1,0,0
6474,4816,5.0,Retail,0,5,US,mobile,58.9,1,0,1,1,0,0
6538,4806,5.0,Grocery,15,0,US,mobile,70.6,3,0,0,0,0,1
6576,2684,5.0,Utilities,4,0,GB,desktop,177.9,0,0,0,1,0,0
6578,1360,5.0,Utilities,5,5,US,mobile,143.0,1,0,1,1,0,1
6598,2916,5.0,Retail,23,0,AU,desktop,214.4,2,0,0,1,0,0
6638,1342,5.0,Grocery,18,1,US,mobile,588.4,3,0,0,0,0,0
6660,1892,5.0,Retail,21,3,US,mobile,128.8,3,0,0,0,0,0
6666,1104,5.0,Grocery,2,5,US,mobile,147.1,2,0,1,1,0,0
6720,3667,5.0,Utilities,18,0,US,mobile,428.6,4,0,0,0,0,0
6739,2488,8.88,Grocery,4,4,GB,desktop,97.6,2,0,0,1,0,1
6802,1275,10.17,Grocery,3,3,GB,desktop,447.8,1,0,0,1,0,0
6804,4337,5.0,Retail,16,6,CA,desktop,4.3,1,0,1,0,0,0
6893,1082,5.0,Grocery,11,4,US,mobile,45.4,3,0,0,0,0,1
6910,4963,8.19,Grocery,23,3,DE,desktop,373.8,1,0,0,1,0,0
6945,4174,5.0,Retail,14,4,US,mobile,81.9,3,0,0,0,0,0
6956,4636,5.0,Retail,2,6,US,mobile,107.8,2,0,1,1,0,0
6987,3117,5.0,Grocery,3,2,DE,desktop,183.5,0,0,0,1,0,0
6988,3440,5.0,Utilities,2,6,US,mobile,597.8,1,0,1,1,0,0
6994,3868,8.63,Grocery,23,5,US,mobile,289.2,0,0,1,1,0,0
7003,4879,5.0,Grocery,0,4,FR,desktop,452.1,2,0,0,1,0,0
7035,4395,5.69,Retail,23,2,CA,desktop,155.7,1,0,0,1,0,0
7069,3510,5.0,Grocery,6,3,US,mobile,408.0,3,0,0,0,0,0
7142,4047,5.0,Retail,2,5,US,tablet,186.2,1,0,1,1,0,0
7176,2936,5.0,Grocery,3,2,AU,desktop,392.0,1,0,0,1,0,1
7226,3460,5.0,Grocery,22,6,CA,desktop,7.6,1,0,1,0,0,0
7245,3913,5.0,Retail,2,2,CA,desktop,177.8,0,0,0,1,0,1
7250,3673,5.0,Utilities,5,6,US,mobile,55.7,0,0,1,1,0,1
7336,1514,6.34,Grocery,4,1,GB,desktop,122.0,2,0,0,1,0,0
7361,1246,5.0,Health,2,1,FR,desktop,225.1,2,0,0,1,0,0
7387,4151,5.0,Retail,0,2,JP,desktop,309.7,2,0,0,1,0,0
7442,3553,5.0,Retail,5,5,US,mobile,227.5,1,0,1,1,0,0
7463,1847,5.0,Retail,15,6,US,desktop,133.0,0,1,1,0,0,0
7470,1669,5.0,Grocery,5,6,US,mobile,364.7,2,0,1,1,0,1
7500,1801,5.0,Retail,0,4,GB,desktop,139.9,0,0,0,1,0,0
7513,2924,5.0,Health,1,4,AU,desktop,117.6,0,0,0,1,0,0
7561,3642,5.0,Retail,23,5,US,tablet,196.1,2,0,1,1,0,0
7564,4344,5.0,Health,22,1,US,mobile,217.3,3,0,0,0,0,1
7579,3482,5.0,Retail,3,5,US,mobile,451.8,1,0,1,1,0,0
7597,3579,5.0,Retail,7,4,US,mobile,151.5,3,0,0,0,0,0
7705,4751,5.0,Grocery,0,6,US,mobile,100.8,2,0,1,1,0,0
7755,1622,5.0,Retail,0,2,BR,desktop,227.6,1,0,0,1,0,0
7849,1260,7.2,Retail,23,5,US,tablet,56.5,1,0,1,1,0,1
7863,4163,5.0,Grocery,0,6,US,tablet,185.3,1,0,1,1,0,0
7869,3425,5.0,Grocery,1,1,CA,desktop,267.4,1,0,0,1,0,1
7982,4918,5.0,Grocery,2,5,US,mobile,37.8,2,0,1,1,0,1
8077,3130,9.07,Grocery,23,5,US,mobile,76.7,1,0,1,1,0,0
8090,2922,5.0,Grocery,20,0,US,mobile,340.0,3,0,0,0,0,0
8091,3092,5.0,Grocery,0,0,BR,desktop,144.2,2,0,0,1,0,0
8096,2060,5.0,Retail,9,6,US,desktop,176.7,1,1,1,0,0,0
8119,2697,5.11,Grocery,4,6,US,mobile,371.7,0,0,1,1,0,0
8131,1543,5.0,Grocery,15,0,US,mobile,117.0,4,0,0,0,0,0
8258,4193,5.0,Grocery,18,4,US,mobile,31.3,3,0,0,0,0,0
8269,1572,5.0,Retail,5,4,CA,desktop,73.8,2,0,0,1,0,0
8314,4630,5.0,Retail,10,1,US,tablet,182.7,3,0,0,0,0,0
8333,3852,5.0,Grocery,6,1,US,mobile,82.5,4,0,0,0,0,0
8334,1077,6.52,Retail,4,6,US,mobile,328.2,0,0,1,1,0,0
8349,3856,5.0,Health,20,4,US,tablet,466.5,3,0,0,0,0,0
8418,2795,5.0,Grocery,1,4,GB,desktop,466.6,2,0,0,1,0,0
8480,3621,5.0,Retail,23,2,CA,desktop,39.8,0,0,0,1,0,0
8508,3123,5.0,Grocery,5,5,US,mobile,162.1,2,0,1,1,0,1
8592,2611,5.0,Grocery,23,6,US,mobile,93.9,2,0,1,1,0,1
8595,1698,5.0,Utilities,0,2,CA,desktop,108.6,0,0,0,1,0,0
8609,3907,5.0,Utilities,9,4,US,mobile,130.3,3,0,0,0,0,0
8619,1057,5.0,Grocery,1,2,GB,desktop,107.6,2,0,0,1,0,0
8623,4517,5.06,Retail,15,4,US,tablet,65.0,3,0,0,0,0,0
8687,1335,5.0,Retail,5,4,FR,desktop,68.8,0,0,0,1,0,0
8702,1731,5.0,Retail,8,1,US,mobile,423.3,3,0,0,0,0,1
8723,4023,5.0,Health,4,4,BR,desktop,96.5,2,0,0,1,0,0
8750,3362,5.0,Retail,22,5,FR,desktop,17.1,0,0,1,0,0,0
8754,3894,5.0,Grocery,2,3,GB,desktop,58.8,2,0,0,1,0,0
8782,1804,5.0,Utilities,9,6,JP,desktop,4.8,1,0,1,0,0,0
8837,2159,5.0,Retail,1,4,CA,desktop,139.1,2,0,0,1,0,0
8843,3575,5.0,Grocery,5,3,GB,desktop,139.7,1,0,0,1,0,1
8910,3111,5.0,Retail,0,5,US,mobile,180.6,2,0,1,1,0,0
8921,3920,5.0,Grocery,4,6,US,mobile,69.4,1,0,1,1,0,0
8934,1662,5.0,Retail,14,0,US,mobile,779.5,3,0,0,0,0,0
8937,4996,5.0,Grocery,4,6,US,mobile,96.8,2,0,1,1,0,0
8981,4991,5.0,Retail,11,5,US,desktop,56.9,2,1,1,0,0,0
9046,4093,5.0,Retail,15,0,US,tablet,136.8,3,0,0,0,0,0
9099,2846,5.0,Grocery,5,3,CA,desktop,384.0,2,0,0,1,0,1
9109,2379,5.0,Grocery,2,4,GB,desktop,239.3,1,0,0,1,0,0
9124,1970,5.0,Retail,3,5,US,tablet,591.3,0,0,1,1,0,1
9160,1301,5.0,Retail,5,0,DE,desktop,617.8,2,0,0,1,0,0
9233,3328,5.0,Grocery,5,6,US,tablet,156.8,0,0,1,1,0,1
9279,4918,5.0,Grocery,5,4,AU,desktop,149.4,1,0,0,1,0,0
9281,3188,5.0,Retail,13,2,US,mobile,173.0,4,0,0,0,0,0
9294,4673,5.0,Health,0,2,DE,desktop,65.4,0,0,0,1,0,0
9318,3297,5.0,Retail,2,6,US,mobile,63.4,2,0,1,1,0,1
9336,2361,5.0,Grocery,4,4,FR,desktop,271.0,0,0,0,1,0,0
9362,4776,5.0,Utilities,1,6,US,mobile,98.8,1,0,1,1,0,0
9385,2699,5.0,Utilities,16,4,US,mobile,115.0,3,0,0,0,0,0
9397,1949,5.0,Grocery,0,1,CA,desktop,35.6,1,0,0,1,0,0
9422,4174,9.92,Grocery,23,5,US,mobile,859.7,1,0,1,1,0,0
9482,1837,5.0,Utilities,2,0,CA,desktop,39.7,2,0,0,1,0,0
9500,1443,10.93,Grocery,5,2,GB,desktop,127.1,0,0,0,1,0,0
9526,4687,5.0,Grocery,6,4,US,tablet,146.6,3,0,0,0,0,0
9591,1932,5.0,Grocery,7,3,US,mobile,40.6,3,0,0,0,0,0
9604,1834,7.88,Grocery,0,5,US,mobile,185.3,2,0,1,1,0,0
9630,2712,5.0,Grocery,22,3,US,mobile,44.7,3,0,0,0,0,0
9643,2797,5.0,Grocery,22,2,US,mobile,745.3,3,0,0,0,0,0
9646,3659,5.0,Grocery,12,2,US,mobile,1078.7,3,0,0,0,0,0
9695,1474,5.0,Retail,18,4,US,mobile,77.4,3,0,0,0,0,1
9734,2173,5.0,Retail,13,3,US,mobile,250.4,3,0,0,0,0,0
9757,2285,5.0,Grocery,5,5,US,mobile,180.4,1,0,1,1,0,0
9759,4555,10.33,Grocery,2,5,US,mobile,194.2,2,0,1,1,0,1
9826,2549,5.0,Grocery,0,3,CA,desktop,249.2,2,0,0,1,0,0
9828,4764,5.0,Grocery,4,5,US,tablet,54.8,1,0,1,1,0,0
9835,1476,5.0,Grocery,6,0,US,mobile,168.9,3,0,0,0,0,1
9858,3866,5.0,Grocery,23,1,CA,desktop,202.2,1,0,0,1,0,0
9945,1675,5.0,Grocery,15,4,US,mobile,50.3,6,0,0,0,0,0
9966,2242,5.0,Utilities,2,2,JP,desktop,43.0,2,0,0,1,0,0
9992,1894,5.0,Retail,8,6,BR,desktop,23.3,2,0,1,0,0,0
10006,4067,5.0,Grocery,0,6,US,tablet,137.3,2,0,1,1,0,0
10009,4754,5.0,Grocery,5,6,US,tablet,203.3,2,0,1,1,0,1
10076,1760,5.0,Retail,5,2,FR,desktop,117.0,2,0,0,1,0,0
10098,1636,9.97,Retail,7,2,US,mobile,84.2,3,0,0,0,0,0
10106,3234,5.0,Retail,3,5,US,mobile,52.2,1,0,1,1,0,0
10132,3051,5.0,Health,12,5,JP,desktop,11.2,0,0,1,0,0,0
10175,4946,5.0,Health,2,0,CA,desktop,358.4,1,0,0,1,0,0
10217,3302,5.0,Retail,3,2,NG,desktop,176.3,1,0,0,1,0,0
10223,2691,5.0,Retail,20,2,US,mobile,73.4,4,0,0,0,0,1
10231,1099,5.0,Retail,14,5,DE,desktop,16.4,0,0,1,0,0,0
10238,1215,5.0,Utilities,22,1,US,mobile,164.5,4,0,0,0,0,0
10297,3334,10.26,Retail,8,5,US,desktop,37.9,0,1,1,0,0,0
10299,4079,5.0,Retail,18,5,AU,desktop,15.9,0,0,1,0,0,0
10301,1201,5.0,Grocery,23,4,AU,desktop,37.7,1,0,0,1,0,0
10311,2417,5.0,Retail,20,4,US,mobile,254.5,3,0,0,0,0,0
10374,1090,5.0,Retail,3,6,US,mobile,73.1,2,0,1,1,0,0
10443,2379,5.0,Grocery,9,3,US,mobile,67.0,3,0,0,0,0,0
10491,4447,5.0,Grocery,7,0,US,mobile,49.3,3,0,0,0,0,0
10610,1049,5.0,Grocery,8,1,US,tablet,54.1,3,0,0,0,0,1
10696,3994,5.0,Utilities,22,0,US,tablet,100.0,3,0,0,0,0,0
10698,3664,5.0,Retail,21,3,US,mobile,173.2,4,0,0,0,0,0
10745,4292,5.0,Retail,8,3,US,tablet,290.2,3,0,0,0,0,1
10764,3786,5.0,Grocery,17,2,US,tablet,37.6,3,0,0,0,0,1
10845,4055,5.0,Utilities,4,1,DE,desktop,246.5,1,0,0,1,0,0
10876,1816,5.0,Health,11,1,US,mobile,112.5,3,0,0,0,0,0
10912,3121,5.0,Utilities,23,4,DE,desktop,91.7,0,0,0,1,0,0
10922,3741,5.0,Retail,17,4,US,mobile,353.8,3,0,0,0,0,1
10943,3581,5.0,Utilities,4,1,GB,desktop,638.6,2,0,0,1,0,0
10991,2418,5.0,Retail,4,1,DE,desktop,58.7,0,0,0,1,0,0
11012,2450,5.0,Retail,3,5,US,tablet,31.9,2,0,1,1,0,0
11040,3280,5.0,Grocery,22,2,US,tablet,298.1,3,0,0,0,0,0
11084,3198,5.0,Grocery,8,1,US,tablet,273.9,3,0,0,0,0,1
11101,4554,5.0,Grocery,1,5,US,mobile,417.9,1,0,1,1,0,1
11122,4717,5.15,Grocery,1,4,FR,desktop,94.6,2,0,0,1,0,1
11240,1274,6.42,Grocery,5,4,FR,desktop,44.4,2,0,0,1,0,0
11313,3826,5.0,Utilities,4,4,DE,desktop,301.4,0,0,0,1,0,0
11394,1495,7.18,Retail,3,2,JP,desktop,171.3,0,0,0,1,0,0
11436,4987,5.0,Grocery,21,2,US,mobile,58.9,4,0,0,0,0,0
11561,2531,5.0,Grocery,1,5,US,mobile,386.2,1,0,1,1,0,1
11572,3950,5.0,Health,3,2,CA,desktop,217.8,0,0,0,1,0,0
11633,1994,5.0,Utilities,19,4,US,tablet,256.8,3,0,0,0,0,0
11648,1695,5.0,Health,13,2,US,mobile,603.1,3,0,0,0,0,0
11693,3816,5.0,Utilities,17,1,US,mobile,35.6,3,0,0,0,0,0
11729,4965,5.0,Retail,0,2,CA,desktop,127.7,1,0,0,1,0,0
11732,2328,5.0,Retail,12,1,US,tablet,108.2,4,0,0,0,0,0
11749,1306,7.49,Retail,17,0,US,mobile,348.4,4,0,0,0,0,0
11763,1857,5.0,Grocery,23,1,CA,desktop,173.1,0,0,0,1,0,1
11778,4371,9.2,Health,23,4,DE,desktop,239.7,1,0,0,1,0,1
11785,2286,9.36,Retail,7,1,US,mobile,59.7,3,0,0,0,0,1
11808,4191,5.0,Grocery,4,5,US,mobile,48.8,2,0,1,1,0,0
11845,1555,5.0,Retail,1,3,BR,desktop,46.1,2,0,0,1,0,0
11866,2237,5.0,Retail,17,2,US,mobile,453.6,3,0,0,0,0,0
11915,1339,5.0,Grocery,13,3,US,mobile,90.4,3,0,0,0,0,0
11920,2235,5.0,Grocery,1,0,CA,desktop,185.7,2,0,0,1,0,0
11925,4934,5.0,Retail,2,3,AU,desktop,33.1,0,0,0,1,0,0
11977,3138,5.0,Health,0,4,FR,desktop,330.9,1,0,0,1,0,0
12019,1382,5.0,Retail,23,0,DE,desktop,273.0,1,0,0,1,0,0
12044,4573,5.0,Grocery,19,3,US,mobile,31.5,3,0,0,0,0,0
12057,3272,5.0,Grocery,23,5,US,mobile,58.7,2,0,1,1,0,0
12060,1695,5.0,Grocery,23,3,DE,desktop,581.2,0,0,0,1,0,1
12065,2038,5.0,Retail,2,1,DE,desktop,138.6,2,0,0,1,0,0
12073,2845,5.0,Utilities,14,6,BR,desktop,21.8,1,0,1,0,0,1
12074,4649,5.0,Retail,11,4,US,tablet,232.0,5,0,0,0,0,0
12125,2126,5.0,Retail,0,5,US,mobile,386.6,2,0,1,1,0,0
12211,4532,5.0,Grocery,1,0,CA,desktop,256.2,0,0,0,1,0,0
12249,4950,5.9,Retail,8,2,US,tablet,86.3,3,0,0,0,0,0
12295,3926,5.0,Retail,3,4,JP,desktop,83.8,0,0,0,1,0,0
12357,4888,5.0,Grocery,5,6,US,mobile,46.6,1,0,1,1,0,0
12369,3741,5.0,Retail,9,4,US,mobile,538.6,3,0,0,0,0,0
12372,3912,5.0,Retail,9,3,US,mobile,106.4,3,0,0,0,0,0
12378,3491,5.01,Grocery,18,4,US,tablet,45.2,3,0,0,0,0,0
12400,4959,5.12,Retail,4,3,BR,desktop,31.7,0,0,0,1,0,1
12415,1316,5.0,Utilities,17,3,US,mobile,222.1,3,0,0,0,0,0
12473,3489,5.0,Grocery,13,3,US,tablet,253.5,3,0,0,0,0,1
12504,1818,5.0,Health,20,2,US,mobile,126.5,5,0,0,0,0,0
12516,1442,5.0,Utilities,0,2,AU,desktop,142.1,2,0,0,1,0,0
12549,1277,5.0,Retail,4,2,GB,desktop,219.0,2,0,0,1,0,1
12556,3625,5.0,Health,16,4,US,tablet,75.4,3,0,0,0,0,0
12564,2073,5.0,Retail,0,3,AU,desktop,157.1,2,0,0,1,0,0
12656,3316,5.0,Grocery,16,3,US,tablet,119.0,3,0,0,0,0,0
12657,2045,5.0,Grocery,3,4,AU,desktop,250.5,2,0,0,1,0,1
12680,3855,5.0,Grocery,23,5,US,mobile,78.3,1,0,1,1,0,0
12704,4677,5.0,Grocery,1,5,US,mobile,493.5,1,0,1,1,0,0
12754,2184,5.0,Retail,21,4,US,tablet,302.2,3,0,0,0,0,1
12768,4012,5.0,Grocery,23,1,BR,desktop,83.4,1,0,0,1,0,1
12792,4035,5.0,Utilities,4,6,US,mobile,64.1,0,0,1,1,0,1
12839,3457,5.0,Retail,4,2,GB,desktop,58.7,1,0,0,1,0,0
12861,4706,5.0,Grocery,3,3,NG,desktop,248.8,0,0,0,1,0,0
12876,2256,5.0,Retail,1,6,US,mobile,335.1,1,0,1,1,0,0
12903,1218,5.0,Health,2,1,JP,desktop,300.1,1,0,0,1,0,0
12944,3428,5.0,Grocery,22,4,US,mobile,73.1,3,0,0,0,0,0
12977,2835,5.0,Grocery,4,3,FR,desktop,192.6,1,0,0,1,0,0
13037,4025,5.0,Grocery,18,6,FR,desktop,17.4,2,0,1,0,0,1
13058,3051,5.0,Grocery,16,2,US,mobile,162.1,3,0,0,0,0,0
13137,3488,5.0,Retail,11,4,US,mobile,47.4,4,0,0,0,0,0
13174,1013,5.0,Utilities,5,2,BR,desktop,56.2,2,0,0,1,0,0
13181,3698,5.0,Retail,9,1,US,mobile,974.6,3,0,0,0,0,1
13255,3086,5.0,Health,20,6,AU,desktop,10.8,1,0,1,0,0,0
13270,4169,5.13,Health,2,6,US,tablet,372.9,0,0,1,1,0,0
13284,4273,5.0,Grocery,5,6,US,mobile,66.9,0,0,1,1,0,0
13389,2475,5.0,Grocery,4,2,FR,desktop,217.4,1,0,0,1,0,1
13398,3887,5.0,Retail,20,4,US,mobile,88.3,3,0,0,0,0,0
13402,1936,5.0,Retail,8,4,US,mobile,201.1,3,0,0,0,0,0
13439,2442,10.94,Grocery,5,1,AU,desktop,38.2,2,0,0,1,0,0
13448,1517,5.0,Grocery,8,6,US,desktop,175.6,1,1,1,0,0,0
13471,3449,5.02,Retail,1,5,US,mobile,58.7,1,0,1,1,0,0
13497,4087,5.0,Retail,1,0,GB,desktop,82.6,0,0,0,1,0,0
13508,4639,5.0,Retail,19,1,US,mobile,62.5,3,0,0,0,0,0
13544,3331,5.0,Grocery,23,2,CA,desktop,62.1,1,0,0,1,0,0
13553,4321,5.0,Retail,5,4,FR,desktop,193.8,0,0,0,1,0,0
13558,2419,5.0,Grocery,7,4,US,mobile,247.8,3,0,0,0,0,1
13591,1793,5.0,Grocery,4,1,DE,desktop,654.2,2,0,0,1,0,1
13595,4906,5.0,Grocery,21,6,US,desktop,86.7,1,1,1,0,0,1
13602,2629,5.0,Grocery,8,2,US,mobile,215.1,3,0,0,0,0,0
13616,4800,5.0,Utilities,4,5,US,tablet,44.0,1,0,1,1,0,0
13620,4152,5.12,Grocery,23,2,DE,desktop,664.4,2,0,0,1,0,0
13628,1423,5.0,Grocery,18,2,US,mobile,291.5,4,0,0,0,0,0
13644,4745,5.0,Utilities,0,1,BR,desktop,309.8,1,0,0,1,0,0
13647,2852,5.0,Retail,12,2,US,mobile,101.3,3,0,0,0,0,0
13673,2044,5.0,Grocery,15,0,US,mobile,34.4,3,0,0,0,0,0
13735,3787,5.0,Retail,3,0,CA,desktop,79.3,0,0,0,1,0,0
13741,3100,9.14,Grocery,23,5,US,mobile,257.6,2,0,1,1,0,0
13798,3407,5.0,Retail,4,1,CA,desktop,243.8,1,0,0,1,0,0
13804,3108,5.0,Retail,23,5,US,tablet,279.0,0,0,1,1,0,0
13806,3783,5.0,Grocery,21,2,US,mobile,46.3,3,0,0,0,0,0
13856,4648,5.0,Grocery,19,0,US,mobile,34.9,3,0,0,0,0,0
13877,3584,5.0,Health,4,6,US,mobile,137.3,0,0,1,1,0,0
13890,2530,5.0,Health,19,2,US,mobile,341.3,3,0,0,0,0,0
13913,2061,5.96,Utilities,4,0,CA,desktop,82.3,1,0,0,1,0,0
13932,3259,5.0,Grocery,13,2,US,tablet,147.9,3,0,0,0,0,1
13949,2176,5.0,Health,11,6,CA,desktop,16.1,2,0,1,0,0,1
13971,4934,5.0,Retail,3,0,GB,desktop,55.8,1,0,0,1,0,0
13981,4728,14.44,Retail,2,1,GB,desktop,151.5,2,0,0,1,0,0
14024,4906,5.0,Retail,5,6,US,mobile,81.0,2,0,1,1,0,1
14027,2583,5.0,Retail,23,1,FR,desktop,183.8,0,0,0,1,0,0
14037,3093,5.0,Grocery,12,2,US,mobile,909.3,3,0,0,0,0,0
14096,2303,5.0,Grocery,12,4,US,mobile,259.7,3,0,0,0,0,0
14147,2593,5.0,Health,23,5,US,mobile,403.0,2,0,1,1,0,0
14149,1997,5.0,Utilities,5,6,US,mobile,38.0,2,0,1,1,0,0
14166,4179,19.48,Retail,4,6,US,tablet,75.2,2,0,1,1,0,0
14179,4915,5.0,Retail,3,6,US,mobile,437.7,0,0,1,1,0,1
14190,3704,5.0,Grocery,4,0,AU,desktop,415.9,1,0,0,1,0,0
14204,2024,5.0,Retail,22,1,US,tablet,87.8,3,0,0,0,0,0
14237,4545,5.0,Retail,17,3,US,mobile,42.8,3,0,0,0,0,0
14265,4746,5.0,Utilities,11,4,US,tablet,128.5,4,0,0,0,0,1
14272,3707,5.0,Health,21,3,US,tablet,186.6,3,0,0,0,0,0
14279,4213,19.88,Health,12,5,AU,desktop,11.6,0,0,1,0,0,0
14285,1995,5.0,Grocery,7,1,US,mobile,210.7,4,0,0,0,0,0
14350,2433,5.0,Retail,4,0,DE,desktop,223.8,1,0,0,1,0,0
14364,2745,19.05,Retail,23,3,DE,desktop,92.4,1,0,0,1,0,1
14380,3635,5.0,Utilities,0,6,US,mobile,94.1,0,0,1,1,0,0
14425,4767,5.0,Retail,9,1,US,mobile,180.9,3,0,0,0,0,0
14434,3763,5.0,Retail,15,6,DE,desktop,7.6,1,0,1,0,0,0
14438,2100,5.0,Grocery,0,6,US,mobile,106.0,2,0,1,1,0,0
14479,2498,5.0,Grocery,19,5,DE,desktop,1.2,2,0,1,0,0,0
14484,2159,8.15,Retail,20,3,US,tablet,266.2,3,0,0,0,0,0
14582,2473,5.0,Utilities,1,4,DE,desktop,54.3,0,0,0,1,0,1
14588,1577,12.72,Grocery,0,5,US,mobile,199.9,1,0,1,1,0,1
14590,3584,5.0,Retail,2,1,BR,desktop,90.0,1,0,0,1,0,0
14596,1316,5.0,Grocery,22,0,US,mobile,459.2,3,0,0,0,0,0
14608,2908,5.0,Grocery,11,6,GB,desktop,2.9,2,0,1,0,0,1
14611,4205,5.0,Retail,4,4,FR,desktop,417.1,2,0,0,1,0,0
14628,3472,5.0,Retail,3,4,JP,desktop,266.7,0,0,0,1,0,0
14631,3334,5.0,Grocery,22,6,NG,desktop,26.4,2,0,1,0,0,0
14685,3526,5.29,Retail,19,4,US,mobile,205.7,3,0,0,0,0,0
14728,4293,5.0,Grocery,19,0,US,mobile,85.4,4,0,0,0,0,0
14762,2425,5.0,Grocery,4,4,FR,desktop,114.3,1,0,0,1,0,1
14768,1250,5.0,Grocery,3,6,US,mobile,262.4,2,0,1,1,0,1
14805,1671,5.0,Retail,1,6,US,mobile,177.4,1,0,1,1,0,0
14875,2903,5.0,Health,5,5,US,mobile,525.9,1,0,1,1,0,1
14879,2688,5.0,Retail,12,3,US,mobile,77.1,3,0,0,0,0,1
14924,3289,5.0,Utilities,23,1,FR,desktop,289.5,0,0,0,1,0,0
14954,2920,5.0,Retail,4,4,JP,desktop,243.9,1,0,0,1,0,0
14971,1231,5.0,Grocery,23,6,US,mobile,37.1,1,0,1,1,0,0
14973,2585,5.0,Grocery,1,1,DE,desktop,134.4,1,0,0,1,0,1
14988,1432,5.0,Grocery,2,0,AU,desktop,294.9,0,0,0,1,0,0
15079,1804,6.1,Grocery,1,5,US,mobile,184.7,0,0,1,1,0,0
15093,2887,5.0,Health,11,2,US,mobile,355.9,3,0,0,0,0,1
15118,4416,5.0,Retail,6,5,JP,desktop,19.3,1,0,1,0,0,0
15127,1212,5.0,Retail,3,5,US,mobile,404.0,2,0,1,1,0,0
15172,2509,6.75,Retail,1,0,NG,desktop,47.3,0,0,0,1,0,1
15206,3050,5.0,Grocery,8,3,US,mobile,198.5,4,0,0,0,0,1
15265,4755,5.0,Grocery,2,3,DE,desktop,33.8,2,0,0,1,0,0
15297,4912,5.0,Grocery,20,3,US,mobile,539.9,3,0,0,0,0,0
15303,4369,5.0,Grocery,21,4,US,tablet,288.7,3,0,0,0,0,1
15335,2885,5.1,Retail,4,2,CA,desktop,744.2,2,0,0,1,0,0
15352,3114,5.0,Grocery,3,3,CA,desktop,36.1,1,0,0,1,0,0
15385,3041,5.0,Health,0,1,GB,desktop,50.0,0,0,0,1,0,0
15409,1126,5.0,Retail,14,4,US,mobile,298.4,3,0,0,0,0,0
15418,2492,5.0,Utilities,1,6,US,tablet,81.4,1,0,1,1,0,1
15426,2703,5.0,Grocery,4,2,CA,desktop,32.5,0,0,0,1,0,0
15494,3165,5.0,Retail,11,3,US,tablet,86.4,4,0,0,0,0,0
15554,1801,5.0,Retail,18,2,US,tablet,112.6,3,0,0,0,0,0
15575,4669,5.0,Grocery,7,6,GB,desktop,11.0,1,0,1,0,0,0
15578,3162,5.0,Grocery,5,3,DE,desktop,73.9,1,0,0,1,0,0
15642,3592,5.0,Retail,3,1,DE,desktop,153.2,2,0,0,1,0,0
15675,2022,5.0,Grocery,5,0,BR,desktop,30.5,2,0,0,1,0,0
15726,1509,6.86,Retail,1,6,US,mobile,213.7,1,0,1,1,0,0
15733,2241,5.88,Grocery,3,5,US,mobile,175.6,1,0,1,1,0,0
15838,4719,5.0,Retail,18,0,US,mobile,95.0,3,0,0,0,0,0
15904,3455,5.0,Grocery,6,1,US,mobile,668.2,5,0,0,0,0,0
15925,2126,5.0,Grocery,6,1,US,mobile,147.8,3,0,0,0,0,1
15926,3764,5.83,Retail,5,4,GB,desktop,45.1,0,0,0,1,0,0
15990,1222,5.0,Grocery,3,5,US,mobile,105.5,2,0,1,1,0,0
16023,3227,7.04,Retail,1,3,CA,desktop,45.8,1,0,0,1,0,0
16055,4587,5.0,Grocery,12,6,CA,desktop,1.0,2,0,1,0,0,0
16114,3308,5.0,Retail,19,1,US,tablet,345.7,3,0,0,0,0,1
16120,4527,5.0,Retail,8,0,US,mobile,311.0,4,0,0,0,0,1
16123,1624,5.0,Grocery,1,3,BR,desktop,162.4,2,0,0,1,0,0
16132,1626,5.0,Grocery,2,2,CA,desktop,438.9,2,0,0,1,0,0
16154,1035,5.0,Grocery,2,0,FR,desktop,57.8,1,0,0,1,0,0
16165,2242,5.0,Grocery,4,6,US,tablet,57.8,0,0,1,1,0,0
16176,1691,5.0,Retail,9,5,US,desktop,46.9,1,1,1,0,0,0
16180,1408,5.0,Grocery,17,2,US,mobile,301.9,4,0,0,0,0,0
16189,2760,5.0,Retail,16,6,US,desktop,78.1,1,1,1,0,0,0
16259,4898,5.04,Grocery,5,4,AU,desktop,159.1,2,0,0,1,0,1
16296,1825,5.0,Health,17,0,US,tablet,434.1,3,0,0,0,0,0
16327,2227,5.0,Retail,14,5,US,desktop,458.4,1,1,1,0,0,0
16450,2071,5.0,Retail,0,4,GB,desktop,352.3,1,0,0,1,0,0
16473,4944,5.0,Grocery,3,5,US,tablet,219.5,1,0,1,1,0,1
16504,1553,5.0,Grocery,12,3,US,mobile,104.1,3,0,0,0,0,1
16553,4391,5.0,Retail,9,6,US,desktop,165.0,1,1,1,0,0,1
16558,4702,5.0,Retail,1,3,JP,desktop,524.0,1,0,0,1,0,1
16615,2675,5.73,Grocery,16,3,US,mobile,295.5,4,0,0,0,0,0
16646,1253,6.42,Grocery,10,2,US,mobile,134.6,3,0,0,0,0,0
16863,1838,8.75,Retail,0,6,US,tablet,66.6,1,0,1,1,0,1
16967,4149,5.0,Retail,17,1,US,mobile,134.2,4,0,0,0,0,0
17037,4997,5.0,Grocery,13,1,US,mobile,520.3,3,0,0,0,0,0
17038,3201,5.0,Grocery,23,4,DE,desktop,144.0,2,0,0,1,0,0
17089,4381,5.0,Retail,16,3,US,mobile,404.9,3,0,0,0,0,0
17118,2199,5.0,Grocery,13,6,CA,desktop,11.8,1,0,1,0,0,0
17123,2745,8.85,Health,5,5,US,tablet,52.1,2,0,1,1,0,0
17142,3511,5.0,Utilities,0,0,GB,desktop,1021.3,2,0,0,1,0,0
17148,2600,5.0,Grocery,12,2,US,tablet,320.5,4,0,0,0,0,0
17158,3486,5.0,Retail,19,5,US,desktop,53.2,2,1,1,0,0,1
17182,3098,5.0,Retail,23,6,US,mobile,111.8,1,0,1,1,0,1
17246,1784,5.0,Retail,15,4,US,tablet,186.6,3,0,0,0,0,1
17248,3718,5.0,Grocery,0,0,GB,desktop,67.7,0,0,0,1,0,0
17249,3747,5.0,Grocery,6,6,FR,desktop,26.1,1,0,1,0,0,1
17292,2517,5.0,Retail,14,6,FR,desktop,10.0,0,0,1,0,0,0
17399,1925,5.0,Grocery,14,3,US,mobile,67.2,4,0,0,0,0,1
17424,1525,5.0,Retail,19,4,US,mobile,108.6,4,0,0,0,0,0
17548,4009,5.0,Health,7,1,US,mobile,62.1,4,0,0,0,0,0
17620,4521,5.0,Retail,23,6,US,mobile,109.4,0,0,1,1,0,0
17666,1360,5.0,Retail,23,1,CA,desktop,867.8,2,0,0,1,0,0
17695,1889,5.0,Retail,22,1,US,mobile,272.3,3,0,0,0,0,0
17720,1827,5.0,Grocery,14,5,BR,desktop,9.6,1,0,1,0,0,1
17739,2989,5.0,Grocery,21,0,US,mobile,128.4,3,0,0,0,0,0
17761,1584,5.0,Retail,5,4,DE,desktop,363.0,2,0,0,1,0,0
17774,1191,5.0,Retail,23,3,CA,desktop,157.6,1,0,0,1,0,1
17786,4007,5.0,Health,12,4,US,mobile,103.5,3,0,0,0,0,1
17857,4302,5.0,Grocery,23,1,GB,desktop,197.6,0,0,0,1,0,0
17865,1059,5.0,Health,8,0,US,mobile,69.7,4,0,0,0,0,0
17870,4238,5.0,Grocery,5,6,US,tablet,105.2,1,0,1,1,0,0
17875,4448,5.0,Health,20,4,US,mobile,42.2,3,0,0,0,0,0
17888,4060,5.34,Grocery,15,5,US,desktop,100.2,0,1,1,0,0,0
17906,2318,5.0,Retail,2,6,US,tablet,145.2,0,0,1,1,0,0
17916,3602,5.0,Retail,1,6,US,tablet,204.3,1,0,1,1,0,0
17918,1009,5.0,Retail,12,1,US,mobile,44.8,3,0,0,0,0,1
17977,1282,5.0,Retail,8,6,US,desktop,231.2,0,1,1,0,0,0
17980,2546,5.0,Retail,20,1,US,mobile,550.9,3,0,0,0,0,1
18014,1473,5.0,Retail,2,4,CA,desktop,123.3,2,0,0,1,0,1
18017,4453,5.0,Health,23,4,DE,desktop,281.0,2,0,0,1,0,1
18065,2846,5.0,Retail,3,5,US,mobile,350.8,2,0,1,1,0,0
18096,2634,5.24,Retail,5,6,US,mobile,565.2,2,0,1,1,0,0
18118,1133,5.0,Grocery,8,5,US,desktop,31.8,0,1,1,0,0,0
18156,3752,5.0,Utilities,9,3,US,mobile,96.4,3,0,0,0,0,0
18169,4532,5.0,Grocery,1,6,US,mobile,36.9,1,0,1,1,0,0
18197,1799,5.0,Retail,0,5,US,mobile,62.7,1,0,1,1,0,1
18245,4151,5.0,Retail,8,1,US,mobile,250.7,3,0,0,0,0,0
18282,2741,5.0,Retail,6,1,US,mobile,298.0,3,0,0,0,0,0
18301,1503,5.0,Utilities,21,5,FR,desktop,14.9,2,0,1,0,0,1
18346,1099,5.0,Retail,4,0,DE,desktop,175.7,0,0,0,1,0,0
18368,4935,5.0,Retail,10,6,GB,desktop,3.3,2,0,1,0,0,0
18382,2856,5.0,Health,1,1,CA,desktop,79.4,2,0,0,1,0,1
18430,1025,5.0,Grocery,23,5,US,mobile,378.0,0,0,1,1,0,1
18432,3975,5.0,Grocery,4,3,DE,desktop,253.0,1,0,0,1,0,0
18447,1021,5.0,Retail,2,3,CA,desktop,167.4,0,0,0,1,0,0
18455,1056,5.0,Grocery,4,5,US,mobile,252.3,1,0,1,1,0,0
18466,3388,5.0,Retail,11,3,US,mobile,219.2,4,0,0,0,0,0
18534,2878,5.0,Retail,0,5,US,mobile,99.2,2,0,1,1,0,0
18558,2254,5.0,Grocery,13,4,US,tablet,95.0,3,0,0,0,0,0
18657,3053,5.0,Grocery,4,5,US,mobile,293.2,0,0,1,1,0,0
18681,1723,5.0,Utilities,0,2,CA,desktop,149.2,1,0,0,1,0,0
18714,4932,5.0,Retail,16,2,US,mobile,37.1,4,0,0,0,0,0
18736,4266,5.0,Utilities,0,5,US,mobile,39.7,0,0,1,1,0,0
18846,3274,5.0,Health,16,5,JP,desktop,24.7,2,0,1,0,0,0
18860,4335,5.0,Retail,7,6,BR,desktop,19.7,2,0,1,0,0,0
18871,1768,5.0,Retail,3,4,GB,desktop,48.3,1,0,0,1,0,0
18878,3070,5.0,Grocery,1,5,US,mobile,279.7,0,0,1,1,0,1
18903,2319,6.23,Retail,2,5,US,mobile,304.0,1,0,1,1,0,0
18916,1715,5.0,Grocery,17,6,US,desktop,412.8,1,1,1,0,0,0
18940,1903,5.0,Grocery,18,4,US,mobile,44.1,3,0,0,0,0,1
18941,3299,5.0,Grocery,5,6,US,mobile,130.7,0,0,1,1,0,0
18942,3681,5.0,Utilities,18,0,US,mobile,44.7,3,0,0,0,0,0
18943,4947,5.0,Retail,0,2,AU,desktop,231.0,1,0,0,1,0,0
18952,4900,5.0,Health,5,1,GB,desktop,129.3,0,0,0,1,0,0
18965,4788,5.0,Utilities,16,0,US,mobile,125.7,5,0,0,0,0,0
18971,4901,5.0,Grocery,23,3,GB,desktop,62.4,1,0,0,1,0,1
18972,2008,5.0,Retail,23,5,US,mobile,105.1,2,0,1,1,0,0
18994,1307,5.0,Grocery,3,5,US,mobile,35.6,1,0,1,1,0,1
19056,1331,5.0,Retail,0,5,US,tablet,471.8,0,0,1,1,0,0
19101,4829,5.0,Retail,5,2,AU,desktop,169.8,1,0,0,1,0,0
19187,2180,5.0,Grocery,23,3,AU,desktop,481.3,2,0,0,1,0,0
19192,2938,5.0,Retail,5,0,CA,desktop,56.1,1,0,0,1,0,0
19228,1937,5.0,Grocery,22,4,US,mobile,278.5,3,0,0,0,0,0
19259,2783,5.0,Retail,1,5,US,mobile,186.9,2,0,1,1,0,0
19271,2261,5.0,Grocery,16,1,US,mobile,195.6,3,0,0,0,0,0
19289,4582,5.0,Health,4,5,US,mobile,36.2,0,0,1,1,0,1
19343,1907,6.5,Grocery,10,6,US,desktop,162.9,2,1,1,0,0,0
19382,2791,5.0,Grocery,20,3,US,mobile,162.9,4,0,0,0,0,1
19397,1273,5.0,Retail,3,6,US,mobile,255.3,1,0,1,1,0,0
19409,3000,5.0,Retail,1,3,FR,desktop,87.5,1,0,0,1,0,0
19433,1959,5.32,Health,3,1,JP,desktop,275.3,2,0,0,1,0,0
19489,3983,5.0,Grocery,18,1,US,mobile,43.2,3,0,0,0,0,0
19509,4589,5.0,Grocery,2,0,CA,desktop,464.8,2,0,0,1,0,0
19520,1978,5.0,Retail,17,3,US,tablet,590.2,4,0,0,0,0,1
19545,1331,5.0,Grocery,1,4,DE,desktop,133.7,2,0,0,1,0,0
19558,3773,5.0,Health,20,3,US,mobile,140.5,3,0,0,0,0,1
19566,3643,5.0,Retail,1,5,US,mobile,710.5,1,0,1,1,0,0
19595,1634,6.93,Health,7,6,US,desktop,58.3,1,1,1,0,0,0
19628,1221,5.0,Retail,23,2,AU,desktop,457.5,0,0,0,1,0,0
19650,2543,5.0,Grocery,12,4,US,tablet,115.7,5,0,0,0,0,0
19665,3765,5.0,Grocery,6,3,US,mobile,106.9,4,0,0,0,0,0
19700,1144,5.0,Retail,3,4,CA,desktop,502.4,0,0,0,1,0,0
19729,3832,5.0,Retail,1,4,AU,desktop,56.4,1,0,0,1,0,0
19732,2694,5.0,Retail,4,4,GB,desktop,301.6,0,0,0,1,0,0
19740,4699,5.0,Grocery,1,5,US,mobile,1042.3,2,0,1,1,0,0
19747,2031,5.0,Grocery,19,3,US,mobile,340.7,4,0,0,0,0,1
19869,1985,5.0,Retail,18,1,US,mobile,38.5,5,0,0,0,0,0
19887,2222,5.0,Retail,7,1,US,mobile,41.7,3,0,0,0,0,0
19897,1075,5.0,Retail,4,6,US,mobile,112.2,0,0,1,1,0,0
19930,1061,5.0,Retail,17,5,US,desktop,69.4,2,1,1,0,0,0
19948,2346,5.0,Grocery,4,3,CA,desktop,83.7,1,0,0,1,0,0
93,4366,5.0,Health,0,0,US,mobile,382.0,1,0,0,1,1,0
548,3364,5.28,Online,8,4,US,desktop,5.3,2,0,0,0,0,0
606,3144,11.69,Grocery,7,3,CA,desktop,4.2,1,0,0,0,1,0
732,2674,5.0,Grocery,0,1,US,tablet,117.9,1,0,0,1,1,0
757,3949,5.0,Online,11,1,US,desktop,29.6,2,0,0,0,0,0
772,4946,5.0,Online,6,0,US,desktop,28.8,1,0,0,0,0,0
893,3090,5.0,Entertainment,10,4,US,desktop,16.4,1,0,0,0,0,1
953,3458,5.0,Retail,0,3,US,mobile,128.1,1,0,0,1,1,0
1306,3686,5.0,Entertainment,18,3,US,desktop,5.7,0,0,0,0,0,0
1312,2392,5.0,Travel,14,4,US,desktop,17.4,1,0,0,0,0,0
1533,4731,5.75,Online,16,3,US,desktop,3.3,2,0,0,0,0,0
1584,2656,5.0,Food Delivery,10,4,US,desktop,26.1,1,0,0,0,0,0
1645,1528,5.0,Food Delivery,7,4,US,desktop,10.5,2,0,0,0,0,0
1974,2365,5.0,Online,7,0,US,desktop,19.5,0,0,0,0,0,0
2109,2122,5.0,Retail,10,0,CA,desktop,18.1,2,0,0,0,1,1
2262,4997,5.0,Retail,0,1,US,mobile,114.6,0,0,0,1,1,0
2327,2368,5.94,Travel,20,1,US,desktop,12.3,2,0,0,0,0,1
2433,1649,5.0,Health,5,3,US,mobile,114.2,1,0,0,1,1,0
2438,3706,5.0,Food Delivery,13,2,US,desktop,13.4,2,0,0,0,0,0
2580,3271,5.0,Online,21,1,US,desktop,8.3,2,0,0,0,0,0
2590,2382,5.0,Health,23,2,US,mobile,356.1,1,0,0,1,1,0
2616,3675,5.0,Grocery,1,2,US,mobile,50.2,2,0,0,1,1,0
2634,3250,5.0,Health,1,1,US,tablet,61.1,0,0,0,1,1,0
2659,3688,5.0,Online,15,3,US,desktop,16.6,0,0,0,0,0,0
2786,1470,5.0,Travel,14,0,US,desktop,23.9,2,0,0,0,0,0
3032,2090,6.4,Online,8,3,US,desktop,16.3,1,0,0,0,0,0
3113,1236,6.8,Food Delivery,17,4,US,desktop,23.3,2,0,0,0,0,1
3169,4288,5.0,Utilities,18,2,US,desktop,113.8,2,1,0,0,1,0
3443,2821,5.0,Retail,2,1,US,mobile,345.4,2,0,0,1,1,1
3514,1564,5.0,Food Delivery,22,4,US,desktop,24.0,1,0,0,0,0,1
3662,2873,5.0,Grocery,0,3,US,mobile,66.3,2,0,0,1,1,0
3702,1922,5.0,Grocery,2,2,US,mobile,223.7,2,0,0,1,1,0
3869,1886,5.0,Entertainment,14,1,US,desktop,8.8,0,0,0,0,0,0
3908,4880,5.0,Food Delivery,17,4,US,desktop,21.6,0,0,0,0,0,0
3993,1561,5.0,Travel,13,1,US,desktop,16.4,2,0,0,0,0,0
4057,4387,5.0,Grocery,16,3,AU,desktop,29.9,1,0,0,0,1,0
4118,1523,5.0,Grocery,6,3,US,desktop,75.5,2,1,0,0,1,1
4148,4421,5.0,Grocery,22,0,CA,desktop,3.3,0,0,0,0,1,0
4260,1100,5.0,Grocery,23,0,US,mobile,70.8,1,0,0,1,1,0
4351,3433,5.0,Travel,13,3,US,desktop,28.7,1,0,0,0,0,0
4609,4489,5.0,Utilities,17,2,US,desktop,66.2,0,1,0,0,1,1
4649,2171,5.0,Online,12,3,US,desktop,26.7,1,0,0,0,0,1
4696,4342,5.0,Travel,13,2,US,desktop,29.6,0,0,0,0,0,0
4701,4553,9.52,Travel,21,4,US,desktop,12.7,0,0,0,0,0,0
4871,1761,6.14,Retail,4,2,US,mobile,250.3,2,0,0,1,1,0
4917,1418,5.0,Grocery,15,0,BR,desktop,10.9,1,0,0,0,1,0
4978,1443,12.65,Travel,22,0,US,desktop,7.6,2,0,0,0,0,0
5014,4761,5.0,Utilities,0,0,US,tablet,40.9,2,0,0,1,1,1
5018,3129,11.94,Grocery,2,2,US,mobile,53.4,2,0,0,1,1,0
5445,2006,5.0,Online,13,2,US,desktop,27.1,0,0,0,0,0,0
5663,4441,5.0,Travel,19,0,US,desktop,26.1,2,0,0,0,0,1
5679,3445,6.41,Travel,20,1,US,desktop,25.9,1,0,0,0,0,1
5830,2824,5.0,Health,19,3,US,desktop,608.2,0,1,0,0,1,1
5970,1265,5.0,Online,18,1,US,desktop,13.3,1,0,0,0,0,0
5971,3981,5.0,Travel,11,1,US,desktop,25.3,2,0,0,0,0,0
6145,1276,5.0,Online,21,0,US,desktop,24.8,0,0,0,0,0,1
6366,2966,5.0,Grocery,10,3,CA,desktop,27.2,2,0,0,0,1,0
6570,1762,5.0,Retail,10,2,US,desktop,353.9,1,1,0,0,1,0
6571,4353,5.0,Grocery,19,3,DE,desktop,28.8,1,0,0,0,1,0
6650,3417,5.0,Entertainment,18,1,US,desktop,1.9,0,0,0,0,0,0
6747,1048,5.0,Travel,12,3,US,desktop,6.9,1,0,0,0,0,0
6775,4755,5.0,Grocery,19,1,FR,desktop,26.1,1,0,0,0,1,0
6787,3597,5.0,Travel,15,3,US,desktop,15.2,1,0,0,0,0,0
6819,3893,5.0,Entertainment,20,0,US,desktop,1.0,0,0,0,0,0,0
6939,4175,5.0,Entertainment,19,2,US,desktop,13.6,2,0,0,0,0,0
7127,4553,5.0,Entertainment,11,1,US,desktop,21.0,0,0,0,0,0,0
7342,2439,5.0,Grocery,5,2,US,mobile,451.8,0,0,0,1,1,1
7617,3467,5.0,Retail,21,4,FR,desktop,5.3,2,0,0,0,1,0
7707,4384,5.0,Entertainment,14,1,US,desktop,21.2,1,0,0,0,0,0
7854,3146,5.0,Food Delivery,12,1,US,desktop,12.5,1,0,0,0,0,0
7971,1873,6.68,Online,16,0,US,desktop,1.0,2,0,0,0,0,0
8028,1172,5.0,Entertainment,9,4,US,desktop,1.0,0,0,0,0,0,0
8052,4787,5.0,Food Delivery,12,0,US,desktop,3.6,1,0,0,0,0,0
8150,1116,5.49,Food Delivery,11,3,US,desktop,15.2,1,0,0,0,0,0
8160,2802,5.0,Food Delivery,6,3,US,desktop,22.8,1,0,0,0,0,0
8296,3761,5.0,Entertainment,8,3,US,desktop,17.5,1,0,0,0,0,0
8457,4854,5.0,Online,22,3,US,desktop,25.1,0,0,0,0,0,0
8616,2377,5.0,Online,7,3,US,desktop,23.4,1,0,0,0,0,1
8849,2416,6.08,Health,14,3,DE,desktop,18.5,1,0,0,0,1,0
9060,3203,5.0,Retail,23,1,US,mobile,35.6,2,0,0,1,1,0
9080,2464,5.0,Food Delivery,20,3,US,desktop,18.8,1,0,0,0,0,0
9171,3168,5.0,Health,3,2,US,mobile,299.5,0,0,0,1,1,1
9236,3197,5.0,Travel,14,0,US,desktop,28.6,1,0,0,0,0,0
9295,1768,5.0,Grocery,2,4,US,mobile,75.1,0,0,0,1,1,0
9301,1803,5.0,Entertainment,13,2,US,desktop,28.4,2,0,0,0,0,0
9452,2346,6.02,Entertainment,16,2,US,desktop,24.3,2,0,0,0,0,1
9473,4023,5.0,Travel,13,4,US,desktop,28.1,0,0,0,0,0,0
9552,1299,5.0,Travel,16,3,US,desktop,12.8,0,0,0,0,0,0
9607,2265,9.97,Entertainment,6,0,US,desktop,20.1,2,0,0,0,0,0
9818,3729,5.0,Utilities,8,4,FR,desktop,9.9,1,0,0,0,1,0
9849,3644,5.0,Grocery,19,3,US,desktop,112.1,0,1,0,0,1,0
9911,4753,5.0,Food Delivery,20,0,US,desktop,1.2,2,0,0,0,0,0
9925,1257,5.0,Grocery,9,3,GB,desktop,18.2,1,0,0,0,1,0
10283,1153,5.0,Retail,4,1,US,mobile,108.9,1,0,0,1,1,0
10485,1438,5.0,Retail,5,1,US,mobile,310.2,2,0,0,1,1,0
10574,4139,5.0,Online,15,4,US,desktop,21.2,0,0,0,0,0,1
10676,3663,5.0,Grocery,0,1,US,mobile,48.5,2,0,0,1,1,0
10893,1971,5.0,Travel,8,3,US,desktop,1.3,2,0,0,0,0,0
10931,2278,5.0,Entertainment,11,4,US,desktop,17.7,1,0,0,0,0,0
10932,4239,5.0,Utilities,23,2,US,tablet,536.4,1,0,0,1,1,0
11254,3939,5.0,Retail,1,2,US,mobile,175.7,1,0,0,1,1,0
11466,3723,5.0,Grocery,4,2,US,mobile,34.3,2,0,0,1,1,0
11634,2200,5.0,Grocery,6,4,GB,desktop,26.8,1,0,0,0,1,0
12466,4273,5.0,Grocery,0,2,US,mobile,273.1,1,0,0,1,1,0
12483,1089,5.0,Health,9,0,DE,desktop,22.5,0,0,0,0,1,0
12491,3018,5.0,Travel,11,3,US,desktop,8.9,2,0,0,0,0,1
12536,4204,5.0,Food Delivery,16,3,US,desktop,15.9,2,0,0,0,0,0
12584,4714,5.0,Food Delivery,9,1,US,desktop,11.6,2,0,0,0,0,0
12802,1644,5.0,Travel,17,4,US,desktop,10.7,1,0,0,0,0,1
12810,1778,5.0,Travel,18,1,US,desktop,10.4,1,0,0,0,0,0
12830,3137,5.0,Grocery,3,0,US,mobile,501.7,2,0,0,1,1,0
13027,1824,5.0,Online,17,0,US,desktop,24.3,1,0,0,0,0,0
13082,4569,5.0,Grocery,1,1,US,mobile,96.5,0,0,0,1,1,0
13200,2576,11.6,Online,10,0,US,desktop,23.6,2,0,0,0,0,0
13288,2356,5.0,Entertainment,20,0,US,desktop,21.4,0,0,0,0,0,0
13310,3083,5.0,Travel,16,2,US,desktop,18.2,1,0,0,0,0,0
13403,2197,5.0,Online,21,2,US,desktop,7.2,1,0,0,0,0,1
13425,4532,5.0,Food Delivery,18,1,US,desktop,3.2,0,0,0,0,0,0
13635,3342,5.0,Retail,1,2,US,mobile,54.9,0,0,0,1,1,0
13828,3959,5.04,Online,18,0,US,desktop,4.9,1,0,0,0,0,0
13847,2854,5.0,Entertainment,16,1,US,desktop,14.4,1,0,0,0,0,1
13862,1965,5.0,Travel,15,4,US,desktop,24.9,1,0,0,0,0,0
14005,3062,5.0,Grocery,3,1,US,mobile,79.2,1,0,0,1,1,0
14093,1616,5.84,Online,8,0,US,desktop,8.0,0,0,0,0,0,0
14215,4923,5.0,Grocery,6,4,CA,desktop,8.7,0,0,0,0,1,0
14323,2407,5.0,Food Delivery,19,1,US,desktop,29.0,1,0,0,0,0,0
14426,3634,5.0,Retail,0,2,US,mobile,344.7,1,0,0,1,1,0
14495,1031,5.0,Food Delivery,20,1,US,desktop,3.5,1,0,0,0,0,0
14506,4413,5.0,Grocery,23,4,US,mobile,153.1,0,0,0,1,1,0
14570,4729,5.0,Grocery,5,2,US,mobile,86.3,1,0,0,1,1,0
14657,1564,5.0,Travel,22,4,US,desktop,9.2,1,0,0,0,0,0
15229,2105,5.0,Travel,22,1,US,desktop,11.2,1,0,0,0,0,0
15269,2443,5.0,Food Delivery,12,2,US,desktop,18.1,2,0,0,0,0,0
15357,1823,5.0,Grocery,19,4,JP,desktop,2.3,0,0,0,0,1,0
15584,3002,5.0,Travel,9,3,US,desktop,23.1,2,0,0,0,0,0
15592,3941,12.01,Retail,0,3,US,mobile,58.8,1,0,0,1,1,0
15612,3744,5.0,Travel,15,0,US,desktop,19.7,2,0,0,0,0,1
15784,4643,5.0,Online,20,3,US,desktop,22.6,1,0,0,0,0,0
15917,2676,5.0,Grocery,1,0,US,mobile,335.4,1,0,0,1,1,0
15923,2145,5.0,Retail,5,4,US,tablet,341.9,0,0,0,1,1,0
16010,4102,5.0,Health,23,0,US,mobile,227.1,2,0,0,1,1,0
16041,3621,5.0,Entertainment,18,0,US,desktop,29.8,1,0,0,0,0,1
16065,1575,5.0,Retail,4,4,US,mobile,38.0,0,0,0,1,1,0
16153,4010,5.0,Online,13,1,US,desktop,11.1,1,0,0,0,0,0
16223,3605,5.0,Grocery,8,4,AU,desktop,7.6,2,0,0,0,1,0
16368,1135,5.0,Retail,4,2,US,mobile,264.1,1,0,0,1,1,0
16923,2900,5.0,Travel,14,0,US,desktop,21.4,1,0,0,0,0,0
17100,3646,18.84,Grocery,4,3,US,mobile,60.7,2,0,0,1,1,0
17150,4803,5.0,Retail,3,4,US,mobile,82.8,0,0,0,1,1,0
17285,1873,5.0,Travel,13,1,US,desktop,10.4,1,0,0,0,0,0
17471,1301,5.0,Travel,17,0,US,desktop,5.3,0,0,0,0,0,0
17478,4139,6.31,Entertainment,19,2,US,desktop,6.8,2,0,0,0,0,0
17890,4143,5.0,Grocery,9,3,US,desktop,269.7,1,1,0,0,1,0
18383,1468,5.0,Entertainment,15,2,US,desktop,28.5,2,0,0,0,0,0
18428,1436,5.0,Grocery,1,4,US,mobile,64.4,1,0,0,1,1,0
18440,1648,5.0,Travel,18,3,US,desktop,22.1,1,0,0,0,0,0
18448,3749,6.85,Online,18,0,US,desktop,26.7,0,0,0,0,0,0
18685,3333,5.0,Grocery,0,3,US,mobile,99.4,1,0,0,1,1,0
18700,1090,5.0,Food Delivery,11,1,US,desktop,20.0,0,0,0,0,0,0
18748,4874,5.0,Food Delivery,11,3,US,desktop,28.0,2,0,0,0,0,0
19005,3327,5.0,Utilities,0,2,US,tablet,117.8,1,0,0,1,1,0
19091,1155,5.0,Retail,18,1,BR,desktop,1.0,1,0,0,0,1,0
19162,3852,5.0,Retail,10,4,GB,desktop,25.5,1,0,0,0,1,0
19450,3423,5.0,Grocery,23,2,US,mobile,203.2,0,0,0,1,1,0
19538,3773,5.0,Entertainment,18,4,US,desktop,1.0,0,0,0,0,0,0
19597,4774,5.0,Grocery,2,3,US,mobile,448.0,0,0,0,1,1,0
19620,4071,5.0,Food Delivery,18,3,US,desktop,7.5,0,0,0,0,0,0
19623,2734,5.0,Grocery,2,3,US,tablet,85.4,2,0,0,1,1,0
19674,1681,5.0,Health,4,3,US,mobile,233.7,2,0,0,1,1,0
19733,3303,5.0,Retail,4,0,US,mobile,468.1,2,0,0,1,1,0
19772,4463,5.0,Health,1,3,US,tablet,31.6,1,0,0,1,1,0
1217,3028,8.69,Grocery,9,5,US,mobile,29.6,1,0,1,0,1,1
1883,1711,5.0,Retail,12,6,US,tablet,1.0,2,0,1,0,1,1
4732,3740,5.0,Retail,22,5,US,mobile,1.0,2,0,1,0,1,0
7070,3820,9.17,Retail,10,6,US,mobile,4.2,1,0,1,0,1,1
10687,3834,5.0,Grocery,18,5,US,mobile,29.8,2,0,1,0,1,0
12824,4034,5.0,Grocery,13,5,US,tablet,11.8,1,0,1,0,1,0
12853,2134,5.0,Grocery,17,5,US,tablet,16.0,2,0,1,0,1,0
15812,1750,5.0,Utilities,10,5,US,mobile,18.6,1,0,1,0,1,0
15841,3288,5.0,Retail,20,5,US,mobile,12.8,1,0,1,0,1,1
16215,4809,5.0,Utilities,16,5,US,mobile,3.0,2,0,1,0,1,0
17197,3634,5.0,Retail,17,5,US,tablet,18.3,0,0,1,0,1,0
6,4434,5.0,Health,9,4,GB,tablet,16.9,0,0,0,0,0,0
48,4572,5.0,Health,17,0,CA,mobile,10.3,1,0,0,0,0,0
110,3820,5.0,Retail,6,1,US,mobile,177.8,2,1,0,0,0,0
174,3889,5.0,Retail,20,4,US,mobile,216.0,0,1,0,0,0,0
249,4147,5.0,Retail,18,4,DE,mobile,9.4,0,0,0,0,0,0
271,2179,5.0,Grocery,14,4,GB,tablet,3.7,0,0,0,0,0,0
323,3458,5.0,Grocery,17,1,BR,mobile,14.4,0,0,0,0,0,1
351,3132,5.0,Health,21,4,US,mobile,202.4,2,1,0,0,0,0
429,1100,5.0,Grocery,12,2,US,mobile,112.1,1,1,0,0,0,1
438,4710,5.0,Retail,12,1,US,tablet,156.3,0,1,0,0,0,0
492,4470,5.0,Retail,6,3,DE,tablet,21.7,2,0,0,0,0,0
668,4442,5.0,Grocery,13,1,US,mobile,229.4,1,1,0,0,0,0
697,3887,5.0,Grocery,8,3,BR,tablet,26.3,1,0,0,0,0,0
720,3398,5.91,Grocery,12,4,JP,tablet,19.9,2,0,0,0,0,0
730,3631,10.97,Retail,8,3,GB,mobile,25.2,2,0,0,0,0,0
768,2917,5.0,Grocery,8,1,US,mobile,99.3,1,1,0,0,0,1
796,2181,5.0,Retail,14,3,US,mobile,471.8,2,1,0,0,0,0
805,3952,5.0,Grocery,22,0,US,tablet,592.0,1,1,0,0,0,0
884,1620,5.0,Health,19,4,FR,mobile,9.9,2,0,0,0,0,0
898,1218,5.0,Grocery,17,2,JP,mobile,20.4,0,0,0,0,0,1
923,2786,5.0,Grocery,21,4,DE,mobile,24.8,1,0,0,0,0,0
986,3609,7.47,Grocery,10,1,DE,mobile,24.9,0,0,0,0,0,0
1095,2314,5.01,Grocery,14,4,US,tablet,498.2,0,1,0,0,0,1
1115,1777,5.0,Retail,21,3,GB,mobile,29.4,2,0,0,0,0,0
1274,3701,5.0,Grocery,16,0,FR,tablet,16.9,2,0,0,0,0,0
1297,2051,5.0,Retail,16,4,US,mobile,98.1,1,1,0,0,0,1
1434,3248,5.0,Grocery,7,3,US,mobile,201.7,2,1,0,0,0,0
1447,4752,5.0,Grocery,22,1,US,mobile,101.3,2,1,0,0,0,0
1566,2817,5.0,Grocery,14,1,US,tablet,340.1,1,1,0,0,0,0
1571,1317,5.0,Retail,22,0,US,tablet,616.0,1,1,0,0,0,1
1618,3029,5.0,Grocery,19,4,US,mobile,335.5,1,1,0,0,0,0
1631,3290,5.0,Retail,16,0,CA,mobile,13.3,1,0,0,0,0,0
1712,2879,5.0,Retail,20,4,FR,mobile,9.3,0,0,0,0,0,0
1831,2419,5.0,Utilities,16,4,GB,mobile,13.3,2,0,0,0,0,1
1890,2799,5.0,Grocery,12,3,AU,mobile,15.1,2,0,0,0,0,1
1905,2332,6.03,Grocery,9,2,GB,mobile,12.7,1,0,0,0,0,0
1913,1012,5.0,Utilities,6,2,DE,mobile,6.5,2,0,0,0,0,0
1988,1847,5.0,Grocery,7,4,US,tablet,88.7,1,1,0,0,0,1
2028,4800,5.39,Grocery,6,2,BR,mobile,12.7,2,0,0,0,0,0
2173,4986,5.0,Grocery,13,3,US,desktop,24.0,3,0,0,0,0,0
2243,2810,5.0,Grocery,18,4,US,mobile,157.4,1,1,0,0,0,0
2420,2674,5.0,Utilities,19,4,GB,mobile,14.4,2,0,0,0,0,0
2471,4569,5.0,Retail,17,3,CA,mobile,24.2,1,0,0,0,0,0
2496,1821,5.0,Health,22,3,US,mobile,72.8,1,1,0,0,0,0
2510,1487,5.57,Utilities,18,2,US,mobile,87.5,2,1,0,0,0,0
2522,1176,5.0,Grocery,15,3,US,tablet,104.0,2,1,0,0,0,0
2559,1124,9.38,Grocery,19,4,US,tablet,616.0,1,1,0,0,0,1
2626,3315,5.0,Grocery,9,2,US,mobile,177.0,0,1,0,0,0,0
2719,3318,5.0,Grocery,22,3,CA,tablet,14.9,0,0,0,0,0,0
2793,3888,5.0,Health,8,1,US,mobile,484.9,2,1,0,0,0,0
2818,4469,5.0,Grocery,13,1,US,tablet,107.1,1,1,0,0,0,1
2820,3831,5.0,Retail,11,3,US,mobile,55.0,0,1,0,0,0,1
2825,3476,5.0,Grocery,16,2,AU,tablet,1.0,1,0,0,0,0,0
2910,2391,5.0,Grocery,21,0,FR,mobile,18.0,2,0,0,0,0,1
2933,1648,5.0,Utilities,18,2,US,mobile,240.5,1,1,0,0,0,0
2939,4610,5.0,Grocery,11,4,US,tablet,95.3,2,1,0,0,0,1
2950,3078,5.0,Utilities,19,1,US,tablet,131.6,1,1,0,0,0,1
2955,2107,5.0,Grocery,17,2,US,mobile,144.7,2,1,0,0,0,0
2968,1911,9.56,Grocery,22,3,US,mobile,296.1,2,1,0,0,0,0
2980,2902,5.0,Retail,22,4,GB,mobile,10.4,1,0,0,0,0,0
3001,4112,5.0,Retail,8,4,JP,mobile,17.9,2,0,0,0,0,0
3180,1679,5.0,Retail,19,3,US,tablet,406.1,2,1,0,0,0,1
3208,4257,5.0,Retail,16,3,US,mobile,250.1,1,1,0,0,0,1
3218,2719,5.0,Grocery,11,2,US,desktop,18.2,3,0,0,0,0,1
3259,3257,5.0,Grocery,10,0,US,tablet,37.3,1,1,0,0,0,0
3301,3545,5.0,Grocery,18,4,FR,mobile,23.4,1,0,0,0,0,0
3363,1185,5.0,Retail,9,4,US,mobile,854.1,0,1,0,0,0,0
3395,2347,5.0,Grocery,17,0,US,mobile,434.9,0,1,0,0,0,1
3420,2136,5.0,Retail,17,0,US,mobile,273.0,0,1,0,0,0,0
3465,2439,5.0,Grocery,11,1,US,mobile,114.9,0,1,0,0,0,0
3518,4611,5.0,Utilities,15,0,JP,tablet,7.2,0,0,0,0,0,1
3522,2328,5.0,Grocery,8,1,US,tablet,370.8,2,1,0,0,0,1
3551,2759,5.0,Retail,15,3,US,mobile,255.0,2,1,0,0,0,0
3563,2682,5.0,Grocery,16,2,US,tablet,72.9,0,1,0,0,0,0
3650,3950,14.38,Grocery,21,4,DE,mobile,9.8,2,0,0,0,0,0
3681,3837,5.0,Retail,20,0,US,mobile,347.2,2,1,0,0,0,0
3768,3996,5.0,Retail,16,3,US,desktop,1.3,6,0,0,0,0,0
4044,1434,5.0,Health,11,4,JP,mobile,1.0,1,0,0,0,0,0
4135,4947,5.0,Retail,16,4,DE,tablet,19.1,0,0,0,0,0,0
4228,3452,5.0,Retail,17,4,GB,tablet,1.6,0,0,0,0,0,1
4281,2915,5.0,Grocery,10,2,US,mobile,199.8,1,1,0,0,0,1
4396,3048,5.0,Retail,13,4,US,mobile,136.5,0,1,0,0,0,0
4444,2809,5.0,Grocery,21,0,US,mobile,72.6,2,1,0,0,0,0
4451,4435,7.09,Grocery,20,4,CA,mobile,22.6,2,0,0,0,0,1
4476,2280,5.0,Retail,6,2,US,mobile,99.4,1,1,0,0,0,0
4479,4477,5.0,Retail,9,4,US,mobile,39.4,0,1,0,0,0,0
4513,1491,5.0,Retail,14,3,US,mobile,165.8,1,1,0,0,0,0
4524,4946,5.0,Grocery,18,0,BR,mobile,27.8,1,0,0,0,0,0
4561,2953,5.0,Grocery,22,4,NG,mobile,18.8,0,0,0,0,0,0
4583,1659,5.0,Retail,22,3,GB,mobile,23.6,2,0,0,0,0,0
4752,1599,11.38,Retail,8,2,US,mobile,66.0,0,1,0,0,0,0
4828,3149,7.29,Retail,18,0,US,mobile,72.7,1,1,0,0,0,0
4879,3686,5.0,Health,11,3,US,mobile,208.7,2,1,0,0,0,0
4959,4675,5.97,Grocery,7,1,US,mobile,305.3,0,1,0,0,0,0
5005,4090,5.0,Retail,6,2,US,desktop,29.3,3,0,0,0,0,1
5029,3808,5.0,Grocery,14,1,US,mobile,57.1,2,1,0,0,0,0
5072,3342,5.0,Grocery,19,2,AU,tablet,24.4,0,0,0,0,0,0
5117,2021,5.0,Utilities,9,1,US,tablet,45.7,0,1,0,0,0,0
5191,3932,5.0,Utilities,18,2,US,mobile,491.4,1,1,0,0,0,0
5230,2084,5.0,Grocery,19,0,US,tablet,120.1,1,1,0,0,0,0
5256,2370,5.0,Health,15,2,US,mobile,48.7,1,1,0,0,0,0
5321,2259,5.0,Retail,17,3,US,tablet,69.6,0,1,0,0,0,0
5348,2887,5.0,Utilities,11,4,US,mobile,878.3,2,1,0,0,0,0
5377,1683,5.0,Retail,19,2,NG,mobile,13.1,0,0,0,0,0,1
5622,1179,5.0,Health,15,1,CA,mobile,9.6,0,0,0,0,0,1
5623,1804,5.0,Health,18,1,DE,mobile,29.0,2,0,0,0,0,0
5646,1216,5.0,Grocery,8,1,CA,tablet,10.8,0,0,0,0,0,0
5652,3956,9.75,Grocery,12,4,US,tablet,90.2,2,1,0,0,0,1
5690,1837,5.0,Retail,12,0,US,mobile,363.8,1,1,0,0,0,0
5722,2657,5.0,Health,10,3,JP,mobile,29.7,0,0,0,0,0,0
5837,4509,5.0,Retail,8,2,BR,mobile,1.6,2,0,0,0,0,0
5879,3626,5.0,Retail,21,3,GB,tablet,2.7,0,0,0,0,0,0
5880,1044,5.0,Grocery,12,2,US,tablet,216.1,1,1,0,0,0,0
5957,1871,5.0,Grocery,22,2,FR,tablet,4.5,1,0,0,0,0,1
6061,2876,5.0,Retail,12,4,US,desktop,26.4,3,0,0,0,0,0
6113,2845,5.0,Grocery,15,0,GB,mobile,2.8,0,0,0,0,0,0
6134,2638,5.0,Grocery,7,3,US,tablet,409.2,2,1,0,0,0,0
6157,1349,5.0,Grocery,11,4,FR,mobile,25.1,0,0,0,0,0,0
6172,2265,5.0,Retail,14,0,US,tablet,156.3,0,1,0,0,0,0
6265,3159,10.15,Grocery,20,3,AU,tablet,28.1,1,0,0,0,0,0
6271,3024,5.0,Grocery,18,0,US,mobile,80.0,0,1,0,0,0,0
6321,4105,5.0,Retail,22,4,DE,mobile,6.2,1,0,0,0,0,0
6654,2626,5.0,Grocery,21,2,BR,mobile,7.2,2,0,0,0,0,0
6699,2317,5.0,Grocery,8,3,GB,mobile,14.7,2,0,0,0,0,0
6788,1113,5.0,Retail,22,0,US,mobile,83.3,0,1,0,0,0,0
6831,3469,5.0,Grocery,21,1,GB,mobile,6.0,1,0,0,0,0,1
6841,2133,5.0,Retail,7,4,US,desktop,8.3,4,0,0,0,0,0
6853,3710,5.92,Retail,16,1,AU,tablet,12.6,1,0,0,0,0,0
6857,3767,5.0,Retail,12,4,US,mobile,141.9,0,1,0,0,0,0
6967,4615,5.0,Grocery,10,3,US,mobile,167.5,0,1,0,0,0,0
7007,3444,5.0,Retail,17,4,US,mobile,181.6,1,1,0,0,0,0
7009,4873,5.62,Health,10,0,CA,mobile,24.9,0,0,0,0,0,1
7027,1978,5.0,Retail,8,4,US,mobile,76.9,1,1,0,0,0,1
7028,4885,5.0,Retail,6,3,US,mobile,85.6,1,1,0,0,0,0
7184,2312,5.0,Retail,9,4,US,tablet,257.4,0,1,0,0,0,0
7534,3050,5.0,Grocery,7,0,BR,mobile,24.6,1,0,0,0,0,0
7586,1093,5.0,Grocery,8,0,CA,tablet,11.5,0,0,0,0,0,1
7591,1475,5.0,Health,8,1,FR,mobile,12.2,2,0,0,0,0,1
7695,3550,5.0,Grocery,10,0,US,tablet,307.2,2,1,0,0,0,0
7781,3048,5.0,Utilities,21,4,CA,tablet,13.5,1,0,0,0,0,0
7925,1517,5.0,Grocery,7,4,BR,mobile,5.1,2,0,0,0,0,0
7934,2991,5.0,Retail,18,2,US,tablet,155.8,1,1,0,0,0,0
7961,2487,5.0,Retail,11,4,US,mobile,134.8,2,1,0,0,0,1
8143,2612,5.0,Grocery,17,3,US,desktop,21.2,3,0,0,0,0,0
8187,2747,9.2,Grocery,18,4,US,mobile,107.2,0,1,0,0,0,0
8200,4620,5.0,Grocery,20,2,US,tablet,99.2,2,1,0,0,0,1
8247,2618,5.0,Grocery,13,0,US,mobile,157.6,2,1,0,0,0,1
8292,2020,5.0,Grocery,20,2,US,mobile,447.2,2,1,0,0,0,1
8332,1995,8.84,Health,8,0,NG,tablet,22.9,1,0,0,0,0,0
8445,3987,5.0,Utilities,19,4,AU,mobile,7.6,0,0,0,0,0,0
8467,2589,5.0,Retail,15,0,CA,tablet,1.7,1,0,0,0,0,0
8470,1268,5.0,Retail,9,2,US,tablet,265.6,0,1,0,0,0,0
8472,1687,5.0,Grocery,17,4,US,mobile,51.0,0,1,0,0,0,0
8481,3541,5.33,Grocery,13,4,US,desktop,22.1,4,0,0,0,0,0
8640,2587,5.0,Grocery,17,3,US,mobile,54.5,1,1,0,0,0,1
8645,1165,5.0,Grocery,7,4,BR,mobile,21.4,2,0,0,0,0,0
8666,1270,5.0,Grocery,21,2,US,tablet,112.6,1,1,0,0,0,0
8689,3148,5.0,Grocery,16,0,US,mobile,247.3,1,1,0,0,0,1
8762,3087,5.0,Retail,8,2,JP,tablet,18.1,2,0,0,0,0,0
8789,1195,5.0,Retail,19,0,CA,tablet,26.4,0,0,0,0,0,0
8791,3188,7.68,Utilities,7,4,US,mobile,308.3,1,1,0,0,0,1
8872,3269,5.0,Grocery,8,4,US,mobile,120.6,2,1,0,0,0,0
9206,4946,5.0,Health,10,3,BR,tablet,19.4,1,0,0,0,0,0
9231,3206,5.0,Retail,20,2,FR,mobile,12.1,0,0,0,0,0,0
9310,2666,5.0,Health,9,3,DE,mobile,27.1,2,0,0,0,0,0
9316,1429,5.0,Health,19,3,CA,mobile,23.8,0,0,0,0,0,0
9360,4498,5.0,Grocery,17,3,US,tablet,125.1,0,1,0,0,0,0
9439,2384,5.0,Utilities,20,3,DE,mobile,19.1,0,0,0,0,0,0
9512,3179,5.0,Health,18,2,US,mobile,225.1,1,1,0,0,0,0
9572,4472,5.0,Retail,10,1,GB,tablet,3.1,1,0,0,0,0,0
9603,1630,5.0,Retail,6,0,US,mobile,123.4,2,1,0,0,0,1
9622,3070,5.0,Utilities,11,2,US,tablet,683.5,1,1,0,0,0,0
9654,1715,5.0,Grocery,8,2,US,desktop,18.3,3,0,0,0,0,0
9732,1461,5.0,Grocery,19,1,JP,tablet,27.0,1,0,0,0,0,0
9733,3399,5.0,Retail,6,3,US,mobile,83.3,1,1,0,0,0,0
9803,3530,5.0,Grocery,14,2,JP,tablet,14.8,1,0,0,0,0,0
9927,3283,5.0,Grocery,10,0,FR,mobile,29.3,1,0,0,0,0,1
9941,3293,5.0,Retail,20,3,FR,mobile,2.9,1,0,0,0,0,1
9953,1239,5.0,Grocery,18,2,CA,mobile,13.6,1,0,0,0,0,0
10004,3651,7.97,Grocery,16,0,FR,tablet,29.0,0,0,0,0,0,0
10225,4001,5.0,Utilities,7,3,US,mobile,470.6,2,1,0,0,0,0
10244,2227,5.0,Grocery,13,2,CA,mobile,13.4,2,0,0,0,0,0
10346,4348,5.0,Retail,9,4,US,mobile,405.5,0,1,0,0,0,1
10388,3699,5.0,Utilities,10,1,US,tablet,282.2,2,1,0,0,0,0
10465,1821,5.0,Utilities,12,3,FR,mobile,7.6,0,0,0,0,0,1
10480,3259,5.0,Retail,9,0,GB,mobile,13.5,2,0,0,0,0,0
10515,2408,5.0,Retail,15,3,US,mobile,100.2,0,1,0,0,0,0
10529,4339,5.0,Utilities,8,0,US,tablet,52.0,1,1,0,0,0,1
10679,1946,5.0,Retail,17,1,US,mobile,103.0,0,1,0,0,0,0
10686,4474,5.0,Grocery,20,4,DE,tablet,22.8,1,0,0,0,0,0
10734,2711,5.0,Grocery,21,3,GB,mobile,26.9,1,0,0,0,0,0
10740,2262,5.0,Grocery,16,2,US,desktop,22.3,3,0,0,0,0,1
10751,3084,5.0,Grocery,17,1,US,desktop,7.0,3,0,0,0,0,1
10765,4609,5.0,Grocery,21,2,US,mobile,109.4,1,1,0,0,0,0
10787,1023,5.0,Grocery,13,2,US,mobile,321.0,2,1,0,0,0,0
10890,4842,5.0,Grocery,19,2,US,desktop,3.3,3,0,0,0,0,1
10965,2580,5.0,Utilities,8,2,FR,mobile,28.0,1,0,0,0,0,0
10972,4650,5.0,Grocery,11,1,BR,mobile,25.3,2,0,0,0,0,1
11177,3298,5.0,Retail,20,1,GB,mobile,8.1,2,0,0,0,0,0
11214,1230,5.87,Grocery,8,4,DE,mobile,6.5,1,0,0,0,0,1
11290,3490,5.0,Retail,12,0,US,mobile,39.9,2,1,0,0,0,0
11328,1520,5.0,Grocery,11,2,DE,mobile,20.2,1,0,0,0,0,0
11361,4357,6.17,Grocery,17,2,US,desktop,16.1,3,0,0,0,0,0
11533,4777,5.0,Grocery,17,4,US,mobile,31.2,1,1,0,0,0,0
11566,2859,5.0,Grocery,10,0,FR,mobile,5.1,2,0,0,0,0,0
11568,4464,5.0,Utilities,7,3,US,mobile,106.7,1,1,0,0,0,1
11684,2331,5.0,Utilities,14,4,US,mobile,182.0,0,1,0,0,0,0
11690,2849,5.0,Retail,14,3,US,desktop,17.9,4,0,0,0,0,0
11695,4502,5.0,Retail,8,4,US,mobile,81.1,1,1,0,0,0,0
11820,1534,5.0,Health,16,0,BR,tablet,14.8,2,0,0,0,0,0
11884,3377,5.0,Retail,17,3,DE,mobile,26.6,0,0,0,0,0,0
11899,4085,5.0,Grocery,6,3,US,mobile,42.1,0,1,0,0,0,0
11928,2241,5.0,Grocery,21,4,FR,mobile,18.6,0,0,0,0,0,0
11962,3003,5.0,Utilities,17,2,CA,mobile,23.4,1,0,0,0,0,0
12068,1082,5.0,Retail,10,2,US,tablet,199.2,2,1,0,0,0,0
12103,1601,5.0,Retail,10,3,FR,mobile,5.1,1,0,0,0,0,0
12110,1110,5.0,Utilities,7,0,AU,tablet,1.5,2,0,0,0,0,1
12141,2333,5.0,Grocery,21,2,DE,mobile,9.8,2,0,0,0,0,0
12164,1132,5.0,Grocery,7,3,US,mobile,48.9,1,1,0,0,0,0
12302,4218,5.0,Grocery,10,0,US,tablet,43.9,1,1,0,0,0,1
12321,1609,5.0,Utilities,16,4,US,mobile,338.4,2,1,0,0,0,0
12478,4352,5.0,Grocery,10,1,US,tablet,136.9,1,1,0,0,0,0
12513,4947,7.78,Retail,19,2,US,mobile,255.3,0,1,0,0,0,0
12705,1409,5.0,Grocery,20,1,US,mobile,400.3,2,1,0,0,0,0
12804,1830,5.0,Grocery,10,3,DE,mobile,16.1,1,0,0,0,0,0
12957,2934,5.0,Utilities,16,3,CA,mobile,13.5,2,0,0,0,0,1
12967,4175,5.0,Utilities,19,3,US,mobile,115.1,2,1,0,0,0,0
13083,1742,5.0,Grocery,8,3,US,mobile,131.6,1,1,0,0,0,0
13084,1986,10.5,Health,13,1,DE,tablet,1.4,0,0,0,0,0,0
13163,4790,5.0,Grocery,7,2,US,mobile,330.9,0,1,0,0,0,1
13218,1434,5.0,Utilities,16,1,US,mobile,46.2,2,1,0,0,0,0
13219,2218,5.0,Retail,14,0,US,mobile,54.6,2,1,0,0,0,0
13252,4639,5.0,Grocery,12,0,US,mobile,560.8,0,1,0,0,0,0
13336,2907,5.0,Grocery,6,3,US,mobile,54.6,1,1,0,0,0,0
13356,4566,5.0,Retail,22,4,DE,tablet,11.9,0,0,0,0,0,0
13364,4550,5.0,Utilities,14,2,US,mobile,40.8,1,1,0,0,0,0
13443,1085,5.0,Retail,6,3,US,mobile,224.2,1,1,0,0,0,0
13465,4043,5.0,Grocery,13,4,US,desktop,28.9,4,0,0,0,0,1
13487,4052,5.0,Grocery,15,2,CA,tablet,14.1,1,0,0,0,0,0
13493,2467,5.0,Retail,14,3,US,desktop,14.2,4,0,0,0,0,1
13543,1353,5.0,Health,13,1,CA,mobile,28.2,0,0,0,0,0,0
13627,1416,5.0,Grocery,6,4,US,tablet,692.8,1,1,0,0,0,0
13709,2318,5.0,Retail,17,3,US,mobile,118.4,0,1,0,0,0,0
13768,4207,5.0,Grocery,8,0,AU,mobile,24.9,2,0,0,0,0,0
13889,4843,5.0,Retail,11,4,US,mobile,158.9,0,1,0,0,0,0
13912,2908,5.0,Retail,22,1,DE,mobile,23.9,2,0,0,0,0,0
13963,1172,5.0,Retail,15,3,FR,tablet,24.0,2,0,0,0,0,0
14091,4927,5.0,Grocery,12,0,US,mobile,390.9,1,1,0,0,0,0
14109,1159,5.0,Retail,17,2,US,desktop,26.6,4,0,0,0,0,1
14229,4108,5.0,Health,17,1,US,mobile,31.3,0,1,0,0,0,0
14316,4818,5.0,Utilities,9,3,US,tablet,858.3,1,1,0,0,0,1
14341,1712,5.0,Retail,22,3,CA,tablet,1.8,1,0,0,0,0,0
14345,1654,9.66,Utilities,18,4,US,mobile,126.2,1,1,0,0,0,0
14348,3597,5.0,Grocery,11,2,US,mobile,276.9,2,1,0,0,0,0
14449,3045,5.0,Retail,9,2,US,desktop,29.9,3,0,0,0,0,0
14496,1787,5.0,Grocery,19,3,US,desktop,2.9,4,0,0,0,0,0
14524,4306,5.0,Health,6,4,US,desktop,13.4,3,0,0,0,0,0
14605,1456,5.0,Grocery,12,4,JP,tablet,28.4,0,0,0,0,0,0
14607,4708,5.0,Utilities,14,4,US,tablet,893.6,2,1,0,0,0,1
14745,4491,5.0,Utilities,14,0,US,mobile,234.9,1,1,0,0,0,0
14813,1082,5.0,Retail,8,0,US,tablet,252.7,0,1,0,0,0,1
14883,3935,5.0,Retail,16,1,US,mobile,71.4,1,1,0,0,0,0
14898,2890,5.0,Grocery,9,0,CA,mobile,21.8,2,0,0,0,0,0
14922,2928,5.0,Retail,12,4,US,mobile,134.5,2,1,0,0,0,0
14996,3009,5.0,Grocery,7,4,US,mobile,125.6,2,1,0,0,0,1
15045,1143,5.0,Grocery,16,2,US,mobile,348.8,1,1,0,0,0,1
15065,1864,5.0,Retail,8,0,US,mobile,267.5,1,1,0,0,0,0
15085,1846,7.75,Grocery,17,4,US,mobile,72.3,2,1,0,0,0,0
15372,4337,5.0,Retail,16,0,US,desktop,10.8,4,0,0,0,0,0
15373,3976,5.0,Grocery,18,3,US,mobile,203.4,2,1,0,0,0,0
15388,1899,5.64,Grocery,22,3,US,tablet,383.3,0,1,0,0,0,0
15438,4076,5.0,Grocery,7,4,US,mobile,52.9,0,1,0,0,0,0
15502,4427,5.0,Grocery,16,0,GB,mobile,10.3,0,0,0,0,0,0
15559,3106,5.0,Grocery,8,1,US,mobile,97.9,0,1,0,0,0,1
15688,3399,5.0,Health,13,0,US,desktop,10.5,5,0,0,0,0,0
15689,3703,5.0,Retail,17,3,DE,mobile,13.3,0,0,0,0,0,1
15742,1133,5.0,Grocery,15,2,US,tablet,382.1,1,1,0,0,0,0
15768,3833,5.0,Retail,19,4,US,desktop,29.8,3,0,0,0,0,0
15825,3785,9.61,Retail,14,4,FR,tablet,20.7,1,0,0,0,0,0
15939,2580,5.0,Grocery,8,2,US,mobile,287.0,1,1,0,0,0,0
15942,3547,5.0,Retail,22,4,FR,mobile,28.0,1,0,0,0,0,0
15979,2908,5.0,Health,9,1,US,mobile,307.4,1,1,0,0,0,1
16050,1979,8.75,Grocery,22,4,BR,mobile,9.0,1,0,0,0,0,0
16266,4201,5.0,Retail,10,3,CA,mobile,15.6,0,0,0,0,0,0
16350,1302,5.0,Retail,19,0,DE,mobile,28.2,2,0,0,0,0,0
16459,2743,28.28,Utilities,9,3,US,mobile,41.5,2,1,0,0,0,0
16701,3827,5.0,Utilities,17,4,GB,mobile,5.4,2,0,0,0,0,0
16730,3214,5.0,Grocery,9,1,US,mobile,140.2,2,1,0,0,0,0
16768,2250,5.0,Grocery,12,2,US,mobile,204.4,2,1,0,0,0,1
16832,4310,5.0,Health,11,1,CA,mobile,1.2,0,0,0,0,0,1
16888,2651,5.0,Retail,7,0,US,tablet,120.9,1,1,0,0,0,0
16922,4676,5.0,Grocery,15,3,US,mobile,56.5,0,1,0,0,0,0
17000,1024,5.0,Grocery,15,3,US,tablet,264.2,1,1,0,0,0,0
17093,4440,5.0,Grocery,19,1,FR,mobile,28.3,1,0,0,0,0,1
17116,3948,17.87,Grocery,6,4,GB,mobile,20.9,1,0,0,0,0,1
17216,3980,5.0,Retail,22,2,CA,mobile,3.5,1,0,0,0,0,1
17225,3813,5.0,Utilities,15,0,US,mobile,62.6,0,1,0,0,0,0
17338,3387,5.0,Retail,12,2,US,desktop,18.6,3,0,0,0,0,0
17368,4462,5.0,Health,15,2,US,mobile,209.6,2,1,0,0,0,0
17418,1141,5.0,Grocery,13,3,CA,mobile,2.9,0,0,0,0,0,1
17442,4210,5.0,Grocery,19,2,FR,mobile,8.8,1,0,0,0,0,1
17593,2900,5.0,Grocery,9,4,US,desktop,2.4,3,0,0,0,0,0
17607,4889,5.0,Grocery,12,0,CA,tablet,11.2,0,0,0,0,0,1
17669,4397,5.0,Grocery,11,3,JP,mobile,4.2,1,0,0,0,0,0
17686,1589,5.0,Grocery,6,4,US,mobile,185.1,0,1,0,0,0,0
17712,1736,5.0,Grocery,19,2,US,mobile,120.0,1,1,0,0,0,0
17718,2012,5.0,Grocery,19,0,AU,tablet,9.6,1,0,0,0,0,0
17795,3248,7.15,Retail,22,2,US,tablet,82.7,1,1,0,0,0,1
17931,1609,5.0,Retail,15,3,US,mobile,457.5,1,1,0,0,0,0
17935,2668,5.0,Utilities,16,4,US,tablet,98.5,2,1,0,0,0,0
17944,2560,5.0,Grocery,21,4,US,mobile,189.9,2,1,0,0,0,0
17992,4733,5.0,Utilities,21,0,US,mobile,629.9,1,1,0,0,0,0
18151,3266,5.0,Health,6,1,CA,mobile,6.2,1,0,0,0,0,1
18277,4001,5.0,Utilities,14,1,US,desktop,15.1,3,0,0,0,0,0
18288,3703,16.66,Health,10,1,FR,mobile,1.3,2,0,0,0,0,1
18373,2923,5.0,Grocery,20,1,CA,mobile,27.3,2,0,0,0,0,1
18392,1584,5.0,Retail,22,2,FR,mobile,20.8,0,0,0,0,0,0
18485,3243,5.0,Health,16,0,FR,tablet,21.9,1,0,0,0,0,0
18502,1966,5.0,Grocery,17,1,US,mobile,42.4,0,1,0,0,0,1
18553,3682,5.0,Grocery,16,2,CA,mobile,7.6,0,0,0,0,0,1
18644,2129,5.0,Grocery,11,2,US,desktop,21.1,3,0,0,0,0,0
18648,3712,5.0,Retail,9,1,CA,mobile,16.4,1,0,0,0,0,0
18816,1506,5.0,Grocery,16,1,US,mobile,222.8,2,1,0,0,0,0
18850,3417,5.0,Grocery,20,4,US,tablet,52.1,1,1,0,0,0,0
18853,3189,5.0,Utilities,16,0,GB,mobile,1.0,2,0,0,0,0,0
18888,2195,5.0,Retail,20,0,US,desktop,15.1,3,0,0,0,0,0
18938,3224,5.0,Utilities,18,4,US,mobile,57.2,1,1,0,0,0,0
18953,3881,5.0,Retail,17,2,US,desktop,29.0,3,0,0,0,0,1
19031,3104,5.0,Grocery,19,1,CA,mobile,15.9,2,0,0,0,0,0
19077,1967,5.0,Retail,9,1,DE,mobile,3.3,1,0,0,0,0,1
19079,1844,5.0,Retail,14,3,US,mobile,349.3,1,1,0,0,0,0
19097,2741,5.0,Retail,20,0,AU,tablet,17.5,1,0,0,0,0,0
19189,4782,5.0,Health,14,0,US,tablet,255.9,1,1,0,0,0,0
19215,1620,5.0,Retail,14,4,BR,mobile,9.7,0,0,0,0,0,0
19537,2584,5.0,Grocery,22,4,DE,mobile,17.4,0,0,0,0,0,1
19594,1070,5.0,Retail,21,3,US,tablet,87.1,1,1,0,0,0,0
19691,3276,5.0,Grocery,13,2,CA,tablet,24.9,2,0,0,0,0,0
19746,3626,7.09,Grocery,8,0,CA,mobile,22.2,2,0,0,0,0,1
19843,3572,5.0,Retail,13,3,NG,tablet,28.3,1,0,0,0,0,0
19875,1042,5.0,Retail,20,0,CA,tablet,21.3,1,0,0,0,0,0
19998,2493,5.0,Retail,13,2,US,mobile,466.6,0,1,0,0,0,0
42,4032,5.0,Travel,9,5,US,desktop,180.1,0,0,1,0,1,0
119,1981,6.17,Grocery,23,6,US,desktop,18.8,2,0,1,1,0,0
363,1893,5.0,Grocery,3,6,US,desktop,16.6,1,0,1,1,0,0
545,4323,5.0,Online,11,5,US,desktop,144.1,2,0,1,0,1,0
639,4171,5.0,Online,7,6,US,desktop,442.4,2,0,1,0,1,0
1064,3821,5.0,Retail,3,5,US,desktop,6.5,1,0,1,1,0,0
1375,4549,7.7,Online,20,6,US,desktop,209.3,2,0,1,0,1,0
1474,1828,5.0,Online,10,5,US,desktop,158.6,2,0,1,0,1,1
1476,2208,5.0,Travel,7,6,US,desktop,325.5,1,0,1,0,1,0
2141,3803,5.0,Food Delivery,22,6,US,desktop,233.5,2,0,1,0,1,0
2142,4500,5.0,Retail,3,6,US,desktop,19.3,0,0,1,1,0,0
2483,1721,5.0,Online,16,6,US,desktop,235.9,0,0,1,0,1,0
2978,4587,5.0,Online,11,6,US,desktop,1142.1,1,0,1,0,1,1
3378,3330,5.0,Retail,0,6,US,desktop,1.0,1,0,1,1,0,1
3851,3935,5.07,Travel,19,6,US,desktop,50.4,1,0,1,0,1,0
3904,1048,5.0,Online,6,6,US,desktop,186.6,1,0,1,0,1,0
4054,4241,5.0,Grocery,23,5,US,desktop,21.2,2,0,1,1,0,1
4646,2613,5.0,Food Delivery,8,5,US,desktop,126.3,0,0,1,0,1,1
4913,1100,5.0,Retail,5,5,US,desktop,21.1,1,0,1,1,0,1
5134,1165,5.0,Travel,16,6,US,desktop,143.3,1,0,1,0,1,0
6553,1718,5.0,Travel,10,5,US,desktop,435.9,1,0,1,0,1,1
6681,1750,5.0,Entertainment,14,6,US,desktop,132.1,1,0,1,0,1,0
6843,2997,5.0,Retail,2,6,US,desktop,1.0,2,0,1,1,0,0
6886,1161,5.0,Travel,8,5,US,desktop,169.1,1,0,1,0,1,0
7273,3271,5.0,Grocery,2,6,US,desktop,15.6,2,0,1,1,0,0
7521,1604,5.0,Grocery,1,5,US,desktop,12.1,0,0,1,1,0,0
7647,3229,5.93,Travel,20,6,US,desktop,199.5,1,0,1,0,1,0
7712,1879,5.0,Travel,8,5,US,desktop,157.0,1,0,1,0,1,0
8814,4676,5.0,Entertainment,19,6,US,desktop,205.2,0,0,1,0,1,0
10176,2665,5.0,Food Delivery,15,6,US,desktop,240.9,0,0,1,0,1,1
10391,1438,5.0,Health,2,6,US,desktop,13.9,2,0,1,1,0,0
11390,3997,5.0,Health,2,6,US,desktop,28.5,0,0,1,1,0,0
11745,3306,5.0,Online,16,5,US,desktop,194.8,0,0,1,0,1,0
12522,4539,5.0,Online,15,6,US,desktop,43.3,1,0,1,0,1,0
12553,3652,5.0,Food Delivery,10,6,US,desktop,86.5,1,0,1,0,1,0
14461,4839,23.05,Travel,11,5,US,desktop,95.3,0,0,1,0,1,1
15965,2811,5.65,Travel,13,5,US,desktop,90.5,0,0,1,0,1,0
16008,1103,5.0,Health,23,6,US,desktop,1.0,1,0,1,1,0,1
16781,1320,5.0,Retail,5,6,US,desktop,20.0,1,0,1,1,0,0
17372,1509,5.0,Travel,22,6,US,desktop,474.7,0,0,1,0,1,0
17595,3342,5.0,Grocery,0,5,US,desktop,16.5,0,0,1,1,0,0
17675,2122,5.0,Online,8,5,US,desktop,150.4,0,0,1,0,1,0
18016,3191,5.0,Travel,21,6,US,desktop,331.8,1,0,1,0,1,1
18081,4631,5.0,Travel,13,6,US,desktop,116.4,1,0,1,0,1,0
18241,3402,5.0,Grocery,23,6,US,desktop,29.8,1,0,1,1,0,1
18337,4624,5.07,Food Delivery,17,6,US,desktop,626.5,0,0,1,0,1,0
18655,4834,5.0,Retail,3,6,US,desktop,6.8,1,0,1,1,0,0
18830,4440,5.0,Travel,16,6,US,desktop,101.7,0,0,1,0,1,1
18901,1815,5.0,Entertainment,21,5,US,desktop,133.5,0,0,1,0,1,0
19354,3362,5.0,Retail,1,5,US,desktop,27.5,1,0,1,1,0,1
19763,3772,5.0,Travel,20,6,US,desktop,142.7,2,0,1,0,1,1
36,1255,5.0,Retail,6,6,GB,tablet,187.9,0,0,1,0,1,0
40,3526,5.0,Online,21,6,US,tablet,66.3,2,0,1,0,0,0
43,3802,5.0,Travel,6,5,US,mobile,125.5,0,0,1,0,0,0
44,2418,5.0,Online,6,5,US,mobile,124.3,1,0,1,0,0,1
74,1519,5.0,Entertainment,16,3,DE,desktop,139.7,2,0,0,0,0,0
84,4330,5.0,Health,12,6,US,desktop,211.8,4,0,1,0,1,0
89,4071,5.0,Entertainment,22,5,US,tablet,216.1,0,0,1,0,0,1
142,1858,5.0,Retail,12,5,US,desktop,71.0,4,0,1,0,1,0
216,2088,5.0,Entertainment,8,2,BR,desktop,156.1,1,0,0,0,0,0
260,3350,5.0,Retail,0,4,US,desktop,1.0,1,0,0,1,1,0
294,2326,5.0,Travel,18,4,CA,desktop,172.2,0,0,0,0,0,0
378,3987,5.0,Travel,9,5,US,mobile,424.0,1,0,1,0,0,0
401,4992,5.0,Food Delivery,9,3,GB,desktop,389.2,2,0,0,0,0,0
431,1337,5.0,Travel,16,3,DE,desktop,466.7,2,0,0,0,0,1
435,2735,5.0,Online,13,5,US,mobile,147.3,0,0,1,0,0,0
455,3387,5.0,Food Delivery,22,6,US,mobile,81.6,1,0,1,0,0,1
463,3995,5.0,Entertainment,16,6,US,tablet,232.5,2,0,1,0,0,0
481,2151,5.0,Travel,12,5,US,mobile,65.2,1,0,1,0,0,0
551,4212,5.0,Travel,9,6,US,mobile,72.7,1,0,1,0,0,0
583,1426,5.0,Food Delivery,22,3,CA,desktop,73.4,0,0,0,0,0,1
587,3757,5.0,Entertainment,14,5,US,mobile,295.1,2,0,1,0,0,0
588,1396,5.0,Travel,16,1,FR,desktop,252.7,2,0,0,0,0,1
638,2187,5.55,Food Delivery,6,0,CA,desktop,54.9,2,0,0,0,0,1
640,4795,5.0,Travel,12,5,US,tablet,613.7,1,0,1,0,0,1
646,2313,5.0,Travel,11,5,US,mobile,200.0,0,0,1,0,0,0
654,4217,5.0,Food Delivery,17,3,DE,desktop,381.3,0,0,0,0,0,0
675,3487,5.0,Utilities,16,6,GB,mobile,53.0,1,0,1,0,1,1
717,3070,7.92,Travel,8,5,US,tablet,290.2,2,0,1,0,0,0
756,2751,5.0,Food Delivery,11,4,FR,desktop,387.1,1,0,0,0,0,0
779,2083,5.0,Entertainment,16,5,US,mobile,72.9,1,0,1,0,0,0
790,1049,5.0,Entertainment,11,0,GB,desktop,56.7,1,0,0,0,0,1
798,2834,5.0,Travel,7,1,CA,desktop,274.3,0,0,0,0,0,0
819,3662,5.0,Travel,8,4,DE,desktop,115.6,0,0,0,0,0,0
821,1095,5.0,Travel,9,4,CA,desktop,61.8,1,0,0,0,0,0
852,4205,5.0,Entertainment,10,6,US,tablet,115.9,1,0,1,0,0,0
866,3792,5.0,Online,19,3,NG,desktop,55.1,2,0,0,0,0,1
878,3980,5.0,Travel,12,3,GB,desktop,44.5,1,0,0,0,0,0
882,4404,5.0,Food Delivery,10,0,DE,desktop,31.7,0,0,0,0,0,0
895,3997,5.0,Online,12,4,BR,desktop,423.6,0,0,0,0,0,0
931,3150,8.71,Travel,8,5,US,mobile,160.4,2,0,1,0,0,0
969,4681,5.0,Food Delivery,12,1,AU,desktop,89.1,2,0,0,0,0,0
973,2909,5.0,Travel,15,0,CA,desktop,348.6,2,0,0,0,0,0
989,1985,5.0,Entertainment,11,5,US,mobile,99.1,1,0,1,0,0,0
1011,2075,5.0,Online,20,4,AU,desktop,471.7,0,0,0,0,0,1
1015,3077,5.0,Online,20,2,NG,desktop,31.0,2,0,0,0,0,0
1069,2334,5.0,Entertainment,10,3,AU,desktop,81.3,2,0,0,0,0,0
1116,2960,5.0,Entertainment,9,4,JP,desktop,34.5,1,0,0,0,0,1
1124,1974,5.0,Travel,16,6,US,mobile,189.4,1,0,1,0,0,1
1148,4074,5.0,Travel,15,4,JP,desktop,46.2,0,0,0,0,0,0
1227,1429,5.0,Travel,12,6,US,mobile,77.4,2,0,1,0,0,0
1230,2152,5.0,Entertainment,15,0,GB,desktop,178.1,1,0,0,0,0,1
1248,2859,5.0,Entertainment,6,6,US,mobile,131.0,1,0,1,0,0,1
1265,1953,16.82,Travel,17,5,US,mobile,36.7,2,0,1,0,0,0
1279,1032,5.0,Online,19,6,US,mobile,55.8,0,0,1,0,0,0
1280,4461,5.0,Online,22,6,US,mobile,214.1,0,0,1,0,0,0
1309,2660,5.0,Online,11,1,CA,desktop,131.7,1,0,0,0,0,0
1319,2795,5.0,Online,11,2,CA,desktop,138.8,2,0,0,0,0,0
1336,4994,5.0,Entertainment,7,0,AU,desktop,72.9,1,0,0,0,0,1
1359,1412,5.0,Online,6,1,DE,desktop,62.5,1,0,0,0,0,0
1405,1709,5.0,Travel,16,5,US,mobile,125.0,1,0,1,0,0,0
1409,1006,5.0,Entertainment,12,1,DE,desktop,149.3,2,0,0,0,0,1
1440,4821,5.0,Online,20,5,US,mobile,213.4,1,0,1,0,0,0
1449,3957,8.19,Food Delivery,15,0,DE,desktop,44.7,0,0,0,0,0,0
1453,1204,5.16,Travel,19,3,AU,desktop,63.3,2,0,0,0,0,0
1522,3846,9.17,Online,13,2,JP,desktop,32.2,2,0,0,0,0,1
1524,1601,5.0,Online,16,5,US,mobile,278.7,1,0,1,0,0,1
1529,1082,5.0,Food Delivery,16,3,CA,desktop,116.3,0,0,0,0,0,1
1541,2902,5.0,Food Delivery,19,3,BR,desktop,216.0,0,0,0,0,0,0
1544,3276,5.0,Food Delivery,6,6,US,tablet,41.7,0,0,1,0,0,0
1637,1661,5.0,Food Delivery,11,0,NG,desktop,646.0,1,0,0,0,0,0
1716,4513,5.0,Online,20,6,US,mobile,160.2,1,0,1,0,0,0
1751,4725,5.43,Entertainment,14,6,US,mobile,52.5,1,0,1,0,0,0
1761,2538,5.0,Food Delivery,16,4,NG,desktop,92.0,1,0,0,0,0,0
1783,1094,5.0,Travel,18,3,GB,desktop,39.9,2,0,0,0,0,0
1788,1395,5.0,Online,15,5,US,mobile,66.3,1,0,1,0,0,0
1814,2982,5.0,Online,21,6,US,tablet,122.2,2,0,1,0,0,1
1817,1936,5.0,Travel,21,5,US,mobile,170.4,1,0,1,0,0,0
1826,4606,5.0,Travel,21,2,JP,desktop,104.3,2,0,0,0,0,0
1835,2640,5.0,Online,15,4,CA,desktop,103.1,2,0,0,0,0,0
1925,2445,8.83,Travel,22,1,CA,desktop,494.6,1,0,0,0,0,0
1953,1287,5.0,Entertainment,8,3,CA,desktop,90.2,0,0,0,0,0,0
2000,2123,5.0,Food Delivery,21,3,DE,desktop,143.1,0,0,0,0,0,1
2015,3590,5.0,Food Delivery,16,2,CA,desktop,284.5,1,0,0,0,0,0
2018,3904,5.0,Food Delivery,14,4,CA,desktop,217.1,0,0,0,0,0,0
2040,2798,5.0,Travel,17,5,US,mobile,220.2,2,0,1,0,0,1
2053,2444,5.0,Food Delivery,14,5,US,mobile,694.3,1,0,1,0,0,0
2063,1598,5.0,Entertainment,10,6,US,mobile,159.0,1,0,1,0,0,1
2071,1757,5.0,Food Delivery,11,6,US,tablet,137.7,1,0,1,0,0,1
2120,3805,5.0,Online,11,6,US,mobile,169.0,1,0,1,0,0,0
2187,2221,5.0,Entertainment,15,5,US,mobile,57.4,1,0,1,0,0,1
2196,4264,5.0,Travel,16,2,FR,desktop,177.7,0,0,0,0,0,0
2213,3419,6.63,Travel,12,2,BR,desktop,43.4,1,0,0,0,0,0
2248,1705,5.0,Entertainment,15,1,AU,desktop,313.9,2,0,0,0,0,0
2281,4052,5.0,Travel,9,5,US,tablet,157.7,2,0,1,0,0,1
2366,1343,5.0,Travel,21,5,US,mobile,54.4,1,0,1,0,0,0
2371,1175,5.0,Travel,9,0,GB,desktop,366.3,1,0,0,0,0,0
2400,3938,5.0,Food Delivery,8,5,US,mobile,481.0,1,0,1,0,0,0
2401,1025,5.0,Food Delivery,7,5,US,mobile,594.9,1,0,1,0,0,0
2417,3476,5.0,Food Delivery,6,1,AU,desktop,217.2,0,0,0,0,0,0
2432,3087,5.0,Retail,22,6,NG,mobile,44.0,0,0,1,0,1,0
2473,2658,5.81,Entertainment,17,4,FR,desktop,197.1,2,0,0,0,0,0
2504,1429,5.0,Retail,15,5,NG,mobile,109.0,1,0,1,0,1,0
2546,2590,5.0,Travel,14,2,BR,desktop,217.4,1,0,0,0,0,1
2640,4408,5.0,Grocery,0,0,US,desktop,29.4,1,0,0,1,1,0
2673,4406,5.0,Online,6,3,AU,desktop,83.9,0,0,0,0,0,0
2700,1473,5.0,Travel,8,2,GB,desktop,34.7,1,0,0,0,0,0
2702,4179,5.0,Online,14,6,US,mobile,145.2,1,0,1,0,0,0
2724,2506,5.0,Travel,6,4,CA,desktop,46.8,1,0,0,0,0,0
2727,1545,5.0,Travel,6,6,US,mobile,30.2,0,0,1,0,0,1
2734,1857,5.0,Entertainment,9,5,US,mobile,252.3,2,0,1,0,0,1
2763,2457,5.0,Travel,6,2,AU,desktop,72.2,2,0,0,0,0,0
2819,1509,11.08,Travel,9,6,US,mobile,101.0,2,0,1,0,0,0
2836,3173,5.0,Online,10,4,AU,desktop,43.2,2,0,0,0,0,0
2872,4902,5.0,Entertainment,7,3,CA,desktop,67.6,2,0,0,0,0,0
2887,4731,5.0,Travel,17,3,CA,desktop,202.4,2,0,0,0,0,1
2926,1731,5.0,Travel,7,0,CA,desktop,107.5,1,0,0,0,0,0
2988,4127,6.04,Food Delivery,7,0,CA,desktop,481.5,0,0,0,0,0,0
3018,1861,6.38,Retail,5,2,US,desktop,9.9,1,0,0,1,1,1
3050,3832,5.0,Online,11,6,US,mobile,92.4,1,0,1,0,0,0
3080,2792,5.0,Online,21,1,CA,desktop,444.7,2,0,0,0,0,0
3086,2443,5.0,Travel,22,2,CA,desktop,506.1,2,0,0,0,0,1
3090,2869,5.0,Entertainment,8,5,US,mobile,1349.6,1,0,1,0,0,1
3106,2211,5.0,Entertainment,14,4,GB,desktop,341.9,0,0,0,0,0,1
3142,2629,5.0,Travel,21,6,US,mobile,67.0,1,0,1,0,0,0
3147,3570,5.0,Entertainment,17,1,CA,desktop,43.6,0,0,0,0,0,0
3161,1474,5.0,Food Delivery,8,0,GB,desktop,51.4,0,0,0,0,0,0
3176,3228,5.0,Food Delivery,19,3,AU,desktop,69.4,2,0,0,0,0,0
3246,4239,5.0,Online,8,2,DE,desktop,153.3,1,0,0,0,0,1
3248,1356,5.0,Food Delivery,13,1,CA,desktop,30.9,2,0,0,0,0,0
3265,3105,5.0,Online,19,1,DE,desktop,48.1,1,0,0,0,0,0
3287,1524,5.0,Entertainment,21,5,US,tablet,30.7,1,0,1,0,0,0
3292,2855,5.0,Food Delivery,12,6,US,mobile,972.8,2,0,1,0,0,0
3309,1094,5.0,Retail,12,5,DE,mobile,75.4,1,0,1,0,1,0
3323,4146,10.1,Travel,6,3,AU,desktop,82.8,0,0,0,0,0,1
3345,3150,5.0,Travel,13,5,US,mobile,303.4,0,0,1,0,0,0
3388,3946,5.0,Online,20,3,GB,desktop,147.2,1,0,0,0,0,1
3437,2176,5.0,Travel,7,3,FR,desktop,73.2,1,0,0,0,0,0
3444,1880,5.0,Retail,21,6,FR,mobile,204.1,2,0,1,0,1,0
3453,2809,6.37,Food Delivery,12,2,AU,desktop,234.0,0,0,0,0,0,0
3478,3125,5.0,Online,18,0,JP,desktop,198.2,1,0,0,0,0,0
3483,4182,5.0,Online,10,6,US,mobile,40.3,0,0,1,0,0,0
3491,1431,5.0,Food Delivery,7,2,CA,desktop,45.3,1,0,0,0,0,1
3538,1530,5.0,Online,21,4,CA,desktop,127.0,1,0,0,0,0,0
3544,4097,5.0,Entertainment,20,2,JP,desktop,107.2,2,0,0,0,0,1
3545,1149,5.0,Online,22,5,US,mobile,188.4,2,0,1,0,0,0
3559,1671,5.0,Entertainment,20,5,US,mobile,617.8,1,0,1,0,0,1
3581,4526,5.0,Travel,9,6,US,tablet,376.1,1,0,1,0,0,0
3582,4060,5.0,Entertainment,6,3,JP,desktop,313.3,1,0,0,0,0,0
3583,1826,5.0,Online,7,0,FR,desktop,38.9,0,0,0,0,0,1
3614,1296,5.0,Entertainment,11,6,US,mobile,146.2,1,0,1,0,0,0
3647,3568,5.0,Food Delivery,14,0,DE,desktop,114.0,2,0,0,0,0,0
3688,4764,5.0,Retail,16,6,NG,mobile,1009.9,2,0,1,0,1,0
3773,3110,5.0,Online,14,2,FR,desktop,193.5,2,0,0,0,0,0
3804,1086,5.0,Food Delivery,14,1,FR,desktop,190.3,0,0,0,0,0,0
3810,3426,5.0,Travel,16,6,US,mobile,32.4,0,0,1,0,0,0
3812,2778,5.0,Grocery,15,5,CA,mobile,90.6,0,0,1,0,1,0
3850,1897,5.0,Entertainment,13,5,US,tablet,364.7,1,0,1,0,0,0
3857,2436,5.0,Travel,16,6,US,mobile,616.9,0,0,1,0,0,0
3865,3526,5.0,Food Delivery,19,6,US,mobile,352.2,0,0,1,0,0,0
3890,4297,5.0,Food Delivery,13,5,US,mobile,212.4,0,0,1,0,0,0
3916,1312,5.0,Travel,22,2,AU,desktop,76.2,0,0,0,0,0,1
3944,4877,5.0,Grocery,13,5,AU,mobile,45.2,1,0,1,0,1,0
3967,4141,5.0,Food Delivery,21,6,US,mobile,294.0,2,0,1,0,0,0
3973,1496,5.0,Food Delivery,15,2,CA,desktop,254.8,2,0,0,0,0,0
3974,2031,5.0,Entertainment,22,5,US,mobile,487.8,1,0,1,0,0,0
4061,1579,5.0,Online,12,6,US,mobile,56.9,2,0,1,0,0,0
4099,4174,5.0,Online,15,0,CA,desktop,113.6,1,0,0,0,0,0
4109,3049,5.0,Entertainment,18,5,US,tablet,42.3,0,0,1,0,0,0
4127,1183,5.0,Entertainment,7,0,CA,desktop,66.3,2,0,0,0,0,0
4149,4450,6.88,Travel,11,4,DE,desktop,376.6,2,0,0,0,0,0
4183,1404,10.08,Travel,16,4,FR,desktop,50.4,2,0,0,0,0,1
4249,4649,5.0,Travel,22,1,CA,desktop,75.3,1,0,0,0,0,1
4258,1358,14.99,Food Delivery,15,1,FR,desktop,121.5,1,0,0,0,0,0
4279,3933,5.0,Online,21,6,US,mobile,382.2,0,0,1,0,0,0
4297,2781,5.01,Online,22,1,NG,desktop,229.3,1,0,0,0,0,0
4310,3409,5.0,Travel,9,2,JP,desktop,333.9,2,0,0,0,0,0
4325,4884,5.0,Travel,13,4,FR,desktop,161.7,1,0,0,0,0,1
4326,2570,5.0,Online,14,2,CA,desktop,562.1,2,0,0,0,0,0
4341,1207,5.0,Online,9,2,CA,desktop,163.4,1,0,0,0,0,0
4355,2933,5.0,Travel,17,3,BR,desktop,51.1,2,0,0,0,0,0
4363,2987,5.0,Food Delivery,8,5,US,mobile,122.6,0,0,1,0,0,0
4372,1679,5.0,Online,9,6,US,tablet,160.6,2,0,1,0,0,1
4387,2040,9.62,Travel,15,6,US,mobile,135.0,2,0,1,0,0,0
4494,2047,5.0,Online,15,5,US,tablet,71.8,0,0,1,0,0,1
4507,2159,5.0,Online,17,3,FR,desktop,129.8,0,0,0,0,0,0
4528,1371,5.0,Online,17,2,JP,desktop,111.2,2,0,0,0,0,0
4581,1776,5.0,Online,7,3,CA,desktop,196.7,1,0,0,0,0,1
4592,1158,5.0,Food Delivery,14,2,DE,desktop,78.9,0,0,0,0,0,1
4608,2944,5.0,Food Delivery,17,4,CA,desktop,179.0,2,0,0,0,0,0
4656,1792,5.0,Grocery,19,6,CA,mobile,242.2,2,0,1,0,1,0
4692,1265,5.0,Food Delivery,9,1,BR,desktop,266.2,1,0,0,0,0,0
4734,2053,5.0,Entertainment,13,5,US,mobile,204.9,0,0,1,0,0,0
4786,2436,12.04,Food Delivery,21,2,FR,desktop,205.7,0,0,0,0,0,0
4810,4223,5.0,Food Delivery,10,2,JP,desktop,109.2,2,0,0,0,0,0
4813,3106,5.0,Online,16,3,GB,desktop,381.6,2,0,0,0,0,0
4819,3136,5.0,Travel,14,6,US,mobile,334.4,2,0,1,0,0,0
4836,3110,5.0,Travel,9,4,NG,desktop,247.0,1,0,0,0,0,0
4839,4402,5.0,Travel,11,3,DE,desktop,35.4,0,0,0,0,0,0
4848,1387,5.0,Utilities,14,5,JP,mobile,204.1,0,0,1,0,1,0
4868,2289,5.0,Travel,13,4,AU,desktop,77.2,1,0,0,0,0,0
4870,3789,5.0,Food Delivery,18,5,US,tablet,66.2,2,0,1,0,0,0
4929,1728,5.0,Travel,6,5,US,tablet,463.4,0,0,1,0,0,1
4958,2493,5.0,Travel,14,3,GB,desktop,513.3,2,0,0,0,0,0
4973,4345,5.0,Online,19,5,US,mobile,41.4,2,0,1,0,0,0
5028,1387,5.0,Travel,14,2,FR,desktop,408.2,2,0,0,0,0,0
5031,2268,5.0,Retail,17,6,BR,mobile,84.2,1,0,1,0,1,1
5041,2405,5.0,Health,23,3,US,desktop,21.5,1,0,0,1,1,0
5047,4086,5.0,Travel,7,2,DE,desktop,164.6,0,0,0,0,0,0
5112,3771,5.0,Entertainment,6,1,FR,desktop,192.4,2,0,0,0,0,0
5128,3066,5.0,Online,17,3,DE,desktop,39.9,2,0,0,0,0,0
5145,3561,5.0,Travel,16,0,DE,desktop,121.6,2,0,0,0,0,1
5174,2337,5.0,Food Delivery,19,2,CA,desktop,315.7,0,0,0,0,0,0
5175,1818,5.0,Entertainment,14,3,AU,desktop,568.7,0,0,0,0,0,0
5216,1930,5.0,Entertainment,10,2,JP,desktop,165.7,0,0,0,0,0,1
5222,4546,5.0,Entertainment,9,6,US,mobile,218.1,1,0,1,0,0,0
5225,3112,5.0,Grocery,17,6,AU,mobile,206.5,1,0,1,0,1,0
5239,4655,5.0,Online,18,6,US,tablet,82.6,0,0,1,0,0,0
5288,4451,5.0,Travel,22,2,AU,desktop,444.9,1,0,0,0,0,0
5295,4689,5.4,Online,9,2,GB,desktop,121.5,0,0,0,0,0,0
5325,4649,5.0,Travel,6,1,DE,desktop,294.2,2,0,0,0,0,0
5332,4223,5.0,Online,6,4,GB,desktop,283.2,0,0,0,0,0,1
5342,3457,5.0,Online,16,1,NG,desktop,51.5,0,0,0,0,0,0
5379,2943,5.0,Food Delivery,14,3,CA,desktop,694.2,2,0,0,0,0,0
5390,4499,5.0,Travel,6,6,US,mobile,34.2,1,0,1,0,0,0
5413,3030,5.02,Entertainment,22,6,US,tablet,41.1,0,0,1,0,0,0
5421,4204,5.0,Travel,9,5,US,tablet,140.6,1,0,1,0,0,1
5426,1998,5.0,Travel,14,5,US,mobile,138.0,2,0,1,0,0,1
5455,2231,5.0,Entertainment,12,0,AU,desktop,114.9,2,0,0,0,0,0
5482,1372,5.0,Grocery,20,6,DE,mobile,152.1,2,0,1,0,1,0
5630,1113,5.0,Travel,6,5,US,tablet,366.7,1,0,1,0,0,0
5645,3438,5.0,Online,13,2,DE,desktop,135.3,2,0,0,0,0,0
5662,1887,5.0,Travel,6,6,US,mobile,408.4,2,0,1,0,0,1
5675,2977,5.0,Online,16,5,US,tablet,30.5,0,0,1,0,0,0
5717,1799,5.0,Grocery,11,5,GB,mobile,122.0,0,0,1,0,1,0
5746,1081,5.0,Food Delivery,6,4,AU,desktop,125.3,1,0,0,0,0,0
5749,4688,5.0,Entertainment,21,6,US,mobile,202.5,1,0,1,0,0,0
5770,3193,5.0,Food Delivery,14,2,JP,desktop,122.5,1,0,0,0,0,0
5848,3696,5.0,Food Delivery,6,3,DE,desktop,388.3,1,0,0,0,0,1
5884,1889,5.0,Food Delivery,20,0,BR,desktop,140.6,2,0,0,0,0,0
5891,3977,5.0,Food Delivery,7,4,BR,desktop,272.9,1,0,0,0,0,0
5895,3154,7.35,Entertainment,17,2,CA,desktop,67.7,0,0,0,0,0,0
5911,1785,5.0,Online,15,6,US,mobile,598.6,0,0,1,0,0,1
6035,1995,6.75,Entertainment,8,5,US,mobile,49.3,2,0,1,0,0,1
6041,2593,5.0,Entertainment,6,4,BR,desktop,170.0,1,0,0,0,0,0
6083,1943,5.0,Food Delivery,20,5,US,mobile,225.0,2,0,1,0,0,1
6097,3722,7.46,Food Delivery,6,1,CA,desktop,291.6,1,0,0,0,0,0
6105,4299,5.0,Retail,10,5,GB,mobile,466.9,1,0,1,0,1,0
6110,3458,8.07,Online,21,5,US,tablet,400.8,1,0,1,0,0,0
6123,4209,5.0,Online,9,0,NG,desktop,97.6,2,0,0,0,0,0
6155,1028,5.0,Entertainment,9,4,AU,desktop,64.7,0,0,0,0,0,1
6168,4123,5.51,Travel,13,3,FR,desktop,382.0,2,0,0,0,0,1
6205,1216,5.0,Food Delivery,7,6,US,tablet,34.7,0,0,1,0,0,0
6283,3380,5.0,Online,13,0,JP,desktop,260.5,2,0,0,0,0,0
6291,2623,5.0,Travel,8,5,US,tablet,61.2,0,0,1,0,0,0
6304,3394,5.19,Online,11,5,US,tablet,252.8,1,0,1,0,0,0
6329,1310,5.77,Travel,12,0,JP,desktop,230.2,1,0,0,0,0,0
6357,3791,5.0,Online,14,2,JP,desktop,125.1,1,0,0,0,0,1
6420,1381,5.0,Food Delivery,15,6,US,mobile,65.0,0,0,1,0,0,0
6426,4162,5.0,Online,22,0,DE,desktop,207.1,1,0,0,0,0,0
6443,3156,5.0,Grocery,15,6,CA,tablet,718.0,0,0,1,0,1,0
6461,1672,5.0,Online,8,6,US,mobile,148.0,1,0,1,0,0,0
6524,3784,5.0,Food Delivery,7,6,US,mobile,278.2,1,0,1,0,0,1
6567,1410,5.0,Online,20,3,GB,desktop,482.0,1,0,0,0,0,0
6580,2733,5.0,Travel,18,4,DE,desktop,112.7,0,0,0,0,0,1
6604,2276,5.0,Travel,21,1,DE,desktop,375.8,1,0,0,0,0,0
6627,4143,5.0,Online,14,4,DE,desktop,110.2,1,0,0,0,0,0
6652,4387,5.0,Online,16,5,US,mobile,47.5,1,0,1,0,0,0
6671,1749,5.0,Health,20,6,AU,mobile,42.9,0,0,1,0,1,0
6673,2335,5.0,Travel,16,3,JP,desktop,75.9,1,0,0,0,0,0
6682,2360,5.0,Online,12,3,CA,desktop,204.0,1,0,0,0,0,0
6728,3385,5.0,Entertainment,7,6,US,mobile,135.9,1,0,1,0,0,0
6729,1502,5.0,Travel,18,4,DE,desktop,141.6,0,0,0,0,0,0
6755,3634,5.0,Food Delivery,14,6,US,mobile,253.8,1,0,1,0,0,0
6766,4689,6.62,Grocery,11,5,FR,mobile,93.0,2,0,1,0,1,0
6799,2912,5.0,Online,12,5,US,mobile,133.2,0,0,1,0,0,0
6810,4511,5.0,Travel,15,5,US,mobile,383.3,2,0,1,0,0,0
6825,3160,5.0,Travel,10,6,US,mobile,253.8,2,0,1,0,0,0
6830,2198,5.0,Travel,21,3,CA,desktop,350.1,1,0,0,0,0,0
6838,1229,5.0,Entertainment,17,5,US,mobile,235.2,0,0,1,0,0,0
6839,1258,5.0,Food Delivery,22,0,BR,desktop,409.2,2,0,0,0,0,0
6845,2094,5.0,Online,22,3,NG,desktop,623.5,1,0,0,0,0,0
6859,2711,5.0,Entertainment,10,1,GB,desktop,148.7,1,0,0,0,0,0
6881,2262,5.0,Entertainment,11,5,US,tablet,278.2,1,0,1,0,0,0
6914,4750,5.0,Online,18,0,DE,desktop,186.8,0,0,0,0,0,0
6926,1026,5.0,Food Delivery,6,2,CA,desktop,410.3,1,0,0,0,0,0
6936,2205,5.0,Travel,6,3,BR,desktop,65.0,2,0,0,0,0,1
6952,2729,5.0,Online,12,6,US,mobile,69.5,1,0,1,0,0,0
6955,2716,5.0,Travel,13,6,US,mobile,515.7,2,0,1,0,0,0
6962,2768,5.0,Food Delivery,8,4,NG,desktop,610.2,2,0,0,0,0,0
6966,4353,5.0,Retail,14,6,DE,mobile,325.3,1,0,1,0,1,0
6979,3469,5.18,Online,9,5,US,mobile,291.7,0,0,1,0,0,0
7006,1002,5.0,Food Delivery,21,6,US,mobile,219.7,0,0,1,0,0,0
7017,3445,5.0,Entertainment,11,4,NG,desktop,39.1,0,0,0,0,0,0
7024,3829,5.0,Entertainment,18,0,CA,desktop,32.6,1,0,0,0,0,0
7034,3437,5.0,Travel,16,1,CA,desktop,48.1,0,0,0,0,0,0
7046,1438,5.0,Retail,22,6,US,desktop,225.5,3,0,1,0,1,0
7059,4869,5.0,Travel,13,5,US,mobile,323.6,1,0,1,0,0,0
7097,1645,5.0,Travel,16,0,NG,desktop,755.7,2,0,0,0,0,1
7107,1590,5.0,Entertainment,8,6,US,mobile,93.5,1,0,1,0,0,1
7110,2169,5.0,Travel,13,6,US,tablet,327.6,1,0,1,0,0,0
7177,3983,5.0,Travel,12,2,CA,desktop,175.8,2,0,0,0,0,0
7179,2554,5.0,Online,9,5,US,mobile,360.2,1,0,1,0,0,0
7196,4531,5.0,Travel,6,1,CA,desktop,30.4,1,0,0,0,0,0
7207,4947,5.0,Online,22,3,BR,desktop,78.3,2,0,0,0,0,0
7208,1880,5.0,Entertainment,13,6,US,mobile,237.3,0,0,1,0,0,0
7236,1638,5.0,Online,12,6,US,tablet,84.4,1,0,1,0,0,1
7279,3018,9.62,Online,8,3,AU,desktop,104.1,0,0,0,0,0,1
7284,1120,5.0,Travel,16,6,US,mobile,191.5,1,0,1,0,0,0
7296,2557,5.0,Entertainment,16,5,US,mobile,149.1,0,0,1,0,0,0
7385,3494,5.0,Food Delivery,22,0,GB,desktop,36.5,1,0,0,0,0,0
7396,1189,5.0,Entertainment,9,5,US,mobile,125.1,2,0,1,0,0,0
7409,3153,5.0,Entertainment,22,2,GB,desktop,72.1,1,0,0,0,0,0
7433,2525,5.0,Online,11,3,AU,desktop,46.2,2,0,0,0,0,0
7486,4425,5.0,Travel,7,1,CA,desktop,475.6,1,0,0,0,0,0
7549,2876,5.0,Food Delivery,17,2,FR,desktop,227.1,1,0,0,0,0,0
7559,1418,5.0,Food Delivery,11,5,US,mobile,268.1,1,0,1,0,0,1
7595,2966,5.0,Food Delivery,14,0,CA,desktop,360.2,0,0,0,0,0,0
7709,2774,7.39,Travel,18,6,US,mobile,153.8,2,0,1,0,0,0
7715,1578,5.0,Entertainment,11,4,AU,desktop,465.9,1,0,0,0,0,1
7718,3824,5.0,Travel,9,2,CA,desktop,230.8,1,0,0,0,0,0
7739,3676,5.0,Food Delivery,17,4,CA,desktop,159.9,1,0,0,0,0,0
7769,2137,5.0,Travel,15,3,AU,desktop,65.4,0,0,0,0,0,0
7782,1569,5.0,Online,19,6,US,tablet,89.1,1,0,1,0,0,0
7794,2244,5.0,Food Delivery,6,6,US,mobile,213.2,1,0,1,0,0,0
7839,4092,5.0,Online,6,6,US,mobile,246.2,1,0,1,0,0,0
7850,1829,5.0,Entertainment,14,4,GB,desktop,62.3,1,0,0,0,0,1
7897,4467,5.0,Food Delivery,14,2,CA,desktop,101.1,0,0,0,0,0,0
7909,1447,5.0,Food Delivery,18,1,AU,desktop,269.4,0,0,0,0,0,0
7920,2583,5.0,Grocery,9,6,CA,mobile,207.2,1,0,1,0,1,0
7921,2355,5.0,Online,12,6,US,tablet,591.2,0,0,1,0,0,0
8022,2055,5.0,Entertainment,19,5,US,mobile,48.9,2,0,1,0,0,0
8034,2002,5.0,Travel,20,5,US,mobile,478.1,1,0,1,0,0,1
8073,3626,5.0,Travel,15,3,AU,desktop,236.8,0,0,0,0,0,1
8095,2367,8.85,Entertainment,8,5,US,mobile,36.0,2,0,1,0,0,1
8101,2763,5.0,Entertainment,16,6,US,mobile,328.0,1,0,1,0,0,0
8104,3676,5.0,Food Delivery,18,5,US,mobile,131.2,1,0,1,0,0,0
8169,2871,7.7,Travel,20,1,BR,desktop,224.4,0,0,0,0,0,0
8212,1381,5.0,Food Delivery,21,1,JP,desktop,31.3,0,0,0,0,0,0
8227,3439,5.0,Entertainment,20,5,US,mobile,131.7,1,0,1,0,0,0
8284,3115,5.0,Entertainment,12,1,FR,desktop,305.0,0,0,0,0,0,0
8307,2886,5.0,Travel,21,6,US,tablet,41.3,2,0,1,0,0,0
8417,3150,5.0,Online,7,4,BR,desktop,247.9,1,0,0,0,0,0
8422,3797,5.0,Travel,14,5,US,mobile,359.6,0,0,1,0,0,0
8463,3760,5.0,Travel,15,6,US,tablet,103.5,2,0,1,0,0,0
8474,2537,5.0,Entertainment,15,5,US,mobile,86.2,1,0,1,0,0,0
8487,2845,8.75,Entertainment,16,6,US,tablet,71.9,0,0,1,0,0,0
8509,1063,5.0,Online,19,6,US,mobile,184.0,0,0,1,0,0,0
8561,4869,5.63,Food Delivery,8,1,JP,desktop,81.9,1,0,0,0,0,0
8586,1299,5.0,Food Delivery,16,4,CA,desktop,138.1,1,0,0,0,0,1
8599,2196,9.23,Travel,9,6,US,mobile,123.9,2,0,1,0,0,0
8629,2123,5.0,Online,8,0,FR,desktop,75.3,1,0,0,0,0,0
8639,4020,5.0,Entertainment,13,6,US,mobile,81.2,2,0,1,0,0,0
8736,3355,5.0,Food Delivery,6,2,CA,desktop,51.3,1,0,0,0,0,1
8742,2136,5.0,Food Delivery,22,2,FR,desktop,91.1,0,0,0,0,0,0
8765,2196,5.0,Travel,21,2,GB,desktop,458.4,0,0,0,0,0,1
8775,3059,5.0,Entertainment,7,0,GB,desktop,86.5,0,0,0,0,0,0
8790,2437,5.0,Retail,15,6,GB,mobile,57.9,1,0,1,0,1,0
8795,2767,5.0,Travel,12,6,US,mobile,258.2,1,0,1,0,0,0
8827,1906,5.53,Travel,16,6,US,mobile,112.9,0,0,1,0,0,0
8868,2488,5.0,Travel,8,4,CA,desktop,187.4,0,0,0,0,0,0
8893,3737,5.0,Food Delivery,12,4,JP,desktop,431.8,1,0,0,0,0,1
8902,4368,5.02,Food Delivery,13,1,JP,desktop,590.1,1,0,0,0,0,0
8907,4596,5.0,Online,15,0,GB,desktop,217.5,1,0,0,0,0,0
8958,4313,5.0,Entertainment,21,2,FR,desktop,44.5,1,0,0,0,0,0
9002,1075,5.0,Online,16,6,US,mobile,76.5,1,0,1,0,0,0
9047,4709,5.0,Travel,15,0,NG,desktop,144.1,2,0,0,0,0,0
9052,3231,8.9,Food Delivery,17,0,GB,desktop,104.2,1,0,0,0,0,0
9055,4866,5.0,Food Delivery,18,5,US,tablet,233.6,2,0,1,0,0,0
9062,4082,5.0,Travel,9,0,FR,desktop,101.1,0,0,0,0,0,0
9103,2904,5.0,Entertainment,20,5,US,mobile,92.2,0,0,1,0,0,0
9105,1940,5.0,Travel,17,6,US,mobile,285.6,2,0,1,0,0,0
9166,4399,5.0,Entertainment,17,6,US,mobile,374.6,2,0,1,0,0,0
9189,2614,6.37,Food Delivery,18,4,GB,desktop,700.1,0,0,0,0,0,0
9192,4912,5.0,Retail,8,6,US,desktop,89.0,3,0,1,0,1,0
9201,2817,5.0,Food Delivery,20,2,DE,desktop,115.0,2,0,0,0,0,0
9274,2361,5.0,Entertainment,11,5,US,tablet,271.5,0,0,1,0,0,0
9282,1802,5.0,Food Delivery,6,0,AU,desktop,234.4,2,0,0,0,0,0
9284,1003,5.0,Online,15,2,DE,desktop,62.4,1,0,0,0,0,0
9298,2240,6.65,Travel,9,5,US,mobile,56.2,0,0,1,0,0,0
9321,2155,5.0,Entertainment,18,5,US,mobile,53.5,1,0,1,0,0,0
9337,2566,5.0,Entertainment,22,6,US,mobile,388.9,2,0,1,0,0,0
9366,4040,5.0,Retail,20,6,US,desktop,624.2,3,0,1,0,1,0
9405,4054,5.0,Travel,7,6,US,mobile,82.8,1,0,1,0,0,1
9432,1775,5.0,Travel,14,6,US,mobile,115.9,1,0,1,0,0,1
9458,3420,5.0,Entertainment,18,3,DE,desktop,48.8,0,0,0,0,0,0
9509,4258,5.0,Travel,13,4,CA,desktop,183.0,1,0,0,0,0,0
9521,2289,6.12,Food Delivery,6,6,US,mobile,92.8,1,0,1,0,0,0
9566,4665,14.3,Online,15,2,BR,desktop,484.6,1,0,0,0,0,0
9593,4996,5.94,Online,9,5,US,tablet,53.1,1,0,1,0,0,0
9599,3231,5.0,Travel,9,5,US,tablet,220.3,2,0,1,0,0,0
9612,3918,5.67,Travel,10,2,AU,desktop,40.0,2,0,0,0,0,0
9614,2634,5.0,Food Delivery,8,5,US,tablet,52.0,1,0,1,0,0,0
9669,1704,5.0,Online,13,2,JP,desktop,37.8,0,0,0,0,0,0
9686,2099,5.0,Entertainment,12,4,FR,desktop,348.2,1,0,0,0,0,0
9701,1139,5.0,Entertainment,15,0,AU,desktop,130.0,1,0,0,0,0,0
9753,4172,5.0,Travel,17,2,AU,desktop,413.4,2,0,0,0,0,0
9794,1883,6.01,Travel,17,5,US,mobile,421.4,1,0,1,0,0,0
9825,1158,5.0,Entertainment,10,2,DE,desktop,66.9,1,0,0,0,0,0
9840,2631,5.0,Online,18,6,US,tablet,329.4,1,0,1,0,0,0
9844,1643,5.0,Travel,21,2,GB,desktop,110.8,2,0,0,0,0,0
9895,2896,5.0,Online,10,5,US,mobile,53.1,2,0,1,0,0,0
9912,1946,5.0,Travel,9,2,DE,desktop,395.0,1,0,0,0,0,0
9929,1844,5.0,Online,12,1,DE,desktop,540.0,2,0,0,0,0,0
9930,1942,5.0,Entertainment,20,6,US,mobile,121.7,1,0,1,0,0,0
9977,1809,5.0,Travel,8,4,NG,desktop,276.6,0,0,0,0,0,0
10011,3614,5.0,Travel,22,6,US,tablet,331.9,0,0,1,0,0,0
10012,2758,5.0,Travel,12,2,BR,desktop,200.4,1,0,0,0,0,0
10032,2165,5.0,Online,11,0,CA,desktop,100.3,1,0,0,0,0,1
10036,2946,5.0,Travel,12,6,US,tablet,300.2,1,0,1,0,0,1
10066,1185,5.0,Food Delivery,16,0,DE,desktop,88.7,1,0,0,0,0,0
10073,2469,5.0,Grocery,16,6,DE,mobile,213.5,0,0,1,0,1,0
10079,4806,5.0,Entertainment,20,6,US,tablet,139.5,2,0,1,0,0,1
10151,3454,6.17,Utilities,7,6,US,desktop,150.2,3,0,1,0,1,0
10165,2737,5.0,Online,6,2,DE,desktop,30.2,0,0,0,0,0,0
10174,4135,5.0,Travel,21,6,US,mobile,62.5,2,0,1,0,0,0
10200,4447,5.0,Entertainment,6,4,BR,desktop,64.9,2,0,0,0,0,0
10233,1720,5.0,Food Delivery,19,2,GB,desktop,191.3,1,0,0,0,0,0
10239,2628,5.0,Travel,7,4,CA,desktop,397.2,0,0,0,0,0,1
10378,4579,5.0,Online,17,1,DE,desktop,44.0,0,0,0,0,0,0
10442,1409,5.0,Travel,10,5,US,mobile,128.5,0,0,1,0,0,0
10457,2426,5.0,Online,12,6,US,mobile,163.2,2,0,1,0,0,0
10471,3376,5.0,Grocery,19,6,CA,mobile,49.8,1,0,1,0,1,0
10498,1411,5.0,Travel,12,5,US,mobile,123.9,1,0,1,0,0,0
10518,2706,5.0,Food Delivery,14,6,US,mobile,165.2,0,0,1,0,0,0
10527,4498,5.0,Travel,17,4,JP,desktop,114.2,2,0,0,0,0,1
10562,4830,11.57,Travel,17,3,CA,desktop,187.5,0,0,0,0,0,0
10588,3672,5.0,Travel,20,0,GB,desktop,401.5,2,0,0,0,0,0
10641,2979,5.0,Online,12,5,US,mobile,57.0,2,0,1,0,0,1
10653,4687,5.0,Travel,16,6,US,mobile,606.7,1,0,1,0,0,1
10662,4063,5.0,Entertainment,10,1,JP,desktop,502.4,1,0,0,0,0,0
10688,3329,5.0,Food Delivery,19,1,DE,desktop,93.1,1,0,0,0,0,0
10702,4652,5.0,Online,21,2,CA,desktop,483.9,1,0,0,0,0,1
10706,3631,5.0,Online,12,1,FR,desktop,183.3,1,0,0,0,0,1
10781,1851,5.0,Online,17,1,CA,desktop,124.1,1,0,0,0,0,1
10804,1804,5.0,Entertainment,15,1,CA,desktop,89.9,1,0,0,0,0,0
10806,2536,5.0,Entertainment,22,4,AU,desktop,68.3,1,0,0,0,0,0
10812,3917,5.0,Entertainment,21,5,US,mobile,470.8,2,0,1,0,0,0
10844,2957,5.0,Entertainment,6,2,JP,desktop,141.2,2,0,0,0,0,1
10887,1007,7.29,Travel,22,4,AU,desktop,242.0,0,0,0,0,0,0
10904,3297,5.0,Entertainment,18,0,JP,desktop,734.2,1,0,0,0,0,0
10909,4829,5.0,Grocery,5,1,US,desktop,2.4,1,0,0,1,1,1
10916,3583,5.0,Online,20,4,AU,desktop,219.6,0,0,0,0,0,1
10961,4036,5.0,Online,11,3,AU,desktop,121.6,1,0,0,0,0,0
10969,1122,5.0,Online,21,4,BR,desktop,97.3,1,0,0,0,0,0
11002,1684,5.0,Food Delivery,15,6,US,mobile,338.7,2,0,1,0,0,1
11003,3541,5.0,Food Delivery,18,1,CA,desktop,190.1,1,0,0,0,0,0
11021,2817,5.0,Health,14,6,FR,mobile,250.3,1,0,1,0,1,0
11076,3426,5.0,Online,6,6,US,mobile,203.8,1,0,1,0,0,0
11078,2477,5.0,Travel,15,2,AU,desktop,481.6,1,0,0,0,0,1
11087,2739,5.0,Entertainment,19,3,DE,desktop,80.3,2,0,0,0,0,0
11088,3399,5.0,Retail,15,5,CA,tablet,143.5,0,0,1,0,1,1
11124,2455,5.0,Travel,20,1,FR,desktop,247.1,1,0,0,0,0,0
11188,1037,5.0,Food Delivery,20,6,US,mobile,160.8,1,0,1,0,0,0
11192,3534,5.0,Travel,16,3,CA,desktop,476.1,1,0,0,0,0,0
11211,2719,5.0,Travel,14,5,US,mobile,142.5,0,0,1,0,0,0
11288,2502,5.0,Online,9,1,GB,desktop,154.6,0,0,0,0,0,0
11300,1730,8.35,Entertainment,15,3,DE,desktop,40.3,2,0,0,0,0,0
11314,4647,5.0,Online,20,2,FR,desktop,36.4,1,0,0,0,0,0
11319,4131,5.61,Online,19,1,AU,desktop,61.0,1,0,0,0,0,1
11321,3967,5.0,Travel,11,0,FR,desktop,100.5,0,0,0,0,0,1
11330,1839,5.0,Travel,20,0,DE,desktop,794.7,0,0,0,0,0,0
11340,4329,5.0,Travel,17,6,US,tablet,100.8,0,0,1,0,0,0
11349,1915,5.0,Travel,7,3,CA,desktop,211.2,0,0,0,0,0,1
11433,3059,5.0,Food Delivery,22,5,US,mobile,73.5,1,0,1,0,0,1
11434,4304,5.0,Online,7,6,US,mobile,233.5,0,0,1,0,0,1
11460,2194,5.0,Online,19,2,BR,desktop,140.2,2,0,0,0,0,0
11480,2523,5.0,Food Delivery,13,3,NG,desktop,41.2,0,0,0,0,0,1
11491,3026,5.0,Entertainment,7,5,US,mobile,457.6,0,0,1,0,0,0
11496,4815,5.0,Online,12,2,FR,desktop,190.3,2,0,0,0,0,0
11584,3762,5.0,Entertainment,13,2,AU,desktop,40.7,1,0,0,0,0,0
11592,3501,5.0,Travel,19,3,AU,desktop,848.7,1,0,0,0,0,0
11788,4389,5.0,Travel,18,4,DE,desktop,532.4,0,0,0,0,0,0
11812,4525,5.0,Online,10,6,US,mobile,147.2,2,0,1,0,0,1
11819,4067,5.0,Grocery,19,5,GB,mobile,42.9,0,0,1,0,1,1
11829,3504,5.0,Food Delivery,17,0,FR,desktop,38.7,1,0,0,0,0,0
11891,2885,5.0,Travel,12,5,US,mobile,422.5,0,0,1,0,0,0
11933,1299,5.0,Online,19,2,GB,desktop,711.4,2,0,0,0,0,0
12077,3959,5.0,Travel,8,2,CA,desktop,69.3,2,0,0,0,0,0
12085,4002,5.0,Food Delivery,19,1,BR,desktop,79.1,1,0,0,0,0,0
12091,2864,5.0,Online,19,4,JP,desktop,105.8,1,0,0,0,0,0
12114,1536,5.0,Food Delivery,10,5,US,tablet,167.2,1,0,1,0,0,0
12121,3961,5.0,Food Delivery,10,0,GB,desktop,77.3,0,0,0,0,0,0
12142,4674,5.0,Online,6,6,US,mobile,80.0,2,0,1,0,0,0
12170,1383,5.0,Travel,13,3,CA,desktop,117.6,1,0,0,0,0,0
12179,1137,5.0,Travel,17,0,JP,desktop,295.5,2,0,0,0,0,0
12232,4050,5.0,Travel,14,5,US,tablet,231.0,1,0,1,0,0,1
12277,4472,5.0,Online,9,6,US,tablet,233.2,0,0,1,0,0,0
12292,3600,5.0,Travel,11,1,GB,desktop,232.6,2,0,0,0,0,0
12316,1172,5.0,Food Delivery,22,6,US,tablet,286.8,1,0,1,0,0,1
12344,2699,5.0,Travel,18,0,GB,desktop,286.8,1,0,0,0,0,0
12345,3248,5.0,Entertainment,9,0,CA,desktop,149.4,1,0,0,0,0,0
12496,4854,5.98,Food Delivery,14,6,US,mobile,79.5,1,0,1,0,0,0
12524,1553,5.0,Food Delivery,15,4,CA,desktop,268.4,1,0,0,0,0,0
12551,2576,5.0,Grocery,9,5,CA,mobile,103.5,2,0,1,0,1,1
12563,3784,5.0,Health,15,5,US,desktop,667.1,4,0,1,0,1,0
12599,2738,5.71,Online,7,3,CA,desktop,32.5,1,0,0,0,0,0
12600,4860,5.0,Entertainment,7,4,DE,desktop,223.3,2,0,0,0,0,0
12609,2354,5.0,Travel,22,0,CA,desktop,562.7,2,0,0,0,0,1
12633,1263,5.0,Travel,6,1,NG,desktop,542.8,1,0,0,0,0,1
12640,3401,8.63,Online,17,6,US,mobile,112.8,2,0,1,0,0,0
12642,1923,5.0,Travel,8,6,US,mobile,35.5,1,0,1,0,0,0
12685,1371,5.0,Travel,7,2,AU,desktop,79.4,0,0,0,0,0,0
12694,4818,5.0,Travel,13,6,US,mobile,41.1,1,0,1,0,0,1
12706,4052,5.0,Food Delivery,21,5,US,tablet,974.1,2,0,1,0,0,0
12748,3815,5.0,Food Delivery,6,4,FR,desktop,62.4,2,0,0,0,0,1
12757,2009,5.0,Online,18,4,CA,desktop,316.3,1,0,0,0,0,1
12761,3052,5.0,Food Delivery,22,6,US,tablet,38.3,2,0,1,0,0,1
12776,1513,5.56,Online,20,3,AU,desktop,46.4,1,0,0,0,0,1
12780,1806,5.0,Entertainment,8,4,GB,desktop,509.7,0,0,0,0,0,0
12813,3542,5.0,Entertainment,19,0,GB,desktop,799.4,2,0,0,0,0,0
12816,1835,5.0,Food Delivery,9,1,AU,desktop,94.9,0,0,0,0,0,1
12825,3106,13.91,Food Delivery,22,3,FR,desktop,62.6,0,0,0,0,0,1
12829,3081,5.0,Online,22,0,JP,desktop,72.2,2,0,0,0,0,1
12833,1383,5.0,Retail,16,5,FR,mobile,87.3,2,0,1,0,1,1
12855,1927,8.48,Travel,20,1,GB,desktop,114.2,0,0,0,0,0,0
12862,2644,5.0,Food Delivery,22,6,US,mobile,298.3,1,0,1,0,0,0
12882,2979,5.0,Online,20,4,JP,desktop,214.8,1,0,0,0,0,0
12885,3509,5.0,Food Delivery,8,2,GB,desktop,132.9,2,0,0,0,0,0
12913,3947,5.0,Health,6,5,AU,mobile,68.6,1,0,1,0,1,0
12935,4440,5.49,Online,20,6,US,tablet,194.2,2,0,1,0,0,1
12966,4473,5.0,Travel,12,5,US,mobile,172.4,2,0,1,0,0,1
12971,3940,5.0,Travel,13,4,DE,desktop,271.2,0,0,0,0,0,0
12995,2011,5.0,Travel,16,2,JP,desktop,268.8,1,0,0,0,0,1
13032,2877,5.0,Travel,16,1,FR,desktop,152.1,2,0,0,0,0,0
13050,2369,8.76,Travel,12,1,JP,desktop,31.5,2,0,0,0,0,1
13101,2177,5.0,Food Delivery,10,5,US,tablet,33.8,0,0,1,0,0,0
13146,3580,5.0,Travel,14,0,FR,desktop,123.4,2,0,0,0,0,0
13164,3407,5.0,Online,7,3,GB,desktop,817.8,1,0,0,0,0,1
13186,2739,5.0,Online,14,5,US,tablet,35.2,1,0,1,0,0,0
13193,4124,5.0,Food Delivery,7,1,NG,desktop,93.1,1,0,0,0,0,1
13194,1977,5.0,Grocery,8,5,DE,tablet,38.2,0,0,1,0,1,0
13230,4941,5.0,Food Delivery,22,1,BR,desktop,180.6,2,0,0,0,0,1
13231,3891,5.0,Online,18,5,US,mobile,84.6,0,0,1,0,0,0
13235,1724,7.58,Travel,17,6,US,tablet,183.9,1,0,1,0,0,0
13236,4406,5.0,Travel,18,6,US,mobile,140.4,0,0,1,0,0,0
13295,2198,5.0,Entertainment,15,6,US,mobile,813.2,0,0,1,0,0,0
13316,4835,5.0,Online,13,1,FR,desktop,290.9,1,0,0,0,0,0
13331,3876,5.0,Entertainment,9,1,JP,desktop,59.0,1,0,0,0,0,0
13335,4810,8.71,Entertainment,10,4,GB,desktop,159.4,1,0,0,0,0,1
13464,3170,5.0,Travel,10,3,GB,desktop,722.4,1,0,0,0,0,1
13516,4540,5.0,Travel,9,6,US,tablet,46.7,0,0,1,0,0,0
13536,2903,5.0,Entertainment,15,4,BR,desktop,103.2,2,0,0,0,0,0
13551,3113,5.0,Online,16,4,CA,desktop,448.0,1,0,0,0,0,1
13574,2812,5.0,Online,16,6,US,mobile,42.0,0,0,1,0,0,0
13643,4928,5.0,Travel,13,2,JP,desktop,52.3,2,0,0,0,0,0
13664,3473,5.0,Online,11,1,CA,desktop,308.9,1,0,0,0,0,1
13684,4962,5.0,Grocery,12,5,AU,mobile,126.1,2,0,1,0,1,0
13696,2670,5.0,Travel,10,5,US,mobile,472.2,2,0,1,0,0,1
13698,1807,7.61,Travel,7,3,CA,desktop,50.8,1,0,0,0,0,0
13707,2858,5.0,Grocery,12,5,FR,mobile,258.4,2,0,1,0,1,0
13724,4623,5.0,Travel,12,0,CA,desktop,318.9,0,0,0,0,0,0
13734,3070,5.0,Food Delivery,6,6,US,mobile,235.2,1,0,1,0,0,0
13762,1251,5.0,Travel,16,4,GB,desktop,45.5,2,0,0,0,0,1
13766,2591,5.0,Food Delivery,18,5,US,mobile,143.3,0,0,1,0,0,1
13824,3411,5.0,Online,12,5,US,mobile,266.0,0,0,1,0,0,0
13836,3613,5.0,Food Delivery,7,4,CA,desktop,255.9,1,0,0,0,0,1
13970,2267,5.0,Travel,6,5,US,mobile,46.1,2,0,1,0,0,0
13974,3390,5.0,Travel,21,5,US,tablet,160.0,1,0,1,0,0,1
14013,4343,5.0,Travel,19,4,CA,desktop,216.2,2,0,0,0,0,0
14028,3872,5.0,Online,18,4,GB,desktop,97.1,2,0,0,0,0,0
14029,3994,5.0,Retail,6,5,CA,tablet,38.1,1,0,1,0,1,1
14034,2526,5.0,Entertainment,12,6,US,mobile,135.8,2,0,1,0,0,0
14036,1109,5.0,Entertainment,18,3,AU,desktop,48.1,1,0,0,0,0,0
14049,3379,5.0,Travel,21,6,US,mobile,235.0,2,0,1,0,0,1
14050,1401,5.0,Online,9,4,NG,desktop,37.0,1,0,0,0,0,0
14105,3130,6.6,Travel,7,2,NG,desktop,97.9,2,0,0,0,0,0
14194,2915,5.0,Retail,22,5,DE,mobile,162.3,0,0,1,0,1,0
14207,4405,5.0,Travel,12,6,US,mobile,206.3,0,0,1,0,0,0
14217,1632,5.0,Travel,15,5,US,mobile,152.2,2,0,1,0,0,0
14238,1919,5.0,Travel,6,5,US,tablet,331.0,0,0,1,0,0,0
14241,4054,5.0,Online,13,4,DE,desktop,498.7,2,0,0,0,0,1
14262,2802,5.0,Travel,6,1,GB,desktop,248.2,2,0,0,0,0,0
14268,2689,5.0,Utilities,18,6,AU,mobile,270.5,2,0,1,0,1,0
14299,2227,5.0,Food Delivery,21,6,US,mobile,277.5,1,0,1,0,0,0
14312,3977,5.0,Entertainment,10,5,US,mobile,225.5,2,0,1,0,0,0
14321,4967,5.0,Food Delivery,13,4,JP,desktop,550.9,1,0,0,0,0,0
14324,2797,5.0,Travel,17,2,CA,desktop,178.8,1,0,0,0,0,0
14347,1753,5.0,Food Delivery,9,6,US,tablet,204.5,0,0,1,0,0,0
14359,3346,5.0,Travel,18,4,GB,desktop,105.1,0,0,0,0,0,0
14361,2786,5.0,Grocery,18,5,JP,mobile,465.2,2,0,1,0,1,1
14381,2400,5.0,Travel,15,4,NG,desktop,164.9,1,0,0,0,0,0
14415,1189,5.0,Online,7,3,CA,desktop,61.0,1,0,0,0,0,0
14443,2766,5.0,Entertainment,19,6,US,tablet,274.3,1,0,1,0,0,0
14500,3403,5.0,Entertainment,15,6,US,mobile,471.2,1,0,1,0,0,0
14561,1640,5.0,Online,17,2,FR,desktop,228.7,1,0,0,0,0,1
14563,1200,5.0,Travel,8,3,CA,desktop,221.6,1,0,0,0,0,0
14617,4088,5.0,Online,12,0,FR,desktop,633.4,1,0,0,0,0,0
14671,4723,5.0,Utilities,7,5,CA,tablet,359.3,1,0,1,0,1,0
14675,4873,5.0,Travel,6,2,GB,desktop,56.2,0,0,0,0,0,0
14698,2057,10.93,Grocery,9,6,GB,mobile,244.7,1,0,1,0,1,0
14705,3295,5.0,Online,8,5,US,mobile,84.6,1,0,1,0,0,0
14770,1476,5.0,Entertainment,19,0,CA,desktop,502.2,1,0,0,0,0,0
14777,2914,5.0,Food Delivery,7,6,US,tablet,124.5,2,0,1,0,0,1
14787,1912,5.0,Travel,10,3,CA,desktop,36.0,1,0,0,0,0,1
14796,2277,5.0,Food Delivery,17,3,DE,desktop,187.0,1,0,0,0,0,0
14797,3414,5.0,Food Delivery,12,6,US,mobile,356.8,0,0,1,0,0,0
14806,2285,5.0,Entertainment,14,6,US,mobile,359.8,1,0,1,0,0,1
14818,3356,5.87,Food Delivery,20,0,CA,desktop,99.1,1,0,0,0,0,1
14848,2985,5.0,Travel,20,5,US,mobile,104.8,1,0,1,0,0,0
14873,4984,5.0,Travel,19,3,GB,desktop,383.2,1,0,0,0,0,0
14899,2362,5.0,Travel,17,1,DE,desktop,78.7,1,0,0,0,0,0
14904,2256,5.0,Food Delivery,8,5,US,tablet,184.3,0,0,1,0,0,1
15026,1237,5.0,Entertainment,22,3,JP,desktop,770.6,1,0,0,0,0,1
15051,1499,6.78,Online,12,4,CA,desktop,195.3,2,0,0,0,0,1
15052,1920,5.0,Food Delivery,6,0,GB,desktop,427.5,2,0,0,0,0,1
15059,4600,5.0,Food Delivery,7,6,US,mobile,224.0,2,0,1,0,0,0
15100,1028,5.0,Travel,22,2,CA,desktop,675.7,1,0,0,0,0,0
15109,3542,5.0,Online,11,0,DE,desktop,552.1,1,0,0,0,0,0
15112,4678,5.0,Food Delivery,15,1,JP,desktop,167.9,1,0,0,0,0,0
15121,4528,5.0,Food Delivery,7,6,US,tablet,62.6,1,0,1,0,0,0
15138,4624,5.0,Travel,14,3,CA,desktop,236.1,0,0,0,0,0,0
15159,4266,5.0,Entertainment,10,4,FR,desktop,107.1,0,0,0,0,0,0
15200,3399,5.0,Food Delivery,19,6,US,tablet,53.7,1,0,1,0,0,0
15224,3968,5.0,Online,17,0,GB,desktop,49.3,1,0,0,0,0,0
15228,2661,5.0,Travel,9,4,FR,desktop,54.7,1,0,0,0,0,1
15238,3904,5.0,Travel,11,1,GB,desktop,162.1,1,0,0,0,0,1
15256,4607,5.0,Food Delivery,22,4,CA,desktop,359.9,2,0,0,0,0,1
15267,3500,5.0,Online,6,1,GB,desktop,531.1,2,0,0,0,0,1
15287,3432,5.0,Food Delivery,10,2,DE,desktop,73.7,1,0,0,0,0,0
15293,2876,5.0,Entertainment,19,3,GB,desktop,76.5,2,0,0,0,0,0
15296,2540,5.0,Online,17,5,US,tablet,279.0,2,0,1,0,0,0
15347,3434,5.0,Travel,8,6,US,tablet,379.7,1,0,1,0,0,0
15380,2474,5.0,Health,9,5,FR,mobile,33.0,1,0,1,0,1,1
15395,3683,5.0,Travel,6,5,US,mobile,140.1,1,0,1,0,0,1
15417,3296,5.0,Online,9,3,GB,desktop,148.7,1,0,0,0,0,1
15430,2094,5.0,Online,21,0,CA,desktop,82.6,0,0,0,0,0,1
15434,3159,5.0,Online,13,2,GB,desktop,115.3,0,0,0,0,0,0
15442,1784,5.0,Food Delivery,12,1,DE,desktop,403.7,0,0,0,0,0,0
15477,2016,5.0,Travel,20,0,BR,desktop,834.5,0,0,0,0,0,0
15486,4264,5.0,Online,21,5,US,tablet,83.8,1,0,1,0,0,0
15556,4494,5.0,Travel,14,3,AU,desktop,349.7,0,0,0,0,0,0
15588,2649,9.45,Food Delivery,18,1,CA,desktop,250.7,1,0,0,0,0,1
15595,4553,5.0,Online,20,6,US,mobile,31.8,0,0,1,0,0,0
15638,4891,7.43,Entertainment,19,6,US,tablet,122.1,1,0,1,0,0,0
15654,4161,5.0,Online,14,0,FR,desktop,130.5,1,0,0,0,0,0
15676,3875,5.0,Food Delivery,18,0,FR,desktop,807.4,1,0,0,0,0,0
15716,1968,5.0,Entertainment,10,6,US,mobile,104.8,1,0,1,0,0,0
15729,1363,5.0,Food Delivery,22,4,GB,desktop,103.8,1,0,0,0,0,1
15735,4631,5.0,Travel,20,1,CA,desktop,242.5,1,0,0,0,0,0
15739,3740,7.8,Travel,21,1,JP,desktop,138.1,1,0,0,0,0,0
15758,4882,5.0,Food Delivery,8,3,DE,desktop,72.3,0,0,0,0,0,0
15796,1296,5.0,Travel,8,3,FR,desktop,184.4,2,0,0,0,0,0
15815,4813,8.13,Entertainment,13,6,US,mobile,152.6,1,0,1,0,0,0
15824,1563,5.0,Travel,19,6,US,mobile,282.2,1,0,1,0,0,0
15848,3303,5.0,Online,6,3,GB,desktop,48.6,2,0,0,0,0,0
15862,2184,5.0,Online,15,4,GB,desktop,198.9,1,0,0,0,0,0
15863,1292,5.0,Travel,18,6,US,mobile,33.0,1,0,1,0,0,0
15935,3308,6.37,Travel,18,2,CA,desktop,128.4,1,0,0,0,0,1
15938,1349,5.0,Travel,12,4,GB,desktop,141.1,0,0,0,0,0,0
15952,4598,5.0,Food Delivery,16,5,US,tablet,70.5,1,0,1,0,0,1
15960,2776,5.0,Travel,9,5,US,mobile,138.7,2,0,1,0,0,1
15983,4262,5.0,Travel,20,4,AU,desktop,89.4,1,0,0,0,0,0
15999,3657,5.0,Travel,20,2,CA,desktop,194.4,0,0,0,0,0,0
16007,2601,5.0,Entertainment,21,5,US,mobile,73.0,0,0,1,0,0,0
16009,4204,5.0,Online,15,0,GB,desktop,142.2,1,0,0,0,0,0
16035,1712,5.0,Online,12,2,GB,desktop,225.9,1,0,0,0,0,0
16112,3354,5.0,Travel,19,5,US,mobile,163.5,2,0,1,0,0,0
16139,2049,6.9,Food Delivery,11,3,GB,desktop,154.7,2,0,0,0,0,0
16167,3592,5.0,Online,11,5,US,mobile,181.5,2,0,1,0,0,0
16199,1900,5.0,Online,13,5,US,mobile,211.2,0,0,1,0,0,1
16208,3902,5.0,Online,6,4,CA,desktop,361.8,2,0,0,0,0,1
16218,3403,5.0,Online,16,6,US,mobile,58.4,1,0,1,0,0,0
16276,1176,5.0,Online,15,5,US,mobile,169.4,1,0,1,0,0,1
16315,3528,5.0,Food Delivery,10,6,US,mobile,409.7,1,0,1,0,0,0
16344,3760,5.36,Online,20,0,NG,desktop,233.7,1,0,0,0,0,0
16373,4881,5.0,Travel,7,4,AU,desktop,120.4,2,0,0,0,0,1
16388,4698,5.0,Online,22,6,US,tablet,114.5,2,0,1,0,0,1
16428,3428,5.0,Travel,6,4,CA,desktop,57.4,1,0,0,0,0,0
16438,2657,5.0,Online,15,0,GB,desktop,538.1,1,0,0,0,0,0
16451,2651,5.0,Travel,18,0,CA,desktop,454.4,1,0,0,0,0,1
16512,1801,5.0,Travel,18,0,CA,desktop,95.5,1,0,0,0,0,0
16513,3145,5.0,Food Delivery,22,2,CA,desktop,82.1,0,0,0,0,0,0
16523,1176,5.0,Entertainment,13,3,CA,desktop,69.6,1,0,0,0,0,1
16532,4858,5.0,Online,13,4,CA,desktop,116.2,1,0,0,0,0,0
16560,2285,5.0,Food Delivery,8,2,JP,desktop,207.2,0,0,0,0,0,1
16596,2110,5.23,Food Delivery,12,0,DE,desktop,109.6,1,0,0,0,0,0
16629,4949,11.41,Grocery,6,5,US,desktop,237.0,3,0,1,0,1,0
16633,2439,5.0,Entertainment,6,2,CA,desktop,137.8,1,0,0,0,0,0
16635,1372,5.0,Travel,19,0,CA,desktop,188.8,1,0,0,0,0,0
16652,1856,5.0,Food Delivery,19,5,US,tablet,400.1,1,0,1,0,0,1
16677,1381,7.98,Travel,10,0,FR,desktop,723.3,0,0,0,0,0,0
16679,2631,5.0,Food Delivery,7,0,AU,desktop,425.9,0,0,0,0,0,0
16685,2336,5.0,Online,14,1,GB,desktop,320.9,0,0,0,0,0,1
16687,4692,5.0,Travel,21,3,AU,desktop,64.4,2,0,0,0,0,0
16716,1462,5.0,Travel,20,1,CA,desktop,363.5,1,0,0,0,0,1
16717,2659,5.0,Online,7,1,GB,desktop,253.9,1,0,0,0,0,0
16759,2553,6.78,Travel,20,6,US,tablet,130.6,0,0,1,0,0,0
16765,2068,7.01,Food Delivery,17,5,US,mobile,45.8,0,0,1,0,0,1
16799,4539,5.0,Online,18,4,AU,desktop,76.0,1,0,0,0,0,0
16811,4906,5.0,Food Delivery,6,6,US,mobile,73.0,2,0,1,0,0,0
16819,3735,5.0,Travel,17,2,AU,desktop,116.0,0,0,0,0,0,1
16838,2335,5.0,Food Delivery,9,4,AU,desktop,187.6,1,0,0,0,0,1
16849,1589,5.0,Entertainment,14,2,GB,desktop,127.0,1,0,0,0,0,0
16860,3369,5.0,Travel,18,6,US,mobile,65.0,2,0,1,0,0,0
16870,4052,5.0,Food Delivery,19,6,US,mobile,142.5,1,0,1,0,0,0
16896,3720,5.0,Entertainment,20,6,US,tablet,225.3,0,0,1,0,0,0
16916,4570,5.0,Travel,20,0,AU,desktop,74.2,0,0,0,0,0,0
16929,1897,5.0,Retail,14,6,DE,mobile,109.2,1,0,1,0,1,0
16930,3612,5.0,Food Delivery,6,0,DE,desktop,101.1,0,0,0,0,0,1
16932,3014,5.0,Entertainment,21,5,US,tablet,54.3,2,0,1,0,0,0
16941,2224,6.81,Online,14,6,US,mobile,77.0,1,0,1,0,0,0
16979,1464,5.0,Retail,22,5,JP,mobile,101.1,2,0,1,0,1,0
16993,1049,5.21,Travel,16,6,US,mobile,228.3,0,0,1,0,0,0
17014,3277,5.0,Travel,18,4,CA,desktop,62.5,1,0,0,0,0,0
17055,1989,5.0,Travel,14,6,US,mobile,237.0,0,0,1,0,0,0
17099,3955,5.0,Food Delivery,8,1,FR,desktop,195.9,0,0,0,0,0,0
17110,4167,5.0,Grocery,9,5,US,desktop,45.3,3,0,1,0,1,0
17152,3098,5.0,Food Delivery,16,5,US,mobile,188.8,1,0,1,0,0,0
17171,3338,5.0,Entertainment,15,6,US,mobile,197.8,2,0,1,0,0,0
17193,4932,5.0,Travel,7,2,CA,desktop,90.8,1,0,0,0,0,0
17267,4698,5.0,Online,12,6,US,mobile,97.6,1,0,1,0,0,0
17279,1724,5.0,Online,15,0,DE,desktop,74.5,1,0,0,0,0,0
17340,4557,5.0,Online,18,2,GB,desktop,258.6,0,0,0,0,0,0
17342,1267,5.0,Entertainment,15,1,BR,desktop,83.1,1,0,0,0,0,0
17369,2796,5.0,Retail,14,6,BR,mobile,35.5,1,0,1,0,1,0
17376,2026,5.0,Travel,6,1,FR,desktop,112.2,2,0,0,0,0,0
17428,3862,5.0,Food Delivery,18,5,US,mobile,486.9,2,0,1,0,0,0
17486,1680,5.0,Travel,6,0,DE,desktop,535.6,2,0,0,0,0,0
17521,4648,5.0,Travel,17,2,NG,desktop,263.3,2,0,0,0,0,0
17533,1435,5.0,Travel,17,1,DE,desktop,279.9,1,0,0,0,0,0
17545,3224,5.0,Online,8,6,US,mobile,56.4,0,0,1,0,0,0
17554,2793,5.0,Entertainment,8,6,US,mobile,41.5,1,0,1,0,0,0
17583,1935,5.0,Travel,10,6,US,mobile,59.3,0,0,1,0,0,0
17617,2050,6.01,Travel,6,2,JP,desktop,334.1,2,0,0,0,0,0
17635,3195,5.0,Travel,12,3,JP,desktop,856.7,1,0,0,0,0,1
17639,3929,5.0,Food Delivery,7,5,US,mobile,50.9,1,0,1,0,0,1
17667,3288,5.0,Travel,21,6,US,mobile,266.8,1,0,1,0,0,0
17680,3777,5.0,Online,19,2,GB,desktop,361.2,2,0,0,0,0,1
17683,2582,5.0,Food Delivery,22,3,AU,desktop,84.4,0,0,0,0,0,0
